0,65.144
1,146
2,6
3,525
4,6
5,1290
6,600
7,3545
8,8.8
9,9
10,41
11,1050
12,80
13,56
14,36
15,8172
16,16
17,23.9
18,22.5
19,10
20,2700
21,4
22,100
23,68
24,300
25,105
26,19
27,16
28,0.314
29,1950
30,3.6
31,80
32,9
33,720
34,60
35,19/20
36,251
37,6
38,14/15
39,72
40,400
41,24
42,250
43,500
44,4
45,17
46,95
47,288
48,40
49,280
50,656
51,6
52,7600
53,280
54,778
55,120
56,142
57,4875
58,1248
59,9
60,66
61,1201
62,1300
63,738
64,1176
65,7056
66,13198.8
67,400
68,3360
69,765
70,10
71,73.2
72,6600
73,7/8
74,200
75,3.8
76,1
77,13/20
78,24
79,194
80,3.3
81,170
82,464
83,196
84,260
85,25%
86,9
87,424
88,402
89,374
90,27/250
91,20
92,20
93,1735
94,1536
95,78.5
96,8
97,160
98,3
99,260
100,2288
101,4
102,3486
103,14
104,15/2
105,20
106,5/9
107,0.02138
108,10.9
109,6
110,7/10
111,1200
112,560
113,147
114,17
115,160
116,3015
117,623
118,192
119,124
120,0.94
121,2
122,25
123,69
124,10.125
125,90%
126,360
127,0.3
128,124
129,770
130,7/9
131,6089
132,10
133,9
134,11200
135,8
136,595
137,50
138,24
139,87
140,90
141,337
142,96
143,15
144,8158.4
145,356
146,20/3
147,8400
148,4800
149,9
150,2/9
151,494
152,100/7
153,490
154,8000
155,3/10
156,75
157,600
158,72
159,8700
160,30
161,1/2
162,76
163,6
164,42
165,1350
166,336
167,175
168,18
169,312
170,40/9
171,7
172,280
173,144
174,11/35
175,14
176,44
177,9
178,4
179,8
180,20
181,37.68
182,12
183,27
184,17/20
185,650
186,5000
187,10
188,312
189,15
190,782
191,122.46
192,10395
193,880
194,400
195,1049.07
196,704
197,113.04
198,450
199,272
200,450
201,114
202,18
203,7/20
204,5
205,24
206,4/9
207,6
208,40
209,10
210,6
211,65.55
212,3081
213,10486
214,14
215,612500
216,625
217,17/4
218,63024
219,16
220,5
221,333
222,20
223,0
224,200
225,1872
226,346
227,9
228,6/7
229,56
230,190
231,293
232,3300
233,207
234,684
235,3500
236,691
237,1710
238,11/18
239,3280
240,816
241,539
242,1
243,5375
244,432
245,3/5
246,25.12
247,41/24
248,240
249,100
250,3.2
251,2
252,162
253,1260
254,18/19
255,6000
256,1536
257,15
258,490
259,5
260,2700
261,2880/7
262,84
263,108
264,24/5
265,20
266,11/24
267,276
268,26
269,94
270,25000
271,123000
272,750
273,12
274,520
275,1585
276,289
277,5.4
278,32
279,750
280,150.72
281,8
282,6
283,736
284,64
285,18
286,240
287,579
288,288.33333
289,2250
290,944
291,5
292,35
293,546
294,16
295,21
296,5280
297,10
298,4
299,64
300,224
301,27/20
302,8
303,8
304,81
305,6280
306,9/2
307,20
308,50
309,210
310,125.6
311,450
312,32
313,2/7
314,36
315,60
316,100
317,324
318,900
319,1/2
320,8
321,432
322,1/2
323,37/40
324,6/5
325,8
326,3450
327,71.25
328,890
329,48
330,12475
331,434000
332,16000
333,300
334,4/7
335,1344
336,15
337,486
338,6
339,10
340,246/29
341,90
342,21
343,1.12
344,60
345,47
346,48
347,5
348,425
349,12
350,32
351,600
352,465
353,1588
354,168
355,140
356,163.83333
357,50
358,25000
359,12
360,45216
361,1256
362,45
363,9
364,5/12
365,540
366,11/35
367,32
368,15/8
369,209
370,150
371,242
372,10
373,7
374,36
375,1350
376,591
377,9043.2
378,4429
379,30/11
380,70
381,74
382,2/5
383,6240
384,56375
385,91
386,18/5
387,314
388,600
389,13
390,15
391,1260
392,768
393,800
394,471000
395,1.035
396,450
397,11
398,6592
399,13
400,72/23
401,136
402,864
403,20/9
404,685
405,32
406,46
407,4/15
408,115/24
409,12.56
410,12
411,6
412,0
413,800
414,10
415,516
416,55
417,8
418,1320
419,20
420,2/9
421,1
422,3
423,19205
424,1.12
425,15.12
426,180
427,1120
428,127
429,2000
430,580
431,406000
432,384
433,112
434,12960
435,31
436,544
437,44
438,51/40
439,6300
440,1/4
441,19
442,410
443,175/2
444,64
445,765
446,3/5
447,0.45
448,20
449,1920
450,1036
451,68
452,0.2%
453,10
454,30
455,133
456,1080
457,60
458,76
459,390
460,24
461,2400
462,33
463,816
464,12
465,1710
466,780
467,246
468,21
469,35
470,12
471,16
472,700
473,125.6
474,6
475,21
476,534
477,10
478,1152
479,231
480,320
481,533
482,1/20
483,960
484,30
485,280
486,132
487,216
488,15
489,1204
490,4
491,96
492,260
493,44.72
494,440
495,2097.2
496,36000
497,1440
498,80
499,1344
500,272
501,800
502,960
503,750
504,885
505,639
506,120
507,700
508,9420
509,72
510,13200
511,14
512,17/40
513,7/2
514,120
515,58
516,786
517,0.5
518,1/2
519,560
520,45
521,8
522,355
523,1800
524,3/8
525,200
526,340
527,100
528,120
529,31.4
530,120
531,36
532,150
533,52.65
534,24
535,45
536,9/625
537,22
538,7
539,96
540,270
541,32
542,216
543,600
544,44
545,120
546,1
547,84
548,0.1
549,60
550,1730
551,113.04
552,48
553,9
554,1100
555,750
556,11
557,495
558,78.5
559,50.24
560,0.56667
561,6
562,24/5
563,100
564,59
565,60
566,980/3
567,147
568,560
569,2500
570,266
571,31.2
572,10700
573,24
574,7500
575,44.85
576,1/2
577,2
578,150
579,240
580,1400
581,4
582,182.9
583,900
584,2
585,12
586,43
587,15
588,50
589,40
590,64
591,16
592,80
593,0.4
594,15
595,15.7
596,1.2
597,930
598,192
599,2609
600,98
601,5
602,3
603,400/9
604,50
605,2/5
606,0
607,3
608,5
609,378
610,900
611,10
612,696
613,1.35
614,9.6
615,936000
616,116.8
617,10
618,3768
619,90
620,89.4
621,50
622,251.2
623,114
624,196/53
625,15
626,88
627,18
628,421
629,27
630,60
631,314
632,3
633,2000
634,380
635,95%
636,93.8%
637,57.1%
638,99%
639,60
640,2.02
641,40
642,500
643,192
644,675/7
645,44
646,4.5
647,14
648,215
649,75
650,340
651,120
652,11
653,16
654,98%
655,1
656,80
657,98%
658,1.5
659,95%
660,103
661,600
662,950
663,75%
664,96
665,1094.5
666,50
667,250
668,7/12
669,1130.4
670,61/3
671,490
672,90
673,160
674,5
675,92%
676,8
677,440
678,98%
679,96%
680,100
681,23/50
682,120
683,450
684,21
685,42
686,3360
687,100
688,36
689,51/2
690,320
691,960
692,81
693,12
694,30
695,378
696,16
697,14
698,31/40
699,60
700,75
701,16
702,5
703,4/25
704,3.33333
705,15
706,94%
707,5/8
708,20
709,66
710,160
711,28.5
712,2
713,0.3
714,10%
715,1
716,240
717,0.024
718,24
719,180
720,150
721,376.8
722,3267/20
723,1056
724,40
725,17
726,42.5
727,117
728,24
729,160
730,360
731,15
732,1152
733,100
734,295
735,0.135
736,335.4
737,20
738,70
739,160
740,95%
741,150
742,1/4
743,5
744,2000/3
745,680
746,100/3
747,85.8
748,13
749,141/4
750,15/2
751,144
752,187
753,9/2
754,49.25926
755,250
756,42/5
757,64
758,40
759,240
760,694.33333
761,3/2
762,3.14
763,184.4
764,630
765,6000
766,1944
767,2.16
768,32000/7
769,30
770,851
771,150/17
772,187
773,51.25
774,800
775,72/7
776,1256
777,40
778,605
779,4
780,5
781,32000
782,24000
783,15/14
784,117
785,156
786,12.56
787,5.6
788,300
789,114
790,100%
791,7776
792,1225/3
793,35
794,72.09
795,1733
796,40
797,240
798,40/9
799,36
800,28.6
801,5/3
802,196.66667
803,48
804,102
805,38.4
806,200
807,64
808,6/7
809,160/9
810,3.6
811,610
812,1000
813,19.81385
814,25
815,4000
816,2000
817,13
818,8
819,90
820,174
821,384
822,88
823,120
824,50.24
825,1050
826,1462
827,10
828,1.2
829,42
830,290
831,160
832,100
833,600
834,64
835,14080
836,20
837,32
838,192
839,5
840,1
841,15
842,8
843,137/185
844,546
845,55
846,72
847,42
848,11932
849,7
850,14400
851,1650
852,40
853,10
854,3
855,144/5
856,2/231
857,1048
858,79.5
859,51/8
860,3500
861,300
862,8
863,2/7
864,3/5
865,11
866,0.5
867,1235
868,4.03333
869,75
870,13.2
871,252
872,9
873,62
874,48
875,29
876,10500
877,14.3%
878,6.28
879,7850%
880,64
881,160/11
882,15
883,31.5
884,4
885,19
886,149760
887,4710
888,3897/7
889,62
890,1/2
891,306
892,3000
893,100.0
894,60
895,9
896,285
897,10
898,0.012
899,0.6
900,4000
901,207000
902,16/3
903,375
904,444
905,0.05
906,122.4
907,700
908,26
909,12.56
910,15
911,30.8
912,30
913,51
914,1.8
915,430
916,6280
917,62.8
918,94.2
919,5.4
920,200
921,0.85714
922,0
923,96%
924,134
925,96
926,95.8%
927,135/4
928,2
929,50
930,1842.10526
931,105000/11
932,48
933,18.84
934,7.1
935,955
936,60
937,180
938,6.66
939,11
940,52
941,19
942,210
943,24
944,19
945,5/12
946,176
947,6
948,90
949,48
950,0.6
951,53
952,10
953,255
954,594
955,122
956,16
957,1200
958,7600
959,1300
960,6
961,7
962,640
963,31050
964,16
965,85/4
966,25
967,3000/19
968,2/5
969,1/8
970,152.4
971,10
972,3424
973,3140
974,31
975,38
976,70
977,8
978,345.4
979,910
980,182.9
981,4400
982,0.03
983,448
984,3.9%
985,74
986,18048/25
987,10
988,7
989,330
990,24
991,8280
992,581
993,700
994,20.0%
995,1360
996,100/101
997,90
998,72
999,1/5
1000,31.4
1001,450/7
1002,89
1003,135
1004,6
1005,90%
1006,83
1007,31
1008,19492.38579
1009,1/4
1010,9
1011,163
1012,625
1013,96%
1014,13
1015,160
1016,15
1017,5/4
1018,85
1019,2/3
1020,9
1021,40%
1022,41.7%
1023,125.6
1024,200
1025,44080
1026,16000
1027,1
1028,304
1029,88
1030,15
1031,215.6
1032,591
1033,6
1034,352/5
1035,270
1036,0.432
1037,30
1038,400
1039,280/19
1040,24/5
1041,90000
1042,60
1043,10.0
1044,978.75
1045,441
1046,9/4
1047,108/7
1048,529/24
1049,412.5
1050,15
1051,1
1052,240
1053,120/103
1054,41
1055,25/4
1056,17/6
1057,216
1058,9/16
1059,0.512
1060,45.45455
1061,11
1062,3.77
1063,7/2
1064,60
1065,20
1066,68
1067,3
1068,15/16
1069,45
1070,55
1071,15
1072,114
1073,428
1074,1/25
1075,4138
1076,4
1077,204
1078,12
1079,24
1080,1200
1081,294
1082,175
1083,20
1084,1.3
1085,14.6
1086,9/20
1087,480
1088,4/9
1089,0.0009
1090,110
1091,45
1092,7395
1093,512
1094,4520.63492
1095,18
1096,1440
1097,3/8
1098,144
1099,120
1100,1/7
1101,16
1102,492
1103,30
1104,285
1105,2/5
1106,142.7
1107,12
1108,9
1109,27
1110,27
1111,3
1112,45.12
1113,33.3%
1114,800
1115,68
1116,6000
1117,20
1118,8
1119,3
1120,15
1121,30
1122,18
1123,123
1124,66
1125,1822
1126,504
1127,1.4
1128,10000
1129,200/3
1130,0.3952
1131,6/5
1132,30
1133,110000
1134,128
1135,105
1136,30.05
1137,575
1138,480
1139,200
1140,18000
1141,75
1142,6
1143,180
1144,15
1145,4
1146,900
1147,341
1148,2
1149,19.3
1150,232
1151,100
1152,1/2
1153,770
1154,12
1155,450/13
1156,11
1157,30
1158,1154
1159,2
1160,21
1161,5/4
1162,180
1163,2
1164,8965
1165,6
1166,12
1167,20
1168,123
1169,15
1170,11.1%
1171,576
1172,120
1173,30
1174,1500
1175,50.5%
1176,5000/3
1177,60
1178,60000
1179,46
1180,11
1181,450000
1182,72
1183,111
1184,144
1185,120
1186,92
1187,201
1188,203
1189,130
1190,1
1191,60
1192,0.27
1193,60000
1194,864
1195,95%
1196,150
1197,45
1198,270
1199,62.8
1200,486
1201,0.25
1202,19
1203,10%
1204,51
1205,28
1206,18
1207,188
1208,6
1209,3
1210,16/5
1211,33
1212,952
1213,35%
1214,300
1215,200
1216,90
1217,192/5
1218,56
1219,750
1220,26.7%
1221,50
1222,1
1223,190.8
1224,48
1225,100/3
1226,94.2
1227,4000
1228,84
1229,150
1230,16/5
1231,16/5
1232,54
1233,160
1234,540
1235,94.2
1236,308
1237,90
1238,22
1239,144/5
1240,32%
1241,8
1242,80
1243,640
1244,147
1245,4200
1246,85
1247,53
1248,56
1249,180
1250,63
1251,45
1252,35
1253,14
1254,36
1255,8
1256,30
1257,38
1258,24
1259,16
1260,53
1261,22
1262,4
1263,37
1264,6
1265,45
1266,1/2
1267,13
1268,23
1269,18
1270,55
1271,53
1272,30
1273,86
1274,46
1275,12
1276,72
1277,180
1278,84
1279,30
1280,81
1281,51
1282,84
1283,72
1284,84
1285,56
1286,45
1287,35
1288,27
1289,48
1290,9
1291,26
1292,44
1293,10
1294,25
1295,1
1296,100
1297,3000
1298,8
1299,6
1300,6
1301,20
1302,6
1303,5
1304,6
1305,6
1306,4
1307,0
1308,8
1309,9
1310,392
1311,48/7
1312,4
1313,192
1314,4
1315,9
1316,13
1317,6
1318,126
1319,6
1320,7
1321,144
1322,80
1323,31
1324,28
1325,40
1326,17
1327,35/11
1328,20
1329,6
1330,42
1331,6
1332,68
1333,3
1334,4
1335,25
1336,54
1337,16
1338,30
1339,5
1340,73
1341,24
1342,6
1343,7
1344,24
1345,84
1346,31
1347,15
1348,6
1349,17
1350,23
1351,16
1352,19
1353,28
1354,9
1355,72
1356,122
1357,904.32
1358,160
1359,700
1360,384
1361,28800
1362,60000
1363,25/3
1364,3
1365,5/9
1366,660
1367,43
1368,30144
1369,29
1370,192
1371,81
1372,335
1373,8
1374,76.5
1375,18/35
1376,3000
1377,128
1378,20000
1379,720
1380,2.7
1381,1256
1382,666
1383,17/3
1384,440
1385,9.225
1386,28
1387,2
1388,150
1389,5.02727
1390,21
1391,30
1392,48000
1393,12
1394,0
1395,16
1396,160
1397,30
1398,95
1399,840
1400,6
1401,180
1402,640
1403,5
1404,40
1405,11
1406,565/4
1407,82
1408,787
1409,125
1410,139
1411,2000
1412,250
1413,40
1414,240
1415,1440000
1416,15000
1417,3
1418,240
1419,31
1420,53/60
1421,30.6
1422,33.45
1423,3.6
1424,0.008
1425,9
1426,9
1427,4
1428,504
1429,6
1430,22.5
1431,28
1432,48
1433,84
1434,2.4
1435,44.3
1436,190
1437,271.32
1438,196.35
1439,20
1440,256
1441,11
1442,110
1443,96/5
1444,54
1445,15
1446,13950
1447,1176
1448,0.5
1449,1/4
1450,44
1451,96.3
1452,180
1453,307
1454,36
1455,40
1456,169
1457,31
1458,58
1459,9
1460,3612
1461,560
1462,20
1463,1485
1464,10
1465,290
1466,7/2
1467,280
1468,8.5
1469,1.1
1470,137
1471,144
1472,6400
1473,45
1474,26
1475,8
1476,50
1477,9000
1478,0
1479,48
1480,0.6
1481,8448
1482,15
1483,3
1484,119
1485,100
1486,152/15
1487,33
1488,8
1489,56
1490,3.5
1491,51
1492,0
1493,7000
1494,32
1495,10000
1496,73
1497,4
1498,8.08
1499,2370
1500,91
1501,18/5
1502,149
1503,4
1504,371
1505,28
1506,40
1507,48
1508,18.4
1509,180
1510,945
1511,5/6
1512,16
1513,180
1514,55
1515,520
1516,36
1517,1.55
1518,60527
1519,6
1520,90
1521,44
1522,300
1523,820000
1524,331
1525,40
1526,140
1527,3
1528,128/5
1529,780
1530,1005
1531,36
1532,1250
1533,237.5
1534,4800
1535,1/2
1536,5/2
1537,30
1538,1/21
1539,160
1540,128
1541,96
1542,23
1543,150
1544,12
1545,400
1546,650
1547,20
1548,1/16
1549,8/5
1550,39/100
1551,56
1552,3722
1553,5330
1554,12
1555,753.6
1556,22.608
1557,28.26
1558,400
1559,200
1560,16000/19
1561,102
1562,10
1563,48
1564,3360
1565,200
1566,960
1567,8.4
1568,4800
1569,9
1570,1385
1571,20
1572,31.4
1573,15/2
1574,104
1575,188
1576,9420
1577,17.8
1578,210
1579,288
1580,125
1581,4
1582,125
1583,160
1584,125
1585,2500
1586,3375
1587,9/2
1588,82
1589,0.012
1590,73
1591,96
1592,108
1593,175
1594,50
1595,3080
1596,5.2
1597,22.2%
1598,50
1599,56
1600,30
1601,100
1602,20
1603,800
1604,30
1605,350/3
1606,1512
1607,1
1608,10
1609,6.28
1610,251.2
1611,251.2
1612,8500/11
1613,52.32
1614,37.68
1615,52
1616,877
1617,16
1618,150
1619,384
1620,45
1621,450
1622,80.64
1623,120
1624,40
1625,374.46
1626,28
1627,25
1628,5/4
1629,37
1630,1600
1631,35/12
1632,15
1633,3
1634,8.5
1635,20
1636,120
1637,54
1638,5
1639,4/5
1640,60
1641,17.16
1642,416
1643,780
1644,12.32
1645,20000
1646,6.28
1647,0.0125
1648,36
1649,7
1650,1770
1651,50
1652,2100
1653,15
1654,92%
1655,1256
1656,0
1657,1200
1658,90
1659,8040
1660,1995
1661,4
1662,6
1663,20
1664,3.2
1665,14
1666,13/4
1667,77/10
1668,625
1669,0.36
1670,7/10
1671,109450
1672,105/2
1673,30
1674,149
1675,50
1676,240
1677,5
1678,108
1679,24500
1680,315/163
1681,3200
1682,1750
1683,2000/3
1684,18/5
1685,40/3
1686,15
1687,90
1688,1000
1689,150
1690,1120
1691,160
1692,120
1693,5
1694,37.68
1695,600
1696,10.4
1697,2000
1698,30
1699,12
1700,52
1701,20
1702,6.86
1703,1
1704,8/3
1705,0.25
1706,8/9
1707,21
1708,600
1709,39.25
1710,1280
1711,0.085
1712,0.12
1713,403000
1714,4800/7
1715,36
1716,17
1717,400
1718,15
1719,720
1720,2/7
1721,64.8076
1722,9/2
1723,48/5
1724,226.08
1725,22
1726,35
1727,125.6
1728,12
1729,360
1730,12/5
1731,10/13
1732,110
1733,33.5
1734,25
1735,112.5
1736,210
1737,130
1738,1720
1739,520
1740,267
1741,60
1742,20
1743,1380
1744,180
1745,48
1746,80
1747,113.04
1748,32
1749,19200
1750,114
1751,40
1752,7
1753,1.74
1754,25
1755,45
1756,5/12
1757,120000
1758,31.4
1759,32
1760,17
1761,192
1762,90.87
1763,1
1764,20
1765,10.71429
1766,51
1767,34
1768,36
1769,8
1770,612/5
1771,2250
1772,550
1773,2682
1774,64/5
1775,8000/31
1776,100
1777,250
1778,22960
1779,1030
1780,0
1781,9
1782,1175
1783,1800
1784,67
1785,2
1786,9
1787,6
1788,952
1789,6
1790,600
1791,250
1792,20
1793,11460
1794,38/7
1795,22
1796,5
1797,195/8
1798,24
1799,500
1800,8000
1801,11/15
1802,3360
1803,72
1804,225/2
1805,942
1806,7200
1807,4
1808,200/3
1809,8
1810,660
1811,8
1812,314
1813,150
1814,7
1815,72
1816,275
1817,20
1818,102
1819,48
1820,640
1821,27
1822,218
1823,10
1824,18522/5
1825,1355
1826,10
1827,5
1828,1600
1829,222.94
1830,40
1831,15
1832,5
1833,5928
1834,272
1835,314
1836,2745
1837,750
1838,2480
1839,4
1840,120
1841,2500
1842,24
1843,4
1844,280
1845,50.24
1846,10800/19
1847,702
1848,9
1849,3000
1850,818
1851,151.8
1852,1950
1853,1035
1854,3
1855,12
1856,4000
1857,5000
1858,60
1859,21
1860,70
1861,1004.8
1862,96
1863,12
1864,42
1865,17/6
1866,1210
1867,5
1868,4032
1869,6720
1870,4410
1871,280
1872,5400
1873,8000
1874,25
1875,11
1876,24
1877,6
1878,126
1879,46
1880,12.56
1881,6.97
1882,6
1883,3888
1884,1088
1885,8
1886,20
1887,6
1888,240
1889,3
1890,16
1891,52%
1892,54
1893,3.14
1894,299
1895,256
1896,2/15
1897,3
1898,3
1899,40
1900,9
1901,45/8
1902,3600
1903,4.2
1904,27/2
1905,18.46154
1906,420
1907,888
1908,27
1909,15.75
1910,33750
1911,1469
1912,5
1913,9
1914,0.148
1915,108
1916,108
1917,11
1918,16
1919,96
1920,12
1921,104
1922,11
1923,5166
1924,12
1925,360
1926,120
1927,24
1928,9/4
1929,1397.36866
1930,20
1931,5
1932,80
1933,1
1934,250
1935,3
1936,720
1937,339.12
1938,0
1939,40
1940,1600/3
1941,2001.7
1942,62.8
1943,2000
1944,15.9
1945,1
1946,43560
1947,700
1948,12
1949,108
1950,25%
1951,70
1952,5
1953,25.4
1954,2
1955,4900
1956,3.5
1957,217
1958,78.5
1959,366
1960,16
1961,0.04
1962,3740
1963,40000
1964,38624
1965,90600
1966,565
1967,280
1968,197.192
1969,12
1970,89
1971,4.1
1972,36
1973,0.8
1974,6
1975,42
1976,1950
1977,60
1978,75
1979,7
1980,3000
1981,33/10
1982,14.4
1983,25
1984,12
1985,24
1986,200
1987,9/5
1988,17.14286
1989,2398
1990,201
1991,13
1992,2.012
1993,427.5
1994,22
1995,4605
1996,18
1997,100
1998,3.5
1999,1.6
2000,24
2001,168
2002,5
2003,81
2004,8
2005,45
2006,260
2007,885
2008,896
2009,621
2010,5000
2011,45
2012,2800
2013,0.05
2014,12
2015,135/7
2016,14
2017,4
2018,75
2019,21600
2020,160/3
2021,576/5
2022,100
2023,400
2024,1
2025,12.2
2026,25
2027,15
2028,4
2029,15%
2030,77.5%
2031,175/39
2032,1
2033,56
2034,8640
2035,2300
2036,648
2037,360
2038,384
2039,40
2040,3/2
2041,6
2042,785
2043,5
2044,1.5
2045,9
2046,240
2047,10
2048,0
2049,20
2050,10
2051,1159
2052,0
2053,748.8
2054,5
2055,301.44
2056,329
2057,50
2058,0.72
2059,4750
2060,25.90674
2061,42
2062,2506400/3
2063,30.2
2064,24
2065,340
2066,7500
2067,3200
2068,2.4649
2069,315
2070,56
2071,270
2072,3000
2073,96
2074,880
2075,246
2076,1700
2077,4
2078,400
2079,2000
2080,2.9
2081,22
2082,35
2083,24/5
2084,37500
2085,80
2086,189
2087,54
2088,900/7
2089,1740
2090,112
2091,108
2092,2500/9
2093,900
2094,672
2095,6.594
2096,62.8
2097,4
2098,12/5
2099,28
2100,780
2101,70000
2102,20
2103,50
2104,104
2105,520
2106,126
2107,100.48
2108,1560
2109,2464
2110,71
2111,16
2112,16
2113,19.968
2114,4
2115,622
2116,3600
2117,185.79235
2118,125.6
2119,84
2120,15
2121,88
2122,803.84
2123,2.355
2124,2.6
2125,3.14
2126,830
2127,99
2128,268
2129,40
2130,24/5
2131,300
2132,15
2133,3720
2134,7
2135,13.188
2136,22
2137,65/9
2138,174
2139,12
2140,2.5
2141,8
2142,11
2143,225
2144,0.2
2145,9
2146,1296
2147,1200
2148,13/12
2149,80/11
2150,565.2
2151,48.984
2152,4
2153,62.8
2154,699
2155,64/17
2156,3
2157,120
2158,42
2159,45.216
2160,6455/9
2161,480
2162,360
2163,2880
2164,110
2165,34.5
2166,124
2167,3130
2168,181.5
2169,6480
2170,2
2171,720
2172,57%
2173,11183
2174,6
2175,12%
2176,65%
2177,1580/3
2178,499
2179,150
2180,314
2181,30
2182,715
2183,6.85714
2184,1710
2185,1040
2186,30
2187,441
2188,1456
2189,0.3
2190,81
2191,36
2192,1500
2193,56
2194,2
2195,3400
2196,24
2197,0.4
2198,2.512
2199,12
2200,14
2201,344
2202,2520
2203,11400
2204,3
2205,28/9
2206,48
2207,350
2208,16
2209,210
2210,496
2211,160
2212,725
2213,240
2214,1.3
2215,24/5
2216,29/3
2217,776
2218,10
2219,59/3
2220,10890
2221,1245
2222,495
2223,13
2224,24.649
2225,36000
2226,4.8
2227,80
2228,12.64013
2229,2000
2230,75.36
2231,4
2232,16
2233,4.5
2234,1.07
2235,2.04
2236,18
2237,43
2238,36
2239,3000
2240,3000
2241,2250
2242,144
2243,6300
2244,45
2245,1.1
2246,6
2247,729
2248,4.5
2249,1920
2250,376.8
2251,80
2252,114
2253,18
2254,1440
2255,9
2256,300
2257,5750
2258,32
2259,6
2260,720
2261,16%
2262,82%
2263,12.45
2264,60
2265,100
2266,232
2267,22.5
2268,52
2269,24
2270,1
2271,320/3
2272,48.4
2273,24
2274,16
2275,729
2276,1053
2277,320
2278,100
2279,4.68
2280,45
2281,2940
2282,1680
2283,1190
2284,3600
2285,60
2286,200
2287,4/5
2288,12
2289,14000
2290,100
2291,45
2292,45
2293,40
2294,336
2295,653.12
2296,72
2297,5
2298,0.02
2299,62.8
2300,24
2301,3
2302,300
2303,10
2304,31.4
2305,1.57
2306,13
2307,3600/11
2308,14
2309,25/3
2310,12
2311,5
2312,8
2313,1650/193
2314,350
2315,6
2316,1872
2317,420
2318,2
2319,48
2320,18
2321,360
2322,264
2323,7.2
2324,75
2325,1000
2326,1537
2327,1120
2328,18
2329,1
2330,150
2331,29
2332,5/12
2333,4200
2334,1.2168
2335,120
2336,12
2337,5
2338,722
2339,2
2340,2
2341,1520
2342,43.2
2343,133/2
2344,79/84
2345,78/35
2346,52
2347,216
2348,48
2349,327
2350,1080
2351,50
2352,75/4
2353,24
2354,300
2355,400
2356,294
2357,13
2358,10.5
2359,1243
2360,50000%
2361,13
2362,448
2363,8.8
2364,476
2365,330
2366,288
2367,21.83389
2368,8/3
2369,4
2370,200
2371,7
2372,7.536
2373,45
2374,240
2375,40
2376,22
2377,43
2378,12
2379,1.27119
2380,180
2381,24
2382,24
2383,3231
2384,352
2385,111
2386,56
2387,930
2388,15
2389,3/4
2390,360
2391,20
2392,210
2393,15
2394,27.8
2395,5
2396,191
2397,6/11
2398,0
2399,25%
2400,55.2
2401,224/3
2402,0.002
2403,8
2404,70
2405,24
2406,36
2407,2.34
2408,11
2409,24
2410,4
2411,9.42
2412,5
2413,4
2414,40
2415,75600/67
2416,28.26
2417,600
2418,80
2419,20
2420,188.4
2421,600
2422,6
2423,9
2424,32.26667
2425,252
2426,16
2427,8
2428,75
2429,7.2
2430,20
2431,12
2432,20/3
2433,27/8
2434,120
2435,480
2436,58.95
2437,89.6
2438,19
2439,8
2440,14
2441,83
2442,36
2443,18
2444,40
2445,22
2446,150
2447,280
2448,14
2449,2081/3000
2450,33/20
2451,30
2452,8/3
2453,99.2
2454,100
2455,2
2456,20%
2457,176
2458,56
2459,2826
2460,30/7
2461,6
2462,3
2463,28
2464,5338
2465,45
2466,100.48
2467,60
2468,44
2469,320
2470,16
2471,44
2472,24/5
2473,120
2474,120
2475,80
2476,25
2477,35
2478,25
2479,60
2480,44
2481,2393
2482,24
2483,8
2484,28.26
2485,600
2486,13.66667
2487,560
2488,4
2489,8
2490,8
2491,10
2492,12
2493,1
2494,7
2495,1078/9
2496,25
2497,8000
2498,1/2
2499,16
2500,4750
2501,2393
2502,2000
2503,47.1
2504,65%
2505,10
2506,40/9
2507,42
2508,480
2509,240
2510,9/50
2511,78.5
2512,7630
2513,37.68
2514,27.54
2515,220
2516,3
2517,15.072
2518,94.2
2519,3
2520,391/2
2521,5840
2522,38.465
2523,4
2524,9
2525,280
2526,48
2527,180
2528,40
2529,66
2530,12
2531,80/9
2532,25
2533,60
2534,15
2535,4.71
2536,80
2537,216
2538,1.8
2539,72
2540,6
2541,8
2542,9
2543,2
2544,300
2545,60
2546,1056
2547,200
2548,800
2549,21
2550,4
2551,5
2552,600/19
2553,12.5%
2554,106
2555,3.5
2556,392
2557,314
2558,9
2559,3840
2560,36%
2561,120
2562,9.2
2563,30
2564,30
2565,2610
2566,64
2567,50.24
2568,2
2569,720
2570,140
2571,2842
2572,46
2573,3
2574,80
2575,60
2576,16
2577,127.5
2578,28.26
2579,166
2580,2.16811
2581,72
2582,12
2583,18
2584,25
2585,100
2586,48
2587,34
2588,189/2
2589,2
2590,12.24
2591,26
2592,45
2593,220
2594,240
2595,200
2596,4050
2597,159/20
2598,43.2
2599,80
2600,125
2601,3360
2602,1800
2603,10.8
2604,16
2605,44.07895
2606,21
2607,1.25
2608,6.4
2609,24
2610,60/7
2611,14
2612,1364
2613,5625
2614,180
2615,728
2616,19.2
2617,6750
2618,600
2619,0
2620,96%
2621,1/5
2622,11/7
2623,4
2624,4
2625,50.24
2626,50.24
2627,36
2628,44%
2629,160
2630,82.10526
2631,3
2632,4.8
2633,74
2634,1.2
2635,200
2636,32
2637,489.8
2638,20
2639,27
2640,3
2641,9
2642,24
2643,7680
2644,18
2645,160
2646,10
2647,34
2648,320
2649,0.375
2650,12.56
2651,125.6
2652,12.56
2653,300
2654,540
2655,2.4
2656,750
2657,4
2658,9/2
2659,21.9
2660,37.68
2661,20
2662,2965/7
2663,18
2664,90
2665,1728
2666,4
2667,98%
2668,1242
2669,92
2670,8/19
2671,600
2672,3500
2673,48
2674,5
2675,35
2676,12
2677,14
2678,784
2679,0.77037
2680,395
2681,16
2682,10.07
2683,30
2684,10
2685,2800
2686,5%
2687,10
2688,272
2689,370
2690,396
2691,5440
2692,1200
2693,246
2694,18.375
2695,14
2696,78.5
2697,530
2698,3
2699,24
2700,11
2701,24/7
2702,1200
2703,100
2704,84
2705,200
2706,5
2707,6
2708,6
2709,3.7
2710,92
2711,13
2712,10.5
2713,240
2714,2
2715,370
2716,75.36
2717,1500
2718,18
2719,5/2
2720,10850
2721,1512
2722,19200
2723,2223
2724,20400
2725,18/5
2726,15
2727,73
2728,2220
2729,8
2730,696/5
2731,21
2732,48/5
2733,200
2734,6
2735,200
2736,9000
2737,1000
2738,7.0251
2739,22
2740,4.5
2741,75/7
2742,0
2743,833
2744,40
2745,15
2746,41/65
2747,24
2748,300
2749,320
2750,26
2751,16
2752,1000
2753,20
2754,15
2755,160
2756,1.26
2757,200
2758,60
2759,140
2760,2000
2761,1758/41
2762,40
2763,432
2764,116
2765,20.8
2766,3
2767,25.12
2768,419
2769,5/12
2770,0
2771,43960
2772,6
2773,30
2774,28/23
2775,24
2776,5
2777,504
2778,100
2779,250
2780,35/3
2781,110
2782,301
2783,8
2784,375
2785,8
2786,1460
2787,768
2788,32/3
2789,13
2790,7
2791,40/9
2792,36
2793,15
2794,1
2795,100
2796,59.7
2797,20/3
2798,5.91447
2799,0
2800,7/2
2801,432
2802,7
2803,100
2804,3087
2805,246
2806,200
2807,15
2808,200
2809,37
2810,150.72
2811,1344
2812,1100
2813,24
2814,150.72
2815,0.25
2816,12
2817,3600
2818,49
2819,620
2820,12.56
2821,130
2822,400
2823,6/11
2824,600/11
2825,70
2826,3520
2827,3
2828,250
2829,96
2830,25/279
2831,17
2832,10
2833,48
2834,348
2835,6
2836,19
2837,680
2838,2400/11
2839,83.3%
2840,80
2841,7/3
2842,30
2843,6
2844,340
2845,37.68
2846,15
2847,36
2848,141.3
2849,846
2850,9
2851,50.24
2852,36
2853,2
2854,27/2
2855,9.1%
2856,10
2857,28
2858,3
2859,10
2860,5500
2861,308
2862,11037
2863,44.1
2864,56
2865,16
2866,10
2867,20
2868,9.42
2869,1000
2870,280
2871,0
2872,1188
2873,4
2874,100.48
2875,750
2876,3
2877,87%
2878,910
2879,32
2880,6
2881,7200
2882,96%
2883,30
2884,80
2885,36/5
2886,10
2887,1256
2888,2760
2889,251.2
2890,1610
2891,270
2892,6
2893,512
2894,320
2895,63.6%
2896,6400
2897,321
2898,12310
2899,1375
2900,28
2901,527
2902,53
2903,9
2904,1320
2905,132
2906,1100
2907,0.6
2908,50.24
2909,192
2910,35
2911,72
2912,505
2913,66
2914,2
2915,160
2916,0
2917,150.72
2918,55
2919,379
2920,200
2921,24
2922,32
2923,6600
2924,5/4
2925,0.04
2926,11685
2927,6
2928,606
2929,8
2930,1320
2931,150
2932,8060
2933,100/17
2934,1546
2935,502.4
2936,100/17
2937,78.5
2938,25
2939,0.01
2940,2250
2941,326
2942,1256
2943,84
2944,12
2945,720
2946,8497
2947,200
2948,420
2949,441/22
2950,36
2951,3.63
2952,36
2953,555/7
2954,14000/9
2955,16875
2956,20
2957,6
2958,36
2959,10
2960,18
2961,565
2962,41
2963,100
2964,50.24
2965,76/7
2966,3
2967,81
2968,60
2969,70
2970,24
2971,10.6
2972,390
2973,360
2974,6
2975,12
2976,8.88889
2977,125.6
2978,180
2979,25
2980,30
2981,94.6%
2982,131
2983,100
2984,800
2985,295
2986,1.536
2987,11
2988,99
2989,3
2990,35.16
2991,9.84
2992,15.7
2993,330.36
2994,1400
2995,16
2996,100
2997,138
2998,18
2999,30/13
3000,40
3001,137
3002,88
3003,188.4
3004,46.5
3005,15/2
3006,540
3007,19
3008,126
3009,135.648
3010,31.4
3011,0.09
3012,5.024
3013,1271
3014,6.28
3015,1000/3
3016,18
3017,600
3018,92
3019,135
3020,50
3021,400/7
3022,40
3023,800
3024,15
3025,600
3026,18
3027,1280000
3028,7200
3029,0.01
3030,60
3031,742
3032,54/5
3033,18/5
3034,8
3035,80
3036,140
3037,5
3038,15%
3039,40000
3040,125.6
3041,1/3
3042,12
3043,18/5
3044,800/3
3045,15
3046,374/9
3047,1680
3048,8
3049,12
3050,3.4
3051,768
3052,40
3053,61
3054,13
3055,6
3056,25
3057,26
3058,192
3059,2688/5
3060,650
3061,576
3062,25.12
3063,37.68
3064,64
3065,260
3066,900
3067,252
3068,140
3069,1000
3070,120
3071,826
3072,50%
3073,54
3074,4.3
3075,2000
3076,25
3077,3.454
3078,360
3079,113
3080,143
3081,112
3082,2512
3083,0.78
3084,12
3085,108
3086,1050
3087,20
3088,3
3089,8
3090,98%
3091,27/14
3092,189/20
3093,9
3094,139.15
3095,272
3096,122.2
3097,1.2
3098,157
3099,3
3100,2.36
3101,314/5
3102,48
3103,53
3104,9
3105,48
3106,144/5
3107,1650
3108,530
3109,48/5
3110,4
3111,360
3112,192
3113,160
3114,470
3115,2.02667
3116,1050
3117,162
3118,5
3119,45
3120,78.5
3121,864
3122,450
3123,75
3124,12
3125,160
3126,750
3127,350
3128,6140
3129,400
3130,3250
3131,264
3132,10
3133,8.5
3134,2000/3
3135,78
3136,244.92
3137,236
3138,640
3139,6
3140,97.5%
3141,12000
3142,4
3143,15/2
3144,2
3145,508
3146,4
3147,2250
3148,1.1
3149,75/4
3150,11
3151,12
3152,12
3153,150
3154,2.2
3155,12
3156,24
3157,43.2
3158,121
3159,12
3160,200000
3161,175/11
3162,0.96
3163,20%
3164,1.44
3165,64
3166,45
3167,78
3168,94
3169,7
3170,20
3171,640
3172,32
3173,15
3174,76
3175,140
3176,1791
3177,41
3178,624
3179,48
3180,2700
3181,36.3
3182,12.6
3183,3.7
3184,720
3185,186
3186,5.5
3187,121
3188,807
3189,5
3190,72
3191,850
3192,920
3193,60
3194,720
3195,30
3196,52
3197,6400
3198,1800
3199,465
3200,70
3201,96
3202,3600
3203,4800
3204,1116
3205,34
3206,1750
3207,94
3208,93
3209,85
3210,120
3211,12
3212,72
3213,8
3214,9
3215,75
3216,600
3217,800
3218,24
3219,130
3220,11
3221,4
3222,15
3223,420
3224,360
3225,175
3226,160
3227,3/4
3228,30
3229,8
3230,2520
3231,384
3232,360
3233,149
3234,38
3235,2880
3236,864
3237,3250
3238,175
3239,85
3240,252
3241,9900
3242,1158
3243,1160
3244,1600
3245,50
3246,1820
3247,93/4
3248,1880
3249,3600
3250,280
3251,78
3252,300
3253,1200
3254,30
3255,6
3256,25
3257,3
3258,8
3259,4
3260,1692
3261,8
3262,200
3263,24
3264,3
3265,7
3266,7
3267,1980
3268,35
3269,186
3270,225
3271,24
3272,27
3273,8
3274,75
3275,336
3276,180
3277,35
3278,305
3279,625
3280,784
3281,5124
3282,6
3283,130
3284,1208
3285,410
3286,11
3287,9
3288,7632
3289,5400
3290,250
3291,218
3292,120
3293,9
3294,45
3295,29
3296,86
3297,200
3298,1000
3299,105
3300,4433/20
3301,27
3302,228
3303,109
3304,99
3305,11
3306,447
3307,477
3308,103
3309,39
3310,112
3311,660
3312,84
3313,9
3314,31
3315,7
3316,63
3317,315
3318,362
3319,8
3320,220
3321,54
3322,605
3323,21
3324,7680
3325,60
3326,200
3327,8250
3328,1425
3329,32
3330,80
3331,90
3332,250
3333,720
3334,420
3335,90
3336,203
3337,31
3338,448
3339,576
3340,200
3341,720
3342,95
3343,4
3344,569
3345,5
3346,100
3347,15
3348,1800
3349,180
3350,32
3351,13
3352,13
3353,48
3354,39
3355,2600
3356,784
3357,130
3358,60
3359,86
3360,550
3361,520
3362,204
3363,252
3364,1950
3365,432
3366,37
3367,300
3368,119
3369,10
3370,13500
3371,245
3372,1052
3373,1320
3374,658
3375,180
3376,34
3377,910
3378,300
3379,256
3380,27
3381,1043
3382,105
3383,117
3384,1122
3385,84
3386,239
3387,15
3388,24
3389,25
3390,98
3391,27
3392,240
3393,60
3394,40
3395,130
3396,24
3397,25
3398,220
3399,100
3400,845
3401,90
3402,5
3403,52
3404,30
3405,89
3406,214
3407,200
3408,70
3409,32
3410,125
3411,6
3412,216
3413,4185
3414,10
3415,207
3416,5
3417,300/61
3418,16
3419,1530
3420,52
3421,96
3422,552
3423,5014
3424,1764
3425,3
3426,6240
3427,432
3428,240
3429,25
3430,3
3431,38
3432,447/160
3433,0
3434,131
3435,1
3436,24
3437,29/2
3438,77
3439,87
3440,0.72
3441,480
3442,850
3443,7/2
3444,2015
3445,279
3446,700
3447,40/9
3448,15/2
3449,96
3450,1400
3451,172
3452,5200
3453,92
3454,216
3455,98
3456,70
3457,19/7
3458,60
3459,8
3460,33
3461,1
3462,15
3463,336
3464,60
3465,3
3466,690
3467,180
3468,57.9
3469,430
3470,3
3471,15
3472,16.5
3473,1000
3474,13
3475,900
3476,8
3477,25
3478,8
3479,600
3480,720
3481,4.57143
3482,100/3
3483,7.5
3484,800
3485,16
3486,50
3487,27/2
3488,288
3489,150
3490,5
3491,192
3492,32/3
3493,882
3494,1000
3495,15
3496,7
3497,648/125
3498,104.4
3499,6
3500,6
3501,16
3502,100
3503,800
3504,4000
3505,3120
3506,11/2
3507,10
3508,275
3509,3200
3510,300
3511,420
3512,200
3513,3750
3514,21.75
3515,5760
3516,352
3517,72
3518,100
3519,3500
3520,192
3521,8
3522,24
3523,6
3524,36
3525,500
3526,450
3527,114
3528,9/2
3529,58
3530,40
3531,75/56
3532,2.81111
3533,320
3534,1/5
3535,1/5
3536,9
3537,6
3538,192
3539,276
3540,50
3541,2400
3542,12180
3543,2600
3544,6
3545,45
3546,5/6
3547,1494
3548,735
3549,2000
3550,8
3551,75
3552,15
3553,5050
3554,205
3555,720
3556,316
3557,3263
3558,250000
3559,419
3560,428
3561,1400
3562,840
3563,9
3564,380
3565,175
3566,32
3567,123
3568,1488
3569,2000
3570,12
3571,6
3572,17
3573,35
3574,42
3575,8800
3576,2
3577,32
3578,16
3579,100/3
3580,3960
3581,80
3582,75/2
3583,78
3584,675/2
3585,367/9
3586,70/9
3587,1209
3588,6480
3589,715
3590,4500
3591,52
3592,45
3593,168
3594,145
3595,2000
3596,175
3597,6
3598,23
3599,17
3600,114
3601,89600
3602,74
3603,817
3604,1500
3605,640
3606,40
3607,60
3608,21
3609,6
3610,160
3611,10
3612,634.2
3613,400
3614,945
3615,8
3616,480
3617,112
3618,2560
3619,160
3620,396
3621,5
3622,450
3623,2
3624,9
3625,2240
3626,102
3627,160
3628,1080
3629,1120
3630,1200
3631,920
3632,660
3633,13000
3634,3575
3635,125
3636,140
3637,519
3638,108
3639,300
3640,166
3641,6
3642,108
3643,3330
3644,21.45
3645,24
3646,6
3647,2450
3648,21
3649,690
3650,20
3651,3
3652,48
3653,250
3654,168
3655,54
3656,161
3657,1035
3658,70
3659,982
3660,24
3661,1850
3662,8
3663,78
3664,141/7
3665,566
3666,98
3667,45
3668,90/97
3669,588
3670,2916
3671,1440
3672,13
3673,100
3674,4.9
3675,640
3676,10665
3677,359/42
3678,7.2
3679,5880
3680,10080
3681,880
3682,18
3683,6
3684,6.25
3685,272
3686,1536
3687,400
3688,1000
3689,384
3690,300
3691,80
3692,91
3693,39
3694,1118
3695,504
3696,1
3697,1
3698,7500
3699,211
3700,1632
3701,390
3702,880
3703,4
3704,1350
3705,17/4
3706,4500
3707,168
3708,9
3709,44
3710,6
3711,104
3712,18090
3713,168
3714,1800
3715,570
3716,10000
3717,509
3718,12
3719,684
3720,13
3721,318
3722,655
3723,72
3724,158625
3725,7
3726,24
3727,200
3728,12
3729,0
3730,1250
3731,84
3732,280
3733,16
3734,534
3735,800
3736,107
3737,3800
3738,640
3739,14000
3740,429
3741,600
3742,728
3743,4710
3744,140
3745,450
3746,212
3747,95
3748,100
3749,30
3750,2536
3751,45
3752,200
3753,288
3754,1176
3755,360
3756,11/3
3757,52
3758,3360
3759,5000
3760,279
3761,96
3762,136/35
3763,3
3764,0.42
3765,11
3766,4
3767,2210
3768,300
3769,8
3770,55
3771,2160
3772,108
3773,410/3
3774,600
3775,11
3776,20000
3777,20
3778,76475
3779,3
3780,2208
3781,15
3782,2
3783,175
3784,480
3785,80
3786,23800
3787,68
3788,414
3789,284/3
3790,650
3791,3430
3792,126
3793,65
3794,190
3795,93.6
3796,24
3797,18
3798,102
3799,1638
3800,1100
3801,27
3802,8130
3803,3
3804,9
3805,84
3806,1679
3807,4400
3808,54
3809,37
3810,2
3811,144
3812,60
3813,45
3814,900
3815,24
3816,667
3817,15
3818,45
3819,36
3820,10850
3821,40
3822,36
3823,20
3824,120
3825,3
3826,36
3827,200
3828,2160
3829,1770
3830,231
3831,43.2
3832,112000
3833,15
3834,1530
3835,60
3836,768
3837,8
3838,45
3839,2970
3840,8100
3841,1232
3842,192
3843,1273
3844,6
3845,83/8
3846,7
3847,576
3848,15
3849,5850
3850,90
3851,256
3852,700
3853,54
3854,2520
3855,175
3856,576
3857,216
3858,455
3859,250
3860,960
3861,96
3862,140
3863,1440
3864,468
3865,3900
3866,1680
3867,375
3868,368
3869,5000
3870,5/2
3871,40
3872,8
3873,1120
3874,27
3875,5760
3876,54
3877,120
3878,716
3879,3000
3880,10.24
3881,22
3882,204
3883,72
3884,60
3885,83
3886,216
3887,80
3888,160
3889,1200
3890,144
3891,12
3892,1.46
3893,108
3894,2
3895,24
3896,270
3897,162
3898,12
3899,70
3900,39/17
3901,270
3902,40
3903,2800
3904,2
3905,61
3906,144
3907,168
3908,14.5
3909,3.6
3910,410
3911,6
3912,91
3913,480
3914,18414
3915,5640
3916,450
3917,20
3918,3360
3919,312
3920,25
3921,610
3922,2100
3923,27
3924,775
3925,10/13
3926,4
3927,240
3928,225
3929,150
3930,156
3931,4.08
3932,0.8
3933,0
3934,95
3935,25
3936,1680
3937,27/10
3938,651
3939,9720
3940,396
3941,1247
3942,6
3943,768
3944,12
3945,16
3946,204
3947,19/6
3948,60
3949,645/53
3950,1035
3951,420
3952,14
3953,324
3954,462
3955,1600
3956,682
3957,63
3958,6
3959,8
3960,8
3961,81
3962,576
3963,375
3964,437
3965,78/5
3966,960
3967,0
3968,576
3969,24/7
3970,900
3971,80
3972,655
3973,27840
3974,60
3975,40
3976,40
3977,0.36923
3978,190
3979,100/3
3980,14
3981,25/2
3982,4
3983,4
3984,210/11
3985,1300
3986,51
3987,2
3988,160
3989,43.75
3990,2100
3991,16/3
3992,386
3993,69
3994,1920
3995,212
3996,18
3997,46
3998,600
3999,1
4000,51
4001,19
4002,1485
4003,1744
4004,2402
4005,2000/3
4006,76
4007,42
4008,182/3
4009,144
4010,740
4011,40
4012,192
4013,75/4
4014,135
4015,58.18182
4016,20
4017,94
4018,9.4
4019,18.4
4020,9
4021,1.28
4022,8
4023,230
4024,9
4025,2600
4026,3046
4027,114
4028,400
4029,9.375
4030,40
4031,18
4032,360
4033,960
4034,17
4035,2592
4036,4
4037,336
4038,79280
4039,2840
4040,64.5
4041,500
4042,50
4043,800
4044,12
4045,160
4046,2400
4047,18000
4048,88
4049,144
4050,72
4051,32/3
4052,150
4053,18
4054,0.0018
4055,126
4056,12
4057,250
4058,234
4059,288
4060,240
4061,3080
4062,48
4063,645
4064,2
4065,405
4066,152
4067,110.8
4068,20
4069,1008
4070,90.5
4071,1875
4072,79
4073,110
4074,1400
4075,182
4076,30
4077,6
4078,13.25
4079,32
4080,8
4081,176
4082,965
4083,1712
4084,6
4085,600
4086,368/3
4087,1442
4088,16/3
4089,11
4090,48
4091,930
4092,22
4093,20
4094,9600
4095,3284
4096,1
4097,3
4098,10.89
4099,2040
4100,120
4101,35
4102,800
4103,36000
4104,1800
4105,1600
4106,160
4107,576
4108,61
4109,3.3
4110,8
4111,6/5
4112,5
4113,37
4114,4060
4115,90
4116,8
4117,16
4118,12
4119,690
4120,24
4121,18
4122,44
4123,9
4124,5
4125,360
4126,30
4127,1130
4128,98
4129,75
4130,6
4131,722
4132,1095
4133,26.2
4134,224
4135,9.6
4136,456
4137,8/3
4138,60
4139,14400
4140,50
4141,160/3
4142,192
4143,675
4144,1112
4145,690
4146,18
4147,65/3
4148,12
4149,1163
4150,202
4151,30
4152,8
4153,504
4154,837
4155,26/5
4156,35
4157,424
4158,18
4159,6
4160,56
4161,40
4162,314
4163,16692/5
4164,870
4165,514
4166,109
4167,37
4168,4
4169,21
4170,144
4171,294
4172,1.92
4173,6400
4174,288
4175,225
4176,28
4177,50.24
4178,803.84
4179,3
4180,80
4181,2000/167
4182,4
4183,169
4184,1920
4185,9
4186,10
4187,2592
4188,60
4189,4
4190,8
4191,1256
4192,40
4193,9
4194,62.5%
4195,56.52
4196,100
4197,240
4198,502.4
4199,27
4200,1440
4201,54
4202,85%
4203,27
4204,12.56
4205,18750
4206,9
4207,610
4208,136
4209,20
4210,83
4211,68
4212,108
4213,15/2
4214,260
4215,30
4216,4
4217,15
4218,21
4219,1050
4220,0
4221,100
4222,63/4
4223,384
4224,1600
4225,326.56
4226,-76
4227,180
4228,28/3
4229,188.4
4230,36
4231,90
4232,6.28
4233,12.5%
4234,12.56
4235,70
4236,29
4237,108
4238,16
4239,53
4240,60
4241,30
4242,72
4243,850/3
4244,60
4245,1280
4246,700
4247,9
4248,440
4249,5/2
4250,2
4251,27
4252,900
4253,7.85
4254,720
4255,1.96
4256,16.8
4257,0
4258,1410
4259,120
4260,72
4261,1644
4262,16
4263,738
4264,288
4265,8
4266,1.3
4267,56
4268,121
4269,31.4
4270,4
4271,46
4272,36
4273,151
4274,72
4275,540
4276,480
4277,140
4278,30
4279,5472
4280,306
4281,122.46
4282,24/17
4283,50
4284,27
4285,900
4286,63.75
4287,2700
4288,90
4289,495360
4290,160
4291,9
4292,11
4293,5855
4294,375
4295,144
4296,64
4297,414
4298,518
4299,40
4300,7
4301,1
4302,1440
4303,175
4304,300
4305,2
4306,26
4307,8
4308,40/9
4309,200
4310,51/56
4311,900
4312,30
4313,132
4314,20%
4315,10%
4316,2646
4317,21
4318,48
4319,18
4320,187
4321,4
4322,0
4323,16/3
4324,56.52
4325,75.36
4326,51.46
4327,0.33333
4328,60
4329,2.96
4330,256
4331,2606
4332,15
4333,288
4334,342
4335,1088/5
4336,80/7
4337,272/3
4338,32
4339,64
4340,8%
4341,6
4342,180
4343,1500
4344,44
4345,10.84
4346,40%
4347,25.4
4348,14.3%
4349,224
4350,76/9
4351,8000
4352,6
4353,16
4354,15
4355,75
4356,30
4357,2400
4358,1.82
4359,18
4360,100
4361,384/5
4362,0
4363,8
4364,1440
4365,8/3
4366,540
4367,83/45
4368,1080
4369,81/2
4370,90
4371,119712.5
4372,24
4373,29
4374,39
4375,3/5
4376,76
4377,117
4378,50
4379,9
4380,18.84
4381,100
4382,10
4383,45
4384,284
4385,180
4386,140
4387,1.66667
4388,45
4389,100
4390,2000
4391,112
4392,6.3
4393,3.2
4394,9
4395,6400
4396,6400
4397,120000
4398,20/3
4399,7
4400,15
4401,440/9
4402,192
4403,25
4404,72
4405,53
4406,53
4407,16.8
4408,45/2
4409,164/9
4410,722
4411,1470
4412,2.08
4413,852
4414,1236
4415,40
4416,85
4417,80
4418,1000
4419,270
4420,6
4421,75
4422,38/3
4423,7550
4424,0.82803
4425,24000
4426,4200
4427,12600
4428,150.72
4429,62.8
4430,282.6
4431,16
4432,2/3
4433,160
4434,4
4435,180
4436,78.5
4437,420
4438,14.13
4439,6
4440,10
4441,2000
4442,100%
4443,94200
4444,340
4445,450
4446,630/29
4447,144
4448,502.4
4449,314
4450,28.26
4451,3
4452,25.12
4453,2
4454,103680
4455,12
4456,945
4457,137/4
4458,5
4459,21
4460,216
4461,254.34
4462,22500
4463,113.04
4464,38.465
4465,28.26
4466,12
4467,6.28
4468,480
4469,840
4470,10
4471,450
4472,56.52
4473,0.3
4474,459000
4475,75.36
4476,4
4477,17
4478,180
4479,120
4480,2
4481,70
4482,678.24
4483,657
4484,240
4485,53
4486,4608
4487,235.5
4488,5
4489,50.24
4490,78.5
4491,0.9
4492,62.8
4493,14.5
4494,525/2
4495,82
4496,27.632
4497,18
4498,62.8
4499,60/11
4500,153/2
4501,170
4502,3
4503,540
4504,12.56
4505,30%
4506,12.56
4507,12.56
4508,3.14
4509,4916.04938
4510,25
4511,400
4512,12/5
4513,70
4514,117
4515,6
4516,31.4
4517,113.04
4518,65.94
4519,34
4520,2/9
4521,0.36
4522,5100
4523,30.5208
4524,4.56
4525,979.68
4526,587.808
4527,800
4528,1600
4529,1000
4530,96
4531,150
4532,5000
4533,6
4534,100
4535,8
4536,135
4537,480
4538,0.5
4539,219.8
4540,2300
4541,0
4542,251.2
4543,28.26
4544,19
4545,282.6
4546,480
4547,12
4548,764
4549,602
4550,50.24
4551,20%
4552,28.26
4553,600
4554,3.2
4555,460
4556,160.14
4557,706.5
4558,74
4559,30
4560,12.56
4561,21.98
4562,0.75
4563,25
4564,11/2
4565,3000
4566,1
4567,12.85
4568,314
4569,97.5%
4570,56.8
4571,43/3
4572,2
4573,188.4
4574,125.6
4575,4
4576,49
4577,2009.6
4578,1004.8
4579,18.0864
4580,20/3
4581,18.84
4582,60
4583,5.024
4584,20/3
4585,50.24
4586,47.1
4587,157/125
4588,2900
4589,1400
4590,30
4591,4
4592,53
4593,1884
4594,968/15
4595,6
4596,20/3
4597,20/3
4598,14
4599,110
4600,1884
4601,125.6
4602,225/4
4603,250/3
4604,2.512
4605,12.56
4606,11304
4607,100.48
4608,330
4609,3974
4610,300
4611,31.4
4612,78.5
4613,62.8
4614,19.5
4615,9.42
4616,0.06
4617,942
4618,240
4619,113.04
4620,50.24
4621,100%
4622,12
4623,1250
4624,28.26
4625,600
4626,1
4627,28.26
4628,150
4629,25
4630,27.6
4631,45
4632,1836/25
4633,12
4634,37
4635,19
4636,24
4637,44
4638,5
4639,21
4640,9
4641,3.14
4642,24
4643,7.065
4644,7570
4645,94
4646,12.5
4647,64
4648,2
4649,198
4650,6
4651,22500
4652,200
4653,156.75
4654,1000
4655,0.6
4656,3990
4657,75.36
4658,29
4659,8.4
4660,51.81
4661,1530
4662,176
4663,705/32
4664,1
4665,63
4666,27
4667,18.84
4668,1260
4669,7850
4670,32
4671,251.2
4672,60
4673,180/7
4674,56
4675,3
4676,314
4677,16%
4678,24.3
4679,703.36
4680,60
4681,33/56
4682,25%
4683,16
4684,942
4685,21.83803
4686,0
4687,200
4688,900
4689,13/25
4690,2.88
4691,40/3
4692,75
4693,12.56
4694,31.4
4695,314
4696,70
4697,0.12
4698,25
4699,314
4700,314
4701,51
4702,2
4703,100/9
4704,100/9
4705,180
4706,750
4707,63
4708,469
4709,76
4710,80%
4711,147/4
4712,23664
4713,112
4714,37.68
4715,2.832
4716,26.4196
4717,28.26
4718,720
4719,50.47619
4720,7/5
4721,562
4722,894
4723,21/40
4724,113.04
4725,29
4726,27
4727,20
4728,314
4729,60
4730,1.16773
4731,210
4732,650
4733,36
4734,11200
4735,3.14
4736,200
4737,40
4738,3/20
4739,1600
4740,25.12
4741,2325.3757
4742,0.02
4743,10.048
4744,668
4745,785
4746,10
4747,42
4748,251.2
4749,125.6
4750,2100
4751,24
4752,0.73882
4753,360
4754,1950
4755,2000
4756,31.4
4757,680
4758,27/10
4759,40000/3
4760,50.24
4761,24/5
4762,3.8
4763,2
4764,22.5
4765,30/11
4766,1884
4767,1256
4768,10
4769,50.24
4770,31.4
4771,37.68
4772,12.597
4773,108
4774,143.6
4775,16
4776,314
4777,23.55
4778,12.5%
4779,36
4780,30
4781,6.28
4782,31.4
4783,216/5
4784,564
4785,7850
4786,480
4787,3/50
4788,168
4789,9.8596
4790,30
4791,47700
4792,61.6225
4793,1256
4794,72
4795,50.24
4796,706.5
4797,6.28
4798,30
4799,56.52
4800,785
4801,1256
4802,4.48551
4803,12560
4804,535
4805,552.64
4806,6311
4807,942
4808,188.4
4809,2009.6
4810,452.16
4811,942
4812,63
4813,1000
4814,30
4815,480
4816,97.4%
4817,31/40
4818,440
4819,120
4820,24
4821,113.04
4822,5.852
4823,0.04684
4824,0.91259
4825,0
4826,5.14286
4827,60
4828,113.04
4829,9/4
4830,5/12
4831,2826
4832,352
4833,5
4834,785
4835,80
4836,4.4
4837,121.504
4838,314
4839,5652
4840,62.8
4841,2
4842,18000
4843,44.4
4844,250
4845,136
4846,16
4847,2
4848,696
4849,384
4850,40/9
4851,1
4852,157
4853,353
4854,8/15
4855,7
4856,45
4857,1100
4858,474
4859,1/30
4860,12
4861,78.5
4862,31.4
4863,25
4864,20/27
4865,6.28
4866,15
4867,60/53
4868,219
4869,85
4870,14/3
4871,40/9
4872,50
4873,150720
4874,301440
4875,125.6
4876,628
4877,502.4
4878,4800
4879,240%
4880,37.68
4881,8
4882,60/7
4883,1/15
4884,1/15
4885,70
4886,24
4887,2
4888,19
4889,7
4890,6
4891,140/3
4892,120
4893,2200
4894,9990
4895,6
4896,125/2
4897,5
4898,60/11
4899,15/8
4900,120
4901,26
4902,390
4903,448/5
4904,50.24
4905,50.24
4906,20
4907,2
4908,40
4909,85
4910,2
4911,100.48
4912,0
4913,3
4914,600
4915,19
4916,63
4917,12
4918,36/7
4919,2.33333
4920,0
4921,15
4922,14
4923,52/17
4924,40/19
4925,108
4926,1000
4927,1530
4928,24
4929,7
4930,125
4931,900
4932,300
4933,16
4934,31.5
4935,40/9
4936,38
4937,15
4938,14/17
4939,40/9
4940,30.44
4941,21
4942,23.8
4943,60
4944,67.5
4945,9/35
4946,4/3
4947,2464.9
4948,7.95
4949,7.05
4950,35
4951,10
4952,5
4953,7
4954,122880
4955,4/5
4956,52
4957,13
4958,4/3
4959,50.24
4960,37.68
4961,120
4962,14%
4963,30/13
4964,1.45
4965,25
4966,83
4967,250
4968,52
4969,62
4970,68
4971,45
4972,68
4973,43
4974,18
4975,63
4976,21
4977,18
4978,17
4979,34
4980,56
4981,9
4982,84
4983,56
4984,24
4985,18
4986,16
4987,24
4988,27
4989,12
4990,35
4991,18
4992,4
4993,5
4994,6
4995,28
4996,18
4997,24
4998,94
4999,5/2
5000,36
5001,27
5002,32
5003,60
5004,78
5005,125
5006,34
5007,23
5008,8
5009,0
5010,61
5011,47
5012,8
5013,5
5014,7
5015,9
5016,6
5017,6
5018,26
5019,8
5020,8
5021,28
5022,47
5023,9
5024,9
5025,47
5026,81
5027,19
5028,28
5029,20
5030,20
5031,46
5032,44
5033,27
5034,17
5035,10
5036,2
5037,11
5038,38
5039,41
5040,4
5041,4
5042,25
5043,31
5044,62
5045,19
5046,42
5047,4
5048,12
5049,18
5050,13
5051,3
5052,11
5053,25
5054,26
5055,91
5056,35
5057,90
5058,56
5059,26
5060,81
5061,4
5062,55
5063,55
5064,6
5065,18
5066,30
5067,89
5068,97
5069,80
5070,36
5071,51
5072,88
5073,16
5074,24
5075,57
5076,26
5077,8
5078,42
5079,7
5080,27
5081,30
5082,17/4
5083,16
5084,32
5085,56
5086,24
5087,24
5088,18
5089,33
5090,32
5091,16
5092,24
5093,23
5094,8
5095,6
5096,8
5097,16
5098,15
5099,18
5100,8
5101,18
5102,6
5103,15
5104,40
5105,18
5106,33
5107,7
5108,19
5109,20
5110,82
5111,21
5112,8
5113,27
5114,46
5115,23
5116,18
5117,70
5118,1406.72
5119,48
5120,16
5121,2475/2
5122,1800
5123,6
5124,17720
5125,52
5126,8
5127,11
5128,700
5129,20/3
5130,6.66667
5131,73.2
5132,266
5133,12
5134,20
5135,22700
5136,21
5137,1
5138,15
5139,94.2
5140,62.8
5141,6.28
5142,299/80
5143,1791
5144,3/2
5145,6
5146,640/13
5147,7500
5148,76800
5149,84
5150,1232
5151,41
5152,900
5153,377
5154,29.16
5155,3380
5156,12.56
5157,600
5158,215/126
5159,240
5160,40
5161,255
5162,840
5163,362
5164,4000
5165,5
5166,24
5167,576/5
5168,36
5169,1256
5170,344
5171,25.12
5172,1.008
5173,2700
5174,30
5175,40.5
5176,120
5177,12
5178,31.4
5179,45
5180,28
5181,1
5182,5000
5183,90
5184,50/3
5185,2
5186,1450
5187,1654
5188,24.5
5189,1300000000
5190,3
5191,16
5192,12
5193,8
5194,7.77778
5195,36
5196,29
5197,22
5198,11
5199,5
5200,1079999
5201,0.048
5202,1296/13
5203,14
5204,9
5205,36.3
5206,12
5207,500
5208,15/4
5209,1.28
5210,60
5211,25.12
5212,2184
5213,10000
5214,45
5215,2.38636
5216,9
5217,18.84
5218,32
5219,15.7
5220,200
5221,6
5222,450
5223,80
5224,76800
5225,36
5226,50
5227,7
5228,40
5229,261
5230,418.66667
5231,12
5232,273/10
5233,60
5234,3360
5235,25200
5236,987.2
5237,3.14
5238,42
5239,9
5240,275
5241,2300
5242,600
5243,314
5244,120
5245,64
5246,45
5247,78
5248,592
5249,10
5250,7
5251,20
5252,640
5253,32
5254,15
5255,76
5256,5.6
5257,64
5258,25
5259,20
5260,63
5261,837.56345
5262,252
5263,505
5264,0.16
5265,21
5266,10
5267,116.25
5268,3060
5269,20
5270,6
5271,44
5272,9
5273,35
5274,250
5275,12/7
5276,100
5277,7392
5278,13%
5279,4750
5280,5
5281,0.32
5282,72
5283,1710
5284,200
5285,131880
5286,50.24
5287,31.4
5288,75/2
5289,30
5290,108
5291,300/23
5292,41108
5293,901
5294,100
5295,384
5296,11
5297,3
5298,27/2
5299,100
5300,5040
5301,800
5302,150
5303,600/83
5304,20
5305,1320
5306,28.5
5307,92
5308,4000
5309,400
5310,231/2
5311,8.64
5312,12
5313,40
5314,129/20
5315,1.256
5316,1071/4
5317,30
5318,160
5319,480000
5320,2900
5321,48
5322,48
5323,3.925
5324,153.86
5325,165
5326,50
5327,15
5328,24
5329,616795.86563
5330,1500
5331,2752
5332,625
5333,1
5334,36
5335,7200
5336,144
5337,5040/23
5338,51
5339,48
5340,5640
5341,2000
5342,45
5343,384
5344,75.36
5345,565.2
5346,10
5347,108
5348,14
5349,250
5350,1920
5351,4400/3
5352,304
5353,2600
5354,159/7
5355,100
5356,96000
5357,480
5358,110
5359,20
5360,15700
5361,32
5362,7
5363,3920
5364,10
5365,50
5366,160
5367,1.875
5368,8138.88
5369,4.5216
5370,516
5371,48
5372,10000
5373,90
5374,104
5375,115
5376,60
5377,25
5378,2565
5379,200
5380,2.5
5381,3
5382,600
5383,880
5384,126
5385,100/3
5386,14
5387,800
5388,13
5389,37
5390,47/6
5391,40
5392,50.4
5393,13
5394,3/4
5395,8/5
5396,500
5397,2888
5398,140
5399,70/3
5400,2275
5401,1125
5402,13
5403,85
5404,15
5405,0.006
5406,304
5407,9000
5408,21
5409,189/4
5410,30
5411,80
5412,12
5413,89
5414,78.5
5415,212.04
5416,59
5417,126
5418,480
5419,3600
5420,3600
5421,60
5422,10
5423,45
5424,0.256
5425,15/4
5426,1875
5427,4
5428,60
5429,900
5430,48
5431,60
5432,1500
5433,435/2
5434,1
5435,1200
5436,72/5
5437,108
5438,1800
5439,20
5440,8/3
5441,72
5442,360/11
5443,48
5444,36
5445,0.2
5446,38
5447,2.9
5448,2.7
5449,0.5
5450,0.5
5451,8
5452,140.4
5453,900
5454,160
5455,24
5456,72/25
5457,224
5458,314
5459,125
5460,60/11
5461,3.14
5462,4
5463,1035
5464,5
5465,40
5466,10
5467,13/5
5468,1.7
5469,25.9
5470,150
5471,3028.57143
5472,1800
5473,3/2
5474,20
5475,44
5476,160
5477,8640
5478,1680/19
5479,18000
5480,4800
5481,8
5482,2.16
5483,1.5
5484,0.03959
5485,833.33333
5486,320
5487,75/28
5488,90
5489,30
5490,41
5491,28
5492,44
5493,53
5494,112500%
5495,42
5496,1620
5497,3
5498,775
5499,3750
5500,7.09032
5501,92
5502,9
5503,1200
5504,1207500
5505,525/4
5506,6
5507,1650
5508,305
5509,100
5510,9
5511,1120/3
5512,32
5513,7
5514,190
5515,5/4
5516,5000
5517,16/3
5518,729/25
5519,810
5520,32
5521,288
5522,42
5523,2080
5524,60
5525,4
5526,420
5527,110
5528,19.3
5529,643
5530,52
5531,2200
5532,5337.5
5533,48
5534,22
5535,32.97
5536,5400
5537,330
5538,1.3
5539,120
5540,88
5541,90
5542,63
5543,428
5544,2
5545,24
5546,64.5
5547,73
5548,3
5549,120
5550,1800
5551,384
5552,1560
5553,24/5
5554,40
5555,6600
5556,96
5557,205
5558,1/6
5559,300/11
5560,2.4
5561,300
5562,13200
5563,760
5564,12
5565,30
5566,9.5
5567,45
5568,4/5
5569,120
5570,240
5571,1734/5
5572,260
5573,12210
5574,552
5575,28
5576,63/2
5577,12.42
5578,7.75
5579,140
5580,40.8
5581,32
5582,2246.4
5583,1120
5584,120
5585,12
5586,65
5587,420
5588,360
5589,2
5590,3
5591,2400
5592,195
5593,1080
5594,200
5595,1
5596,147.5
5597,1407/17
5598,31
5599,900
5600,480
5601,4375
5602,540
5603,1
5604,64
5605,185/2
5606,20360
5607,4
5608,13200
5609,2000
5610,86.4
5611,32
5612,84
5613,100.02941
5614,6
5615,18.84
5616,6
5617,5880
5618,9/5
5619,321.3
5620,4.3
5621,6280
5622,31.4
5623,2
5624,52
5625,550
5626,126
5627,280
5628,2400
5629,240
5630,250
5631,1153
5632,44
5633,2700
5634,50
5635,94.2
5636,112000/13
5637,4239/5
5638,30
5639,0
5640,2/5
5641,101.2
5642,2592
5643,480
5644,10
5645,150
5646,44/7
5647,28.26
5648,105
5649,120
5650,72/13
5651,28.26
5652,400
5653,375
5654,5/2
5655,105
5656,500
5657,3
5658,0
5659,25/4
5660,240
5661,20
5662,80
5663,25/8
5664,2.4
5665,128
5666,30
5667,350
5668,120
5669,3
5670,500
5671,2.42
5672,3000
5673,60
5674,1000
5675,125.6
5676,31537.5
5677,26
5678,62
5679,1500
5680,500
5681,675000
5682,1884
5683,0.756
5684,600
5685,565.2
5686,100
5687,696
5688,195.936
5689,375
5690,25
5691,2000
5692,23
5693,57
5694,90
5695,920
5696,525
5697,1600
5698,24
5699,24
5700,50.24
5701,20
5702,40
5703,15/2
5704,280/11
5705,80
5706,63
5707,12600
5708,2.32222
5709,13900
5710,1107
5711,0
5712,64
5713,800
5714,1.1
5715,1099
5716,113
5717,8
5718,192
5719,2
5720,945
5721,37.68
5722,20
5723,5
5724,945
5725,105
5726,11.7
5727,600
5728,8
5729,1
5730,6
5731,1400
5732,992
5733,86.8
5734,5702
5735,57/2
5736,803.84
5737,400
5738,3430
5739,27
5740,8
5741,19.2
5742,5520
5743,90
5744,600
5745,44500
5746,1920
5747,32
5748,2000
5749,37.68
5750,702
5751,83/175
5752,300
5753,285
5754,711
5755,90
5756,142
5757,27
5758,80/3
5759,18
5760,50
5761,3/4
5762,300
5763,98
5764,36
5765,2
5766,1680
5767,144/5
5768,720
5769,260
5770,0
5771,200
5772,375/17
5773,105/2
5774,75/2
5775,32000/3
5776,50
5777,1200
5778,24
5779,10
5780,88
5781,6.68552
5782,192
5783,6
5784,125
5785,2500
5786,435/2
5787,44
5788,112750
5789,200
5790,1100
5791,6
5792,28800
5793,9020
5794,20
5795,1458
5796,420
5797,6
5798,400000
5799,5.832
5800,648
5801,12
5802,250
5803,108
5804,3
5805,3
5806,40
5807,60
5808,60
5809,391/5
5810,18
5811,239/318
5812,4
5813,1500
5814,728
5815,81/4
5816,405/11
5817,88
5818,2
5819,450
5820,9
5821,36
5822,1
5823,38
5824,42
5825,4.09091
5826,40/501
5827,3
5828,40
5829,23810
5830,2550
5831,80/3
5832,35000
5833,8
5834,361/5
5835,1083/5
5836,6280
5837,2.5
5838,23.55
5839,18.84
5840,28
5841,32
5842,100
5843,184
5844,556
5845,93
5846,94
5847,1600
5848,140
5849,12
5850,44
5851,62.4
5852,25
5853,8640
5854,20
5855,9750
5856,9000
5857,4000
5858,2940
5859,24
5860,7
5861,0.8
5862,126.7
5863,251
5864,21
5865,4.58
5866,150
5867,3
5868,20/9
5869,6.47
5870,15
5871,12
5872,120
5873,0.125
5874,50
5875,201
5876,12
5877,72
5878,1/2
5879,450
5880,3
5881,501
5882,1.2
5883,250
5884,24/5
5885,100
5886,20/9
5887,4.41667
5888,24/5
5889,53
5890,62
5891,45
5892,41
5893,58.55
5894,2000
5895,32
5896,750
5897,6.7
5898,5460
5899,50
5900,864
5901,6
5902,11/3
5903,126.66667
5904,900
5905,182
5906,114
5907,12
5908,21
5909,7
5910,49
5911,9
5912,16
5913,33
5914,25
5915,8
5916,3
5917,7
5918,50
5919,28
5920,46
5921,8
5922,8
5923,18
5924,41
5925,42
5926,36
5927,10
5928,694
5929,1021
5930,5
5931,800
5932,9
5933,72
5934,42
5935,26
5936,17
5937,8
5938,6
5939,35
5940,12
5941,20
5942,20
5943,15
5944,15
5945,10
5946,10
5947,24
5948,46
5949,56
5950,3
5951,2
5952,12
5953,11
5954,81
5955,42
5956,21
5957,13
5958,82
5959,44
5960,20
5961,62
5962,18
5963,36
5964,15
5965,24
5966,16
5967,53
5968,26
5969,3
5970,72
5971,53
5972,4
5973,1
5974,5
5975,6
5976,28
5977,18
5978,2
5979,12
5980,3
5981,38
5982,9
5983,4
5984,22
5985,60
5986,9
5987,34
5988,17
5989,27
5990,10
5991,4
5992,4
5993,18
5994,18
5995,20
5996,6
5997,4
5998,8
5999,5
6000,7
6001,21
6002,6
6003,6
6004,26
6005,47
6006,9
6007,9
6008,47
6009,19
6010,19
6011,28
6012,20
6013,20
6014,22
6015,44
6016,27
6017,4
6018,4
6019,25
6020,31
6021,62
6022,19
6023,42
6024,4
6025,12
6026,18
6027,13
6028,3
6029,11
6030,25
6031,26
6032,91
6033,35
6034,90
6035,56
6036,26
6037,81
6038,55
6039,6
6040,97
6041,51
6042,88
6043,16
6044,24
6045,57
6046,26
6047,8
6048,26
6049,21
6050,20
6051,26
6052,31
6053,27
6054,15
6055,88
6056,29
6057,7
6058,16
6059,8
6060,81
6061,81
6062,37
6063,79
6064,24
6065,18
6066,23
6067,27
6068,23
6069,36
6070,19
6071,9
6072,24
6073,80
6074,5
6075,20
6076,4
6077,20
6078,3
6079,25
6080,37
6081,6
6082,14
6083,53
6084,26
6085,37
6086,45
6087,19
6088,24
6089,31
6090,42
6091,11
6092,84
6093,40
6094,44
6095,30
6096,20
6097,35
6098,45
6099,25
6100,8
6101,8
6102,14
6103,47
6104,10
6105,72
6106,34
6107,9
6108,6
6109,3
6110,18
6111,4
6112,19
6113,10
6114,7
6115,7
6116,27
6117,30
6118,6
6119,40
6120,32
6121,56
6122,24
6123,18
6124,33
6125,32
6126,16
6127,24
6128,23
6129,8
6130,6
6131,8
6132,16
6133,15
6134,18
6135,8
6136,18
6137,6
6138,15
6139,40
6140,18
6141,20
6142,70
6143,16
6144,27
6145,21
6146,8
6147,27
6148,46
6149,45
6150,4/3
6151,80
6152,68
6153,26
6154,20
6155,45
6156,270
6157,139
6158,492
6159,798
6160,4
6161,40
6162,1600
6163,5
6164,4/5
6165,6
6166,94
6167,1791
6168,528
6169,720
6170,171
6171,49
6172,4
6173,750
6174,30
6175,180
6176,175/13
6177,2400
6178,0.6
6179,3.5
6180,38
6181,27
6182,352
6183,432
6184,2850
6185,1941760/767
6186,61
6187,4360
6188,560
6189,543
6190,253
6191,85
6192,450
6193,90
6194,95
6195,1880
6196,240
6197,5100
6198,1008
6199,36
6200,24
6201,48
6202,4
6203,18
6204,40
6205,40
6206,72
6207,9
6208,100
6209,23
6210,78
6211,4560
6212,358
6213,148
6214,142
6215,270
6216,99
6217,400/3
6218,40
6219,36
6220,477
6221,696
6222,129
6223,39
6224,14
6225,9
6226,52
6227,9
6228,9
6229,72
6230,315
6231,362
6232,8
6233,220
6234,14
6235,1650
6236,98
6237,96
6238,113
6239,16
6240,360
6241,33
6242,210
6243,5
6244,6
6245,535
6246,278
6247,88
6248,395
6249,150
6250,5
6251,2
6252,116
6253,200
6254,36
6255,96
6256,78
6257,400/3
6258,6
6259,2250
6260,11
6261,67
6262,8
6263,968
6264,91
6265,41
6266,15.2
6267,500/3
6268,21
6269,540
6270,4000
6271,120
6272,1400/3
6273,77
6274,41.2
6275,2600
6276,80
6277,63
6278,250
6279,4
6280,5
6281,344
6282,186
6283,6250
6284,29.4
6285,1.04
6286,2.12
6287,21
6288,210
6289,32
6290,24
6291,480
6292,93.08
6293,47.5
6294,87
6295,3
6296,1240
6297,75
6298,67.7
6299,56.7
6300,22.4
6301,12
6302,850
6303,1110
6304,64
6305,165
6306,14910
6307,315
6308,6
6309,74
6310,157
6311,216
6312,75/2
6313,26
6314,140
6315,90
6316,3
6317,60
6318,3900
6319,599
6320,250
6321,64000
6322,4200
6323,308
6324,6025
6325,72
6326,72/7
6327,27860
6328,500
6329,2940
6330,6120
6331,7440
6332,710
6333,13650
6334,4800
6335,696
6336,125
6337,900
6338,9
6339,40
6340,160
6341,48
6342,160
6343,600
6344,2200
6345,4
6346,6
6347,30
6348,48
6349,2
6350,20
6351,3600
6352,13
6353,7
6354,50
6355,5
6356,12
6357,1200
6358,16
6359,15
6360,19
6361,130
6362,14945
6363,30
6364,24/5
6365,4
6366,6
6367,8
6368,24
6369,600
6370,30
6371,24
6372,45
6373,40
6374,8
6375,107
6376,714
6377,1872
6378,18
6379,10
6380,14
6381,20
6382,12
6383,7000
6384,2
6385,100
6386,78
6387,6000
6388,53.5
6389,1.8
6390,340
6391,5.4
6392,4
6393,12
6394,100
6395,5040
6396,6720
6397,1362.05385
6398,5.3
6399,1428
6400,158
6401,8
6402,50
6403,6
6404,200
6405,240
6406,675
6407,569
6408,660
6409,20000
6410,12000
6411,7/10
6412,1000
6413,3.5
6414,400
6415,1158.04
6416,140.1
6417,51.4
6418,1950
6419,24
6420,540
6421,708
6422,1980
6423,45
6424,1470
6425,1/9
6426,750
6427,1620
6428,15
6429,17
6430,27/2
6431,8
6432,22
6433,4320
6434,145
6435,160
6436,288
6437,4050
6438,153
6439,17
6440,1200
6441,51/10
6442,8
6443,2
6444,40
6445,86.1
6446,9.42
6447,188.8
6448,48
6449,625/4
6450,349.44
6451,32
6452,38
6453,19
6454,1420
6455,10.8
6456,90
6457,165
6458,300
6459,576
6460,0.12
6461,15/2
6462,40
6463,110
6464,3000
6465,0
6466,58
6467,30
6468,71
6469,441/4
6470,20
6471,40
6472,26
6473,8
6474,7
6475,4
6476,33
6477,9
6478,100
6479,4
6480,48
6481,25
6482,48
6483,60527
6484,12
6485,300
6486,8
6487,49
6488,1440
6489,40
6490,4
6491,280
6492,300
6493,420
6494,1250
6495,62.8
6496,84
6497,314
6498,29.8
6499,24.2
6500,44
6501,6
6502,20/3
6503,20/3
6504,24
6505,600
6506,139
6507,180
6508,95
6509,16
6510,35
6511,140
6512,64
6513,335
6514,367.1
6515,4
6516,60
6517,60/17
6518,8.95
6519,3722
6520,102
6521,1568
6522,5
6523,1.73
6524,188
6525,48
6526,720
6527,31.5
6528,62
6529,91
6530,1050
6531,882
6532,32
6533,6
6534,9000
6535,30
6536,176
6537,54
6538,170
6539,15
6540,160
6541,25
6542,1680
6543,222
6544,25
6545,2486
6546,2000
6547,200
6548,147
6549,375
6550,16
6551,1872
6552,206
6553,10
6554,4
6555,648
6556,133
6557,27000
6558,69
6559,4
6560,15
6561,660
6562,2.27
6563,16
6564,308
6565,35
6566,78
6567,17
6568,22875
6569,80
6570,160
6571,45
6572,1800
6573,1800
6574,25/2
6575,1908
6576,900
6577,170.1
6578,4410
6579,9
6580,40
6581,360
6582,85
6583,2520
6584,4
6585,9
6586,576
6587,36
6588,41.895
6589,8
6590,1344
6591,1330
6592,40
6593,130
6594,900
6595,85
6596,120
6597,6.7
6598,306
6599,2730
6600,2688
6601,2250
6602,52
6603,328
6604,38
6605,215
6606,18750
6607,120
6608,18.5
6609,6
6610,62
6611,248
6612,4
6613,24
6614,336
6615,1050
6616,624
6617,825
6618,37
6619,356
6620,22
6621,9
6622,4
6623,576
6624,1320
6625,6000
6626,13000
6627,557
6628,600
6629,60
6630,824
6631,13.2
6632,270
6633,16.8
6634,160
6635,6.5
6636,96/5
6637,12/5
6638,24
6639,23800
6640,15/8
6641,500
6642,1610
6643,24
6644,552
6645,2000
6646,6800
6647,6960
6648,13870
6649,33
6650,414
6651,48
6652,40
6653,615
6654,231
6655,10.1
6656,23
6657,20
6658,205
6659,540
6660,25
6661,266
6662,4
6663,7
6664,285
6665,8
6666,126
6667,832
6668,5014/17
6669,267
6670,1050
6671,1872
6672,60
6673,611.5
6674,138
6675,158
6676,28
6677,379
6678,3600
6679,770
6680,60
6681,3360
6682,472
6683,22
6684,1212
6685,128
6686,525
6687,21/5
6688,29400
6689,732
6690,6
6691,366/7
6692,2.1
6693,560
6694,240
6695,56
6696,20
6697,2700
6698,1152
6699,10.3
6700,47
6701,600
6702,980
6703,349
6704,4840
6705,25/6
6706,45
6707,62
6708,18.72
6709,879.2
6710,18000
6711,10
6712,97
6713,8
6714,22
6715,7
6716,16
6717,17
6718,18
6719,23
6720,85
6721,3216
6722,375
6723,125
6724,248
6725,2880
6726,80
6727,0
6728,54
6729,3/5
6730,21
6731,29
6732,8
6733,12
6734,19
6735,48
6736,52
6737,79
6738,38
6739,96
6740,10
6741,41
6742,21
6743,32
6744,12
6745,15
6746,2
6747,3
6748,30
6749,32
6750,21
6751,4
6752,29
6753,17
6754,36
6755,80
6756,37
6757,8
6758,29
6759,17
6760,35
6761,45
6762,6
6763,20
6764,4
6765,332
6766,308
6767,30
6768,4
6769,4
6770,6
6771,6
6772,2223
6773,60
6774,20
6775,6
6776,54
6777,38
6778,10
6779,16
6780,11
6781,17
6782,27
6783,43
6784,12
6785,69
6786,2/5
6787,50
6788,8
6789,59
6790,87
6791,9
6792,58
6793,58
6794,54
6795,10
6796,38
6797,24
6798,35
6799,39
6800,61
6801,20
6802,140
6803,22
6804,14
6805,78
6806,40
6807,100
6808,72
6809,27
6810,37
6811,6
6812,50
6813,42
6814,33
6815,69
6816,9
6817,25
6818,47
6819,19
6820,33
6821,11
6822,31
6823,23
6824,3
6825,15
6826,30
6827,38
6828,12
6829,12
6830,33
6831,119
6832,57
6833,14
6834,36
6835,42
6836,22
6837,16
6838,24
6839,12
6840,0
6841,35
6842,9
6843,10
6844,19
6845,0
6846,7
6847,29
6848,52
6849,18
6850,8
6851,17
6852,9
6853,2
6854,24
6855,17
6856,9
6857,8
6858,27.552
6859,178
6860,1360
6861,60
6862,100
6863,5670
6864,680
6865,26.25
6866,48
6867,95%
6868,4592
6869,1800
6870,1200
6871,304
6872,3290
6873,1500
6874,3600
6875,144
6876,12
6877,6
6878,260
6879,60
6880,1200
6881,375
6882,108
6883,36
6884,300
6885,160
6886,160
6887,792
6888,240
6889,71/10
6890,190
6891,72
6892,8
6893,11250
6894,6
6895,237
6896,8
6897,1680
6898,5652
6899,600
6900,18
6901,5
6902,18840
6903,58
6904,1
6905,204
6906,8
6907,441/2
6908,61
6909,625/16
6910,37
6911,320
6912,40
6913,96%
6914,92.7%
6915,5
6916,39.4384
6917,120
6918,77.76
6919,21.6
6920,189
6921,7344
6922,1
6923,27
6924,605/4
6925,32
6926,14
6927,1875/2
6928,25.12
6929,1296
6930,7245
6931,9
6932,525
6933,40
6934,3
6935,13
6936,27/2
6937,40
6938,13
6939,4
6940,25%
6941,3400/3
6942,51
6943,115%
6944,89
6945,28
6946,5.625
6947,2
6948,53
6949,263
6950,75/2
6951,31.4
6952,360
6953,42
6954,4.26667
6955,90
6956,10
6957,1.8
6958,9
6959,0
6960,125
6961,96
6962,7500
6963,480
6964,5
6965,12.5
6966,28
6967,50.24
6968,44
6969,30
6970,20
6971,20
6972,144
6973,4
6974,144
6975,160
6976,15
6977,16
6978,96
6979,160
6980,28
6981,85.7%
6982,5000
6983,6000
6984,675
6985,23
6986,2400
6987,420
6988,200
6989,35
6990,4500
6991,1600
6992,480
6993,25
6994,270
6995,1200
6996,3000
6997,5.28
6998,300
6999,2340
7000,52
7001,0.4
7002,3.14
7003,20/3
7004,8
7005,10
7006,300
7007,180
7008,16%
7009,36/5
7010,168
7011,4.9298
7012,625
7013,300
7014,196
7015,1256
7016,1.5
7017,25.12
7018,25.2
7019,1620
7020,50
7021,558.92
7022,100
7023,84
7024,5
7025,166
7026,180
7027,2.624
7028,83.3%
7029,1004.8
7030,190
7031,20
7032,192
7033,75
7034,25%
7035,480
7036,24/5
7037,94.4%
7038,0.512
7039,717
7040,30
7041,780
7042,770
7043,345
7044,60
7045,81/10
7046,270
7047,96
7048,60
7049,1
7050,15813
7051,1560
7052,14
7053,2
7054,16
7055,400
7056,28.26
7057,5
7058,18
7059,28
7060,95.2%
7061,174
7062,22.8
7063,38.4
7064,50
7065,3.7
7066,2800
7067,1.96667
7068,12
7069,52/3
7070,18.84
7071,4
7072,350
7073,25/2
7074,20%
7075,54/5
7076,660
7077,12
7078,2500
7079,3/2
7080,23
7081,200
7082,60
7083,1050
7084,1/10
7085,6/5
7086,198
7087,4.65
7088,8
7089,182
7090,96
7091,100
7092,9
7093,324
7094,160/7
7095,240
7096,384
7097,1200
7098,31.4
7099,0.02
7100,40
7101,400
7102,390
7103,1
7104,3
7105,312
7106,157
7107,5000
7108,15
7109,75
7110,1/3
7111,6
7112,3.14
7113,4995
7114,57/5
7115,60
7116,600
7117,251.2
7118,192
7119,58
7120,24/5
7121,501.9
7122,445
7123,600
7124,32
7125,6
7126,540
7127,84.72222
7128,40
7129,95
7130,12.56
7131,4
7132,120
7133,401
7134,188
7135,65
7136,320/3
7137,130
7138,125/2
7139,1.02857
7140,5.24
7141,45.7232
7142,600
7143,90%
7144,19
7145,7
7146,92%
7147,25%
7148,10
7149,15/4
7150,6
7151,69/5
7152,850
7153,7
7154,240
7155,333
7156,110
7157,29
7158,46.3
7159,7.2
7160,12
7161,3125
7162,7/2
7163,4
7164,128
7165,0.5
7166,1214
7167,960
7168,93.75
7169,8
7170,72
7171,79.2
7172,320
7173,96%
7174,25%
7175,840
7176,8
7177,1000
7178,2100
7179,437
7180,19.7192
7181,522.5
7182,1400
7183,93
7184,2
7185,72
7186,9
7187,768
7188,2
7189,12
7190,97
7191,12/25
7192,225
7193,91040
7194,560
7195,5.26667
7196,800
7197,144
7198,17
7199,15
7200,2
7201,36
7202,1240
7203,108
7204,5
7205,64
7206,35/2
7207,2
7208,9600
7209,426
7210,288
7211,13.5
7212,48
7213,74.4
7214,95/3
7215,125.6
7216,796
7217,251.2
7218,87.92
7219,710
7220,3
7221,2128
7222,15
7223,87.5%
7224,964
7225,135
7226,13.68
7227,27
7228,32
7229,30
7230,16%
7231,1199.55
7232,300
7233,1500
7234,5/2
7235,90
7236,24.84
7237,100
7238,190
7239,3861
7240,8
7241,224
7242,7
7243,240
7244,4
7245,630
7246,73
7247,3.2
7248,168
7249,2000
7250,3000
7251,4
7252,36
7253,1.8
7254,12/43
7255,115.3
7256,325/9
7257,340
7258,1300
7259,184
7260,60
7261,48
7262,360000
7263,6
7264,848
7265,126
7266,5280
7267,3200
7268,3
7269,54080/11
7270,8
7271,37.68
7272,24
7273,100
7274,19.99614
7275,105
7276,100
7277,125
7278,800
7279,400
7280,56
7281,90
7282,240
7283,90%
7284,30
7285,15
7286,14.4
7287,21
7288,5
7289,120
7290,864
7291,30
7292,35
7293,135
7294,4000
7295,59.4
7296,240
7297,96
7298,272
7299,55
7300,40
7301,73/80
7302,15
7303,720
7304,25000
7305,60
7306,108
7307,3273
7308,350
7309,1.3
7310,0.07
7311,20.27027
7312,150
7313,1440
7314,109.35
7315,226.08
7316,2
7317,251.2
7318,1134
7319,471
7320,9
7321,150
7322,480
7323,300
7324,103.3
7325,4
7326,2800
7327,2/5
7328,1800
7329,16
7330,12
7331,0
7332,16.485
7333,140
7334,9300
7335,175
7336,5040
7337,4019.2
7338,15
7339,124
7340,45.475
7341,1488
7342,53
7343,10/3
7344,36
7345,637
7346,702.15
7347,250
7348,25
7349,5600
7350,400
7351,28
7352,96
7353,1/5
7354,3500
7355,2112
7356,24.649
7357,404/3
7358,9/5
7359,29
7360,10
7361,940
7362,778
7363,8
7364,90
7365,47
7366,4500
7367,4000/3
7368,1000
7369,72
7370,13.91304
7371,13.91304
7372,720
7373,32
7374,11
7375,40/9
7376,49/60
7377,75.04
7378,50
7379,227
7380,2200
7381,1
7382,5040
7383,30
7384,5
7385,3943.84
7386,320
7387,1000
7388,0.785
7389,14.25
7390,6
7391,10/17
7392,12
7393,1256
7394,240
7395,480
7396,9600
7397,112
7398,16
7399,60
7400,64
7401,12/5
7402,10
7403,40
7404,270
7405,45
7406,7
7407,9
7408,1000
7409,50
7410,90
7411,11
7412,100
7413,125
7414,65
7415,32
7416,1.27389
7417,27.27273
7418,195
7419,2
7420,514/5
7421,5.6
7422,9
7423,864
7424,115
7425,9/13
7426,45
7427,6476
7428,0.0008
7429,3600
7430,90%
7431,480
7432,42
7433,40/3
7434,363.2
7435,1600
7436,264
7437,12.6
7438,17
7439,6
7440,1920
7441,4
7442,12/5
7443,0.8
7444,700/3
7445,0.8
7446,28
7447,180
7448,7200
7449,7500
7450,125.6
7451,190
7452,77
7453,390
7454,4
7455,32
7456,37.5%
7457,100
7458,3.44
7459,24
7460,29
7461,36000
7462,44
7463,4368
7464,5.4
7465,68
7466,300
7467,1920
7468,125
7469,180
7470,157
7471,50.24
7472,30
7473,0.09639
7474,144
7475,3
7476,520
7477,3
7478,55
7479,4.9
7480,29
7481,49.5
7482,36
7483,400
7484,30000
7485,204
7486,450
7487,33
7488,100/19
7489,1600
7490,15
7491,1337
7492,112
7493,80
7494,90
7495,24
7496,3
7497,450
7498,3.3
7499,60
7500,70.0245
7501,3.57692
7502,48000
7503,3/5
7504,169
7505,173
7506,32
7507,2400
7508,660
7509,210
7510,12/5
7511,3240
7512,2550
7513,8
7514,346
7515,2475
7516,143
7517,45
7518,1/2
7519,800/9
7520,1595
7521,1500
7522,1413
7523,16
7524,744
7525,3456
7526,51600
7527,675
7528,5/2
7529,2
7530,3600
7531,33
7532,12
7533,240
7534,2240
7535,457.6
7536,435
7537,56
7538,74
7539,4.73333
7540,52
7541,15.5
7542,1224
7543,160
7544,37.5
7545,251.2
7546,123/5
7547,19.625
7548,675
7549,471
7550,45
7551,3140
7552,115
7553,70
7554,5
7555,870
7556,48
7557,180
7558,20
7559,9
7560,1000/11
7561,12
7562,300
7563,588
7564,40
7565,480
7566,99
7567,92.25
7568,2700
7569,2700
7570,22/3
7571,21/2
7572,25.72
7573,24
7574,2760
7575,3
7576,4
7577,8.37333
7578,72.275
7579,2
7580,200
7581,504
7582,29.4
7583,135
7584,1500
7585,9000
7586,4/5
7587,36
7588,40
7589,182
7590,4
7591,17
7592,840
7593,10
7594,1
7595,3240
7596,111
7597,36
7598,54
7599,6
7600,5
7601,600
7602,71.04
7603,8
7604,4
7605,80
7606,0.512
7607,125
7608,160
7609,36
7610,1080
7611,6.8
7612,34
7613,60
7614,2
7615,3
7616,10
7617,50
7618,12
7619,24
7620,1
7621,30
7622,12
7623,8
7624,0.03
7625,2592
7626,32
7627,57.5
7628,36.55
7629,0.6
7630,3.37
7631,11
7632,294
7633,300
7634,90
7635,85%
7636,800
7637,13.5
7638,1200
7639,24
7640,1.458
7641,3/5
7642,1/2
7643,3
7644,42
7645,20
7646,18/25
7647,18
7648,1/2
7649,5/7
7650,2240
7651,3000
7652,3
7653,0.8
7654,36
7655,2400
7656,19/20
7657,64
7658,20
7659,10.4
7660,960
7661,31.8
7662,2/7
7663,3/8
7664,2
7665,2/5
7666,1/6
7667,235500
7668,18
7669,40
7670,21
7671,31
7672,13
7673,37/2
7674,8
7675,505
7676,4
7677,2520
7678,10/3
7679,8/5
7680,8/5
7681,3968
7682,750
7683,7
7684,50
7685,25
7686,800
7687,872
7688,31/35
7689,35
7690,1782
7691,64
7692,8280
7693,1
7694,3
7695,5.34
7696,39/5
7697,320
7698,21
7699,3
7700,7
7701,38.46154
7702,6
7703,9.5
7704,4.75
7705,157/100
7706,3045
7707,16/15
7708,28
7709,148
7710,72
7711,17/20
7712,32/3
7713,11/24
7714,3
7715,48
7716,42
7717,6.66
7718,7/24
7719,60
7720,19
7721,47.6
7722,56
7723,120
7724,1350
7725,24/23
7726,9/10
7727,95.8
7728,222
7729,6
7730,140
7731,882
7732,7573.9645
7733,9.9
7734,160
7735,67.5
7736,1
7737,6
7738,100
7739,60
7740,10
7741,135
7742,36
7743,85
7744,560
7745,80
7746,38
7747,4.5
7748,194
7749,282
7750,1/96
7751,700
7752,1.8
7753,583
7754,1/79
7755,28
7756,8/3
7757,0
7758,135
7759,11/30
7760,5
7761,7.8
7762,400
7763,96
7764,4
7765,6
7766,24
7767,32800
7768,83
7769,2912
7770,122
7771,3565
7772,11/20
7773,7200
7774,48
7775,0
7776,1500
7777,30
7778,20
7779,60
7780,16/5
7781,360
7782,1000
7783,464
7784,220
7785,0
7786,19
7787,432
7788,1800
7789,1500
7790,996.11111
7791,26
7792,250
7793,2/7
7794,10
7795,15
7796,16
7797,1/4
7798,1260
7799,560
7800,5
7801,60
7802,10000
7803,1/3
7804,216/5
7805,24/5
7806,20
7807,106
7808,638
7809,184
7810,2.8
7811,576
7812,3
7813,30
7814,75/2
7815,54
7816,8
7817,14
7818,240
7819,51/20
7820,25
7821,0
7822,5416
7823,1026
7824,1/5
7825,50
7826,11/12
7827,11/12
7828,80000
7829,36/5
7830,72
7831,630
7832,30
7833,16
7834,93
7835,82
7836,37/40
7837,6
7838,600
7839,52/9
7840,344
7841,32/21
7842,6
7843,50
7844,675
7845,79/90
7846,12.97778
7847,135
7848,115
7849,320
7850,87
7851,1/2
7852,570
7853,7
7854,16
7855,4/5
7856,4
7857,1.225
7858,48
7859,180
7860,1000/31
7861,4/15
7862,144
7863,3
7864,10.3
7865,37/3
7866,69/20
7867,9
7868,40/9
7869,205
7870,180
7871,3/4
7872,15
7873,63/5
7874,28
7875,3/5
7876,11/2
7877,7
7878,8
7879,6
7880,1/4
7881,150
7882,625/2
7883,2/5
7884,60/11
7885,16/25
7886,96
7887,1/2
7888,12
7889,9
7890,8
7891,2
7892,6
7893,369
7894,309
7895,131
7896,8745
7897,80/19
7898,24000
7899,6
7900,12
7901,102
7902,5
7903,20
7904,5.42
7905,3
7906,632
7907,200
7908,24/7
7909,1/5
7910,8
7911,140/9
7912,1
7913,79.2
7914,2700
7915,3/16
7916,10
7917,96
7918,1/5
7919,864
7920,9/20
7921,1
7922,1/2
7923,1/4
7924,393
7925,324
7926,150
7927,900
7928,47
7929,360
7930,50
7931,180
7932,9/4
7933,16
7934,77
7935,5/8
7936,3/5
7937,2/3
7938,1
7939,8
7940,7
7941,61
7942,5/12
7943,8/3
7944,300
7945,108
7946,6.6
7947,14
7948,24
7949,25
7950,40
7951,40
7952,46
7953,27/23
7954,643/5
7955,86
7956,55
7957,2542
7958,11/5
7959,230
7960,17/30
7961,6.25
7962,5/6
7963,20
7964,7000
7965,54
7966,5
7967,15
7968,1710
7969,17/2
7970,63
7971,9/20
7972,624
7973,100
7974,96
7975,260
7976,120
7977,80
7978,20
7979,1/25
7980,32
7981,392
7982,25
7983,1600
7984,10
7985,2590
7986,40/3
7987,75
7988,504
7989,144000
7990,170
7991,72
7992,6
7993,1200
7994,193
7995,60/11
7996,360
7997,42000
7998,2/7
7999,1
