0,87.88
1,146
2,4
3,525
4,6
5,1290
6,600
7,3545
8,8.8
9,45
10,41
11,9523.80952
12,80
13,56
14,36
15,8172
16,16
17,61.3
18,22.5
19,10
20,2700
21,4
22,100
23,68
24,300
25,14
26,19
27,16
28,0.314
29,1950
30,3.6
31,80
32,9
33,720
34,60
35,19/20
36,251
37,6
38,14/15
39,72
40,400
41,24
42,1000
43,500
44,4
45,17
46,95
47,288
48,40
49,280
50,656
51,9
52,7600
53,280
54,778
55,120
56,142
57,4875
58,1248
59,9
60,66
61,1201
62,1300
63,738
64,1176
65,7056
66,13198.8
67,400
68,3360
69,765
70,10
71,73.2
72,6600
73,7/8
74,200
75,3.8
76,1
77,13/20
78,24
79,194
80,3.3
81,170
82,8
83,392
84,260
85,25%
86,15
87,170
88,402
89,374
90,4.32
91,0
92,20
93,1735
94,1536
95,78.5
96,8
97,16
98,3
99,260
100,2288
101,4
102,3486
103,14
104,15/2
105,20
106,5/9
107,0.02138
108,10.9
109,6
110,7/10
111,1200
112,560
113,651
114,17
115,160
116,2530
117,623
118,192
119,124
120,0.94
121,13
122,25
123,69
124,10.125
125,90%
126,100
127,0.3
128,124
129,770
130,7/9
131,6089
132,10
133,56
134,11200
135,8
136,595
137,50
138,24
139,87
140,90
141,409
142,96
143,15
144,8158.4
145,356
146,20/3
147,8400
148,4800
149,9
150,2/9
151,494
152,100/7
153,490
154,8000
155,3/10
156,75
157,600
158,1296
159,60
160,30
161,1/2
162,5
163,0.06
164,42
165,1350
166,336
167,775
168,18
169,312
170,9/20
171,7
172,280
173,144
174,11/35
175,14
176,44
177,9
178,4
179,11
180,20
181,113.04
182,12
183,27
184,17/20
185,650
186,5000
187,10
188,312
189,15
190,782
191,122.46
192,10395
193,880
194,400
195,1049.07
196,704
197,56.52
198,450
199,272
200,450
201,114
202,18
203,7/20
204,1
205,24
206,4/9
207,6
208,40
209,6240
210,6
211,65.55
212,3081
213,1385.1
214,6
215,2500
216,625
217,17/4
218,63024
219,4
220,235
221,333
222,20
223,16
224,200
225,1872
226,346
227,9
228,6/7
229,2.88
230,190
231,293
232,3300
233,207
234,684
235,3500
236,691
237,1710
238,11/18
239,3280
240,816
241,1386/5
242,1
243,5375
244,432
245,3/5
246,25.12
247,41/24
248,240
249,100
250,3.2
251,2
252,162
253,1260
254,558/19
255,6000
256,1536
257,15
258,490
259,6
260,2700
261,2880/7
262,84
263,108
264,24/5
265,20
266,11/24
267,276
268,26
269,94
270,25000
271,123000
272,750
273,12
274,520
275,1585
276,289
277,5.4
278,32
279,750
280,150.72
281,8
282,6
283,736
284,64
285,18
286,240
287,579
288,371.66667
289,2250
290,944
291,5
292,200
293,546
294,16
295,21
296,5280
297,10
298,4
299,64
300,224
301,27/20
302,8
303,8
304,81
305,19719.2
306,9/2
307,20
308,50
309,6
310,62.8
311,450
312,2
313,2/7
314,36
315,60
316,100
317,324
318,4
319,1/2
320,8
321,432
322,1/2
323,37/40
324,6/5
325,46
326,3450
327,71.25
328,890
329,0.99585
330,10024.75
331,434000
332,16000
333,300
334,4/7
335,2016
336,15
337,486
338,6
339,10
340,246/29
341,90
342,21
343,50
344,60
345,47
346,48
347,5
348,425
349,12
350,32
351,600
352,465
353,1588
354,168
355,140
356,165.5
357,50
358,2.5
359,12
360,45216
361,125600
362,45
363,9
364,5/12
365,540
366,11/35
367,32
368,15/8
369,209
370,150
371,242
372,10
373,7
374,36
375,1350
376,591
377,9043.2
378,4429
379,30/11
380,70
381,20
382,2/5
383,6240
384,56375
385,91
386,12/5
387,314
388,600
389,13
390,15
391,1260
392,768
393,800
394,471000
395,1.035
396,450
397,11
398,6592
399,13
400,95
401,136
402,864
403,20/9
404,685
405,32
406,46
407,4/15
408,115/24
409,12.56
410,12
411,1
412,0
413,800
414,10
415,516
416,55
417,8
418,1320
419,20
420,2/9
421,1
422,3
423,23/29
424,1.12
425,15.12
426,480
427,1120
428,127
429,2000
430,580
431,406000
432,384
433,112
434,12960
435,31
436,544
437,44
438,51/40
439,1800
440,1/4
441,19
442,410
443,175/2
444,64
445,765
446,3/5
447,0.45
448,20
449,1920
450,1036
451,68
452,5.2%
453,10
454,300
455,133
456,1080
457,60
458,76
459,390
460,24
461,2400
462,33
463,816
464,12
465,1710
466,420
467,246
468,21
469,35
470,12
471,16
472,700
473,125.6
474,6
475,21
476,534
477,0.1
478,1152
479,231
480,320
481,533
482,1/20
483,192
484,30
485,280
486,132
487,216
488,15
489,1204
490,4
491,96
492,260
493,204.88
494,440
495,2097.2
496,36000
497,360
498,80
499,1344
500,272
501,800
502,960
503,750
504,885
505,639
506,120
507,700
508,9420
509,72
510,5280000
511,14
512,17/40
513,7/2
514,120
515,58
516,786
517,0.5
518,1/2
519,224
520,45
521,8
522,355
523,1800
524,3/8
525,200
526,340
527,100
528,24
529,31.4
530,120
531,36
532,150
533,52.65
534,24
535,45
536,150/11
537,22
538,7
539,96
540,270
541,1.6
542,216
543,600
544,44
545,120
546,1.93333
547,84
548,10
549,60
550,1730
551,314
552,48
553,5
554,1100
555,750
556,11
557,504
558,65.94
559,39.4384
560,0.56667
561,6
562,24/5
563,100
564,59
565,60
566,2800
567,147
568,560
569,2500
570,133
571,16.8
572,10700
573,24
574,7500
575,44.85
576,1
577,2
578,150
579,240
580,1400
581,4
582,182.9
583,900
584,2
585,12
586,43
587,15
588,50
589,40
590,88
591,16
592,30
593,0.2
594,9
595,15.7
596,0.9
597,930
598,192
599,60000
600,8820
601,5.5
602,3
603,400/9
604,50
605,2/5
606,0
607,90
608,5
609,62
610,900
611,10
612,928
613,1/35
614,9.6
615,936000
616,116.8
617,10
618,3768
619,90
620,89.4
621,50
622,251.2
623,114
624,196/3
625,15
626,88
627,0.00018
628,421
629,27
630,60
631,78.5
632,3
633,2000
634,407
635,95%
636,93.8%
637,75%
638,99%
639,60
640,20
641,20
642,5
643,192
644,540
645,44
646,4.5
647,14
648,215
649,75
650,340
651,120
652,11
653,16
654,98%
655,1
656,80
657,98%
658,1.5
659,95%
660,103
661,4/3
662,950
663,75%
664,102
665,1094.5
666,50
667,250
668,7/12
669,1130.4
670,72
671,735
672,36
673,160
674,5
675,92%
676,8
677,6
678,98%
679,96%
680,10.02
681,23/50
682,120
683,450
684,21
685,42
686,3360
687,100
688,36
689,136
690,320
691,960
692,81
693,12
694,30
695,378
696,16
697,14
698,31/40
699,60
700,75
701,72
702,5
703,25
704,3.33333
705,15
706,94%
707,5/8
708,20
709,66
710,32
711,28.5
712,2
713,0.3
714,10%
715,1
716,240
717,0.024
718,24
719,180
720,150
721,376.8
722,135
723,5280
724,16
725,17
726,42.5
727,117
728,10
729,160
730,360
731,60
732,1152
733,100
734,295
735,0.135
736,12
737,20
738,70
739,160
740,95%
741,2.99003
742,1/4
743,5
744,300
745,680
746,80/3
747,19.06667
748,13
749,141/4
750,144/91
751,144
752,560
753,11
754,49.25926
755,250
756,42/5
757,64
758,1
759,240
760,374.93333
761,3/2
762,2826
763,84.2
764,63
765,480000/193
766,1944
767,2.16
768,32000/7
769,30
770,851
771,150/17
772,205
773,13.5
774,6000
775,72/7
776,1256
777,160
778,605
779,4
780,5
781,32000
782,24000
783,50
784,117
785,156
786,125.6
787,5.6
788,170
789,96
790,98%
791,1017.36
792,2450
793,21
794,72.09
795,1733
796,40
797,112.5
798,40
799,36
800,147.25
801,5/3
802,300
803,48
804,578/5
805,38.4
806,200
807,120
808,50
809,160/9
810,4.8
811,610
812,20
813,1256
814,25
815,4000
816,2000
817,13
818,8
819,90
820,174
821,384
822,88
823,120
824,50.24
825,1050
826,1462
827,10
828,1.2
829,42
830,290
831,160
832,501/5
833,1.5
834,54
835,14080
836,120
837,32
838,192
839,5
840,1
841,5/3
842,8
843,10.29412
844,546
845,55
846,92
847,42
848,11932
849,1
850,14400
851,3300
852,40
853,10
854,3
855,15/8
856,15
857,134
858,90
859,72/13
860,3500
861,300
862,32
863,2/7
864,6
865,11
866,0.5
867,1235
868,4.03333
869,75
870,13.2
871,7560
872,9
873,62
874,48
875,17/2
876,10500
877,14.3%
878,3.14
879,7850%
880,64
881,20/11
882,15
883,31.5
884,60
885,6
886,1920
887,4710
888,17
889,79
890,1/2
891,306
892,749.88
893,30.0
894,60
895,9
896,285
897,10
898,0.012
899,0.15
900,4000
901,207000
902,16/3
903,375/2
904,444
905,5
906,20
907,420
908,26
909,12.56
910,15
911,314.4
912,15/13
913,51
914,1.8
915,430
916,6280
917,3.14
918,188.4
919,5.4
920,200
921,4
922,2
923,96%
924,134
925,80/7
926,95.8%
927,260
928,3
929,50
930,2500
931,70000/19
932,48
933,18.84
934,7.1
935,45000
936,60
937,120
938,6.66
939,11
940,52
941,19
942,210
943,24
944,19
945,5/12
946,187
947,6
948,90
949,48
950,0.6
951,53
952,197
953,255
954,594
955,122
956,16
957,57
958,1301.47992
959,1300
960,6
961,7
962,640
963,31050
964,16
965,831/8
966,25
967,100000/97
968,2/5
969,1/8
970,152.4
971,10
972,3424
973,3140
974,31
975,38
976,70
977,8
978,345.4
979,910
980,182.9
981,4400
982,0.03
983,448
984,99%
985,74
986,4600/141
987,10
988,7
989,330
990,24
991,2760
992,581
993,700
994,20.0%
995,1360
996,100/101
997,90
998,72
999,1/5
1000,31.4
1001,450/7
1002,89
1003,90
1004,6
1005,90%
1006,250
1007,31
1008,19492.38579
1009,1/4
1010,9
1011,163
1012,625
1013,96%
1014,13
1015,160
1016,15
1017,6/5
1018,78
1019,2/3
1020,9
1021,40%
1022,41.7%
1023,62.8
1024,200
1025,44080
1026,16000
1027,1
1028,304
1029,88
1030,15
1031,21.56
1032,1
1033,6
1034,0.04464
1035,270
1036,0.432
1037,30
1038,400
1039,14.73684
1040,1/2
1041,90000
1042,180
1043,10.0
1044,13000.44
1045,441
1046,1/36
1047,63
1048,529/24
1049,412.5
1050,15
1051,50
1052,240
1053,60/49
1054,250
1055,25/4
1056,18
1057,216
1058,9/16
1059,0.512
1060,80
1061,11
1062,3.77
1063,7/2
1064,60
1065,20
1066,68
1067,4
1068,90
1069,45
1070,55
1071,15
1072,300
1073,428
1074,1/25
1075,4138
1076,4
1077,204
1078,15
1079,24
1080,1200
1081,294
1082,175
1083,20
1084,1.3
1085,14.6
1086,9/20
1087,480
1088,4/9
1089,0.0144
1090,165
1091,45
1092,7395
1093,192
1094,123530
1095,18
1096,1440
1097,3/8
1098,144
1099,120
1100,1/7
1101,16
1102,492
1103,30
1104,285
1105,2/5
1106,105.7
1107,12
1108,9
1109,27
1110,27
1111,3
1112,45.12
1113,33.3%
1114,800
1115,68
1116,6
1117,20
1118,8
1119,3
1120,15
1121,30
1122,18
1123,10
1124,66
1125,205
1126,14
1127,1.4
1128,100
1129,200/3
1130,0.3952
1131,6/5
1132,30
1133,70200
1134,128
1135,30
1136,19.232
1137,575
1138,480
1139,200
1140,600
1141,75
1142,6
1143,180
1144,15
1145,4
1146,1000
1147,589
1148,2
1149,19.3
1150,232
1151,100
1152,1/2
1153,770
1154,12
1155,180/7
1156,11
1157,30
1158,1154
1159,2
1160,84
1161,10
1162,180
1163,36
1164,8965
1165,6
1166,12
1167,20
1168,0
1169,15
1170,11.1%
1171,576
1172,120
1173,10
1174,1500
1175,50.5%
1176,9/500
1177,1500
1178,60000
1179,1932
1180,4
1181,450000
1182,72
1183,220
1184,144
1185,120
1186,54
1187,201
1188,201
1189,130
1190,1
1191,60
1192,0.27
1193,60000
1194,864
1195,95%
1196,150
1197,45
1198,270
1199,62.8
1200,123
1201,0.25
1202,19
1203,15%
1204,51
1205,28
1206,18
1207,188
1208,2
1209,31
1210,125
1211,33
1212,952
1213,35%
1214,75
1215,1000
1216,90
1217,192/5
1218,300/19
1219,750
1220,26.7%
1221,40
1222,1
1223,190.8
1224,48
1225,100/3
1226,94.2
1227,600
1228,84
1229,750
1230,16/5
1231,16/5
1232,54
1233,640
1234,270
1235,94.2
1236,154
1237,90
1238,22
1239,144/5
1240,64%
1241,8
1242,560/3
1243,960
1244,147
1245,4200
1246,85
1247,53
1248,56
1249,180
1250,63
1251,45
1252,35
1253,14
1254,36
1255,8
1256,30
1257,38
1258,24
1259,16
1260,53
1261,22
1262,4
1263,37
1264,6
1265,45
1266,6
1267,13
1268,23
1269,18
1270,55
1271,53
1272,94
1273,86
1274,46
1275,12
1276,162
1277,30
1278,84
1279,30
1280,81
1281,51
1282,84
1283,24
1284,84
1285,80
1286,45
1287,35
1288,27
1289,48
1290,9
1291,24
1292,44
1293,10
1294,25
1295,1505
1296,100
1297,3000
1298,8
1299,6
1300,6
1301,20
1302,6
1303,5
1304,6
1305,6
1306,4
1307,1
1308,8
1309,9
1310,7
1311,48/7
1312,4
1313,192
1314,61
1315,9
1316,13
1317,6
1318,11
1319,6
1320,7
1321,36
1322,80
1323,31
1324,28
1325,40
1326,17
1327,7
1328,20
1329,6
1330,42
1331,6
1332,68
1333,18
1334,4
1335,25
1336,54
1337,16
1338,36
1339,5
1340,73
1341,24
1342,6
1343,7
1344,24
1345,84
1346,31
1347,15
1348,6
1349,17
1350,23
1351,16
1352,19
1353,28
1354,9
1355,72
1356,98
1357,18.84
1358,160
1359,700
1360,4608
1361,4950
1362,60000
1363,63
1364,3
1365,5/9
1366,20
1367,3
1368,30144
1369,120
1370,192
1371,81
1372,335
1373,8
1374,372
1375,18/35
1376,3000
1377,128
1378,20000
1379,720
1380,2.7
1381,1256
1382,666
1383,17/3
1384,440
1385,9.225
1386,28
1387,2
1388,150
1389,10.34
1390,42
1391,30
1392,48000
1393,12
1394,0
1395,16
1396,160
1397,120
1398,95
1399,840
1400,6
1401,180
1402,640
1403,20
1404,40
1405,11
1406,565/3
1407,82
1408,787
1409,125
1410,139
1411,170
1412,250
1413,40
1414,240
1415,1440000
1416,30900
1417,3
1418,240
1419,31
1420,53/60
1421,30.6
1422,33.45
1423,3.6
1424,0.008
1425,9
1426,9
1427,4
1428,504
1429,60
1430,22.5
1431,28
1432,48
1433,84
1434,2.4
1435,44.3
1436,190
1437,271.32
1438,196.35
1439,20
1440,256
1441,11
1442,110
1443,96/5
1444,54
1445,15
1446,13950
1447,1176
1448,0.5
1449,4
1450,44
1451,320
1452,180
1453,307
1454,36
1455,40
1456,169
1457,31
1458,58
1459,9
1460,3612
1461,560
1462,20
1463,186
1464,10
1465,290
1466,55
1467,280
1468,8.5
1469,1.1
1470,137
1471,144
1472,64
1473,9
1474,26
1475,8
1476,50
1477,9000
1478,0
1479,8
1480,0.6
1481,8448
1482,15
1483,3
1484,71/48
1485,4
1486,152/15
1487,33
1488,8
1489,56
1490,3.5
1491,10/3
1492,0
1493,7000
1494,32
1495,200
1496,17
1497,4
1498,8.08
1499,2370
1500,91
1501,18/5
1502,149
1503,4
1504,371
1505,28
1506,20
1507,48
1508,18.4
1509,180
1510,945
1511,5/6
1512,16
1513,180
1514,108
1515,520
1516,36
1517,1.55
1518,11361/2
1519,12
1520,90
1521,44
1522,300
1523,50
1524,331
1525,40
1526,140
1527,3
1528,128/5
1529,780
1530,500
1531,36
1532,1250
1533,237.5
1534,4800
1535,1/2
1536,5/2
1537,30
1538,1/21
1539,160
1540,128
1541,48
1542,23
1543,150
1544,12
1545,400
1546,650
1547,20
1548,1
1549,8/5
1550,39/100
1551,56
1552,3722
1553,5330
1554,8
1555,753.6
1556,22.608
1557,1
1558,400
1559,200
1560,1000
1561,102
1562,10
1563,48
1564,3360
1565,50
1566,2400
1567,8.4
1568,4800
1569,9
1570,3000
1571,20
1572,31.4
1573,13/2
1574,104
1575,188
1576,9420
1577,17.8
1578,210
1579,288
1580,125
1581,4
1582,125
1583,160
1584,125
1585,2500
1586,27000
1587,9/2
1588,82
1589,0.012
1590,73
1591,288/7
1592,108
1593,175
1594,50
1595,3080
1596,5.2
1597,22.2%
1598,100
1599,56
1600,30
1601,100
1602,15/2
1603,800
1604,48
1605,8/5
1606,1512
1607,93
1608,10
1609,25.12
1610,251.2
1611,251.2
1612,8500/11
1613,53.1375
1614,37.68
1615,52
1616,877
1617,17
1618,150
1619,720
1620,45
1621,450
1622,60.48
1623,120
1624,40
1625,374.46
1626,28
1627,25
1628,3/2
1629,60
1630,1600
1631,7/12
1632,15
1633,4.33333
1634,8.5
1635,20
1636,20
1637,54
1638,5
1639,4/5
1640,60
1641,17.16
1642,864
1643,720
1644,12.32
1645,2500
1646,8
1647,0.0125
1648,3
1649,46.28571
1650,1770
1651,50
1652,700
1653,3.18052
1654,92%
1655,628
1656,7464
1657,1200
1658,60
1659,8040
1660,100
1661,4
1662,2/3
1663,20
1664,3.2
1665,17
1666,13/4
1667,11
1668,625
1669,0.36
1670,1/10
1671,109450
1672,105/2
1673,30
1674,149
1675,50
1676,240
1677,5
1678,9
1679,24500
1680,15.89322
1681,288
1682,583
1683,1000
1684,18/5
1685,40/3
1686,120
1687,90
1688,200
1689,150
1690,1120
1691,160
1692,120
1693,5
1694,50.24
1695,600
1696,10.4
1697,1
1698,30
1699,12
1700,52
1701,20
1702,6.86
1703,1
1704,8/3
1705,0.25
1706,72
1707,18/5
1708,30
1709,7
1710,1280
1711,0.085
1712,0.12
1713,4030/101
1714,1600
1715,36
1716,68
1717,400
1718,15
1719,720
1720,2/7
1721,64.8076
1722,48
1723,48/5
1724,226.08
1725,22
1726,40.5
1727,631.0144
1728,12
1729,360
1730,12/5
1731,10/13
1732,110
1733,17.75
1734,25
1735,85.71429
1736,210
1737,130
1738,1720
1739,520
1740,267
1741,60
1742,65/3
1743,1380
1744,75
1745,48
1746,80
1747,376.8
1748,31
1749,19200
1750,114
1751,3400
1752,7
1753,1.74
1754,25
1755,45
1756,5/12
1757,120000
1758,31.4
1759,2
1760,17
1761,192
1762,1806.255
1763,231
1764,20
1765,60
1766,51
1767,10
1768,36
1769,8
1770,2.52632
1771,2250
1772,450
1773,2682
1774,64/5
1775,0.80808
1776,3200
1777,250
1778,22960
1779,1030
1780,0
1781,9
1782,1175
1783,1800
1784,67
1785,2
1786,9
1787,6
1788,952
1789,6
1790,600
1791,250
1792,20
1793,11460
1794,38/7
1795,22
1796,5
1797,640/7
1798,24
1799,500
1800,8000
1801,19/15
1802,3360
1803,24/5
1804,200
1805,942
1806,7200
1807,1
1808,1000/3
1809,8
1810,660
1811,8
1812,1256
1813,1875
1814,7
1815,72
1816,275
1817,20
1818,102
1819,48
1820,640
1821,27
1822,218
1823,10
1824,18522/5
1825,1355
1826,10
1827,5
1828,260
1829,222.94
1830,40
1831,15
1832,5
1833,5928
1834,272
1835,314
1836,2745
1837,4
1838,8
1839,4
1840,120
1841,2500
1842,3
1843,4
1844,280
1845,50.24
1846,10800/19
1847,702
1848,9
1849,3000
1850,1227
1851,151.8
1852,35
1853,1035
1854,3
1855,12
1856,4400
1857,4000
1858,60
1859,138.16
1860,70
1861,326.6
1862,96
1863,12
1864,48
1865,170/3
1866,1210
1867,5
1868,4032
1869,6720
1870,630
1871,30
1872,5400
1873,8000
1874,0.5
1875,11
1876,24
1877,6
1878,126
1879,46
1880,12.56
1881,6.97
1882,6
1883,3888
1884,1088
1885,8
1886,20
1887,6
1888,15000
1889,3
1890,16
1891,52%
1892,54
1893,3.14
1894,299
1895,256
1896,2/15
1897,3
1898,3
1899,40
1900,9
1901,360
1902,3600
1903,4.2
1904,9
1905,18.46154
1906,420
1907,888
1908,27
1909,15.75
1910,33750
1911,1469
1912,12
1913,9
1914,0.148
1915,108
1916,108
1917,11
1918,16
1919,96
1920,12
1921,104
1922,11
1923,5166
1924,12
1925,24
1926,120
1927,24
1928,9/4
1929,349.34217
1930,20
1931,5
1932,80
1933,1
1934,250
1935,3
1936,720
1937,339.12
1938,0
1939,40
1940,533.33333
1941,2001.7
1942,62.8
1943,2000
1944,1.49074
1945,1
1946,5381
1947,700
1948,12
1949,1440/13
1950,25%
1951,70
1952,5
1953,25.4
1954,2
1955,4900
1956,0.7
1957,217
1958,78.5
1959,366
1960,16
1961,0.04
1962,3740
1963,2.5
1964,38624
1965,90600
1966,565
1967,280
1968,78.5
1969,12
1970,89
1971,4.1
1972,36
1973,3141.42
1974,6
1975,42
1976,1950
1977,60
1978,75
1979,7
1980,2000
1981,33/10
1982,14.4
1983,10.84
1984,384
1985,36
1986,200
1987,54
1988,17.14286
1989,2398
1990,201
1991,13
1992,2.012
1993,427.5
1994,22
1995,4605
1996,13
1997,1
1998,3.5
1999,1.6
2000,48
2001,168
2002,5
2003,81
2004,8
2005,45
2006,260
2007,885
2008,896
2009,621
2010,5000
2011,45
2012,2800
2013,2.8125
2014,12
2015,15
2016,14
2017,4
2018,75/7
2019,21600
2020,70/3
2021,80
2022,1500
2023,400
2024,10
2025,12.2
2026,82
2027,15
2028,4
2029,15%
2030,77.5%
2031,175/39
2032,63
2033,56
2034,8640
2035,2300
2036,648
2037,360
2038,384
2039,40
2040,3/2
2041,18
2042,78500
2043,0
2044,11.33333
2045,9
2046,240
2047,10
2048,0
2049,20
2050,10
2051,1159
2052,0
2053,748.8
2054,5
2055,301.44
2056,329
2057,50
2058,0.72
2059,4750
2060,2000/3
2061,42
2062,5415
2063,30.2
2064,24
2065,15/19
2066,7500
2067,3200
2068,30.95914
2069,315
2070,56
2071,270
2072,3
2073,96
2074,880
2075,123
2076,1700
2077,4
2078,400
2079,2000
2080,2.9
2081,22
2082,35
2083,24/5
2084,37500
2085,80
2086,189
2087,54
2088,900/7
2089,1740
2090,112
2091,108
2092,5072
2093,900
2094,672
2095,18463.2
2096,314
2097,144
2098,12/5
2099,28
2100,780
2101,70000
2102,20
2103,50
2104,104
2105,195
2106,3
2107,100.48
2108,1560
2109,2464
2110,71
2111,16
2112,16
2113,19.968
2114,2
2115,622
2116,300/11
2117,2000
2118,125.6
2119,84
2120,15
2121,88
2122,803.84
2123,7.065
2124,2.6
2125,3.14
2126,830
2127,99
2128,268
2129,72
2130,24/5
2131,300
2132,15
2133,3720
2134,7
2135,13.188
2136,22
2137,65/9
2138,174
2139,12
2140,2.5
2141,8
2142,11
2143,1
2144,0.2
2145,9
2146,1296
2147,1200
2148,13/12
2149,80/11
2150,565.2
2151,48.984
2152,4
2153,62.8
2154,699
2155,64/17
2156,3
2157,120
2158,42
2159,45.216
2160,3595
2161,480
2162,1104
2163,2880
2164,110
2165,64.5
2166,124
2167,2905
2168,72.2
2169,6480
2170,2
2171,160
2172,57%
2173,11183
2174,6
2175,100%
2176,65%
2177,316/3
2178,499
2179,150
2180,314
2181,60
2182,715
2183,8
2184,1710
2185,1040
2186,300/11
2187,441
2188,1456
2189,0.3
2190,81
2191,36
2192,1500
2193,56
2194,2
2195,3400
2196,24
2197,0.4
2198,40
2199,12
2200,14
2201,344
2202,2520
2203,11400
2204,3
2205,28/9
2206,48
2207,10
2208,16
2209,210
2210,496
2211,160
2212,725
2213,240
2214,1.3
2215,24/5
2216,29/3
2217,776
2218,10
2219,59/3
2220,10890
2221,1245
2222,495
2223,13
2224,19.625
2225,36000
2226,4.8
2227,80
2228,6.3
2229,3250
2230,75.36
2231,4
2232,1
2233,4.5
2234,1.07
2235,2.04
2236,18
2237,18
2238,32
2239,3000
2240,3000
2241,4500
2242,48
2243,6300
2244,45
2245,1.1
2246,7
2247,122
2248,4.5
2249,1920
2250,942
2251,80
2252,114
2253,18
2254,1440
2255,9
2256,300
2257,5750
2258,32
2259,6
2260,144
2261,84%
2262,82%
2263,12.45
2264,12/13
2265,100
2266,232
2267,22.5
2268,38
2269,24
2270,1
2271,80
2272,48.4
2273,7/5
2274,16
2275,729
2276,1053
2277,320
2278,100
2279,4.68
2280,45
2281,2940
2282,4200
2283,1190
2284,3600
2285,60
2286,200
2287,4
2288,45
2289,14000
2290,100
2291,45
2292,45
2293,40
2294,336
2295,38.0568
2296,72
2297,5
2298,0.02
2299,62.8
2300,24
2301,3
2302,300
2303,10
2304,31.4
2305,6.28
2306,13
2307,206
2308,20
2309,25/3
2310,12
2311,5
2312,80
2313,37950/83
2314,350
2315,6
2316,1872
2317,420
2318,2
2319,24
2320,18
2321,360
2322,264
2323,17
2324,75
2325,1000
2326,1537
2327,1120
2328,270
2329,13
2330,750/7
2331,51
2332,5/12
2333,4200
2334,0.48984
2335,120
2336,12
2337,5
2338,722
2339,2
2340,2
2341,1520
2342,43.2
2343,53
2344,5/84
2345,26
2346,52
2347,216
2348,48
2349,327
2350,1080
2351,50
2352,75/4
2353,24
2354,300
2355,400
2356,294
2357,13
2358,10.5
2359,1243
2360,360
2361,13
2362,448
2363,8.8
2364,476
2365,330
2366,288
2367,215.27338
2368,8/3
2369,4
2370,200
2371,7
2372,4.5216
2373,45
2374,240
2375,40
2376,72
2377,43
2378,12
2379,1.27119
2380,180
2381,24
2382,24
2383,3231
2384,352
2385,111
2386,56
2387,930
2388,15
2389,3/4
2390,360
2391,20
2392,210
2393,15
2394,27.8
2395,5
2396,191
2397,98/5
2398,0
2399,55.56%
2400,55.2
2401,224/3
2402,0.002
2403,8
2404,70
2405,8
2406,86
2407,3.25
2408,11
2409,12
2410,8
2411,18.84
2412,5
2413,4
2414,40
2415,18.14255
2416,28.26
2417,600
2418,80
2419,20
2420,188.4
2421,600
2422,6
2423,7/3
2424,32.26667
2425,252
2426,16
2427,8
2428,75
2429,7.2
2430,20
2431,9
2432,6.66667
2433,5/3
2434,120
2435,120
2436,58.95
2437,44.8
2438,19
2439,8
2440,34
2441,1
2442,36
2443,18
2444,40
2445,4
2446,150
2447,280
2448,14
2449,2081/3000
2450,33/20
2451,30
2452,4/3
2453,125.6
2454,117
2455,2
2456,20%
2457,176
2458,88
2459,2826
2460,30/7
2461,6
2462,3
2463,28
2464,5338
2465,45
2466,25.12
2467,6
2468,54.5
2469,320
2470,16
2471,44
2472,12
2473,120
2474,120
2475,80
2476,25
2477,35
2478,25
2479,60
2480,21
2481,1
2482,24
2483,8
2484,28.26
2485,600
2486,497
2487,754
2488,4
2489,8
2490,8
2491,10
2492,12
2493,1
2494,7
2495,539/5
2496,25
2497,8000
2498,1/2
2499,16
2500,1500/13
2501,50
2502,2000
2503,30
2504,65%
2505,10
2506,40/9
2507,42
2508,384
2509,240
2510,0.18
2511,314
2512,7630
2513,37.68
2514,27.54
2515,16
2516,3
2517,7.536
2518,47.1
2519,3
2520,391/2
2521,5840
2522,38.465
2523,4
2524,9
2525,144
2526,12
2527,360
2528,40
2529,66
2530,12
2531,80/9
2532,25
2533,60
2534,15
2535,4.71
2536,80
2537,216
2538,1.8
2539,72
2540,15
2541,8
2542,9
2543,2
2544,300
2545,60
2546,1056
2547,200
2548,2050
2549,21
2550,4
2551,5
2552,200
2553,87.5%
2554,68
2555,3.5
2556,392
2557,31.4
2558,3
2559,200/7
2560,36%
2561,120
2562,9.2
2563,30
2564,30
2565,2610
2566,54
2567,50.24
2568,2
2569,720
2570,140
2571,2842
2572,46
2573,3
2574,80
2575,60
2576,16
2577,127.5
2578,15.7
2579,166
2580,51.52
2581,72
2582,12
2583,120
2584,39.25
2585,100
2586,12
2587,7
2588,63/4
2589,2
2590,12.24
2591,26
2592,45
2593,220
2594,240
2595,301.75
2596,200
2597,159/20
2598,43.2
2599,80
2600,125
2601,3360
2602,1800
2603,3.6
2604,16
2605,23
2606,21
2607,1.25
2608,6.4
2609,10
2610,60/7
2611,14
2612,1364
2613,5625
2614,72
2615,104
2616,19.2
2617,6750
2618,600
2619,1
2620,96%
2621,1/5
2622,7/11
2623,4
2624,4
2625,123.83658
2626,50.24
2627,36
2628,44%
2629,160
2630,82.10526
2631,60
2632,4.8
2633,74
2634,0.6
2635,200
2636,32
2637,14695.2
2638,20
2639,18
2640,3
2641,9
2642,60
2643,1440
2644,18
2645,160
2646,10
2647,34
2648,320
2649,0.375
2650,25.12
2651,125.6
2652,12.56
2653,300
2654,1800/7
2655,2.4
2656,375/8
2657,136
2658,9/2
2659,21.9
2660,37.68
2661,20
2662,2965/7
2663,140
2664,8
2665,1728
2666,4
2667,98%
2668,828/7
2669,736/7
2670,8/19
2671,600
2672,3500
2673,48
2674,39/5
2675,35
2676,11
2677,4
2678,784
2679,5054.4
2680,395
2681,80
2682,10.07
2683,30
2684,10
2685,2800
2686,75%
2687,10
2688,272
2689,84/13
2690,396
2691,5440
2692,8/7
2693,246
2694,3.2
2695,20
2696,314
2697,530
2698,3
2699,24
2700,11
2701,3/7
2702,1200
2703,100
2704,84
2705,200
2706,5
2707,6
2708,6
2709,3.7
2710,94
2711,13
2712,10.5
2713,720
2714,2
2715,370
2716,75.36
2717,200
2718,18
2719,5/2
2720,10850
2721,1512
2722,19200
2723,2223
2724,20400
2725,18
2726,15
2727,13
2728,2220
2729,10
2730,696/5
2731,21
2732,2
2733,200
2734,6
2735,200
2736,9000
2737,1000
2738,7.0251
2739,22
2740,1080
2741,75/7
2742,3
2743,833
2744,40
2745,15
2746,894/65
2747,24
2748,300
2749,320
2750,26
2751,16
2752,1000
2753,20
2754,15
2755,160
2756,1.26
2757,200
2758,60
2759,140
2760,2000
2761,1758/41
2762,40
2763,432
2764,116
2765,20.8
2766,3
2767,6
2768,419
2769,5/12
2770,0
2771,43960
2772,6
2773,30
2774,31
2775,24
2776,5
2777,504
2778,100
2779,250
2780,35/3
2781,138
2782,301
2783,8
2784,375
2785,8
2786,980
2787,480
2788,8
2789,13
2790,7
2791,0
2792,36
2793,64/5
2794,0
2795,100
2796,63
2797,5/2
2798,5.91447
2799,6
2800,7/2
2801,432
2802,7
2803,100
2804,3087
2805,246
2806,40
2807,15
2808,200
2809,16
2810,150.72
2811,1344
2812,1600/11
2813,24
2814,904.32
2815,0.25
2816,12
2817,280
2818,49
2819,120
2820,3.14
2821,130
2822,200
2823,98/5
2824,600/11
2825,70
2826,3520
2827,3
2828,250
2829,96
2830,25/279
2831,17
2832,10
2833,48
2834,348
2835,40
2836,19
2837,680
2838,2400
2839,83.3%
2840,80
2841,14/11
2842,30
2843,24
2844,340
2845,37.68
2846,15
2847,36
2848,141.3
2849,846
2850,9
2851,50.24
2852,6
2853,4000
2854,27/2
2855,9.1%
2856,10
2857,28
2858,3
2859,10
2860,5500
2861,308
2862,11037
2863,44.1
2864,56
2865,16
2866,10
2867,100
2868,9.42
2869,1000
2870,280
2871,0
2872,1188
2873,4
2874,100.48
2875,750
2876,13
2877,87%
2878,910
2879,32
2880,6
2881,7200
2882,96%
2883,30
2884,80
2885,36/5
2886,10
2887,1256
2888,2760
2889,251.2
2890,1610
2891,135
2892,12.56
2893,512
2894,320
2895,28%
2896,6400
2897,321
2898,12310
2899,1375
2900,28
2901,527
2902,53
2903,9
2904,1305
2905,132
2906,1100
2907,0.6
2908,50.24
2909,192
2910,35
2911,72
2912,505
2913,66
2914,12.56
2915,160
2916,15
2917,150.72
2918,55
2919,379
2920,200
2921,24
2922,32
2923,6600
2924,5/4
2925,0.04
2926,11685
2927,6
2928,606
2929,8
2930,1320
2931,150
2932,8025
2933,100/17
2934,1
2935,502.4
2936,100/17
2937,78.5
2938,2
2939,0.01
2940,2250
2941,326
2942,50.24
2943,84
2944,12
2945,753.6
2946,8497
2947,200
2948,44
2949,441/22
2950,36
2951,3.63
2952,36
2953,550
2954,12000/11
2955,16875
2956,26
2957,4
2958,36
2959,10
2960,18
2961,565
2962,41
2963,100
2964,50.24
2965,76/7
2966,3
2967,81
2968,60
2969,14
2970,24
2971,148.4
2972,45/13
2973,360
2974,6
2975,12
2976,1.28
2977,125.6
2978,180
2979,25
2980,60/7
2981,94.6%
2982,165/7
2983,200
2984,201
2985,295
2986,1.68
2987,11
2988,99
2989,295
2990,34.84
2991,9.84
2992,78.5
2993,330.36
2994,1400
2995,16
2996,100
2997,138
2998,18
2999,30/13
3000,40
3001,137
3002,88
3003,188.4
3004,46.5
3005,15/2
3006,540
3007,19
3008,126
3009,135.648
3010,31.4
3011,3.6
3012,5.024
3013,1271
3014,12.56
3015,5000
3016,18
3017,600
3018,92
3019,45
3020,40
3021,400/7
3022,40
3023,800
3024,15
3025,600
3026,5.33333
3027,2133
3028,7200
3029,1600
3030,60
3031,742
3032,54/5
3033,18/5
3034,8
3035,80
3036,140
3037,5
3038,15%
3039,1800
3040,125.6
3041,0.8
3042,12
3043,18/5
3044,800/3
3045,15
3046,374/9
3047,1680
3048,8
3049,6
3050,3.4
3051,768
3052,40
3053,61
3054,13
3055,5/2
3056,400
3057,35
3058,960
3059,537.6
3060,650
3061,576
3062,12.56
3063,12.56
3064,64
3065,260
3066,960
3067,60
3068,140
3069,1000
3070,120
3071,826
3072,-1000%
3073,54
3074,4.3
3075,2000
3076,25
3077,3.454
3078,360
3079,113
3080,143
3081,112
3082,25.12
3083,0.5
3084,12
3085,108
3086,1120
3087,20
3088,6
3089,8
3090,98%
3091,15
3092,46
3093,9
3094,110
3095,152.88
3096,122.2
3097,1.2
3098,157
3099,3
3100,2.36
3101,0
3102,48
3103,53
3104,72
3105,120
3106,45
3107,1650
3108,530
3109,32
3110,4
3111,360
3112,192
3113,160
3114,470
3115,2.02667
3116,1050
3117,162
3118,11
3119,45
3120,78.5
3121,864
3122,450
3123,75
3124,20
3125,160
3126,750
3127,140
3128,2100
3129,400
3130,3250
3131,108/103
3132,10
3133,8.5
3134,2000
3135,78
3136,183.69
3137,32
3138,640
3139,8
3140,97.5%
3141,12000
3142,1500
3143,216
3144,2
3145,508
3146,0
3147,2250
3148,1.1
3149,75/4
3150,11
3151,12
3152,6
3153,150
3154,2.2
3155,12
3156,24
3157,12
3158,121
3159,12
3160,200000
3161,35/4
3162,0.96
3163,20%
3164,1.44
3165,64
3166,45
3167,26
3168,94
3169,7
3170,20
3171,160
3172,32
3173,15
3174,76
3175,140
3176,1791
3177,41
3178,624
3179,48
3180,2700
3181,36.3
3182,18.4
3183,0.7
3184,720
3185,186
3186,5.5
3187,171
3188,807
3189,5
3190,72
3191,255
3192,920
3193,60
3194,720
3195,30
3196,52
3197,6400
3198,1800
3199,465
3200,70
3201,96
3202,3600
3203,4800
3204,155
3205,1
3206,210
3207,94
3208,97/3
3209,85
3210,120
3211,360
3212,72
3213,8
3214,9
3215,75
3216,600
3217,800
3218,24
3219,130
3220,11
3221,4
3222,15
3223,420
3224,360
3225,175
3226,160
3227,4/3
3228,30
3229,8
3230,2520
3231,384
3232,360
3233,123
3234,38
3235,2880
3236,864
3237,3250
3238,175
3239,85
3240,252
3241,9900
3242,1158
3243,1160
3244,1600
3245,50
3246,1820
3247,93/4
3248,1880
3249,3600
3250,280
3251,78
3252,300
3253,1200
3254,30
3255,6
3256,25
3257,3
3258,8
3259,4
3260,1692
3261,8
3262,200
3263,24
3264,285
3265,7
3266,8
3267,1980
3268,35
3269,186
3270,225
3271,24
3272,27
3273,8
3274,75
3275,336
3276,180
3277,35
3278,305
3279,625
3280,784
3281,5124
3282,6
3283,130
3284,1208
3285,5
3286,11
3287,9
3288,7632
3289,5400
3290,250
3291,218
3292,120
3293,9
3294,45
3295,29
3296,86
3297,200
3298,1000
3299,105
3300,4433/20
3301,27
3302,228
3303,109
3304,99
3305,11
3306,447
3307,477
3308,103
3309,39
3310,112
3311,660
3312,84
3313,9
3314,31
3315,7
3316,63
3317,315
3318,362
3319,8
3320,220
3321,54
3322,605
3323,21
3324,7680
3325,60
3326,200
3327,8250
3328,1425
3329,32
3330,80
3331,90
3332,250
3333,720
3334,420
3335,90
3336,203
3337,31
3338,448
3339,576
3340,200
3341,720
3342,95
3343,4
3344,569
3345,5
3346,100
3347,15
3348,1800
3349,180
3350,32
3351,13
3352,13
3353,48
3354,39
3355,2600
3356,784
3357,130
3358,60
3359,86
3360,550
3361,520
3362,204
3363,252
3364,35
3365,40
3366,37
3367,300
3368,119
3369,10
3370,13500
3371,2205
3372,1052
3373,1320
3374,658
3375,1800
3376,34
3377,910
3378,300
3379,256
3380,27
3381,1043
3382,105
3383,117
3384,1122
3385,84
3386,239
3387,15
3388,24
3389,25
3390,98
3391,27
3392,240
3393,60
3394,40
3395,130
3396,24
3397,25
3398,220
3399,100
3400,845
3401,90
3402,45
3403,52
3404,3
3405,89
3406,214
3407,200
3408,0
3409,32
3410,500
3411,6
3412,216
3413,4185
3414,467
3415,207
3416,5
3417,300/61
3418,16
3419,1530
3420,52
3421,111
3422,552
3423,5014
3424,1764
3425,3
3426,6240
3427,432
3428,240
3429,25
3430,3
3431,38
3432,1907
3433,0
3434,131
3435,33.62
3436,24
3437,39/2
3438,77
3439,87
3440,0.72
3441,60
3442,850
3443,7/2
3444,2015
3445,279
3446,700
3447,0
3448,15/2
3449,96
3450,1400
3451,172
3452,5200
3453,107
3454,558
3455,98
3456,2
3457,19/7
3458,12
3459,8
3460,33
3461,3
3462,15
3463,336
3464,60
3465,3
3466,690
3467,180
3468,57.9
3469,1075
3470,4.32
3471,15
3472,16.5
3473,1000
3474,13
3475,900
3476,23
3477,25
3478,8
3479,600
3480,720
3481,4.88136
3482,100/3
3483,551.25
3484,800
3485,16
3486,80
3487,27/2
3488,288
3489,150
3490,5
3491,192
3492,32/3
3493,882
3494,1000
3495,30
3496,0.05
3497,648/125
3498,1.2
3499,6
3500,6
3501,16
3502,100
3503,800
3504,4000
3505,3120
3506,24
3507,10
3508,275
3509,3200
3510,300
3511,420
3512,12
3513,3750
3514,21.75
3515,5760
3516,352
3517,72
3518,100
3519,3500
3520,192
3521,8
3522,24
3523,6
3524,36
3525,500
3526,450
3527,114
3528,9/2
3529,58
3530,40
3531,0.07653
3532,23
3533,320
3534,1/5
3535,20
3536,9
3537,6
3538,192
3539,276
3540,50
3541,2400
3542,12180
3543,2600
3544,6
3545,4
3546,5/6
3547,1494
3548,735
3549,2000
3550,8
3551,75
3552,15
3553,5050
3554,205
3555,720
3556,316
3557,13/27
3558,250000
3559,419
3560,428
3561,1720
3562,840
3563,9
3564,380
3565,175
3566,32
3567,123
3568,1488
3569,2000
3570,12
3571,6
3572,8
3573,35
3574,42
3575,8800
3576,11
3577,21
3578,16
3579,50
3580,3960
3581,80
3582,75/2
3583,289
3584,675/2
3585,367/9
3586,40
3587,1209
3588,6480
3589,715
3590,4500
3591,52
3592,24
3593,1
3594,145
3595,2000
3596,175
3597,6
3598,23
3599,17
3600,114
3601,89600
3602,74
3603,817
3604,1500
3605,640
3606,40
3607,60
3608,21
3609,6
3610,24/5
3611,25
3612,634.2
3613,20
3614,945
3615,8
3616,480
3617,112
3618,2560
3619,160
3620,144
3621,5
3622,450
3623,222
3624,0
3625,3760
3626,102
3627,160
3628,1080
3629,1120
3630,1200
3631,920
3632,660
3633,13000
3634,3575
3635,125
3636,140
3637,519
3638,42
3639,300
3640,166
3641,6
3642,108
3643,3330
3644,21.45
3645,24
3646,6
3647,2450
3648,3
3649,690
3650,20
3651,2
3652,48
3653,250
3654,168
3655,54
3656,161
3657,1035
3658,70
3659,982
3660,24
3661,1850
3662,8
3663,51/2
3664,29/5
3665,566
3666,98
3667,45
3668,485
3669,588
3670,2916
3671,1488
3672,13
3673,100
3674,26.5
3675,640
3676,10665
3677,359/42
3678,7.2
3679,5880
3680,10080
3681,880
3682,18
3683,6
3684,10
3685,272
3686,1536
3687,400
3688,1000
3689,384
3690,75
3691,405
3692,7
3693,39
3694,1118
3695,504
3696,3
3697,2
3698,7500
3699,1055
3700,1632
3701,15/8
3702,880
3703,4
3704,1350
3705,17/4
3706,4500
3707,168
3708,17
3709,44
3710,6
3711,104
3712,18090
3713,168
3714,1800
3715,570
3716,10000
3717,509
3718,12
3719,684
3720,13
3721,318
3722,655
3723,72
3724,158625
3725,7
3726,40
3727,160
3728,12
3729,150
3730,1250
3731,84
3732,280
3733,16
3734,534
3735,800
3736,107
3737,3800
3738,640
3739,14000
3740,429
3741,600
3742,728
3743,4710
3744,140
3745,450
3746,212
3747,0
3748,300
3749,30
3750,2668
3751,30
3752,200
3753,288
3754,1176
3755,360
3756,5
3757,52
3758,3360
3759,5000
3760,279
3761,96
3762,136/35
3763,3
3764,0.42
3765,11
3766,4
3767,2210
3768,300
3769,144
3770,49
3771,2160
3772,108
3773,41/3
3774,600
3775,11
3776,20000
3777,20
3778,76475
3779,6
3780,552
3781,15
3782,2
3783,175
3784,16
3785,80
3786,23800
3787,68
3788,414
3789,284/3
3790,650
3791,3430
3792,126
3793,65
3794,190
3795,93.6
3796,24
3797,18
3798,102
3799,1638
3800,1100
3801,12.8
3802,8130
3803,3
3804,9
3805,84
3806,1679
3807,4400
3808,54
3809,47
3810,10
3811,144
3812,60
3813,45
3814,900
3815,24
3816,667
3817,15
3818,45
3819,36
3820,10850
3821,40
3822,36
3823,20
3824,120
3825,1200
3826,36
3827,200
3828,2160
3829,1770
3830,111
3831,43.2
3832,112000
3833,14
3834,27
3835,60
3836,768
3837,8
3838,45
3839,2970
3840,8100
3841,1232
3842,192
3843,1273
3844,6
3845,13/2
3846,7
3847,576
3848,15
3849,5850
3850,90
3851,256
3852,15
3853,54
3854,2520
3855,175
3856,576
3857,216
3858,455
3859,2750
3860,960
3861,96
3862,140
3863,1440
3864,468
3865,3900
3866,1680
3867,375
3868,368
3869,5000
3870,5/2
3871,40
3872,28
3873,1120
3874,27
3875,5760
3876,54
3877,120
3878,716
3879,3000
3880,10.24
3881,22
3882,129
3883,26
3884,60
3885,12
3886,216
3887,80
3888,80
3889,1200
3890,144
3891,12
3892,1.46
3893,108
3894,2
3895,24
3896,270
3897,2916
3898,12
3899,140/31
3900,105/2
3901,270
3902,40
3903,2800
3904,2
3905,7
3906,144
3907,168
3908,14.5
3909,3.6
3910,410
3911,6
3912,91
3913,140
3914,18414
3915,3224
3916,900
3917,20
3918,3360
3919,312
3920,900
3921,610
3922,2100
3923,30
3924,775
3925,10/13
3926,4
3927,240
3928,225
3929,150
3930,100
3931,4.08
3932,5000
3933,41/3
3934,95
3935,25
3936,1680
3937,27/10
3938,651
3939,9720
3940,396
3941,1247
3942,6
3943,768
3944,12
3945,16
3946,204
3947,19/6
3948,60
3949,645/53
3950,1035
3951,420
3952,28
3953,324
3954,462
3955,200
3956,682
3957,1
3958,6
3959,8
3960,8
3961,81
3962,64
3963,375
3964,437
3965,39
3966,960
3967,0
3968,576
3969,24/7
3970,900
3971,80
3972,655
3973,27840
3974,60
3975,40
3976,170
3977,0.36923
3978,435
3979,4/3
3980,14
3981,25/2
3982,4
3983,4
3984,210/11
3985,1300
3986,51
3987,2
3988,2880
3989,43.75
3990,2100
3991,80/53
3992,386
3993,69
3994,1920
3995,212
3996,18
3997,46
3998,600
3999,585
4000,51
4001,19
4002,1485
4003,1744
4004,2402
4005,2000/3
4006,76
4007,31
4008,182/3
4009,160
4010,740
4011,40
4012,192
4013,75/4
4014,135
4015,27.5
4016,20
4017,94
4018,9.4
4019,18.4
4020,9
4021,1.5
4022,8
4023,230
4024,22
4025,2600
4026,3046
4027,114
4028,400
4029,0.58824
4030,40
4031,51
4032,360
4033,960
4034,17
4035,2592
4036,4
4037,624
4038,40
4039,64.3
4040,64.5
4041,500
4042,50
4043,800
4044,12
4045,160
4046,2400
4047,18000
4048,88
4049,96
4050,36
4051,9
4052,150
4053,18
4054,0.0018
4055,126
4056,12
4057,250
4058,234
4059,288
4060,240
4061,3080
4062,48
4063,645
4064,2
4065,405
4066,152
4067,1408
4068,20
4069,1008
4070,18.8
4071,1875
4072,79
4073,110
4074,1400
4075,182
4076,30
4077,6
4078,13.25
4079,50
4080,8
4081,176
4082,965
4083,1712
4084,6
4085,600
4086,368/3
4087,1442
4088,1200
4089,11
4090,48
4091,930
4092,22
4093,20
4094,9600
4095,3284
4096,1
4097,3
4098,253
4099,2040
4100,120
4101,35
4102,800
4103,0
4104,1800
4105,1600
4106,10
4107,576
4108,61
4109,3.3
4110,8
4111,6/5
4112,5
4113,37
4114,4060
4115,90
4116,8
4117,16
4118,12
4119,690
4120,24
4121,18
4122,44
4123,9
4124,6
4125,20
4126,30
4127,1130
4128,98
4129,75
4130,6223
4131,722
4132,1095
4133,26.2
4134,266
4135,9.07
4136,456
4137,5/6
4138,10
4139,14400
4140,50
4141,160/3
4142,192
4143,675
4144,1112
4145,215
4146,18
4147,14/3
4148,12
4149,1163
4150,202
4151,30
4152,9
4153,504
4154,837
4155,26/5
4156,2100
4157,424
4158,18
4159,6
4160,56
4161,40
4162,314
4163,16692/5
4164,870
4165,300
4166,109
4167,9
4168,19
4169,21
4170,6912
4171,147/8
4172,1.92
4173,3600
4174,864
4175,225
4176,28
4177,113.04
4178,404.16
4179,7
4180,80
4181,12
4182,280
4183,169
4184,1920
4185,16
4186,10
4187,2592
4188,60
4189,4
4190,16/3
4191,200.96
4192,40
4193,9
4194,62.5%
4195,56.52
4196,100
4197,240
4198,502.4
4199,27
4200,432
4201,108
4202,85%
4203,8
4204,3.14
4205,18750
4206,9
4207,610
4208,136
4209,20
4210,83
4211,16/5
4212,108
4213,15/2
4214,260
4215,30
4216,4
4217,10
4218,21
4219,1050
4220,100
4221,100
4222,63/4
4223,384
4224,1600
4225,326.56
4226,-76
4227,180
4228,28/3
4229,188.4
4230,36
4231,0
4232,6.28
4233,12.5%
4234,25.12
4235,70
4236,29
4237,72
4238,16
4239,2
4240,148.5
4241,30
4242,240/7
4243,1632
4244,60
4245,1280
4246,700
4247,9
4248,440
4249,30
4250,4
4251,27
4252,900
4253,7.85
4254,144
4255,1.96
4256,16.8
4257,0
4258,140
4259,5/2
4260,16
4261,548
4262,34
4263,738
4264,288
4265,8
4266,1.3
4267,56
4268,121
4269,31.4
4270,4
4271,46
4272,36
4273,151
4274,72
4275,540
4276,480
4277,140
4278,30
4279,5472
4280,306
4281,122.46
4282,0.1875
4283,50
4284,27
4285,900
4286,33
4287,2700
4288,90
4289,495360
4290,160
4291,9
4292,11
4293,5855
4294,375
4295,144
4296,64
4297,276
4298,40/3
4299,40
4300,7
4301,15
4302,1440
4303,5
4304,300
4305,2
4306,26
4307,192
4308,40/9
4309,200
4310,4475/56
4311,900
4312,30
4313,36
4314,20%
4315,10%
4316,2646
4317,8
4318,48
4319,18
4320,187
4321,4
4322,1
4323,240
4324,56.52
4325,75.36
4326,51.46
4327,2.09333
4328,60
4329,20.64
4330,32
4331,2606
4332,15
4333,288
4334,342
4335,319.32
4336,800/7
4337,272/3
4338,32
4339,64
4340,8%
4341,6
4342,180
4343,1500
4344,44
4345,10.84
4346,40%
4347,25.4
4348,-20%
4349,160/23
4350,124/9
4351,3200/3
4352,6
4353,16
4354,5/2
4355,75
4356,49/2
4357,120
4358,1.82
4359,18
4360,10
4361,384/5
4362,2
4363,8
4364,1440
4365,8/3
4366,660
4367,83/45
4368,122.0339
4369,9/8
4370,54
4371,26687500
4372,24
4373,30
4374,4.33333
4375,3/5
4376,76
4377,117
4378,50
4379,18
4380,3.14
4381,100
4382,10
4383,45
4384,284
4385,240
4386,140
4387,1.67
4388,500
4389,3/20
4390,2000
4391,784
4392,42
4393,3
4394,18
4395,6400
4396,6400
4397,120000
4398,20/3
4399,7
4400,15
4401,440/9
4402,192
4403,25
4404,72
4405,53
4406,23
4407,16.8
4408,45/2
4409,109/9
4410,40
4411,1470
4412,3.24
4413,142
4414,1236
4415,40
4416,40
4417,80
4418,1000
4419,270
4420,8.52
4421,75
4422,38/3
4423,10000
4424,0.82803
4425,1500
4426,12600
4427,4200
4428,150.72
4429,12.56
4430,282.6
4431,40/3
4432,1/12
4433,160
4434,4
4435,180
4436,78.5
4437,28
4438,28.26
4439,3.14
4440,10
4441,2000
4442,100%
4443,94200
4444,3400/3
4445,225
4446,630/29
4447,144
4448,50.24
4449,942
4450,28.26
4451,3
4452,25.12
4453,2
4454,103680
4455,12
4456,945
4457,13
4458,5
4459,24/35
4460,216
4461,169.56
4462,22500
4463,254.34
4464,153.86
4465,28.26
4466,28.26
4467,3.14
4468,480
4469,840
4470,18
4471,450
4472,56.52
4473,0.3
4474,12625
4475,100.48
4476,144
4477,17
4478,180
4479,120
4480,24
4481,70
4482,678.24
4483,657
4484,240
4485,53
4486,4608
4487,105
4488,5
4489,50.24
4490,78.5
4491,0.9
4492,62.8
4493,14.5
4494,25/2
4495,78
4496,27.632
4497,3
4498,628
4499,60/11
4500,76.5
4501,170
4502,3
4503,360
4504,12.56
4505,30%
4506,50.24
4507,12.56
4508,3.14
4509,4916.04938
4510,25
4511,400
4512,24
4513,70
4514,0
4515,6
4516,31.4
4517,1017.36
4518,65.94
4519,34
4520,2/9
4521,0.36
4522,5100
4523,3.14
4524,25.12
4525,979.68
4526,783.744
4527,224
4528,1600
4529,1000
4530,96
4531,60
4532,5000
4533,6
4534,100
4535,8
4536,135
4537,480
4538,0.5
4539,219.8
4540,2300
4541,0
4542,251.2
4543,28.26
4544,19
4545,706.5
4546,480
4547,12
4548,148
4549,602
4550,50.24
4551,100%
4552,12.56
4553,600
4554,3.2
4555,252
4556,160.14
4557,887.364
4558,74
4559,30
4560,12.56
4561,21.98
4562,1.5
4563,25
4564,11/2
4565,3200
4566,1
4567,12.85
4568,314
4569,97.5%
4570,56.8
4571,43/3
4572,3.14
4573,15.7
4574,1.256
4575,4
4576,6
4577,2009.6
4578,1004.8
4579,25.67064
4580,20/3
4581,18.84
4582,60
4583,60.288
4584,20/3
4585,50.24
4586,47.1
4587,157/250
4588,2050
4589,1400
4590,30
4591,4
4592,53
4593,1884
4594,968/15
4595,6
4596,20/3
4597,20/3
4598,14
4599,110
4600,1884
4601,125.6
4602,225/4
4603,41.17647
4604,2.512
4605,12.56
4606,11304
4607,100.48
4608,330
4609,3974
4610,300
4611,31.4
4612,78.5
4613,50.24
4614,19.5
4615,9.42
4616,0.26667
4617,942
4618,240
4619,50.24
4620,12.56
4621,100%
4622,12
4623,666.66667
4624,1.04667
4625,240
4626,4
4627,113.04
4628,150
4629,30
4630,27.6
4631,2
4632,62.56
4633,12
4634,37
4635,19
4636,222
4637,5
4638,5
4639,21
4640,9
4641,3.14
4642,50.24
4643,7.065
4644,7570
4645,1964
4646,12.5
4647,64
4648,3
4649,393/193
4650,25.12
4651,71656
4652,800
4653,156.75
4654,1000
4655,0.6
4656,20790
4657,452.16
4658,29
4659,8.4
4660,23.02667
4661,1530
4662,176
4663,6.14917
4664,2
4665,63
4666,27
4667,28.26
4668,28
4669,7850
4670,32
4671,251.2
4672,60
4673,180/7
4674,56
4675,3
4676,314
4677,16%
4678,92.15
4679,703.36
4680,60
4681,33/56
4682,25%
4683,16
4684,942
4685,21.83803
4686,0
4687,200
4688,900
4689,13/25
4690,2.88
4691,40/3
4692,75
4693,87.92
4694,31.4
4695,1205.76
4696,70
4697,0.12
4698,24.25
4699,314
4700,78.5
4701,101
4702,100
4703,100/9
4704,60/7
4705,3/5
4706,750
4707,189
4708,469
4709,76
4710,80%
4711,42
4712,1
4713,112
4714,113.04
4715,0.43
4716,26.4196
4717,28.26
4718,720
4719,5.04762
4720,1/5
4721,562
4722,894
4723,21/40
4724,113.04
4725,29
4726,27
4727,20
4728,314
4729,60
4730,1.16773
4731,2100
4732,100
4733,36
4734,11200
4735,3.14
4736,200
4737,208
4738,0.15
4739,1600
4740,25.12
4741,7.065
4742,2.39991
4743,10.048
4744,668
4745,785
4746,60/7
4747,42
4748,251.2
4749,125.6
4750,252
4751,24
4752,0.38061
4753,360
4754,194400/13
4755,8400
4756,62.8
4757,680
4758,0.81
4759,40000/3
4760,50.24
4761,24/5
4762,3.8
4763,2
4764,105.53
4765,30/11
4766,1884
4767,1256
4768,10
4769,803.84
4770,78.5
4771,28.26
4772,12.597
4773,117
4774,143.6
4775,20
4776,773.9786
4777,23.55
4778,12.5%
4779,36
4780,30
4781,113.04
4782,31.4
4783,576/5
4784,564
4785,7850
4786,480
4787,3/50
4788,76
4789,1.57
4790,30
4791,9
4792,78.5
4793,1256
4794,72
4795,50.24
4796,706.5
4797,6.28
4798,30
4799,56.52
4800,785
4801,1256
4802,222.94
4803,125.6
4804,535
4805,552.64
4806,6311
4807,942
4808,188.4
4809,1286144
4810,452.16
4811,942
4812,63
4813,500
4814,30
4815,480
4816,97.4%
4817,31/40
4818,2
4819,0.02
4820,336
4821,113.04
4822,3.07453
4823,0.95316
4824,40
4825,79
4826,5.14286
4827,7.82609
4828,113.04
4829,810
4830,125/2
4831,2826
4832,352
4833,5
4834,785
4835,80
4836,4.4
4837,1688.064
4838,157
4839,177.4728
4840,31.4
4841,2
4842,21600
4843,56
4844,250
4845,458
4846,16
4847,2
4848,696
4849,384
4850,3
4851,1
4852,20/3
4853,353
4854,8/15
4855,30
4856,45
4857,1100
4858,16
4859,1/30
4860,12
4861,78.5
4862,31.4
4863,25
4864,15/8
4865,125.6
4866,15
4867,60/53
4868,2100
4869,85
4870,14/3
4871,40/9
4872,50
4873,150720
4874,301440
4875,125.6
4876,628
4877,125.6
4878,4800
4879,75%
4880,37.68
4881,8
4882,60/7
4883,1/5
4884,1
4885,168
4886,24
4887,2
4888,23
4889,3.5
4890,6
4891,560/11
4892,120
4893,2200
4894,9990
4895,6
4896,125/2
4897,5
4898,60/11
4899,15/8
4900,120
4901,45/19
4902,375
4903,4
4904,12.56
4905,50.24
4906,20
4907,2
4908,2
4909,85
4910,2
4911,100.48
4912,12
4913,3
4914,600
4915,11
4916,567/5
4917,12
4918,36/7
4919,2.33333
4920,0
4921,15
4922,2.8
4923,52/17
4924,40/19
4925,9
4926,1000
4927,1530
4928,24
4929,7
4930,125
4931,900
4932,300
4933,16
4934,31.5
4935,40/9
4936,38
4937,10
4938,14/17
4939,40
4940,2.88
4941,42
4942,48/5
4943,60
4944,67.5
4945,9/35
4946,5/12
4947,2464.9
4948,7.95
4949,14.51471
4950,90
4951,10
4952,5
4953,7
4954,3200
4955,1/5
4956,52
4957,13
4958,4
4959,50.24
4960,37.68
4961,120
4962,14%
4963,30/13
4964,1.45
4965,14
4966,83
4967,94
4968,28
4969,62
4970,68
4971,45
4972,68
4973,43
4974,18
4975,63
4976,21
4977,18
4978,17
4979,7
4980,56
4981,9
4982,84
4983,56
4984,24
4985,18
4986,16
4987,136
4988,27
4989,24
4990,35
4991,18
4992,4
4993,5
4994,6
4995,28
4996,18
4997,24
4998,94
4999,10
5000,36
5001,27
5002,32
5003,60
5004,78
5005,125
5006,74
5007,23
5008,8
5009,0
5010,61
5011,47
5012,8
5013,5
5014,7
5015,4
5016,6
5017,6
5018,26
5019,8
5020,8
5021,28
5022,47
5023,9
5024,9
5025,47
5026,81
5027,19
5028,28
5029,20
5030,20
5031,46
5032,44
5033,27
5034,17
5035,10
5036,2
5037,11
5038,38
5039,45
5040,4
5041,4
5042,25
5043,31
5044,62
5045,19
5046,6
5047,4
5048,3
5049,18
5050,13
5051,3
5052,11
5053,25
5054,66
5055,91
5056,35
5057,90
5058,56
5059,26
5060,81
5061,4
5062,55
5063,55
5064,6
5065,18
5066,30
5067,89
5068,97
5069,80
5070,3
5071,51
5072,88
5073,16
5074,24
5075,57
5076,26
5077,8
5078,42
5079,7
5080,27
5081,30
5082,162
5083,16
5084,19
5085,56
5086,24
5087,24
5088,18
5089,33
5090,32
5091,16
5092,24
5093,23
5094,8
5095,6
5096,8
5097,16
5098,15
5099,18
5100,8
5101,18
5102,6
5103,15
5104,40
5105,18
5106,33
5107,7
5108,19
5109,20
5110,82
5111,21
5112,8
5113,27
5114,46
5115,23
5116,18
5117,70
5118,1406.72
5119,32
5120,30.25
5121,2400
5122,1800
5123,6
5124,8860/3
5125,52
5126,8
5127,11
5128,700
5129,9/20
5130,6.66667
5131,73.2
5132,266
5133,12
5134,32
5135,30
5136,21
5137,3
5138,15
5139,94.2
5140,12.56
5141,6.28
5142,39/4
5143,1791
5144,3
5145,6
5146,40
5147,5000/9
5148,7234.56
5149,48
5150,1232
5151,41
5152,900
5153,754
5154,14.58
5155,3380
5156,50.24
5157,600
5158,2150
5159,240
5160,40
5161,255
5162,6
5163,19.25
5164,4000
5165,5
5166,24
5167,512/5
5168,36
5169,615.44
5170,344
5171,25.12
5172,1.008
5173,2700
5174,30
5175,40.5
5176,120
5177,12
5178,31.4
5179,45
5180,2800
5181,1
5182,5000
5183,90
5184,700/3
5185,2
5186,1450
5187,1654
5188,14
5189,20
5190,3
5191,16
5192,12
5193,8
5194,70
5195,36
5196,18
5197,22
5198,38
5199,5
5200,2880
5201,0.048
5202,36
5203,14
5204,9
5205,36.3
5206,12
5207,500
5208,15/4
5209,1.28
5210,60
5211,96/25
5212,2190
5213,20000
5214,45
5215,7.5
5216,9
5217,18.84
5218,96
5219,15.7
5220,200
5221,6
5222,450
5223,80
5224,76800
5225,36
5226,50
5227,7
5228,40
5229,6000
5230,253.084
5231,12
5232,273/10
5233,60
5234,3360
5235,900
5236,987.2
5237,3.14
5238,42
5239,12
5240,2.4
5241,2300
5242,600
5243,314
5244,32
5245,64
5246,45
5247,26
5248,94
5249,10
5250,7
5251,20
5252,640
5253,32
5254,15
5255,76
5256,5.6
5257,74
5258,25
5259,45/2
5260,63
5261,55000
5262,252
5263,500
5264,0.16
5265,10
5266,14
5267,116.25
5268,3060
5269,21
5270,4
5271,12
5272,9
5273,35
5274,250
5275,12/7
5276,100
5277,7392
5278,800%
5279,12160
5280,5
5281,0.32
5282,72
5283,1710
5284,200
5285,131880
5286,50.24
5287,31.4
5288,12
5289,30
5290,108
5291,300/23
5292,41108
5293,901
5294,100
5295,384
5296,11
5297,3
5298,13.5
5299,100
5300,5040
5301,800
5302,42
5303,600/83
5304,20
5305,1320
5306,48
5307,56/3
5308,4000
5309,1600
5310,231/2
5311,8.64
5312,12
5313,80
5314,129/20
5315,12.56
5316,1071/4
5317,70
5318,160
5319,3840
5320,2900
5321,48
5322,48
5323,3.925
5324,153.86
5325,165
5326,50
5327,15
5328,24
5329,123359.17313
5330,750
5331,2752
5332,625
5333,1
5334,36
5335,7200
5336,720
5337,5040/23
5338,51
5339,48
5340,5640
5341,2000
5342,45
5343,384
5344,75.36
5345,565.2
5346,10
5347,108
5348,14
5349,250
5350,1920
5351,4400/3
5352,304
5353,2600
5354,106
5355,100
5356,96000
5357,480
5358,110
5359,20
5360,15700
5361,3/2
5362,7
5363,3920
5364,10
5365,50
5366,125.6
5367,15
5368,401.92
5369,4.5216
5370,516
5371,120
5372,10000
5373,1620
5374,52
5375,25
5376,60
5377,50
5378,2565
5379,200
5380,2.5
5381,1/3
5382,480
5383,880
5384,126/5
5385,100/3
5386,21
5387,800
5388,2
5389,37
5390,82/7
5391,1.48182
5392,50.4
5393,13
5394,3/4
5395,8/5
5396,500
5397,2888
5398,140
5399,70/3
5400,2275
5401,12000/7
5402,13
5403,85
5404,15
5405,0.384
5406,304
5407,9000
5408,21
5409,1323/4
5410,30
5411,80
5412,12
5413,89
5414,78.5
5415,180
5416,50/7
5417,126
5418,480
5419,3600
5420,3600
5421,5/2
5422,10
5423,45
5424,0.256
5425,15/4
5426,187.5
5427,1
5428,60
5429,900
5430,48
5431,60
5432,1500
5433,435/2
5434,10
5435,1200
5436,36
5437,5
5438,1800
5439,200
5440,8/3
5441,72
5442,24
5443,48
5444,64
5445,0.2
5446,38
5447,2.9
5448,2.7
5449,0.5
5450,0.5
5451,8
5452,180
5453,900
5454,16
5455,24
5456,2/25
5457,224
5458,314
5459,100
5460,60/11
5461,3.14
5462,4
5463,1035
5464,5
5465,40
5466,10
5467,100
5468,1.7
5469,25.9
5470,600
5471,3028.57143
5472,1800
5473,180
5474,20
5475,172
5476,10
5477,8640
5478,70
5479,18000
5480,4800
5481,56
5482,40
5483,15
5484,0.03959
5485,4
5486,107523.87097
5487,201
5488,10
5489,30
5490,35
5491,45
5492,44
5493,53
5494,-38000%
5495,42
5496,1620
5497,3
5498,775
5499,3750
5500,7.09032
5501,92
5502,9
5503,1200
5504,1207500
5505,525/4
5506,6
5507,1650
5508,305
5509,20
5510,33
5511,1120/3
5512,32
5513,7
5514,190
5515,5/4
5516,5000
5517,1200
5518,22
5519,810
5520,32
5521,288
5522,42000
5523,2080
5524,60
5525,4
5526,420
5527,110
5528,19.3
5529,643
5530,52
5531,2200
5532,5337.5
5533,48
5534,5
5535,0.54
5536,5400
5537,330
5538,1.3
5539,120
5540,88
5541,90
5542,9
5543,68
5544,3
5545,24
5546,29.3
5547,73
5548,3
5549,120
5550,1800
5551,384
5552,1560
5553,24/5
5554,40
5555,3300
5556,96
5557,205
5558,12/5
5559,300/11
5560,2.4
5561,300
5562,13200
5563,760
5564,12
5565,30
5566,4.5
5567,45
5568,4/5
5569,57
5570,25/2
5571,1734/5
5572,260
5573,12210
5574,552
5575,28
5576,63/2
5577,12.42
5578,7.75
5579,140
5580,40.8
5581,32
5582,144
5583,1120
5584,120
5585,12
5586,65
5587,420
5588,360
5589,38
5590,3
5591,2400
5592,195
5593,1080
5594,200
5595,23
5596,442.5
5597,1407/17
5598,262
5599,900
5600,480
5601,13125
5602,540
5603,5.76
5604,64
5605,92.5
5606,20360
5607,24
5608,1200
5609,2000
5610,86.4
5611,24
5612,1/150
5613,100.02941
5614,128
5615,60
5616,6.28
5617,5880
5618,154
5619,107.1
5620,4.3
5621,6280
5622,47.1
5623,2
5624,24
5625,550
5626,126
5627,280
5628,600
5629,240
5630,250
5631,1153
5632,44
5633,4050
5634,10.88
5635,94.2
5636,112000/13
5637,942
5638,30
5639,1
5640,2/5
5641,101.2
5642,2592
5643,240
5644,10
5645,150
5646,44/7
5647,28.26
5648,42
5649,120
5650,72/13
5651,28.26
5652,100
5653,375
5654,5/2
5655,105
5656,500
5657,3
5658,3090
5659,8
5660,240
5661,9
5662,80
5663,25/8
5664,2.4
5665,128
5666,30
5667,350
5668,120
5669,3
5670,500
5671,2.42
5672,3000
5673,60
5674,4000
5675,78.5
5676,31537.5
5677,26
5678,62
5679,1500
5680,500
5681,675000
5682,1971.92
5683,6.28
5684,600
5685,0.157
5686,100
5687,696
5688,195.936
5689,375
5690,25
5691,2000
5692,24
5693,72
5694,90
5695,250
5696,525
5697,1600
5698,24
5699,24
5700,12.56
5701,20
5702,40
5703,15/2
5704,280/11
5705,80
5706,34
5707,12600
5708,2.32222
5709,13900
5710,1107
5711,23
5712,64
5713,1600
5714,1.1
5715,1099
5716,113
5717,8
5718,192
5719,2
5720,945
5721,18.84
5722,20
5723,5
5724,288
5725,105
5726,11.7
5727,74
5728,8
5729,16
5730,6
5731,1400
5732,992
5733,86.8
5734,5702
5735,57/2
5736,803.84
5737,400
5738,3430
5739,27
5740,8
5741,19.2
5742,5520
5743,90
5744,600
5745,360
5746,1280
5747,16
5748,2000
5749,3.14
5750,702
5751,83/175
5752,300
5753,285
5754,711
5755,90
5756,142
5757,27
5758,10
5759,90
5760,50
5761,0.75
5762,300
5763,98
5764,36
5765,2
5766,1680
5767,144/5
5768,720
5769,260
5770,0
5771,200
5772,375/17
5773,45
5774,24
5775,32000/7
5776,50
5777,1200
5778,24
5779,10
5780,88
5781,6.68552
5782,192
5783,6
5784,125
5785,2500
5786,435/2
5787,44
5788,112750
5789,200
5790,110
5791,6
5792,28800
5793,9020
5794,40
5795,162
5796,420
5797,6
5798,0.4
5799,5.832
5800,648
5801,8
5802,250
5803,26.2
5804,3
5805,3
5806,1600
5807,60
5808,60
5809,391/5
5810,18
5811,239/318
5812,28
5813,1500
5814,764
5815,81/4
5816,135
5817,88
5818,2
5819,375
5820,9
5821,36
5822,12
5823,38
5824,42
5825,4.09091
5826,40/501
5827,150
5828,40
5829,23810
5830,2550
5831,144
5832,35000
5833,8
5834,361/5
5835,1083/5
5836,6280
5837,2.5
5838,23.55
5839,18.84
5840,32
5841,32
5842,100
5843,184
5844,556
5845,93
5846,94
5847,1600
5848,1100
5849,12
5850,9
5851,62.4
5852,25
5853,8640
5854,1
5855,9750
5856,9000
5857,4000
5858,2940
5859,24
5860,7
5861,0.8
5862,126.7
5863,690
5864,21
5865,1.16
5866,2700
5867,3
5868,1
5869,6.47
5870,15
5871,12
5872,120
5873,0.21
5874,50
5875,51
5876,16
5877,72
5878,500
5879,450
5880,24
5881,501
5882,16.5
5883,500/3
5884,24/5
5885,100
5886,20/9
5887,4.41667
5888,1040
5889,53
5890,62
5891,45
5892,40
5893,58.55
5894,2000
5895,32
5896,750
5897,14.5
5898,5460
5899,50
5900,27/2
5901,6
5902,11/3
5903,1.875
5904,420
5905,182
5906,234
5907,7
5908,21
5909,7
5910,49
5911,9
5912,16
5913,33
5914,25
5915,8
5916,3
5917,7
5918,50
5919,60
5920,46
5921,8
5922,8
5923,18
5924,41
5925,42
5926,36
5927,10
5928,694
5929,1021
5930,5
5931,800
5932,6
5933,72
5934,42
5935,26
5936,34
5937,8
5938,6
5939,35
5940,12
5941,20
5942,20
5943,15
5944,15
5945,10
5946,10
5947,24
5948,46
5949,56
5950,12
5951,4
5952,12
5953,11
5954,5
5955,42
5956,21
5957,13
5958,82
5959,44
5960,20
5961,62
5962,18
5963,36
5964,15
5965,24
5966,16
5967,53
5968,26
5969,3
5970,72
5971,53
5972,4
5973,1
5974,5
5975,6
5976,28
5977,18
5978,2
5979,12
5980,3
5981,38
5982,9
5983,4
5984,22
5985,60
5986,9
5987,34
5988,17
5989,27
5990,10
5991,4
5992,4
5993,18
5994,18
5995,20
5996,6
5997,4
5998,8
5999,5
6000,7
6001,21
6002,6
6003,6
6004,26
6005,47
6006,9
6007,9
6008,47
6009,81
6010,19
6011,28
6012,20
6013,20
6014,22
6015,44
6016,27
6017,4
6018,4
6019,25
6020,31
6021,62
6022,19
6023,6
6024,4
6025,3
6026,18
6027,13
6028,3
6029,11
6030,25
6031,33
6032,91
6033,35
6034,90
6035,56
6036,26
6037,81
6038,55
6039,6
6040,97
6041,51
6042,88
6043,16
6044,24
6045,57
6046,26
6047,8
6048,26
6049,21
6050,20
6051,26
6052,31
6053,27
6054,15
6055,88
6056,47
6057,7
6058,16
6059,8
6060,81
6061,81
6062,37
6063,79
6064,24
6065,18
6066,23
6067,27
6068,23
6069,36
6070,7
6071,6
6072,24
6073,80
6074,5
6075,20
6076,4
6077,20
6078,3
6079,25
6080,8
6081,6
6082,22
6083,53
6084,26
6085,37
6086,45
6087,19
6088,24
6089,31
6090,42
6091,11
6092,84
6093,40
6094,44
6095,30
6096,20
6097,35
6098,45
6099,25
6100,8
6101,8
6102,14
6103,47
6104,10
6105,72
6106,34
6107,9
6108,6
6109,3
6110,18
6111,4
6112,19
6113,10
6114,7
6115,7
6116,27
6117,30
6118,6
6119,16
6120,19
6121,56
6122,24
6123,18
6124,33
6125,32
6126,16
6127,24
6128,23
6129,8
6130,6
6131,8
6132,16
6133,15
6134,18
6135,8
6136,18
6137,6
6138,15
6139,40
6140,18
6141,20
6142,70
6143,16
6144,27
6145,21
6146,8
6147,27
6148,46
6149,4
6150,1.33333
6151,80
6152,68
6153,26
6154,20
6155,45
6156,270
6157,139
6158,492
6159,798
6160,4
6161,40
6162,400/3
6163,5
6164,4/5
6165,40
6166,94
6167,1791
6168,528
6169,720
6170,171
6171,49
6172,4
6173,1620
6174,30
6175,180
6176,70
6177,2400
6178,0.6
6179,3.5
6180,38
6181,27
6182,352
6183,40
6184,1000
6185,1941760/767
6186,61
6187,6320
6188,560
6189,543
6190,253
6191,85
6192,450
6193,90
6194,95
6195,1880
6196,240
6197,5100
6198,1008
6199,36
6200,32
6201,48
6202,4
6203,18
6204,40
6205,40
6206,72
6207,9
6208,100
6209,23
6210,78
6211,136
6212,358
6213,148
6214,142
6215,270
6216,99
6217,200/3
6218,24
6219,5
6220,477
6221,696
6222,129
6223,39
6224,14
6225,9
6226,52
6227,9
6228,9
6229,72
6230,315
6231,362
6232,8
6233,220
6234,14
6235,1650
6236,98
6237,96
6238,113
6239,16
6240,360
6241,33
6242,210
6243,5
6244,6
6245,535
6246,278
6247,88
6248,395
6249,150
6250,5
6251,5
6252,156
6253,200
6254,36
6255,96
6256,78
6257,400
6258,6
6259,2250
6260,11
6261,67
6262,9
6263,968
6264,91
6265,41
6266,1/21
6267,40
6268,21
6269,540
6270,4000
6271,120
6272,1391/3
6273,77
6274,41.2
6275,2600
6276,80
6277,63
6278,250
6279,4
6280,5
6281,344
6282,186
6283,10
6284,4.2
6285,1.16
6286,2.12
6287,21
6288,210
6289,32
6290,24
6291,480
6292,-13.84
6293,47.5
6294,87
6295,90
6296,1240
6297,75
6298,67.7
6299,56.7
6300,22.4
6301,12
6302,850
6303,1110
6304,64
6305,165
6306,14910
6307,315
6308,6
6309,74
6310,157
6311,64
6312,75/2
6313,26
6314,140
6315,0.3925
6316,3
6317,60
6318,3900
6319,599
6320,250
6321,64000
6322,4200
6323,308
6324,6025
6325,72
6326,72/7
6327,33060
6328,500
6329,147/50
6330,6120
6331,7280
6332,710
6333,13650
6334,4800
6335,696
6336,125
6337,900
6338,9
6339,40
6340,160
6341,48
6342,160
6343,600
6344,2200
6345,4
6346,6
6347,30
6348,48
6349,2
6350,20
6351,3600
6352,13
6353,7
6354,50
6355,210/13
6356,12
6357,1200
6358,16
6359,15
6360,19
6361,1840
6362,14945
6363,30
6364,24/5
6365,4/7
6366,3.84
6367,8
6368,24
6369,600
6370,30
6371,24
6372,45
6373,40
6374,8
6375,107
6376,714
6377,1872
6378,18
6379,10
6380,14
6381,20
6382,12
6383,7000
6384,2
6385,100
6386,78
6387,6000
6388,17.5
6389,1.8
6390,340
6391,5.4
6392,4
6393,12
6394,100
6395,35
6396,6720
6397,1358.20769
6398,5.3
6399,1428
6400,316
6401,512
6402,50
6403,6
6404,200
6405,240
6406,675
6407,569
6408,660
6409,20000
6410,12000
6411,7/10
6412,1000
6413,3.5
6414,127.38854
6415,194.58
6416,140.1
6417,63
6418,1950
6419,24
6420,540
6421,708
6422,1980
6423,45
6424,1470
6425,9
6426,750
6427,1620
6428,10/7
6429,20
6430,27/2
6431,8
6432,22
6433,4320
6434,145
6435,160
6436,288
6437,4050
6438,18
6439,17
6440,1200
6441,85/3
6442,8
6443,2
6444,40
6445,86.1
6446,9.42
6447,188.8
6448,36
6449,625/4
6450,349.44
6451,32
6452,38
6453,19
6454,2190
6455,10.8
6456,90
6457,165
6458,750
6459,576
6460,0.12
6461,15
6462,40
6463,110
6464,3000
6465,16
6466,58
6467,30
6468,92
6469,441/4
6470,20
6471,40
6472,26
6473,8
6474,7
6475,4
6476,33
6477,9
6478,4
6479,4
6480,48
6481,40/49
6482,48
6483,11361/2
6484,12
6485,300
6486,8
6487,49
6488,280
6489,40
6490,4
6491,280
6492,300
6493,420
6494,1250
6495,62.8
6496,84
6497,314
6498,29.8
6499,24.2
6500,44
6501,150/101
6502,20/3
6503,20/3
6504,24
6505,600
6506,139
6507,180
6508,95
6509,16
6510,35
6511,140
6512,64
6513,335
6514,368
6515,4
6516,60
6517,60/17
6518,8.95
6519,3722
6520,102
6521,1568
6522,5
6523,1.73
6524,188
6525,48
6526,24/11
6527,31.5
6528,62
6529,91
6530,1050
6531,882
6532,32
6533,6
6534,9000
6535,30
6536,176
6537,54
6538,170
6539,15
6540,160
6541,25
6542,1680
6543,222
6544,25
6545,39130/47
6546,2000
6547,200
6548,147
6549,375
6550,16
6551,1872
6552,206
6553,10
6554,4
6555,648
6556,133
6557,27000
6558,69
6559,4
6560,15
6561,660
6562,2.27
6563,16
6564,88
6565,35
6566,78
6567,17
6568,22875
6569,80
6570,160
6571,45
6572,1800
6573,1800
6574,25/2
6575,1908
6576,900
6577,170.1
6578,4410
6579,9
6580,40
6581,360
6582,85
6583,2520
6584,4
6585,9
6586,576
6587,36
6588,41.895
6589,8
6590,1344
6591,1330
6592,40
6593,130
6594,900
6595,85
6596,120
6597,6.7
6598,306
6599,2730
6600,2688
6601,2250
6602,52
6603,328
6604,38
6605,215
6606,18750
6607,120
6608,18.5
6609,18
6610,45
6611,248
6612,4
6613,24
6614,294
6615,1050
6616,624
6617,825
6618,37
6619,356
6620,22
6621,9
6622,4
6623,576
6624,1320
6625,6000
6626,13000
6627,557
6628,600
6629,60
6630,824
6631,13.2
6632,270
6633,38.36
6634,160
6635,6.5
6636,15
6637,6/5
6638,24
6639,23800
6640,15/8
6641,2000
6642,1610
6643,30
6644,552
6645,2000
6646,6800
6647,6960
6648,13870
6649,33
6650,414
6651,48
6652,40
6653,615
6654,231
6655,10.1
6656,23
6657,20
6658,205
6659,540
6660,25
6661,266
6662,4
6663,7
6664,285
6665,8
6666,186
6667,832
6668,8417/100
6669,267
6670,1050
6671,1872
6672,60
6673,611.5
6674,138
6675,158
6676,28
6677,379
6678,3600
6679,770
6680,60
6681,3360
6682,472
6683,22
6684,1212
6685,128
6686,525
6687,21/5
6688,29400
6689,732
6690,120
6691,366/7
6692,2.1
6693,560
6694,240
6695,56
6696,20
6697,2700
6698,1152
6699,10.3
6700,47
6701,600
6702,980
6703,349
6704,4840
6705,25/6
6706,45
6707,62
6708,18.72
6709,123088
6710,18000
6711,10
6712,97
6713,8
6714,22
6715,7
6716,16
6717,17
6718,18
6719,23
6720,85
6721,3216
6722,375
6723,125
6724,248
6725,2880
6726,80
6727,45
6728,54
6729,3/5
6730,21
6731,29
6732,8
6733,12
6734,19
6735,48
6736,52
6737,79
6738,38
6739,96
6740,10
6741,41
6742,21
6743,32
6744,12
6745,15
6746,2
6747,3
6748,30
6749,32
6750,21
6751,4
6752,29
6753,35
6754,36
6755,80
6756,37
6757,8
6758,29
6759,17
6760,35
6761,45
6762,6
6763,20
6764,4
6765,48
6766,24
6767,30
6768,4
6769,4
6770,6
6771,6
6772,2223
6773,60
6774,20
6775,6
6776,54
6777,30
6778,395
6779,17
6780,11
6781,17
6782,45
6783,43
6784,0
6785,69
6786,0.4
6787,50
6788,8
6789,59
6790,87
6791,6
6792,58
6793,58
6794,54
6795,10
6796,38
6797,24
6798,45
6799,39
6800,61
6801,20
6802,140
6803,22
6804,14
6805,78
6806,50
6807,100
6808,72
6809,27
6810,37
6811,6
6812,50
6813,42
6814,33
6815,47
6816,109
6817,25
6818,47
6819,81
6820,33
6821,11
6822,31
6823,23
6824,3
6825,15
6826,30
6827,38
6828,28
6829,28
6830,33
6831,119
6832,57
6833,14
6834,36
6835,42
6836,22
6837,16
6838,24
6839,12
6840,0
6841,35
6842,9
6843,10
6844,19
6845,0
6846,7
6847,18
6848,16
6849,18
6850,28
6851,17
6852,5
6853,4
6854,24
6855,17
6856,27
6857,8
6858,27.552
6859,178
6860,1360
6861,60
6862,75
6863,5670
6864,680
6865,26.25
6866,48
6867,95%
6868,4592
6869,400
6870,159.2
6871,304
6872,3290
6873,1500
6874,3600
6875,144
6876,12
6877,6
6878,260
6879,46.66667
6880,40
6881,375
6882,108
6883,48/7
6884,300
6885,160
6886,160
6887,792
6888,240
6889,9
6890,190
6891,72
6892,40
6893,11250
6894,6
6895,228
6896,32
6897,1680
6898,5652
6899,75
6900,36
6901,5
6902,18840
6903,58
6904,1
6905,204
6906,8
6907,49
6908,59
6909,625/16
6910,37
6911,320
6912,40
6913,96%
6914,92.7%
6915,1/5
6916,39.4384
6917,30
6918,77.76
6919,21.6
6920,378
6921,12
6922,30
6923,27
6924,605/4
6925,32
6926,14
6927,27500/3
6928,50.24
6929,1296
6930,7245
6931,27
6932,525
6933,40
6934,3
6935,13
6936,27/2
6937,40
6938,7
6939,4
6940,25%
6941,3400/3
6942,51
6943,115%
6944,89
6945,28
6946,6
6947,2
6948,53
6949,263
6950,75/2
6951,31.4
6952,85
6953,42
6954,7.525
6955,180
6956,10
6957,1.8
6958,9
6959,263.76
6960,125
6961,96
6962,7500
6963,480
6964,5
6965,12.5
6966,28
6967,18.84
6968,44
6969,30
6970,20
6971,20
6972,144
6973,4
6974,144
6975,160
6976,15
6977,16
6978,96
6979,160
6980,28
6981,83.3%
6982,500
6983,6000
6984,1/3
6985,25
6986,2400
6987,420
6988,200
6989,35
6990,4500
6991,1600
6992,480
6993,25
6994,270
6995,1200
6996,3000
6997,5.28
6998,300
6999,2340
7000,52
7001,0.4
7002,6.28
7003,20/3
7004,32
7005,10
7006,300
7007,180
7008,80%
7009,20
7010,280
7011,9.8596
7012,625
7013,300
7014,196
7015,8400
7016,1.5
7017,15.7
7018,25.2
7019,1620
7020,50
7021,50.24
7022,100
7023,84
7024,5
7025,166
7026,180
7027,2.616
7028,83.3%
7029,401920
7030,190
7031,15/2
7032,192
7033,50
7034,25%
7035,480
7036,24/5
7037,94.4%
7038,0.512
7039,717
7040,10/3
7041,780
7042,770
7043,345
7044,60
7045,81/10
7046,270
7047,96
7048,60
7049,3
7050,15813
7051,1560
7052,16/3
7053,2
7054,16
7055,400
7056,28.26
7057,5/2
7058,18
7059,28
7060,95%
7061,21
7062,22.8
7063,38.4
7064,50
7065,3.7
7066,2800
7067,1.96667
7068,12
7069,52/3
7070,37.68
7071,1
7072,350
7073,25/2
7074,3%
7075,27/4
7076,660
7077,12
7078,2500
7079,6
7080,23
7081,200
7082,60
7083,1050
7084,15
7085,6/5
7086,198
7087,3.5
7088,8
7089,35
7090,96
7091,100
7092,9
7093,324
7094,22.85714
7095,240
7096,384
7097,1200
7098,31.4
7099,0.02
7100,40
7101,400
7102,390
7103,0
7104,3
7105,312
7106,157
7107,2500
7108,15
7109,75
7110,1/3
7111,235
7112,626.92267
7113,4995
7114,57/5
7115,60
7116,864
7117,251.2
7118,192
7119,58
7120,24/5
7121,501.9
7122,445
7123,600
7124,32
7125,6
7126,540
7127,84.72222
7128,200
7129,95
7130,12.56
7131,4
7132,120
7133,401
7134,188
7135,65
7136,320/3
7137,130
7138,62.5
7139,56
7140,2.62
7141,45.7232
7142,600
7143,90%
7144,19
7145,7
7146,92%
7147,75%
7148,10
7149,15/4
7150,6
7151,2000/17
7152,850
7153,7
7154,240
7155,5000
7156,110
7157,29
7158,46.3
7159,7.2
7160,12
7161,3125
7162,7/2
7163,4
7164,128
7165,0.5
7166,1214
7167,960
7168,131.25
7169,8
7170,72
7171,0.792
7172,320
7173,32.4%
7174,20%
7175,84
7176,8
7177,1000
7178,2100
7179,437
7180,62.8
7181,522.5
7182,1400
7183,93
7184,2
7185,72
7186,9
7187,768
7188,2
7189,12
7190,97
7191,12/25
7192,225
7193,91040
7194,560
7195,5.26667
7196,800
7197,144
7198,17
7199,15
7200,2
7201,36
7202,1240
7203,108
7204,4
7205,80
7206,35/2
7207,1
7208,9600
7209,426
7210,288
7211,13.5
7212,48
7213,17.27
7214,68/3
7215,62.8
7216,796
7217,251.2
7218,87.92
7219,710
7220,3
7221,2128
7222,15
7223,20%
7224,964
7225,135
7226,13.68
7227,22
7228,32
7229,30
7230,16%
7231,1440
7232,300
7233,1500
7234,5/2
7235,90
7236,24.84
7237,100
7238,190
7239,3861
7240,8
7241,224
7242,13
7243,240
7244,1
7245,630
7246,73
7247,4.8
7248,168
7249,2000
7250,3000
7251,4
7252,36
7253,1.8
7254,10/301
7255,83.8
7256,325/9
7257,340
7258,1300
7259,184
7260,60
7261,3
7262,36
7263,435
7264,848
7265,125
7266,5280
7267,3200
7268,3
7269,54080/11
7270,8
7271,37.68
7272,4
7273,100
7274,19.99614
7275,105
7276,293.75
7277,125
7278,3600
7279,400
7280,56
7281,90
7282,240
7283,90%
7284,30
7285,15
7286,14.4
7287,21
7288,5
7289,120
7290,864
7291,5510
7292,35
7293,135
7294,4000
7295,59.4
7296,240
7297,96
7298,272
7299,55
7300,40
7301,73/80
7302,15
7303,720
7304,25000
7305,60
7306,108
7307,13636
7308,350
7309,748.8
7310,0.07
7311,20.27027
7312,150
7313,3840
7314,109.35
7315,226.08
7316,7
7317,251.2
7318,1134
7319,301.44
7320,9
7321,150
7322,480
7323,400
7324,103.3
7325,4
7326,2800
7327,2/5
7328,250
7329,16
7330,12
7331,0
7332,16.485
7333,140
7334,825
7335,175
7336,1
7337,4019.2
7338,15
7339,124
7340,45.475
7341,2449
7342,16
7343,10/3
7344,720
7345,637
7346,702.15
7347,250
7348,25
7349,2240
7350,573.24841
7351,28
7352,96
7353,1/5
7354,3500
7355,2112
7356,78.5
7357,656/3
7358,0.25
7359,29
7360,10
7361,940
7362,778
7363,8
7364,90
7365,47
7366,4500
7367,4000/3
7368,2000
7369,72
7370,13.91304
7371,1.08696
7372,720
7373,32
7374,5
7375,40/9
7376,49/60
7377,1.37821
7378,50
7379,227
7380,2200
7381,1
7382,5040
7383,30
7384,5
7385,3943.84
7386,320
7387,1000
7388,1.27389
7389,14.25
7390,6
7391,500/17
7392,45
7393,1256
7394,240
7395,480
7396,9600
7397,112
7398,16
7399,60
7400,64
7401,16
7402,10
7403,40
7404,210
7405,4320
7406,7
7407,9
7408,10368
7409,185
7410,90
7411,11
7412,100
7413,125
7414,65
7415,32
7416,1.27389
7417,132
7418,195
7419,2
7420,514/5
7421,5.6
7422,9
7423,864
7424,304
7425,9/13
7426,45
7427,6476
7428,0.02
7429,3600
7430,90%
7431,480
7432,42
7433,40/3
7434,363.2
7435,1600
7436,264
7437,12.6
7438,17
7439,6
7440,1920
7441,4
7442,12/5
7443,0.8
7444,700/3
7445,0.8
7446,28
7447,180
7448,7200
7449,7500
7450,1256
7451,190
7452,790/9
7453,200
7454,4
7455,32
7456,37.5%
7457,100
7458,8.41
7459,24
7460,912
7461,360
7462,44
7463,4368
7464,10
7465,3240
7466,300
7467,1920
7468,125
7469,180
7470,157
7471,50.24
7472,30
7473,0.09639
7474,144
7475,3
7476,520
7477,3
7478,55
7479,22.4
7480,29
7481,49.5
7482,400
7483,400
7484,30000
7485,204
7486,450
7487,33
7488,100/19
7489,1600
7490,15
7491,1337
7492,112
7493,80
7494,90
7495,24
7496,3
7497,450
7498,3.3
7499,60
7500,70.0245
7501,3
7502,16000/3
7503,300000
7504,9092
7505,173
7506,32
7507,2400
7508,700/11
7509,210
7510,12/5
7511,3240
7512,2550
7513,8
7514,3398
7515,525
7516,143
7517,45
7518,1/2
7519,400
7520,1595
7521,1500
7522,1413
7523,16
7524,744
7525,5184
7526,5160
7527,675
7528,5/2
7529,40
7530,594
7531,33
7532,5/12
7533,320
7534,2240
7535,457.6
7536,435
7537,56
7538,80
7539,4.73333
7540,12
7541,15.5
7542,1224
7543,160
7544,37.5
7545,251.2
7546,18
7547,19.625
7548,675
7549,942
7550,45
7551,3140
7552,115
7553,251.86499
7554,5
7555,870
7556,48
7557,180
7558,24
7559,9
7560,1000/11
7561,12
7562,300
7563,98/11
7564,40
7565,384
7566,99
7567,92.25
7568,2700
7569,2700
7570,38/3
7571,21/2
7572,25.72
7573,24
7574,13800
7575,3
7576,4
7577,4
7578,72.275
7579,2
7580,200
7581,504
7582,29.4
7583,135
7584,1500
7585,9000
7586,4/5
7587,36
7588,40
7589,182
7590,4
7591,17
7592,840
7593,10
7594,2
7595,6318
7596,23
7597,36
7598,54
7599,10
7600,5
7601,600
7602,71.04
7603,8
7604,4
7605,80
7606,0.512
7607,125
7608,80
7609,36
7610,1080
7611,6.8
7612,34
7613,60
7614,2
7615,1
7616,10
7617,8
7618,18
7619,40
7620,3
7621,8
7622,70
7623,8
7624,0.03
7625,2592
7626,32
7627,57.5
7628,36.55
7629,0.6
7630,3.37
7631,11
7632,294
7633,300
7634,90
7635,85%
7636,512
7637,13.5
7638,1200
7639,69
7640,21.6
7641,3/5
7642,1/2
7643,2
7644,42
7645,20
7646,18/25
7647,18
7648,1/2
7649,1/7
7650,2240
7651,3000
7652,3
7653,0.26829
7654,36
7655,2400
7656,19/20
7657,64
7658,20
7659,10.4
7660,16
7661,31.8
7662,2/7
7663,75/4
7664,2
7665,2/5
7666,1/6
7667,235500
7668,8
7669,370
7670,21
7671,31
7672,13
7673,32
7674,8
7675,505
7676,4
7677,2520
7678,1/8
7679,8/5
7680,8/5
7681,3968
7682,750
7683,7
7684,20
7685,25
7686,800
7687,872
7688,31/35
7689,35
7690,1782
7691,6
7692,8280
7693,1
7694,3
7695,5.34
7696,39/5
7697,12
7698,21
7699,26
7700,7
7701,38.46154
7702,7
7703,9.5
7704,4.75
7705,157/100
7706,3045
7707,10
7708,28
7709,148
7710,72
7711,17/20
7712,3/8
7713,11/24
7714,3
7715,48
7716,42
7717,6.66
7718,7/24
7719,60
7720,19
7721,47.6
7722,56
7723,120
7724,1350
7725,28/23
7726,9/10
7727,95.8
7728,222
7729,6
7730,140
7731,882
7732,5.75
7733,6.6
7734,160
7735,67.5
7736,1
7737,6
7738,100
7739,60
7740,10
7741,135
7742,36
7743,85
7744,560
7745,80
7746,38
7747,4.5
7748,194
7749,282
7750,24
7751,700
7752,1.8
7753,583
7754,700
7755,5.39
7756,8/3
7757,35
7758,135
7759,11/30
7760,5
7761,7.8
7762,400
7763,96
7764,4
7765,6
7766,24
7767,32800
7768,83
7769,2912
7770,122
7771,2865
7772,13/20
7773,7200
7774,48
7775,0
7776,1186
7777,30
7778,20
7779,60
7780,16/5
7781,360
7782,3067
7783,522
7784,220
7785,0
7786,19
7787,432
7788,1800
7789,150
7790,996.11111
7791,26
7792,250
7793,2/7
7794,10
7795,15
7796,16
7797,1/4
7798,1260
7799,560
7800,172.5
7801,60
7802,10000
7803,1
7804,15
7805,66
7806,100
7807,106
7808,638
7809,184
7810,2.8
7811,576
7812,2/3
7813,30
7814,75/2
7815,54
7816,4/5
7817,14
7818,240
7819,51/20
7820,25
7821,0
7822,5416
7823,1026
7824,1/5
7825,36
7826,11/12
7827,11/12
7828,64
7829,36/5
7830,72
7831,630
7832,30
7833,0
7834,10
7835,82
7836,5/8
7837,6
7838,600
7839,52/17
7840,72
7841,32/21
7842,6
7843,13
7844,47
7845,79/540
7846,12.97778
7847,135
7848,175/4
7849,320
7850,52
7851,41/60
7852,570
7853,7
7854,16
7855,4/5
7856,4
7857,1.225
7858,48
7859,40
7860,1000/31
7861,4/15
7862,144
7863,3
7864,10.3
7865,37/3
7866,69/20
7867,9
7868,40/9
7869,0.55556
7870,90
7871,3/4
7872,15
7873,63/5
7874,28
7875,3/5
7876,0.036
7877,7
7878,8
7879,12
7880,1/4
7881,150
7882,625/2
7883,2/5
7884,11/60
7885,16/25
7886,96
7887,1/2
7888,12
7889,9
7890,8
7891,2
7892,6
7893,285
7894,309
7895,131
7896,8745
7897,15.444
7898,300
7899,6
7900,784
7901,102
7902,5
7903,20
7904,5.42
7905,3
7906,632
7907,200
7908,24/7
7909,1/5
7910,8
7911,50/9
7912,1/1000
7913,79.2
7914,2700
7915,3/16
7916,10
7917,96
7918,1/5
7919,864
7920,9/20
7921,1
7922,1/2
7923,1/4
7924,393
7925,324
7926,150
7927,900
7928,11
7929,360
7930,50
7931,375
7932,1/4
7933,8
7934,77
7935,5/8
7936,3/5
7937,2/3
7938,1
7939,8
7940,7
7941,61
7942,5/12
7943,8/3
7944,300
7945,42
7946,6.6
7947,14
7948,22
7949,80/3
7950,40
7951,1/25
7952,46
7953,162/23
7954,643/5
7955,86
7956,57
7957,2542
7958,11/5
7959,230
7960,17/30
7961,25
7962,0.83333
7963,20
7964,7000
7965,54
7966,5
7967,15
7968,1710
7969,41
7970,63
7971,5
7972,624
7973,100
7974,4
7975,260
7976,120
7977,80
7978,20
7979,1/25
7980,42
7981,392
7982,25
7983,400
7984,10
7985,2590
7986,40/3
7987,75
7988,504
7989,144000
7990,170
7991,72
7992,6
7993,1200
7994,193
7995,5/12
7996,360
7997,42000
7998,2/7
7999,1
