0,3960
1,1
2,2
3,3
4,4
5,5
6,6
7,7
8,8
9,9
10,10
11,11
12,12
13,13
14,14
15,15
16,16
17,17
18,18
19,19
20,20
21,21
22,22
23,23
24,24
25,25
26,26
27,27
28,28
29,29
30,30
31,80
32,9
33,720
34,1
35,2
36,3
37,4
38,5
39,6
40,7
41,8
42,9
43,10
44,11
45,12
46,13
47,14
48,15
49,16
50,17
51,18
52,19
53,20
54,21
55,22
56,23
57,24
58,25
59,26
60,27
61,28
62,29
63,30
64,31
65,32
66,33
67,34
68,35
69,36
70,37
71,38
72,39
73,40
74,41
75,42
76,43
77,44
78,45
79,46
80,47
81,48
82,49
83,50
84,51
85,52
86,53
87,54
88,55
89,56
90,57
91,58
92,59
93,60
94,61
95,62
96,63
97,64
98,65
99,66
100,67
101,68
102,69
103,70
104,71
105,72
106,73
107,74
108,75
109,76
110,77
111,78
112,79
113,80
114,81
115,82
116,83
117,84
118,85
119,86
120,87
121,88
122,89
123,90
124,91
125,92
126,93
127,94
128,95
129,96
130,97
131,98
132,99
133,100
134,101
135,102
136,103
137,104
138,105
139,106
140,107
141,108
142,109
143,110
144,111
145,112
146,113
147,114
148,115
149,116
150,117
151,118
152,119
153,120
154,121
155,122
156,123
157,124
158,125
159,126
160,127
161,128
162,129
163,130
164,131
165,132
166,133
167,134
168,135
169,136
170,137
171,138
172,139
173,140
174,141
175,142
176,143
177,144
178,145
179,146
180,147
181,148
182,149
183,150
184,151
185,152
186,153
187,154
188,155
189,156
190,157
191,158
192,159
193,160
194,161
195,162
196,163
197,164
198,165
199,166
200,167
201,168
202,169
203,170
204,171
205,172
206,173
207,174
208,175
209,176
210,177
211,178
212,179
213,180
214,181
215,182
216,183
217,184
218,185
219,186
220,187
221,188
222,189
223,190
224,191
225,192
226,193
227,194
228,195
229,196
230,197
231,198
232,199
233,200
234,201
235,202
236,203
237,204
238,205
239,206
240,207
241,208
242,209
243,210
244,211
245,212
246,213
247,214
248,215
249,216
250,217
251,218
252,219
253,220
254,221
255,222
256,223
257,224
258,225
259,226
260,227
261,228
262,229
263,230
264,231
265,232
266,233
267,234
268,235
269,236
270,237
271,238
272,239
273,240
274,241
275,242
276,243
277,244
278,245
279,246
280,247
281,248
282,249
283,250
284,251
285,252
286,253
287,254
288,255
289,256
290,257
291,258
292,259
293,260
294,261
295,262
296,263
297,264
298,265
299,266
300,267
301,268
302,269
303,270
304,271
305,272
306,273
307,274
308,275
309,276
310,277
311,278
312,279
313,280
314,281
315,282
316,283
317,284
318,285
319,286
320,287
321,288
322,289
323,290
324,291
325,292
326,293
327,294
328,295
329,296
330,297
331,298
332,299
333,300
334,301
335,302
336,303
337,304
338,305
339,306
340,307
341,308
342,309
343,310
344,311
345,312
346,313
347,314
348,315
349,316
350,317
351,318
352,319
353,320
354,321
355,322
356,323
357,324
358,325
359,326
360,327
361,328
362,329
363,330
364,331
365,332
366,333
367,334
368,335
369,336
370,337
371,338
372,339
373,340
374,341
375,342
376,343
377,344
378,345
379,346
380,347
381,348
382,349
383,350
384,351
385,352
386,353
387,354
388,355
389,356
390,357
391,358
392,359
393,360
394,361
395,362
396,363
397,364
398,365
399,366
400,367
401,368
402,369
403,370
404,371
405,372
406,373
407,374
408,375
409,376
410,377
411,378
412,379
413,380
414,381
415,382
416,383
417,384
418,385
419,386
420,387
421,388
422,389
423,390
424,391
425,392
426,393
427,394
428,395
429,396
430,397
431,398
432,399
433,400
434,401
435,402
436,403
437,404
438,405
439,406
440,407
441,408
442,409
443,410
444,411
445,412
446,413
447,414
448,415
449,416
450,417
451,418
452,419
453,420
454,421
455,422
456,423
457,424
458,425
459,426
460,427
461,428
462,429
463,430
464,431
465,432
466,433
467,434
468,435
469,436
470,437
471,438
472,439
473,440
474,441
475,442
476,443
477,444
478,445
479,446
480,447
481,448
482,449
483,450
484,451
485,452
486,453
487,454
488,455
489,456
490,457
491,458
492,459
493,460
494,461
495,462
496,463
497,464
498,465
499,466
500,467
501,468
502,469
503,470
504,471
505,472
506,473
507,474
508,475
509,476
510,477
511,478
512,479
513,480
514,481
515,482
516,483
517,484
518,485
519,486
520,487
521,488
522,489
523,490
524,491
525,492
526,493
527,494
528,495
529,496
530,497
531,498
532,499
533,500
534,501
535,502
536,503
537,504
538,505
539,506
540,507
541,508
542,509
543,510
544,511
545,512
546,513
547,514
548,515
549,516
550,517
551,518
552,519
553,520
554,521
555,522
556,523
557,524
558,525
559,526
560,527
561,528
562,529
563,530
564,531
565,532
566,533
567,534
568,535
569,536
570,537
571,538
572,539
573,540
574,541
575,542
576,543
577,544
578,545
579,546
580,547
581,548
582,549
583,550
584,551
585,552
586,553
587,554
588,555
589,556
590,557
591,558
592,559
593,560
594,561
595,562
596,563
597,564
598,565
599,566
600,567
601,568
602,569
603,570
604,571
605,572
606,573
607,574
608,575
609,576
610,577
611,578
612,579
613,580
614,581
615,582
616,583
617,584
618,585
619,586
620,587
621,588
622,589
623,590
624,591
625,592
626,593
627,594
628,595
629,596
630,597
631,598
632,599
633,600
634,601
635,602
636,603
637,604
638,605
639,606
640,607
641,608
642,609
643,610
644,611
645,612
646,613
647,614
648,615
649,616
650,617
651,618
652,619
653,620
654,621
655,622
656,623
657,624
658,625
659,626
660,627
661,628
662,629
663,630
664,631
665,632
666,633
667,634
668,635
669,636
670,637
671,638
672,639
673,640
674,641
675,642
676,643
677,644
678,645
679,646
680,647
681,648
682,649
683,650
684,651
685,652
686,653
687,654
688,655
689,656
690,657
691,658
692,659
693,660
694,661
695,662
696,663
697,664
698,665
699,666
700,667
701,668
702,669
703,670
704,671
705,672
706,673
707,674
708,675
709,676
710,677
711,678
712,679
713,680
714,681
715,682
716,683
717,684
718,685
719,686
720,687
721,688
722,689
723,690
724,691
725,692
726,693
727,694
728,695
729,696
730,697
731,698
732,699
733,700
734,701
735,702
736,703
737,704
738,705
739,706
740,707
741,708
742,709
743,710
744,711
745,712
746,713
747,714
748,715
749,716
750,717
751,718
752,719
753,720
754,721
755,722
756,723
757,724
758,725
759,726
760,727
761,728
762,729
763,730
764,731
765,732
766,733
767,734
768,735
769,736
770,737
771,738
772,739
773,740
774,741
775,742
776,743
777,744
778,745
779,746
780,747
781,748
782,749
783,750
784,751
785,752
786,753
787,754
788,755
789,756
790,757
791,758
792,759
793,760
794,761
795,762
796,763
797,764
798,765
799,766
800,767
801,768
802,769
803,770
804,771
805,772
806,773
807,774
808,775
809,776
810,777
811,778
812,779
813,780
814,781
815,782
816,783
817,784
818,785
819,786
820,787
821,788
822,789
823,790
824,791
825,792
826,793
827,794
828,795
829,796
830,797
831,798
832,799
833,800
834,801
835,802
836,803
837,804
838,805
839,806
840,807
841,808
842,809
843,810
844,811
845,812
846,813
847,814
848,815
849,816
850,817
851,818
852,819
853,820
854,821
855,822
856,823
857,824
858,825
859,826
860,827
861,828
862,829
863,830
864,831
865,832
866,833
867,834
868,835
869,836
870,837
871,838
872,839
873,840
874,841
875,842
876,843
877,844
878,845
879,846
880,847
881,848
882,849
883,850
884,851
885,852
886,853
887,854
888,855
889,856
890,857
891,858
892,859
893,860
894,861
895,862
896,863
897,864
898,865
899,866
900,867
901,868
902,869
903,870
904,871
905,872
906,873
907,874
908,875
909,876
910,877
911,878
912,879
913,880
914,881
915,882
916,883
917,884
918,885
919,886
920,887
921,888
922,889
923,890
924,891
925,892
926,893
927,894
928,895
929,896
930,897
931,898
932,899
933,900
934,901
935,902
936,903
937,904
938,905
939,906
940,907
941,908
942,909
943,910
944,911
945,912
946,913
947,914
948,915
949,916
950,917
951,918
952,919
953,920
954,921
955,922
956,923
957,924
958,925
959,926
960,927
961,928
962,929
963,930
964,931
965,932
966,933
967,934
968,935
969,936
970,937
971,938
972,939
973,940
974,941
975,942
976,943
977,944
978,945
979,946
980,947
981,948
982,949
983,950
984,951
985,952
986,953
987,954
988,955
989,956
990,957
991,958
992,959
993,960
994,961
995,962
996,963
997,964
998,965
999,966
1000,967
1001,968
1002,969
1003,970
1004,971
1005,972
1006,973
1007,974
1008,975
1009,976
1010,977
1011,978
1012,979
1013,980
1014,981
1015,982
1016,983
1017,984
1018,985
1019,986
1020,987
1021,988
1022,989
1023,990
1024,991
1025,992
1026,993
1027,994
1028,995
1029,996
1030,997
1031,998
1032,999
1033,1000
1034,1001
1035,1002
1036,1003
1037,1004
1038,1005
1039,1006
1040,1007
1041,1008
1042,1009
1043,1010
1044,1011
1045,1012
1046,1013
1047,1014
1048,1015
1049,1016
1050,1017
1051,1018
1052,1019
1053,1020
1054,1021
1055,1022
1056,1023
1057,1024
1058,1025
1059,1026
1060,1027
1061,1028
1062,1029
1063,1030
1064,1031
1065,1032
1066,1033
1067,1034
1068,1035
1069,1036
1070,1037
1071,1038
1072,1039
1073,1040
1074,1041
1075,1042
1076,1043
1077,1044
1078,1045
1079,1046
1080,1047
1081,1048
1082,1049
1083,1050
1084,1051
1085,1052
1086,1053
1087,1054
1088,1055
1089,1056
1090,1057
1091,1058
1092,1059
1093,1060
1094,1061
1095,1062
1096,1063
1097,1064
1098,1065
1099,1066
1100,1067
1101,1068
1102,1069
1103,1070
1104,1071
1105,1072
1106,1073
1107,1074
1108,1075
1109,1076
1110,1077
1111,1078
1112,1079
1113,1080
1114,1081
1115,1082
1116,1083
1117,1084
1118,1085
1119,1086
1120,1087
1121,1088
1122,1089
1123,1090
1124,1091
1125,1092
1126,1093
1127,1094
1128,1095
1129,1096
1130,1097
1131,1098
1132,1099
1133,1100
1134,1101
1135,1102
1136,1103
1137,1104
1138,1105
1139,1106
1140,1107
1141,1108
1142,1109
1143,1110
1144,1111
1145,1112
1146,1113
1147,1114
1148,1115
1149,1116
1150,1117
1151,1118
1152,1119
1153,1120
1154,1121
1155,1122
1156,1123
1157,1124
1158,1125
1159,1126
1160,1127
1161,1128
1162,1129
1163,1130
1164,1131
1165,1132
1166,1133
1167,1134
1168,1135
1169,1136
1170,1137
1171,1138
1172,1139
1173,1140
1174,1141
1175,1142
1176,1143
1177,1144
1178,1145
1179,1146
1180,1147
1181,1148
1182,1149
1183,1150
1184,1151
1185,1152
1186,1153
1187,1154
1188,1155
1189,1156
1190,1157
1191,1158
1192,1159
1193,1160
1194,1161
1195,1162
1196,1163
1197,1164
1198,1165
1199,1166
1200,1167
1201,1168
1202,1169
1203,1170
1204,1171
1205,1172
1206,1173
1207,1174
1208,1175
1209,1176
1210,1177
1211,1178
1212,1179
1213,1180
1214,1181
1215,1182
1216,1183
1217,1184
1218,1185
1219,1186
1220,1187
1221,1188
1222,1189
1223,1190
1224,1191
1225,1192
1226,1193
1227,1194
1228,1195
1229,1196
1230,1197
1231,1198
1232,1199
1233,1200
1234,1201
1235,1202
1236,1203
1237,1204
1238,1205
1239,1206
1240,1207
1241,1208
1242,1209
1243,1210
1244,1211
1245,1212
1246,1213
1247,1214
1248,1215
1249,1216
1250,1217
1251,1218
1252,1219
1253,1220
1254,1221
1255,1222
1256,1223
1257,1224
1258,1225
1259,1226
1260,1227
1261,1228
1262,1229
1263,1230
1264,1231
1265,1232
1266,1233
1267,1234
1268,1235
1269,1236
1270,1237
1271,1238
1272,1239
1273,1240
1274,1241
1275,1242
1276,1243
1277,1244
1278,1245
1279,1246
1280,1247
1281,1248
1282,1249
1283,1250
1284,1251
1285,1252
1286,1253
1287,1254
1288,1255
1289,1256
1290,1257
1291,1258
1292,1259
1293,1260
1294,1261
1295,1262
1296,1263
1297,1264
1298,1265
1299,1266
1300,1267
1301,1268
1302,1269
1303,1270
1304,1271
1305,1272
1306,1273
1307,1274
1308,1275
1309,1276
1310,1277
1311,1278
1312,1279
1313,1280
1314,1281
1315,1282
1316,1283
1317,1284
1318,1285
1319,1286
1320,1287
1321,1288
1322,1289
1323,1290
1324,1291
1325,1292
1326,1293
1327,1294
1328,1295
1329,1296
1330,1297
1331,1298
1332,1299
1333,1300
1334,1301
1335,1302
1336,1303
1337,1304
1338,1305
1339,1306
1340,1307
1341,1308
1342,1309
1343,1310
1344,1311
1345,1312
1346,1313
1347,1314
1348,1315
1349,1316
1350,1317
1351,1318
1352,1319
1353,1320
1354,1321
1355,1322
1356,1323
1357,1324
1358,1325
1359,1326
1360,1327
1361,1328
1362,1329
1363,1330
1364,1331
1365,1332
1366,1333
1367,1334
1368,1335
1369,1336
1370,1337
1371,1338
1372,1339
1373,1340
1374,1341
1375,1342
1376,1343
1377,1344
1378,1345
1379,1346
1380,1347
1381,1348
1382,1349
1383,1350
1384,1351
1385,1352
1386,1353
1387,1354
1388,1355
1389,1356
1390,1357
1391,1358
1392,1359
1393,1360
1394,1361
1395,1362
1396,1363
1397,1364
1398,1365
1399,1366
1400,1367
1401,1368
1402,1369
1403,1370
1404,1371
1405,1372
1406,1373
1407,1374
1408,1375
1409,1376
1410,1377
1411,1378
1412,1379
1413,1380
1414,1381
1415,1382
1416,1383
1417,1384
1418,1385
1419,1386
1420,1387
1421,1388
1422,1389
1423,1390
1424,1391
1425,1392
1426,1393
1427,1394
1428,1395
1429,1396
1430,1397
1431,1398
1432,1399
1433,1400
1434,1401
1435,1402
1436,1403
1437,1404
1438,1405
1439,1406
1440,1407
1441,1408
1442,1409
1443,1410
1444,1411
1445,1412
1446,1413
1447,1414
1448,1415
1449,1416
1450,1417
1451,1418
1452,1419
1453,1420
1454,1421
1455,1422
1456,1423
1457,1424
1458,1425
1459,1426
1460,1427
1461,1428
1462,1429
1463,1430
1464,1431
1465,1432
1466,1433
1467,1434
1468,1435
1469,1436
1470,1437
1471,1438
1472,1439
1473,1440
1474,1441
1475,1442
1476,1443
1477,1444
1478,1445
1479,1446
1480,1447
1481,1448
1482,1449
1483,1450
1484,1451
1485,1452
1486,1453
1487,1454
1488,1455
1489,1456
1490,1457
1491,1458
1492,1459
1493,1460
1494,1461
1495,1462
1496,1463
1497,1464
1498,1465
1499,1466
1500,1467
1501,1468
1502,1469
1503,1470
1504,1471
1505,1472
1506,1473
1507,1474
1508,1475
1509,1476
1510,1477
1511,1478
1512,1479
1513,1480
1514,1481
1515,1482
1516,1483
1517,1484
1518,1485
1519,1486
1520,1487
1521,1488
1522,1489
1523,1490
1524,1491
1525,1492
1526,1493
1527,1494
1528,1495
1529,1496
1530,1497
1531,1498
1532,1499
1533,1500
1534,1501
1535,1502
1536,1503
1537,1504
1538,1505
1539,1506
1540,1507
1541,1508
1542,1509
1543,1510
1544,1511
1545,1512
1546,1513
1547,1514
1548,1515
1549,1516
1550,1517
1551,1518
1552,1519
1553,1520
1554,1521
1555,1522
1556,1523
1557,1524
1558,1525
1559,1526
1560,1527
1561,1528
1562,1529
1563,1530
1564,1531
1565,1532
1566,1533
1567,1534
1568,1535
1569,1536
1570,1537
1571,1538
1572,1539
1573,1540
1574,1541
1575,1542
1576,1543
1577,1544
1578,1545
1579,1546
1580,1547
1581,1548
1582,1549
1583,1550
1584,1551
1585,1552
1586,1553
1587,1554
1588,1555
1589,1556
1590,1557
1591,1558
1592,1559
1593,1560
1594,1561
1595,1562
1596,1563
1597,1564
1598,1565
1599,1566
1600,1567
1601,1568
1602,1569
1603,1570
1604,1571
1605,1572
1606,1573
1607,1574
1608,1575
1609,1576
1610,1577
1611,1578
1612,1579
1613,1580
1614,1581
1615,1582
1616,1583
1617,1584
1618,1585
1619,1586
1620,1587
1621,1588
1622,1589
1623,1590
1624,1591
1625,1592
1626,1593
1627,1594
1628,1595
1629,1596
1630,1597
1631,1598
1632,1599
1633,1600
1634,1601
1635,1602
1636,1603
1637,1604
1638,1605
1639,1606
1640,1607
1641,1608
1642,1609
1643,1610
1644,1611
1645,1612
1646,1613
1647,1614
1648,1615
1649,1616
1650,1617
1651,1618
1652,1619
1653,1620
1654,1621
1655,1622
1656,1623
1657,1624
1658,1625
1659,1626
1660,1627
1661,1628
1662,1629
1663,1630
1664,1631
1665,1632
1666,1633
1667,1634
1668,1635
1669,1636
1670,1637
1671,1638
1672,1639
1673,1640
1674,1641
1675,1642
1676,1643
1677,1644
1678,1645
1679,1646
1680,1647
1681,1648
1682,1649
1683,1650
1684,1651
1685,1652
1686,1653
1687,1654
1688,1655
1689,1656
1690,1657
1691,1658
1692,1659
1693,1660
1694,1661
1695,1662
1696,1663
1697,1664
1698,1665
1699,1666
1700,1667
1701,1668
1702,1669
1703,1670
1704,1671
1705,1672
1706,1673
1707,1674
1708,1675
1709,1676
1710,1677
1711,1678
1712,1679
1713,1680
1714,1681
1715,1682
1716,1683
1717,1684
1718,1685
1719,1686
1720,1687
1721,1688
1722,1689
1723,1690
1724,1691
1725,1692
1726,1693
1727,1694
1728,1695
1729,1696
1730,1697
1731,1698
1732,1699
1733,1700
1734,1701
1735,1702
1736,1703
1737,1704
1738,1705
1739,1706
1740,1707
1741,1708
1742,1709
1743,1710
1744,1711
1745,1712
1746,1713
1747,1714
1748,1715
1749,1716
1750,1717
1751,1718
1752,1719
1753,1720
1754,1721
1755,1722
1756,1723
1757,1724
1758,1725
1759,1726
1760,1727
1761,1728
1762,1729
1763,1730
1764,1731
1765,1732
1766,1733
1767,1734
1768,1735
1769,1736
1770,1737
1771,1738
1772,1739
1773,1740
1774,1741
1775,1742
1776,1743
1777,1744
1778,1745
1779,1746
1780,1747
1781,1748
1782,1749
1783,1750
1784,1751
1785,1752
1786,1753
1787,1754
1788,1755
1789,1756
1790,1757
1791,1758
1792,1759
1793,1760
1794,1761
1795,1762
1796,1763
1797,1764
1798,1765
1799,1766
1800,1767
1801,1768
1802,1769
1803,1770
1804,1771
1805,1772
1806,1773
1807,1774
1808,1775
1809,1776
1810,1777
1811,1778
1812,1779
1813,1780
1814,1781
1815,1782
1816,1783
1817,1784
1818,1785
1819,1786
1820,1787
1821,1788
1822,1789
1823,1790
1824,1791
1825,1792
1826,1793
1827,1794
1828,1795
1829,1796
1830,1797
1831,1798
1832,1799
1833,1800
1834,1801
1835,1802
1836,1803
1837,1804
1838,1805
1839,1806
1840,1807
1841,1808
1842,1809
1843,1810
1844,1811
1845,1812
1846,1813
1847,1814
1848,1815
1849,1816
1850,1817
1851,1818
1852,1819
1853,1820
1854,1821
1855,1822
1856,1823
1857,1824
1858,1825
1859,1826
1860,1827
1861,1828
1862,1829
1863,1830
1864,1831
1865,1832
1866,1833
1867,1834
1868,1835
1869,1836
1870,1837
1871,1838
1872,1839
1873,1840
1874,1841
1875,1842
1876,1843
1877,1844
1878,1845
1879,1846
1880,1847
1881,1848
1882,1849
1883,1850
1884,1851
1885,1852
1886,1853
1887,1854
1888,1855
1889,1856
1890,1857
1891,1858
1892,1859
1893,1860
1894,1861
1895,1862
1896,1863
1897,1864
1898,1865
1899,1866
1900,1867
1901,1868
1902,1869
1903,1870
1904,1871
1905,1872
1906,1873
1907,1874
1908,1875
1909,1876
1910,1877
1911,1878
1912,1879
1913,1880
1914,1881
1915,1882
1916,1883
1917,1884
1918,1885
1919,1886
1920,1887
1921,1888
1922,1889
1923,1890
1924,1891
1925,1892
1926,1893
1927,1894
1928,1895
1929,1896
1930,1897
1931,1898
1932,1899
1933,1900
1934,1901
1935,1902
1936,1903
1937,1904
1938,1905
1939,1906
1940,1907
1941,1908
1942,1909
1943,1910
1944,1911
1945,1912
1946,1913
1947,1914
1948,1915
1949,1916
1950,1917
1951,1918
1952,1919
1953,1920
1954,1921
1955,1922
1956,1923
1957,1924
1958,1925
1959,1926
1960,1927
1961,1928
1962,1929
1963,1930
1964,1931
1965,1932
1966,1933
1967,1934
1968,1935
1969,1936
1970,1937
1971,1938
1972,1939
1973,1940
1974,1941
1975,1942
1976,1943
1977,1944
1978,1945
1979,1946
1980,1947
1981,1948
1982,1949
1983,1950
1984,1951
1985,1952
1986,1953
1987,1954
1988,1955
1989,1956
1990,1957
1991,1958
1992,1959
1993,1960
1994,1961
1995,1962
1996,1963
1997,1964
1998,1965
1999,1966
2000,1967
2001,1968
2002,1969
2003,1970
2004,1971
2005,1972
2006,1973
2007,1974
2008,1975
2009,1976
2010,1977
2011,1978
2012,1979
2013,1980
2014,1981
2015,1982
2016,1983
2017,1984
2018,1985
2019,1986
2020,1987
2021,1988
2022,1989
2023,1990
2024,1991
2025,1992
2026,1993
2027,1994
2028,1995
2029,1996
2030,1997
2031,1998
2032,1999
2033,2000
2034,2001
2035,2002
2036,2003
2037,2004
2038,2005
2039,2006
2040,2007
2041,2008
2042,2009
2043,2010
2044,2011
2045,2012
2046,2013
2047,2014
2048,2015
2049,2016
2050,2017
2051,2018
2052,2019
2053,2020
2054,2021
2055,2022
2056,2023
2057,2024
2058,2025
2059,2026
2060,2027
2061,2028
2062,2029
2063,2030
2064,2031
2065,2032
2066,2033
2067,2034
2068,2035
2069,2036
2070,2037
2071,2038
2072,2039
2073,2040
2074,2041
2075,2042
2076,2043
2077,2044
2078,2045
2079,2046
2080,2047
2081,2048
2082,2049
2083,2050
2084,2051
2085,2052
2086,2053
2087,2054
2088,2055
2089,2056
2090,2057
2091,2058
2092,2059
2093,2060
2094,2061
2095,2062
2096,2063
2097,2064
2098,2065
2099,2066
2100,2067
2101,2068
2102,2069
2103,2070
2104,2071
2105,2072
2106,2073
2107,2074
2108,2075
2109,2076
2110,2077
2111,2078
2112,2079
2113,2080
2114,2081
2115,2082
2116,2083
2117,2084
2118,2085
2119,2086
2120,2087
2121,2088
2122,2089
2123,2090
2124,2091
2125,2092
2126,2093
2127,2094
2128,2095
2129,2096
2130,2097
2131,2098
2132,2099
2133,2100
2134,2101
2135,2102
2136,2103
2137,2104
2138,2105
2139,2106
2140,2107
2141,2108
2142,2109
2143,2110
2144,2111
2145,2112
2146,2113
2147,2114
2148,2115
2149,2116
2150,2117
2151,2118
2152,2119
2153,2120
2154,2121
2155,2122
2156,2123
2157,2124
2158,2125
2159,2126
2160,2127
2161,2128
2162,2129
2163,2130
2164,2131
2165,2132
2166,2133
2167,2134
2168,2135
2169,2136
2170,2137
2171,2138
2172,2139
2173,2140
2174,2141
2175,2142
2176,2143
2177,2144
2178,2145
2179,2146
2180,2147
2181,2148
2182,2149
2183,2150
2184,2151
2185,2152
2186,2153
2187,2154
2188,2155
2189,2156
2190,2157
2191,2158
2192,2159
2193,2160
2194,2161
2195,2162
2196,2163
2197,2164
2198,2165
2199,2166
2200,2167
2201,2168
2202,2169
2203,2170
2204,2171
2205,2172
2206,2173
2207,2174
2208,2175
2209,2176
2210,2177
2211,2178
2212,2179
2213,2180
2214,2181
2215,2182
2216,2183
2217,2184
2218,2185
2219,2186
2220,2187
2221,2188
2222,2189
2223,2190
2224,2191
2225,2192
2226,2193
2227,2194
2228,2195
2229,2196
2230,2197
2231,2198
2232,2199
2233,2200
2234,2201
2235,2202
2236,2203
2237,2204
2238,2205
2239,2206
2240,2207
2241,2208
2242,2209
2243,2210
2244,2211
2245,2212
2246,2213
2247,2214
2248,2215
2249,2216
2250,2217
2251,2218
2252,2219
2253,2220
2254,2221
2255,2222
2256,2223
2257,2224
2258,2225
2259,2226
2260,2227
2261,2228
2262,2229
2263,2230
2264,2231
2265,2232
2266,2233
2267,2234
2268,2235
2269,2236
2270,2237
2271,2238
2272,2239
2273,2240
2274,2241
2275,2242
2276,2243
2277,2244
2278,2245
2279,2246
2280,2247
2281,2248
2282,2249
2283,2250
2284,2251
2285,2252
2286,2253
2287,2254
2288,2255
2289,2256
2290,2257
2291,2258
2292,2259
2293,2260
2294,2261
2295,2262
2296,2263
2297,2264
2298,2265
2299,2266
2300,2267
2301,2268
2302,2269
2303,2270
2304,2271
2305,2272
2306,2273
2307,2274
2308,2275
2309,2276
2310,2277
2311,2278
2312,2279
2313,2280
2314,2281
2315,2282
2316,2283
2317,2284
2318,2285
2319,2286
2320,2287
2321,2288
2322,2289
2323,2290
2324,2291
2325,2292
2326,2293
2327,2294
2328,2295
2329,2296
2330,2297
2331,2298
2332,2299
2333,2300
2334,2301
2335,2302
2336,2303
2337,2304
2338,2305
2339,2306
2340,2307
2341,2308
2342,2309
2343,2310
2344,2311
2345,2312
2346,2313
2347,2314
2348,2315
2349,2316
2350,2317
2351,2318
2352,2319
2353,2320
2354,2321
2355,2322
2356,2323
2357,2324
2358,2325
2359,2326
2360,2327
2361,2328
2362,2329
2363,2330
2364,2331
2365,2332
2366,2333
2367,2334
2368,2335
2369,2336
2370,2337
2371,2338
2372,2339
2373,2340
2374,2341
2375,2342
2376,2343
2377,2344
2378,2345
2379,2346
2380,2347
2381,2348
2382,2349
2383,2350
2384,2351
2385,2352
2386,2353
2387,2354
2388,2355
2389,2356
2390,2357
2391,2358
2392,2359
2393,2360
2394,2361
2395,2362
2396,2363
2397,2364
2398,2365
2399,2366
2400,2367
2401,2368
2402,2369
2403,2370
2404,2371
2405,2372
2406,2373
2407,2374
2408,2375
2409,2376
2410,2377
2411,2378
2412,2379
2413,2380
2414,2381
2415,2382
2416,2383
2417,2384
2418,2385
2419,2386
2420,2387
2421,2388
2422,2389
2423,2390
2424,2391
2425,2392
2426,2393
2427,2394
2428,2395
2429,2396
2430,2397
2431,2398
2432,2399
2433,2400
2434,2401
2435,2402
2436,2403
2437,2404
2438,2405
2439,2406
2440,2407
2441,2408
2442,2409
2443,2410
2444,2411
2445,2412
2446,2413
2447,2414
2448,2415
2449,2416
2450,2417
2451,2418
2452,2419
2453,2420
2454,2421
2455,2422
2456,2423
2457,2424
2458,2425
2459,2426
2460,2427
2461,2428
2462,2429
2463,2430
2464,2431
2465,2432
2466,2433
2467,2434
2468,2435
2469,2436
2470,2437
2471,2438
2472,2439
2473,2440
2474,2441
2475,2442
2476,2443
2477,2444
2478,2445
2479,2446
2480,2447
2481,2448
2482,2449
2483,2450
2484,2451
2485,2452
2486,2453
2487,2454
2488,2455
2489,2456
2490,2457
2491,2458
2492,2459
2493,2460
2494,2461
2495,2462
2496,2463
2497,2464
2498,2465
2499,2466
2500,2467
2501,2468
2502,2469
2503,2470
2504,2471
2505,2472
2506,2473
2507,2474
2508,2475
2509,2476
2510,2477
2511,2478
2512,2479
2513,2480
2514,2481
2515,2482
2516,2483
2517,2484
2518,2485
2519,2486
2520,2487
2521,2488
2522,2489
2523,2490
2524,2491
2525,2492
2526,2493
2527,2494
2528,2495
2529,2496
2530,2497
2531,2498
2532,2499
2533,2500
2534,2501
2535,2502
2536,2503
2537,2504
2538,2505
2539,2506
2540,2507
2541,2508
2542,2509
2543,2510
2544,2511
2545,2512
2546,2513
2547,2514
2548,2515
2549,2516
2550,2517
2551,2518
2552,2519
2553,2520
2554,2521
2555,2522
2556,2523
2557,2524
2558,2525
2559,2526
2560,2527
2561,2528
2562,2529
2563,2530
2564,2531
2565,2532
2566,2533
2567,2534
2568,2535
2569,2536
2570,2537
2571,2538
2572,2539
2573,2540
2574,2541
2575,2542
2576,2543
2577,2544
2578,2545
2579,2546
2580,2547
2581,2548
2582,2549
2583,2550
2584,2551
2585,2552
2586,2553
2587,2554
2588,2555
2589,2556
2590,2557
2591,2558
2592,2559
2593,2560
2594,2561
2595,2562
2596,2563
2597,2564
2598,2565
2599,2566
2600,2567
2601,2568
2602,2569
2603,2570
2604,2571
2605,2572
2606,2573
2607,2574
2608,2575
2609,2576
2610,2577
2611,2578
2612,2579
2613,2580
2614,2581
2615,2582
2616,2583
2617,2584
2618,2585
2619,2586
2620,2587
2621,2588
2622,2589
2623,2590
2624,2591
2625,2592
2626,2593
2627,2594
2628,2595
2629,2596
2630,2597
2631,2598
2632,2599
2633,2600
2634,2601
2635,2602
2636,2603
2637,2604
2638,2605
2639,2606
2640,2607
2641,2608
2642,2609
2643,2610
2644,2611
2645,2612
2646,2613
2647,2614
2648,2615
2649,2616
2650,2617
2651,2618
2652,2619
2653,2620
2654,2621
2655,2622
2656,2623
2657,2624
2658,2625
2659,2626
2660,2627
2661,2628
2662,2629
2663,2630
2664,2631
2665,2632
2666,2633
2667,2634
2668,2635
2669,2636
2670,2637
2671,2638
2672,2639
2673,2640
2674,2641
2675,2642
2676,2643
2677,2644
2678,2645
2679,2646
2680,2647
2681,2648
2682,2649
2683,2650
2684,2651
2685,2652
2686,2653
2687,2654
2688,2655
2689,2656
2690,2657
2691,2658
2692,2659
2693,2660
2694,2661
2695,2662
2696,2663
2697,2664
2698,2665
2699,2666
2700,2667
2701,2668
2702,2669
2703,2670
2704,2671
2705,2672
2706,2673
2707,2674
2708,2675
2709,2676
2710,2677
2711,2678
2712,2679
2713,2680
2714,2681
2715,2682
2716,2683
2717,2684
2718,2685
2719,2686
2720,2687
2721,2688
2722,2689
2723,2690
2724,2691
2725,2692
2726,2693
2727,2694
2728,2695
2729,2696
2730,2697
2731,2698
2732,2699
2733,2700
2734,2701
2735,2702
2736,2703
2737,2704
2738,2705
2739,2706
2740,2707
2741,2708
2742,2709
2743,2710
2744,2711
2745,2712
2746,2713
2747,2714
2748,2715
2749,2716
2750,2717
2751,2718
2752,2719
2753,2720
2754,2721
2755,2722
2756,2723
2757,2724
2758,2725
2759,2726
2760,2727
2761,2728
2762,2729
2763,2730
2764,2731
2765,2732
2766,2733
2767,2734
2768,2735
2769,2736
2770,2737
2771,2738
2772,2739
2773,2740
2774,2741
2775,2742
2776,2743
2777,2744
2778,2745
2779,2746
2780,2747
2781,2748
2782,2749
2783,2750
2784,2751
2785,2752
2786,2753
2787,2754
2788,2755
2789,2756
2790,2757
2791,2758
2792,2759
2793,2760
2794,2761
2795,2762
2796,2763
2797,2764
2798,2765
2799,2766
2800,2767
2801,2768
2802,2769
2803,2770
2804,2771
2805,2772
2806,2773
2807,2774
2808,2775
2809,2776
2810,2777
2811,2778
2812,2779
2813,2780
2814,2781
2815,2782
2816,2783
2817,2784
2818,2785
2819,2786
2820,2787
2821,2788
2822,2789
2823,2790
2824,2791
2825,2792
2826,2793
2827,2794
2828,2795
2829,2796
2830,2797
2831,2798
2832,2799
2833,2800
2834,2801
2835,2802
2836,2803
2837,2804
2838,2805
2839,2806
2840,2807
2841,2808
2842,2809
2843,2810
2844,2811
2845,2812
2846,2813
2847,2814
2848,2815
2849,2816
2850,2817
2851,2818
2852,2819
2853,2820
2854,2821
2855,2822
2856,2823
2857,2824
2858,2825
2859,2826
2860,2827
2861,2828
2862,2829
2863,2830
2864,2831
2865,2832
2866,2833
2867,2834
2868,2835
2869,2836
2870,2837
2871,2838
2872,2839
2873,2840
2874,2841
2875,2842
2876,2843
2877,2844
2878,2845
2879,2846
2880,2847
2881,2848
2882,2849
2883,2850
2884,2851
2885,2852
2886,2853
2887,2854
2888,2855
2889,2856
2890,2857
2891,2858
2892,2859
2893,2860
2894,2861
2895,2862
2896,2863
2897,2864
2898,2865
2899,2866
2900,2867
2901,2868
2902,2869
2903,2870
2904,2871
2905,2872
2906,2873
2907,2874
2908,2875
2909,2876
2910,2877
2911,2878
2912,2879
2913,2880
2914,2881
2915,2882
2916,2883
2917,2884
2918,2885
2919,2886
2920,2887
2921,2888
2922,2889
2923,2890
2924,2891
2925,2892
2926,2893
2927,2894
2928,2895
2929,2896
2930,2897
2931,2898
2932,2899
2933,2900
2934,2901
2935,2902
2936,2903
2937,2904
2938,2905
2939,2906
2940,2907
2941,2908
2942,2909
2943,2910
2944,2911
2945,2912
2946,2913
2947,2914
2948,2915
2949,2916
2950,2917
2951,2918
2952,2919
2953,2920
2954,2921
2955,2922
2956,2923
2957,2924
2958,2925
2959,2926
2960,2927
2961,2928
2962,2929
2963,2930
2964,2931
2965,2932
2966,2933
2967,2934
2968,2935
2969,2936
2970,2937
2971,2938
2972,2939
2973,2940
2974,2941
2975,2942
2976,2943
2977,2944
2978,2945
2979,2946
2980,2947
2981,2948
2982,2949
2983,2950
2984,2951
2985,2952
2986,2953
2987,2954
2988,2955
2989,2956
2990,2957
2991,2958
2992,2959
2993,2960
2994,2961
2995,2962
2996,2963
2997,2964
2998,2965
2999,2966
3000,2967
3001,2968
3002,2969
3003,2970
3004,2971
3005,2972
3006,2973
3007,2974
3008,2975
3009,2976
3010,2977
3011,2978
3012,2979
3013,2980
3014,2981
3015,2982
3016,2983
3017,2984
3018,2985
3019,2986
3020,2987
3021,2988
3022,2989
3023,2990
3024,2991
3025,2992
3026,2993
3027,2994
3028,2995
3029,2996
3030,2997
3031,2998
3032,2999
3033,3000
3034,3001
3035,3002
3036,3003
3037,3004
3038,3005
3039,3006
3040,3007
3041,3008
3042,3009
3043,3010
3044,3011
3045,3012
3046,3013
3047,3014
3048,3015
3049,3016
3050,3017
3051,3018
3052,3019
3053,3020
3054,3021
3055,3022
3056,3023
3057,3024
3058,3025
3059,3026
3060,3027
3061,3028
3062,3029
3063,3030
3064,3031
3065,3032
3066,3033
3067,3034
3068,3035
3069,3036
3070,3037
3071,3038
3072,3039
3073,3040
3074,3041
3075,3042
3076,3043
3077,3044
3078,3045
3079,3046
3080,3047
3081,3048
3082,3049
3083,3050
3084,3051
3085,3052
3086,3053
3087,3054
3088,3055
3089,3056
3090,3057
3091,3058
3092,3059
3093,3060
3094,3061
3095,3062
3096,3063
3097,3064
3098,3065
3099,3066
3100,3067
3101,3068
3102,3069
3103,3070
3104,3071
3105,3072
3106,3073
3107,3074
3108,3075
3109,3076
3110,3077
3111,3078
3112,3079
3113,3080
3114,3081
3115,3082
3116,3083
3117,3084
3118,3085
3119,3086
3120,3087
3121,3088
3122,3089
3123,3090
3124,3091
3125,3092
3126,3093
3127,3094
3128,3095
3129,3096
3130,3097
3131,3098
3132,3099
3133,3100
3134,3101
3135,3102
3136,3103
3137,3104
3138,3105
3139,3106
3140,3107
3141,3108
3142,3109
3143,3110
3144,3111
3145,3112
3146,3113
3147,3114
3148,3115
3149,3116
3150,3117
3151,3118
3152,3119
3153,3120
3154,3121
3155,3122
3156,3123
3157,3124
3158,3125
3159,3126
3160,3127
3161,3128
3162,3129
3163,3130
3164,3131
3165,3132
3166,3133
3167,3134
3168,3135
3169,3136
3170,3137
3171,3138
3172,3139
3173,3140
3174,3141
3175,3142
3176,3143
3177,3144
3178,3145
3179,3146
3180,3147
3181,3148
3182,3149
3183,3150
3184,3151
3185,3152
3186,3153
3187,3154
3188,3155
3189,3156
3190,3157
3191,3158
3192,3159
3193,3160
3194,3161
3195,3162
3196,3163
3197,3164
3198,3165
3199,3166
3200,3167
3201,3168
3202,3169
3203,3170
3204,3171
3205,3172
3206,3173
3207,3174
3208,3175
3209,3176
3210,3177
3211,3178
3212,3179
3213,3180
3214,3181
3215,3182
3216,3183
3217,3184
3218,3185
3219,3186
3220,3187
3221,3188
3222,3189
3223,3190
3224,3191
3225,3192
3226,3193
3227,3194
3228,3195
3229,3196
3230,3197
3231,3198
3232,3199
3233,3200
3234,3201
3235,3202
3236,3203
3237,3204
3238,3205
3239,3206
3240,3207
3241,3208
3242,3209
3243,3210
3244,3211
3245,3212
3246,3213
3247,3214
3248,3215
3249,3216
3250,3217
3251,3218
3252,3219
3253,3220
3254,3221
3255,3222
3256,3223
3257,3224
3258,3225
3259,3226
3260,3227
3261,3228
3262,3229
3263,3230
3264,3231
3265,3232
3266,3233
3267,3234
3268,3235
3269,3236
3270,3237
3271,3238
3272,3239
3273,3240
3274,3241
3275,3242
3276,3243
3277,3244
3278,3245
3279,3246
3280,3247
3281,3248
3282,3249
3283,3250
3284,3251
3285,3252
3286,3253
3287,3254
3288,3255
3289,3256
3290,3257
3291,3258
3292,3259
3293,3260
3294,3261
3295,3262
3296,3263
3297,3264
3298,3265
3299,3266
3300,3267
3301,3268
3302,3269
3303,3270
3304,3271
3305,3272
3306,3273
3307,3274
3308,3275
3309,3276
3310,3277
3311,3278
3312,3279
3313,3280
3314,3281
3315,3282
3316,3283
3317,3284
3318,3285
3319,3286
3320,3287
3321,3288
3322,3289
3323,3290
3324,3291
3325,3292
3326,3293
3327,3294
3328,3295
3329,3296
3330,3297
3331,3298
3332,3299
3333,3300
3334,3301
3335,3302
3336,3303
3337,3304
3338,3305
3339,3306
3340,3307
3341,3308
3342,3309
3343,3310
3344,3311
3345,3312
3346,3313
3347,3314
3348,3315
3349,3316
3350,3317
3351,3318
3352,3319
3353,3320
3354,3321
3355,3322
3356,3323
3357,3324
3358,3325
3359,3326
3360,3327
3361,3328
3362,3329
3363,3330
3364,3331
3365,3332
3366,3333
3367,3334
3368,3335
3369,3336
3370,3337
3371,3338
3372,3339
3373,3340
3374,3341
3375,3342
3376,3343
3377,3344
3378,3345
3379,3346
3380,3347
3381,3348
3382,3349
3383,3350
3384,3351
3385,3352
3386,3353
3387,3354
3388,3355
3389,3356
3390,3357
3391,3358
3392,3359
3393,3360
3394,3361
3395,3362
3396,3363
3397,3364
3398,3365
3399,3366
3400,3367
3401,3368
3402,3369
3403,3370
3404,3371
3405,3372
3406,3373
3407,3374
3408,3375
3409,3376
3410,3377
3411,3378
3412,3379
3413,3380
3414,3381
3415,3382
3416,3383
3417,3384
3418,3385
3419,3386
3420,3387
3421,3388
3422,3389
3423,3390
3424,3391
3425,3392
3426,3393
3427,3394
3428,3395
3429,3396
3430,3397
3431,3398
3432,3399
3433,3400
3434,3401
3435,3402
3436,3403
3437,3404
3438,3405
3439,3406
3440,3407
3441,3408
3442,3409
3443,3410
3444,3411
3445,3412
3446,3413
3447,3414
3448,3415
3449,3416
3450,3417
3451,3418
3452,3419
3453,3420
3454,3421
3455,3422
3456,3423
3457,3424
3458,3425
3459,3426
3460,3427
3461,3428
3462,3429
3463,3430
3464,3431
3465,3432
3466,3433
3467,3434
3468,3435
3469,3436
3470,3437
3471,3438
3472,3439
3473,3440
3474,3441
3475,3442
3476,3443
3477,3444
3478,3445
3479,3446
3480,3447
3481,3448
3482,3449
3483,3450
3484,3451
3485,3452
3486,3453
3487,3454
3488,3455
3489,3456
3490,3457
3491,3458
3492,3459
3493,3460
3494,3461
3495,3462
3496,3463
3497,3464
3498,3465
3499,3466
3500,3467
3501,3468
3502,3469
3503,3470
3504,3471
3505,3472
3506,3473
3507,3474
3508,3475
3509,3476
3510,3477
3511,3478
3512,3479
3513,3480
3514,3481
3515,3482
3516,3483
3517,3484
3518,3485
3519,3486
3520,3487
3521,3488
3522,3489
3523,3490
3524,3491
3525,3492
3526,3493
3527,3494
3528,3495
3529,3496
3530,3497
3531,3498
3532,3499
3533,3500
3534,3501
3535,3502
3536,3503
3537,3504
3538,3505
3539,3506
3540,3507
3541,3508
3542,3509
3543,3510
3544,3511
3545,3512
3546,3513
3547,3514
3548,3515
3549,3516
3550,3517
3551,3518
3552,3519
3553,3520
3554,3521
3555,3522
3556,3523
3557,3524
3558,3525
3559,3526
3560,3527
3561,3528
3562,3529
3563,3530
3564,3531
3565,3532
3566,3533
3567,3534
3568,3535
3569,3536
3570,3537
3571,3538
3572,3539
3573,3540
3574,3541
3575,3542
3576,3543
3577,3544
3578,3545
3579,3546
3580,3547
3581,3548
3582,3549
3583,3550
3584,3551
3585,3552
3586,3553
3587,3554
3588,3555
3589,3556
3590,3557
3591,3558
3592,3559
3593,3560
3594,3561
3595,3562
3596,3563
3597,3564
3598,3565
3599,3566
3600,3567
3601,3568
3602,3569
3603,3570
3604,3571
3605,3572
3606,3573
3607,3574
3608,3575
3609,3576
3610,3577
3611,3578
3612,3579
3613,3580
3614,3581
3615,3582
3616,3583
3617,3584
3618,3585
3619,3586
3620,3587
3621,3588
3622,3589
3623,3590
3624,3591
3625,3592
3626,3593
3627,3594
3628,3595
3629,3596
3630,3597
3631,3598
3632,3599
3633,3600
3634,3601
3635,3602
3636,3603
3637,3604
3638,3605
3639,3606
3640,3607
3641,3608
3642,3609
3643,3610
3644,3611
3645,3612
3646,3613
3647,3614
3648,3615
3649,3616
3650,3617
3651,3618
3652,3619
3653,3620
3654,3621
3655,3622
3656,3623
3657,3624
3658,3625
3659,3626
3660,3627
3661,3628
3662,3629
3663,3630
3664,3631
3665,3632
3666,3633
3667,3634
3668,3635
3669,3636
3670,3637
3671,3638
3672,3639
3673,3640
3674,3641
3675,3642
3676,3643
3677,3644
3678,3645
3679,3646
3680,3647
3681,3648
3682,3649
3683,3650
3684,3651
3685,3652
3686,3653
3687,3654
3688,3655
3689,3656
3690,3657
3691,3658
3692,3659
3693,3660
3694,3661
3695,3662
3696,3663
3697,3664
3698,3665
3699,3666
3700,3667
3701,3668
3702,3669
3703,3670
3704,3671
3705,3672
3706,3673
3707,3674
3708,3675
3709,3676
3710,3677
3711,3678
3712,3679
3713,3680
3714,3681
3715,3682
3716,3683
3717,3684
3718,3685
3719,3686
3720,3687
3721,3688
3722,3689
3723,3690
3724,3691
3725,3692
3726,3693
3727,3694
3728,3695
3729,3696
3730,3697
3731,3698
3732,3699
3733,3700
3734,3701
3735,3702
3736,3703
3737,3704
3738,3705
3739,3706
3740,3707
3741,3708
3742,3709
3743,3710
3744,3711
3745,3712
3746,3713
3747,3714
3748,3715
3749,3716
3750,3717
3751,3718
3752,3719
3753,3720
3754,3721
3755,3722
3756,3723
3757,3724
3758,3725
3759,3726
3760,3727
3761,3728
3762,3729
3763,3730
3764,3731
3765,3732
3766,3733
3767,3734
3768,3735
3769,3736
3770,3737
3771,3738
3772,3739
3773,3740
3774,3741
3775,3742
3776,3743
3777,3744
3778,3745
3779,3746
3780,3747
3781,3748
3782,3749
3783,3750
3784,3751
3785,3752
3786,3753
3787,3754
3788,3755
3789,3756
3790,3757
3791,3758
3792,3759
3793,3760
3794,3761
3795,3762
3796,3763
3797,3764
3798,3765
3799,3766
3800,3767
3801,3768
3802,3769
3803,3770
3804,3771
3805,3772
3806,3773
3807,3774
3808,3775
3809,3776
3810,3777
3811,3778
3812,3779
3813,3780
3814,3781
3815,3782
3816,3783
3817,3784
3818,3785
3819,3786
3820,3787
3821,3788
3822,3789
3823,3790
3824,3791
3825,3792
3826,3793
3827,3794
3828,3795
3829,3796
3830,3797
3831,3798
3832,3799
3833,3800
3834,3801
3835,3802
3836,3803
3837,3804
3838,3805
3839,3806
3840,3807
3841,3808
3842,3809
3843,3810
3844,3811
3845,3812
3846,3813
3847,3814
3848,3815
3849,3816
3850,3817
3851,3818
3852,3819
3853,3820
3854,3821
3855,3822
3856,3823
3857,3824
3858,3825
3859,3826
3860,3827
3861,3828
3862,3829
3863,3830
3864,3831
3865,3832
3866,3833
3867,3834
3868,3835
3869,3836
3870,3837
3871,3838
3872,3839
3873,3840
3874,3841
3875,3842
3876,3843
3877,3844
3878,3845
3879,3846
3880,3847
3881,3848
3882,3849
3883,3850
3884,3851
3885,3852
3886,3853
3887,3854
3888,3855
3889,3856
3890,3857
3891,3858
3892,3859
3893,3860
3894,3861
3895,3862
3896,3863
3897,3864
3898,3865
3899,3866
3900,3867
3901,3868
3902,3869
3903,3870
3904,3871
3905,3872
3906,3873
3907,3874
3908,3875
3909,3876
3910,3877
3911,3878
3912,3879
3913,3880
3914,3881
3915,3882
3916,3883
3917,3884
3918,3885
3919,3886
3920,3887
3921,3888
3922,3889
3923,3890
3924,3891
3925,3892
3926,3893
3927,3894
3928,3895
3929,3896
3930,3897
3931,3898
3932,3899
3933,3900
3934,3901
3935,3902
3936,3903
3937,3904
3938,3905
3939,3906
3940,3907
3941,3908
3942,3909
3943,3910
3944,3911
3945,3912
3946,3913
3947,3914
3948,3915
3949,3916
3950,3917
3951,3918
3952,3919
3953,3920
3954,3921
3955,3922
3956,3923
3957,3924
3958,3925
3959,3926
3960,3927
3961,3928
3962,3929
3963,3930
3964,3931
3965,3932
3966,3933
3967,3934
3968,3935
3969,3936
3970,3937
3971,3938
3972,3939
3973,3940
3974,3941
3975,3942
3976,3943
3977,3944
3978,3945
3979,3946
3980,3947
3981,3948
3982,3949
3983,3950
3984,3951
3985,3952
3986,3953
3987,3954
3988,3955
3989,3956
3990,3957
3991,3958
3992,3959
3993,3960
3994,3961
3995,3962
3996,3963
3997,3964
3998,3965
3999,3966
4000,3967
4001,3968
4002,3969
4003,3970
4004,3971
4005,3972
4006,3973
4007,3974
4008,3975
4009,3976
4010,3977
4011,3978
4012,3979
4013,3980
4014,3981
4015,3982
4016,3983
4017,3984
4018,3985
4019,3986
4020,3987
4021,3988
4022,3989
4023,3990
4024,3991
4025,3992
4026,3993
4027,3994
4028,3995
4029,3996
4030,3997
4031,3998
4032,3999
4033,4000
4034,4001
4035,4002
4036,4003
4037,4004
4038,4005
4039,4006
4040,4007
4041,4008
4042,4009
4043,4010
4044,4011
4045,4012
4046,4013
4047,4014
4048,4015
4049,4016
4050,4017
4051,4018
4052,4019
4053,4020
4054,4021
4055,4022
4056,4023
4057,4024
4058,4025
4059,4026
4060,4027
4061,4028
4062,4029
4063,4030
4064,4031
4065,4032
4066,4033
4067,4034
4068,4035
4069,4036
4070,4037
4071,4038
4072,4039
4073,4040
4074,4041
4075,4042
4076,4043
4077,4044
4078,4045
4079,4046
4080,4047
4081,4048
4082,4049
4083,4050
4084,4051
4085,4052
4086,4053
4087,4054
4088,4055
4089,4056
4090,4057
4091,4058
4092,4059
4093,4060
4094,4061
4095,4062
4096,4063
4097,4064
4098,4065
4099,4066
4100,4067
4101,4068
4102,4069
4103,4070
4104,4071
4105,4072
4106,4073
4107,4074
4108,4075
4109,4076
4110,4077
4111,4078
4112,4079
4113,4080
4114,4081
4115,4082
4116,4083
4117,4084
4118,4085
4119,4086
4120,4087
4121,4088
4122,4089
4123,4090
4124,4091
4125,4092
4126,4093
4127,4094
4128,4095
4129,4096
4130,4097
4131,4098
4132,4099
4133,4100
4134,4101
4135,4102
4136,4103
4137,4104
4138,4105
4139,4106
4140,4107
4141,4108
4142,4109
4143,4110
4144,4111
4145,4112
4146,4113
4147,4114
4148,4115
4149,4116
4150,4117
4151,4118
4152,4119
4153,4120
4154,4121
4155,4122
4156,4123
4157,4124
4158,4125
4159,4126
4160,4127
4161,4128
4162,4129
4163,4130
4164,4131
4165,4132
4166,4133
4167,4134
4168,4135
4169,4136
4170,4137
4171,4138
4172,4139
4173,4140
4174,4141
4175,4142
4176,4143
4177,4144
4178,4145
4179,4146
4180,4147
4181,4148
4182,4149
4183,4150
4184,4151
4185,4152
4186,4153
4187,4154
4188,4155
4189,4156
4190,4157
4191,4158
4192,4159
4193,4160
4194,4161
4195,4162
4196,4163
4197,4164
4198,4165
4199,4166
4200,4167
4201,4168
4202,4169
4203,4170
4204,4171
4205,4172
4206,4173
4207,4174
4208,4175
4209,4176
4210,4177
4211,4178
4212,4179
4213,4180
4214,4181
4215,4182
4216,4183
4217,4184
4218,4185
4219,4186
4220,4187
4221,4188
4222,4189
4223,4190
4224,4191
4225,4192
4226,4193
4227,4194
4228,4195
4229,4196
4230,4197
4231,4198
4232,4199
4233,4200
4234,4201
4235,4202
4236,4203
4237,4204
4238,4205
4239,4206
4240,4207
4241,4208
4242,4209
4243,4210
4244,4211
4245,4212
4246,4213
4247,4214
4248,4215
4249,4216
4250,4217
4251,4218
4252,4219
4253,4220
4254,4221
4255,4222
4256,4223
4257,4224
4258,4225
4259,4226
4260,4227
4261,4228
4262,4229
4263,4230
4264,4231
4265,4232
4266,4233
4267,4234
4268,4235
4269,4236
4270,4237
4271,4238
4272,4239
4273,4240
4274,4241
4275,4242
4276,4243
4277,4244
4278,4245
4279,4246
4280,4247
4281,4248
4282,4249
4283,4250
4284,4251
4285,4252
4286,4253
4287,4254
4288,4255
4289,4256
4290,4257
4291,4258
4292,4259
4293,4260
4294,4261
4295,4262
4296,4263
4297,4264
4298,4265
4299,4266
4300,4267
4301,4268
4302,4269
4303,4270
4304,4271
4305,4272
4306,4273
4307,4274
4308,4275
4309,4276
4310,4277
4311,4278
4312,4279
4313,4280
4314,4281
4315,4282
4316,4283
4317,4284
4318,4285
4319,4286
4320,4287
4321,4288
4322,4289
4323,4290
4324,4291
4325,4292
4326,4293
4327,4294
4328,4295
4329,4296
4330,4297
4331,4298
4332,4299
4333,4300
4334,4301
4335,4302
4336,4303
4337,4304
4338,4305
4339,4306
4340,4307
4341,4308
4342,4309
4343,4310
4344,4311
4345,4312
4346,4313
4347,4314
4348,4315
4349,4316
4350,4317
4351,4318
4352,4319
4353,4320
4354,4321
4355,4322
4356,4323
4357,4324
4358,4325
4359,4326
4360,4327
4361,4328
4362,4329
4363,4330
4364,4331
4365,4332
4366,4333
4367,4334
4368,4335
4369,4336
4370,4337
4371,4338
4372,4339
4373,4340
4374,4341
4375,4342
4376,4343
4377,4344
4378,4345
4379,4346
4380,4347
4381,4348
4382,4349
4383,4350
4384,4351
4385,4352
4386,4353
4387,4354
4388,4355
4389,4356
4390,4357
4391,4358
4392,4359
4393,4360
4394,4361
4395,4362
4396,4363
4397,4364
4398,4365
4399,4366
4400,4367
4401,4368
4402,4369
4403,4370
4404,4371
4405,4372
4406,4373
4407,4374
4408,4375
4409,4376
4410,4377
4411,4378
4412,4379
4413,4380
4414,4381
4415,4382
4416,4383
4417,4384
4418,4385
4419,4386
4420,4387
4421,4388
4422,4389
4423,4390
4424,4391
4425,4392
4426,4393
4427,4394
4428,4395
4429,4396
4430,4397
4431,4398
4432,4399
4433,4400
4434,4401
4435,4402
4436,4403
4437,4404
4438,4405
4439,4406
4440,4407
4441,4408
4442,4409
4443,4410
4444,4411
4445,4412
4446,4413
4447,4414
4448,4415
4449,4416
4450,4417
4451,4418
4452,4419
4453,4420
4454,4421
4455,4422
4456,4423
4457,4424
4458,4425
4459,4426
4460,4427
4461,4428
4462,4429
4463,4430
4464,4431
4465,4432
4466,4433
4467,4434
4468,4435
4469,4436
4470,4437
4471,4438
4472,4439
4473,4440
4474,4441
4475,4442
4476,4443
4477,4444
4478,4445
4479,4446
4480,4447
4481,4448
4482,4449
4483,4450
4484,4451
4485,4452
4486,4453
4487,4454
4488,4455
4489,4456
4490,4457
4491,4458
4492,4459
4493,4460
4494,4461
4495,4462
4496,4463
4497,4464
4498,4465
4499,4466
4500,4467
4501,4468
4502,4469
4503,4470
4504,4471
4505,4472
4506,4473
4507,4474
4508,4475
4509,4476
4510,4477
4511,4478
4512,4479
4513,4480
4514,4481
4515,4482
4516,4483
4517,4484
4518,4485
4519,4486
4520,4487
4521,4488
4522,4489
4523,4490
4524,4491
4525,4492
4526,4493
4527,4494
4528,4495
4529,4496
4530,4497
4531,4498
4532,4499
4533,4500
4534,4501
4535,4502
4536,4503
4537,4504
4538,4505
4539,4506
4540,4507
4541,4508
4542,4509
4543,4510
4544,4511
4545,4512
4546,4513
4547,4514
4548,4515
4549,4516
4550,4517
4551,4518
4552,4519
4553,4520
4554,4521
4555,4522
4556,4523
4557,4524
4558,4525
4559,4526
4560,4527
4561,4528
4562,4529
4563,4530
4564,4531
4565,4532
4566,4533
4567,4534
4568,4535
4569,4536
4570,4537
4571,4538
4572,4539
4573,4540
4574,4541
4575,4542
4576,4543
4577,4544
4578,4545
4579,4546
4580,4547
4581,4548
4582,4549
4583,4550
4584,4551
4585,4552
4586,4553
4587,4554
4588,4555
4589,4556
4590,4557
4591,4558
4592,4559
4593,4560
4594,4561
4595,4562
4596,4563
4597,4564
4598,4565
4599,4566
4600,4567
4601,4568
4602,4569
4603,4570
4604,4571
4605,4572
4606,4573
4607,4574
4608,4575
4609,4576
4610,4577
4611,4578
4612,4579
4613,4580
4614,4581
4615,4582
4616,4583
4617,4584
4618,4585
4619,4586
4620,4587
4621,4588
4622,4589
4623,4590
4624,4591
4625,4592
4626,4593
4627,4594
4628,4595
4629,4596
4630,4597
4631,4598
4632,4599
4633,4600
4634,4601
4635,4602
4636,4603
4637,4604
4638,4605
4639,4606
4640,4607
4641,4608
4642,4609
4643,4610
4644,4611
4645,4612
4646,4613
4647,4614
4648,4615
4649,4616
4650,4617
4651,4618
4652,4619
4653,4620
4654,4621
4655,4622
4656,4623
4657,4624
4658,4625
4659,4626
4660,4627
4661,4628
4662,4629
4663,4630
4664,4631
4665,4632
4666,4633
4667,4634
4668,4635
4669,4636
4670,4637
4671,4638
4672,4639
4673,4640
4674,4641
4675,4642
4676,4643
4677,4644
4678,4645
4679,4646
4680,4647
4681,4648
4682,4649
4683,4650
4684,4651
4685,4652
4686,4653
4687,4654
4688,4655
4689,4656
4690,4657
4691,4658
4692,4659
4693,4660
4694,4661
4695,4662
4696,4663
4697,4664
4698,4665
4699,4666
4700,4667
4701,4668
4702,4669
4703,4670
4704,4671
4705,4672
4706,4673
4707,4674
4708,4675
4709,4676
4710,4677
4711,4678
4712,4679
4713,4680
4714,4681
4715,4682
4716,4683
4717,4684
4718,4685
4719,4686
4720,4687
4721,4688
4722,4689
4723,4690
4724,4691
4725,4692
4726,4693
4727,4694
4728,4695
4729,4696
4730,4697
4731,4698
4732,4699
4733,4700
4734,4701
4735,4702
4736,4703
4737,4704
4738,4705
4739,4706
4740,4707
4741,4708
4742,4709
4743,4710
4744,4711
4745,4712
4746,4713
4747,4714
4748,4715
4749,4716
4750,4717
4751,4718
4752,4719
4753,4720
4754,4721
4755,4722
4756,4723
4757,4724
4758,4725
4759,4726
4760,4727
4761,4728
4762,4729
4763,4730
4764,4731
4765,4732
4766,4733
4767,4734
4768,4735
4769,4736
4770,4737
4771,4738
4772,4739
4773,4740
4774,4741
4775,4742
4776,4743
4777,4744
4778,4745
4779,4746
4780,4747
4781,4748
4782,4749
4783,4750
4784,4751
4785,4752
4786,4753
4787,4754
4788,4755
4789,4756
4790,4757
4791,4758
4792,4759
4793,4760
4794,4761
4795,4762
4796,4763
4797,4764
4798,4765
4799,4766
4800,4767
4801,4768
4802,4769
4803,4770
4804,4771
4805,4772
4806,4773
4807,4774
4808,4775
4809,4776
4810,4777
4811,4778
4812,4779
4813,4780
4814,4781
4815,4782
4816,4783
4817,4784
4818,4785
4819,4786
4820,4787
4821,4788
4822,4789
4823,4790
4824,4791
4825,4792
4826,4793
4827,4794
4828,4795
4829,4796
4830,4797
4831,4798
4832,4799
4833,4800
4834,4801
4835,4802
4836,4803
4837,4804
4838,4805
4839,4806
4840,4807
4841,4808
4842,4809
4843,4810
4844,4811
4845,4812
4846,4813
4847,4814
4848,4815
4849,4816
4850,4817
4851,4818
4852,4819
4853,4820
4854,4821
4855,4822
4856,4823
4857,4824
4858,4825
4859,4826
4860,4827
4861,4828
4862,4829
4863,4830
4864,4831
4865,4832
4866,4833
4867,4834
4868,4835
4869,4836
4870,4837
4871,4838
4872,4839
4873,4840
4874,4841
4875,4842
4876,4843
4877,4844
4878,4845
4879,4846
4880,4847
4881,4848
4882,4849
4883,4850
4884,4851
4885,4852
4886,4853
4887,4854
4888,4855
4889,4856
4890,4857
4891,4858
4892,4859
4893,4860
4894,4861
4895,4862
4896,4863
4897,4864
4898,4865
4899,4866
4900,4867
4901,4868
4902,4869
4903,4870
4904,4871
4905,4872
4906,4873
4907,4874
4908,4875
4909,4876
4910,4877
4911,4878
4912,4879
4913,4880
4914,4881
4915,4882
4916,4883
4917,4884
4918,4885
4919,4886
4920,4887
4921,4888
4922,4889
4923,4890
4924,4891
4925,4892
4926,4893
4927,4894
4928,4895
4929,4896
4930,4897
4931,4898
4932,4899
4933,4900
4934,4901
4935,4902
4936,4903
4937,4904
4938,4905
4939,4906
4940,4907
4941,4908
4942,4909
4943,4910
4944,4911
4945,4912
4946,4913
4947,4914
4948,4915
4949,4916
4950,4917
4951,4918
4952,4919
4953,4920
4954,4921
4955,4922
4956,4923
4957,4924
4958,4925
4959,4926
4960,4927
4961,4928
4962,4929
4963,4930
4964,4931
4965,4932
4966,4933
4967,4934
4968,4935
4969,4936
4970,4937
4971,4938
4972,4939
4973,4940
4974,4941
4975,4942
4976,4943
4977,4944
4978,4945
4979,4946
4980,4947
4981,4948
4982,4949
4983,4950
4984,4951
4985,4952
4986,4953
4987,4954
4988,4955
4989,4956
4990,4957
4991,4958
4992,4959
4993,4960
4994,4961
4995,4962
4996,4963
4997,4964
4998,4965
4999,4966
5000,4967
5001,4968
5002,4969
5003,4970
5004,4971
5005,4972
5006,4973
5007,4974
5008,4975
5009,4976
5010,4977
5011,4978
5012,4979
5013,4980
5014,4981
5015,4982
5016,4983
5017,4984
5018,4985
5019,4986
5020,4987
5021,4988
5022,4989
5023,4990
5024,4991
5025,4992
5026,4993
5027,4994
5028,4995
5029,4996
5030,4997
5031,4998
5032,4999
5033,5000
5034,5001
5035,5002
5036,5003
5037,5004
5038,5005
5039,5006
5040,5007
5041,5008
5042,5009
5043,5010
5044,5011
5045,5012
5046,5013
5047,5014
5048,5015
5049,5016
5050,5017
5051,5018
5052,5019
5053,5020
5054,5021
5055,5022
5056,5023
5057,5024
5058,5025
5059,5026
5060,5027
5061,5028
5062,5029
5063,5030
5064,5031
5065,5032
5066,5033
5067,5034
5068,5035
5069,5036
5070,5037
5071,5038
5072,5039
5073,5040
5074,5041
5075,5042
5076,5043
5077,5044
5078,5045
5079,5046
5080,5047
5081,5048
5082,5049
5083,5050
5084,5051
5085,5052
5086,5053
5087,5054
5088,5055
5089,5056
5090,5057
5091,5058
5092,5059
5093,5060
5094,5061
5095,5062
5096,5063
5097,5064
5098,5065
5099,5066
5100,5067
5101,5068
5102,5069
5103,5070
5104,5071
5105,5072
5106,5073
5107,5074
5108,5075
5109,5076
5110,5077
5111,5078
5112,5079
5113,5080
5114,5081
5115,5082
5116,5083
5117,5084
5118,5085
5119,5086
5120,5087
5121,5088
5122,5089
5123,5090
5124,5091
5125,5092
5126,5093
5127,5094
5128,5095
5129,5096
5130,5097
5131,5098
5132,5099
5133,5100
5134,5101
5135,5102
5136,5103
5137,5104
5138,5105
5139,5106
5140,5107
5141,5108
5142,5109
5143,5110
5144,5111
5145,5112
5146,5113
5147,5114
5148,5115
5149,5116
5150,5117
5151,5118
5152,5119
5153,5120
5154,5121
5155,5122
5156,5123
5157,5124
5158,5125
5159,5126
5160,5127
5161,5128
5162,5129
5163,5130
5164,5131
5165,5132
5166,5133
5167,5134
5168,5135
5169,5136
5170,5137
5171,5138
5172,5139
5173,5140
5174,5141
5175,5142
5176,5143
5177,5144
5178,5145
5179,5146
5180,5147
5181,5148
5182,5149
5183,5150
5184,5151
5185,5152
5186,5153
5187,5154
5188,5155
5189,5156
5190,5157
5191,5158
5192,5159
5193,5160
5194,5161
5195,5162
5196,5163
5197,5164
5198,5165
5199,5166
5200,5167
5201,5168
5202,5169
5203,5170
5204,5171
5205,5172
5206,5173
5207,5174
5208,5175
5209,5176
5210,5177
5211,5178
5212,5179
5213,5180
5214,5181
5215,5182
5216,5183
5217,5184
5218,5185
5219,5186
5220,5187
5221,5188
5222,5189
5223,5190
5224,5191
5225,5192
5226,5193
5227,5194
5228,5195
5229,5196
5230,5197
5231,5198
5232,5199
5233,5200
5234,5201
5235,5202
5236,5203
5237,5204
5238,5205
5239,5206
5240,5207
5241,5208
5242,5209
5243,5210
5244,5211
5245,5212
5246,5213
5247,5214
5248,5215
5249,5216
5250,5217
5251,5218
5252,5219
5253,5220
5254,5221
5255,5222
5256,5223
5257,5224
5258,5225
5259,5226
5260,5227
5261,5228
5262,5229
5263,5230
5264,5231
5265,5232
5266,5233
5267,5234
5268,5235
5269,5236
5270,5237
5271,5238
5272,5239
5273,5240
5274,5241
5275,5242
5276,5243
5277,5244
5278,5245
5279,5246
5280,5247
5281,5248
5282,5249
5283,5250
5284,5251
5285,5252
5286,5253
5287,5254
5288,5255
5289,5256
5290,5257
5291,5258
5292,5259
5293,5260
5294,5261
5295,5262
5296,5263
5297,5264
5298,5265
5299,5266
5300,5267
5301,5268
5302,5269
5303,5270
5304,5271
5305,5272
5306,5273
5307,5274
5308,5275
5309,5276
5310,5277
5311,5278
5312,5279
5313,5280
5314,5281
5315,5282
5316,5283
5317,5284
5318,5285
5319,5286
5320,5287
5321,5288
5322,5289
5323,5290
5324,5291
5325,5292
5326,5293
5327,5294
5328,5295
5329,5296
5330,5297
5331,5298
5332,5299
5333,5300
5334,5301
5335,5302
5336,5303
5337,5304
5338,5305
5339,5306
5340,5307
5341,5308
5342,5309
5343,5310
5344,5311
5345,5312
5346,5313
5347,5314
5348,5315
5349,5316
5350,5317
5351,5318
5352,5319
5353,5320
5354,5321
5355,5322
5356,5323
5357,5324
5358,5325
5359,5326
5360,5327
5361,5328
5362,5329
5363,5330
5364,5331
5365,5332
5366,5333
5367,5334
5368,5335
5369,5336
5370,5337
5371,5338
5372,5339
5373,5340
5374,5341
5375,5342
5376,5343
5377,5344
5378,5345
5379,5346
5380,5347
5381,5348
5382,5349
5383,5350
5384,5351
5385,5352
5386,5353
5387,5354
5388,5355
5389,5356
5390,5357
5391,5358
5392,5359
5393,5360
5394,5361
5395,5362
5396,5363
5397,5364
5398,5365
5399,5366
5400,5367
5401,5368
5402,5369
5403,5370
5404,5371
5405,5372
5406,5373
5407,5374
5408,5375
5409,5376
5410,5377
5411,5378
5412,5379
5413,5380
5414,5381
5415,5382
5416,5383
5417,5384
5418,5385
5419,5386
5420,5387
5421,5388
5422,5389
5423,5390
5424,5391
5425,5392
5426,5393
5427,5394
5428,5395
5429,5396
5430,5397
5431,5398
5432,5399
5433,5400
5434,5401
5435,5402
5436,5403
5437,5404
5438,5405
5439,5406
5440,5407
5441,5408
5442,5409
5443,5410
5444,5411
5445,5412
5446,5413
5447,5414
5448,5415
5449,5416
5450,5417
5451,5418
5452,5419
5453,5420
5454,5421
5455,5422
5456,5423
5457,5424
5458,5425
5459,5426
5460,5427
5461,5428
5462,5429
5463,5430
5464,5431
5465,5432
5466,5433
5467,5434
5468,5435
5469,5436
5470,5437
5471,5438
5472,5439
5473,5440
5474,5441
5475,5442
5476,5443
5477,5444
5478,5445
5479,5446
5480,5447
5481,5448
5482,5449
5483,5450
5484,5451
5485,5452
5486,5453
5487,5454
5488,5455
5489,5456
5490,5457
5491,5458
5492,5459
5493,5460
5494,5461
5495,5462
5496,5463
5497,5464
5498,5465
5499,5466
5500,5467
5501,5468
5502,5469
5503,5470
5504,5471
5505,5472
5506,5473
5507,5474
5508,5475
5509,5476
5510,5477
5511,5478
5512,5479
5513,5480
5514,5481
5515,5482
5516,5483
5517,5484
5518,5485
5519,5486
5520,5487
5521,5488
5522,5489
5523,5490
5524,5491
5525,5492
5526,5493
5527,5494
5528,5495
5529,5496
5530,5497
5531,5498
5532,5499
5533,5500
5534,5501
5535,5502
5536,5503
5537,5504
5538,5505
5539,5506
5540,5507
5541,5508
5542,5509
5543,5510
5544,5511
5545,5512
5546,5513
5547,5514
5548,5515
5549,5516
5550,5517
5551,5518
5552,5519
5553,5520
5554,5521
5555,5522
5556,5523
5557,5524
5558,5525
5559,5526
5560,5527
5561,5528
5562,5529
5563,5530
5564,5531
5565,5532
5566,5533
5567,5534
5568,5535
5569,5536
5570,5537
5571,5538
5572,5539
5573,5540
5574,5541
5575,5542
5576,5543
5577,5544
5578,5545
5579,5546
5580,5547
5581,5548
5582,5549
5583,5550
5584,5551
5585,5552
5586,5553
5587,5554
5588,5555
5589,5556
5590,5557
5591,5558
5592,5559
5593,5560
5594,5561
5595,5562
5596,5563
5597,5564
5598,5565
5599,5566
5600,5567
5601,5568
5602,5569
5603,5570
5604,5571
5605,5572
5606,5573
5607,5574
5608,5575
5609,5576
5610,5577
5611,5578
5612,5579
5613,5580
5614,5581
5615,5582
5616,5583
5617,5584
5618,5585
5619,5586
5620,5587
5621,5588
5622,5589
5623,5590
5624,5591
5625,5592
5626,5593
5627,5594
5628,5595
5629,5596
5630,5597
5631,5598
5632,5599
5633,5600
5634,5601
5635,5602
5636,5603
5637,5604
5638,5605
5639,5606
5640,5607
5641,5608
5642,5609
5643,5610
5644,5611
5645,5612
5646,5613
5647,5614
5648,5615
5649,5616
5650,5617
5651,5618
5652,5619
5653,5620
5654,5621
5655,5622
5656,5623
5657,5624
5658,5625
5659,5626
5660,5627
5661,5628
5662,5629
5663,5630
5664,5631
5665,5632
5666,5633
5667,5634
5668,5635
5669,5636
5670,5637
5671,5638
5672,5639
5673,5640
5674,5641
5675,5642
5676,5643
5677,5644
5678,5645
5679,5646
5680,5647
5681,5648
5682,5649
5683,5650
5684,5651
5685,5652
5686,5653
5687,5654
5688,5655
5689,5656
5690,5657
5691,5658
5692,5659
5693,5660
5694,5661
5695,5662
5696,5663
5697,5664
5698,5665
5699,5666
5700,5667
5701,5668
5702,5669
5703,5670
5704,5671
5705,5672
5706,5673
5707,5674
5708,5675
5709,5676
5710,5677
5711,5678
5712,5679
5713,5680
5714,5681
5715,5682
5716,5683
5717,5684
5718,5685
5719,5686
5720,5687
5721,5688
5722,5689
5723,5690
5724,5691
5725,5692
5726,5693
5727,5694
5728,5695
5729,5696
5730,5697
5731,5698
5732,5699
5733,5700
5734,5701
5735,5702
5736,5703
5737,5704
5738,5705
5739,5706
5740,5707
5741,5708
5742,5709
5743,5710
5744,5711
5745,5712
5746,5713
5747,5714
5748,5715
5749,5716
5750,5717
5751,5718
5752,5719
5753,5720
5754,5721
5755,5722
5756,5723
5757,5724
5758,5725
5759,5726
5760,5727
5761,5728
5762,5729
5763,5730
5764,5731
5765,5732
5766,5733
5767,5734
5768,5735
5769,5736
5770,5737
5771,5738
5772,5739
5773,5740
5774,5741
5775,5742
5776,5743
5777,5744
5778,5745
5779,5746
5780,5747
5781,5748
5782,5749
5783,5750
5784,5751
5785,5752
5786,5753
5787,5754
5788,5755
5789,5756
5790,5757
5791,5758
5792,5759
5793,5760
5794,5761
5795,5762
5796,5763
5797,5764
5798,5765
5799,5766
5800,5767
5801,5768
5802,5769
5803,5770
5804,5771
5805,5772
5806,5773
5807,5774
5808,5775
5809,5776
5810,5777
5811,5778
5812,5779
5813,5780
5814,5781
5815,5782
5816,5783
5817,5784
5818,5785
5819,5786
5820,5787
5821,5788
5822,5789
5823,5790
5824,5791
5825,5792
5826,5793
5827,5794
5828,5795
5829,5796
5830,5797
5831,5798
5832,5799
5833,5800
5834,5801
5835,5802
5836,5803
5837,5804
5838,5805
5839,5806
5840,5807
5841,5808
5842,5809
5843,5810
5844,5811
5845,5812
5846,5813
5847,5814
5848,5815
5849,5816
5850,5817
5851,5818
5852,5819
5853,5820
5854,5821
5855,5822
5856,5823
5857,5824
5858,5825
5859,5826
5860,5827
5861,5828
5862,5829
5863,5830
5864,5831
5865,5832
5866,5833
5867,5834
5868,5835
5869,5836
5870,5837
5871,5838
5872,5839
5873,5840
5874,5841
5875,5842
5876,5843
5877,5844
5878,5845
5879,5846
5880,5847
5881,5848
5882,5849
5883,5850
5884,5851
5885,5852
5886,5853
5887,5854
5888,5855
5889,5856
5890,5857
5891,5858
5892,5859
5893,5860
5894,5861
5895,5862
5896,5863
5897,5864
5898,5865
5899,5866
5900,5867
5901,5868
5902,5869
5903,5870
5904,5871
5905,5872
5906,5873
5907,5874
5908,5875
5909,5876
5910,5877
5911,5878
5912,5879
5913,5880
5914,5881
5915,5882
5916,5883
5917,5884
5918,5885
5919,5886
5920,5887
5921,5888
5922,5889
5923,5890
5924,5891
5925,5892
5926,5893
5927,5894
5928,5895
5929,5896
5930,5897
5931,5898
5932,5899
5933,5900
5934,5901
5935,5902
5936,5903
5937,5904
5938,5905
5939,5906
5940,5907
5941,5908
5942,5909
5943,5910
5944,5911
5945,5912
5946,5913
5947,5914
5948,5915
5949,5916
5950,5917
5951,5918
5952,5919
5953,5920
5954,5921
5955,5922
5956,5923
5957,5924
5958,5925
5959,5926
5960,5927
5961,5928
5962,5929
5963,5930
5964,5931
5965,5932
5966,5933
5967,5934
5968,5935
5969,5936
5970,5937
5971,5938
5972,5939
5973,5940
5974,5941
5975,5942
5976,5943
5977,5944
5978,5945
5979,5946
5980,5947
5981,5948
5982,5949
5983,5950
5984,5951
5985,5952
5986,5953
5987,5954
5988,5955
5989,5956
5990,5957
5991,5958
5992,5959
5993,5960
5994,5961
5995,5962
5996,5963
5997,5964
5998,5965
5999,5966
6000,5967
6001,5968
6002,5969
6003,5970
6004,5971
6005,5972
6006,5973
6007,5974
6008,5975
6009,5976
6010,5977
6011,5978
6012,5979
6013,5980
6014,5981
6015,5982
6016,5983
6017,5984
6018,5985
6019,5986
6020,5987
6021,5988
6022,5989
6023,5990
6024,5991
6025,5992
6026,5993
6027,5994
6028,5995
6029,5996
6030,5997
6031,5998
6032,5999
6033,6000
6034,6001
6035,6002
6036,6003
6037,6004
6038,6005
6039,6006
6040,6007
6041,6008
6042,6009
6043,6010
6044,6011
6045,6012
6046,6013
6047,6014
6048,6015
6049,6016
6050,6017
6051,6018
6052,6019
6053,6020
6054,6021
6055,6022
6056,6023
6057,6024
6058,6025
6059,6026
6060,6027
6061,6028
6062,6029
6063,6030
6064,6031
6065,6032
6066,6033
6067,6034
6068,6035
6069,6036
6070,6037
6071,6038
6072,6039
6073,6040
6074,6041
6075,6042
6076,6043
6077,6044
6078,6045
6079,6046
6080,6047
6081,6048
6082,6049
6083,6050
6084,6051
6085,6052
6086,6053
6087,6054
6088,6055
6089,6056
6090,6057
6091,6058
6092,6059
6093,6060
6094,6061
6095,6062
6096,6063
6097,6064
6098,6065
6099,6066
6100,6067
6101,6068
6102,6069
6103,6070
6104,6071
6105,6072
6106,6073
6107,6074
6108,6075
6109,6076
6110,6077
6111,6078
6112,6079
6113,6080
6114,6081
6115,6082
6116,6083
6117,6084
6118,6085
6119,6086
6120,6087
6121,6088
6122,6089
6123,6090
6124,6091
6125,6092
6126,6093
6127,6094
6128,6095
6129,6096
6130,6097
6131,6098
6132,6099
6133,6100
6134,6101
6135,6102
6136,6103
6137,6104
6138,6105
6139,6106
6140,6107
6141,6108
6142,6109
6143,6110
6144,6111
6145,6112
6146,6113
6147,6114
6148,6115
6149,6116
6150,6117
6151,6118
6152,6119
6153,6120
6154,6121
6155,6122
6156,6123
6157,6124
6158,6125
6159,6126
6160,6127
6161,6128
6162,6129
6163,6130
6164,6131
6165,6132
6166,6133
6167,6134
6168,6135
6169,6136
6170,6137
6171,6138
6172,6139
6173,6140
6174,6141
6175,6142
6176,6143
6177,6144
6178,6145
6179,6146
6180,6147
6181,6148
6182,6149
6183,6150
6184,6151
6185,6152
6186,6153
6187,6154
6188,6155
6189,6156
6190,6157
6191,6158
6192,6159
6193,6160
6194,6161
6195,6162
6196,6163
6197,6164
6198,6165
6199,6166
6200,6167
6201,6168
6202,6169
6203,6170
6204,6171
6205,6172
6206,6173
6207,6174
6208,6175
6209,6176
6210,6177
6211,6178
6212,6179
6213,6180
6214,6181
6215,6182
6216,6183
6217,6184
6218,6185
6219,6186
6220,6187
6221,6188
6222,6189
6223,6190
6224,6191
6225,6192
6226,6193
6227,6194
6228,6195
6229,6196
6230,6197
6231,6198
6232,6199
6233,6200
6234,6201
6235,6202
6236,6203
6237,6204
6238,6205
6239,6206
6240,6207
6241,6208
6242,6209
6243,6210
6244,6211
6245,6212
6246,6213
6247,6214
6248,6215
6249,6216
6250,6217
6251,6218
6252,6219
6253,6220
6254,6221
6255,6222
6256,6223
6257,6224
6258,6225
6259,6226
6260,6227
6261,6228
6262,6229
6263,6230
6264,6231
6265,6232
6266,6233
6267,6234
6268,6235
6269,6236
6270,6237
6271,6238
6272,6239
6273,6240
6274,6241
6275,6242
6276,6243
6277,6244
6278,6245
6279,6246
6280,6247
6281,6248
6282,6249
6283,6250
6284,6251
6285,6252
6286,6253
6287,6254
6288,6255
6289,6256
6290,6257
6291,6258
6292,6259
6293,6260
6294,6261
6295,6262
6296,6263
6297,6264
6298,6265
6299,6266
6300,6267
6301,6268
6302,6269
6303,6270
6304,6271
6305,6272
6306,6273
6307,6274
6308,6275
6309,6276
6310,6277
6311,6278
6312,6279
6313,6280
6314,6281
6315,6282
6316,6283
6317,6284
6318,6285
6319,6286
6320,6287
6321,6288
6322,6289
6323,6290
6324,6291
6325,6292
6326,6293
6327,6294
6328,6295
6329,6296
6330,6297
6331,6298
6332,6299
6333,6300
6334,6301
6335,6302
6336,6303
6337,6304
6338,6305
6339,6306
6340,6307
6341,6308
6342,6309
6343,6310
6344,6311
6345,6312
6346,6313
6347,6314
6348,6315
6349,6316
6350,6317
6351,6318
6352,6319
6353,6320
6354,6321
6355,6322
6356,6323
6357,6324
6358,6325
6359,6326
6360,6327
6361,6328
6362,6329
6363,6330
6364,6331
6365,6332
6366,6333
6367,6334
6368,6335
6369,6336
6370,6337
6371,6338
6372,6339
6373,6340
6374,6341
6375,6342
6376,6343
6377,6344
6378,6345
6379,6346
6380,6347
6381,6348
6382,6349
6383,6350
6384,6351
6385,6352
6386,6353
6387,6354
6388,6355
6389,6356
6390,6357
6391,6358
6392,6359
6393,6360
6394,6361
6395,6362
6396,6363
6397,6364
6398,6365
6399,6366
6400,6367
6401,6368
6402,6369
6403,6370
6404,6371
6405,6372
6406,6373
6407,6374
6408,6375
6409,6376
6410,6377
6411,6378
6412,6379
6413,6380
6414,6381
6415,6382
6416,6383
6417,6384
6418,6385
6419,6386
6420,6387
6421,6388
6422,6389
6423,6390
6424,6391
6425,6392
6426,6393
6427,6394
6428,6395
6429,6396
6430,6397
6431,6398
6432,6399
6433,6400
6434,6401
6435,6402
6436,6403
6437,6404
6438,6405
6439,6406
6440,6407
6441,6408
6442,6409
6443,6410
6444,6411
6445,6412
6446,6413
6447,6414
6448,6415
6449,6416
6450,6417
6451,6418
6452,6419
6453,6420
6454,6421
6455,6422
6456,6423
6457,6424
6458,6425
6459,6426
6460,6427
6461,6428
6462,6429
6463,6430
6464,6431
6465,6432
6466,6433
6467,6434
6468,6435
6469,6436
6470,6437
6471,6438
6472,6439
6473,6440
6474,6441
6475,6442
6476,6443
6477,6444
6478,6445
6479,6446
6480,6447
6481,6448
6482,6449
6483,6450
6484,6451
6485,6452
6486,6453
6487,6454
6488,6455
6489,6456
6490,6457
6491,6458
6492,6459
6493,6460
6494,6461
6495,6462
6496,6463
6497,6464
6498,6465
6499,6466
6500,6467
6501,6468
6502,6469
6503,6470
6504,6471
6505,6472
6506,6473
6507,6474
6508,6475
6509,6476
6510,6477
6511,6478
6512,6479
6513,6480
6514,6481
6515,6482
6516,6483
6517,6484
6518,6485
6519,6486
6520,6487
6521,6488
6522,6489
6523,6490
6524,6491
6525,6492
6526,6493
6527,6494
6528,6495
6529,6496
6530,6497
6531,6498
6532,6499
6533,6500
6534,6501
6535,6502
6536,6503
6537,6504
6538,6505
6539,6506
6540,6507
6541,6508
6542,6509
6543,6510
6544,6511
6545,6512
6546,6513
6547,6514
6548,6515
6549,6516
6550,6517
6551,6518
6552,6519
6553,6520
6554,6521
6555,6522
6556,6523
6557,6524
6558,6525
6559,6526
6560,6527
6561,6528
6562,6529
6563,6530
6564,6531
6565,6532
6566,6533
6567,6534
6568,6535
6569,6536
6570,6537
6571,6538
6572,6539
6573,6540
6574,6541
6575,6542
6576,6543
6577,6544
6578,6545
6579,6546
6580,6547
6581,6548
6582,6549
6583,6550
6584,6551
6585,6552
6586,6553
6587,6554
6588,6555
6589,6556
6590,6557
6591,6558
6592,6559
6593,6560
6594,6561
6595,6562
6596,6563
6597,6564
6598,6565
6599,6566
6600,6567
6601,6568
6602,6569
6603,6570
6604,6571
6605,6572
6606,6573
6607,6574
6608,6575
6609,6576
6610,6577
6611,6578
6612,6579
6613,6580
6614,6581
6615,6582
6616,6583
6617,6584
6618,6585
6619,6586
6620,6587
6621,6588
6622,6589
6623,6590
6624,6591
6625,6592
6626,6593
6627,6594
6628,6595
6629,6596
6630,6597
6631,6598
6632,6599
6633,6600
6634,6601
6635,6602
6636,6603
6637,6604
6638,6605
6639,6606
6640,6607
6641,6608
6642,6609
6643,6610
6644,6611
6645,6612
6646,6613
6647,6614
6648,6615
6649,6616
6650,6617
6651,6618
6652,6619
6653,6620
6654,6621
6655,6622
6656,6623
6657,6624
6658,6625
6659,6626
6660,6627
6661,6628
6662,6629
6663,6630
6664,6631
6665,6632
6666,6633
6667,6634
6668,6635
6669,6636
6670,6637
6671,6638
6672,6639
6673,6640
6674,6641
6675,6642
6676,6643
6677,6644
6678,6645
6679,6646
6680,6647
6681,6648
6682,6649
6683,6650
6684,6651
6685,6652
6686,6653
6687,6654
6688,6655
6689,6656
6690,6657
6691,6658
6692,6659
6693,6660
6694,6661
6695,6662
6696,6663
6697,6664
6698,6665
6699,6666
6700,6667
6701,6668
6702,6669
6703,6670
6704,6671
6705,6672
6706,6673
6707,6674
6708,6675
6709,6676
6710,6677
6711,6678
6712,6679
6713,6680
6714,6681
6715,6682
6716,6683
6717,6684
6718,6685
6719,6686
6720,6687
6721,6688
6722,6689
6723,6690
6724,6691
6725,6692
6726,6693
6727,6694
6728,6695
6729,6696
6730,6697
6731,6698
6732,6699
6733,6700
6734,6701
6735,6702
6736,6703
6737,6704
6738,6705
6739,6706
6740,6707
6741,6708
6742,6709
6743,6710
6744,6711
6745,6712
6746,6713
6747,6714
6748,6715
6749,6716
6750,6717
6751,6718
6752,6719
6753,6720
6754,6721
6755,6722
6756,6723
6757,6724
6758,6725
6759,6726
6760,6727
6761,6728
6762,6729
6763,6730
6764,6731
6765,6732
6766,6733
6767,6734
6768,6735
6769,6736
6770,6737
6771,6738
6772,6739
6773,6740
6774,6741
6775,6742
6776,6743
6777,6744
6778,6745
6779,6746
6780,6747
6781,6748
6782,6749
6783,6750
6784,6751
6785,6752
6786,6753
6787,6754
6788,6755
6789,6756
6790,6757
6791,6758
6792,6759
6793,6760
6794,6761
6795,6762
6796,6763
6797,6764
6798,6765
6799,6766
6800,6767
6801,6768
6802,6769
6803,6770
6804,6771
6805,6772
6806,6773
6807,6774
6808,6775
6809,6776
6810,6777
6811,6778
6812,6779
6813,6780
6814,6781
6815,6782
6816,6783
6817,6784
6818,6785
6819,6786
6820,6787
6821,6788
6822,6789
6823,6790
6824,6791
6825,6792
6826,6793
6827,6794
6828,6795
6829,6796
6830,6797
6831,6798
6832,6799
6833,6800
6834,6801
6835,6802
6836,6803
6837,6804
6838,6805
6839,6806
6840,6807
6841,6808
6842,6809
6843,6810
6844,6811
6845,6812
6846,6813
6847,6814
6848,6815
6849,6816
6850,6817
6851,6818
6852,6819
6853,6820
6854,6821
6855,6822
6856,6823
6857,6824
6858,6825
6859,6826
6860,6827
6861,6828
6862,6829
6863,6830
6864,6831
6865,6832
6866,6833
6867,6834
6868,6835
6869,6836
6870,6837
6871,6838
6872,6839
6873,6840
6874,6841
6875,6842
6876,6843
6877,6844
6878,6845
6879,6846
6880,6847
6881,6848
6882,6849
6883,6850
6884,6851
6885,6852
6886,6853
6887,6854
6888,6855
6889,6856
6890,6857
6891,6858
6892,6859
6893,6860
6894,6861
6895,6862
6896,6863
6897,6864
6898,6865
6899,6866
6900,6867
6901,6868
6902,6869
6903,6870
6904,6871
6905,6872
6906,6873
6907,6874
6908,6875
6909,6876
6910,6877
6911,6878
6912,6879
6913,6880
6914,6881
6915,6882
6916,6883
6917,6884
6918,6885
6919,6886
6920,6887
6921,6888
6922,6889
6923,6890
6924,6891
6925,6892
6926,6893
6927,6894
6928,6895
6929,6896
6930,6897
6931,6898
6932,6899
6933,6900
6934,6901
6935,6902
6936,6903
6937,6904
6938,6905
6939,6906
6940,6907
6941,6908
6942,6909
6943,6910
6944,6911
6945,6912
6946,6913
6947,6914
6948,6915
6949,6916
6950,6917
6951,6918
6952,6919
6953,6920
6954,6921
6955,6922
6956,6923
6957,6924
6958,6925
6959,6926
6960,6927
6961,6928
6962,6929
6963,6930
6964,6931
6965,6932
6966,6933
6967,6934
6968,6935
6969,6936
6970,6937
6971,6938
6972,6939
6973,6940
6974,6941
6975,6942
6976,6943
6977,6944
6978,6945
6979,6946
6980,6947
6981,6948
6982,6949
6983,6950
6984,6951
6985,6952
6986,6953
6987,6954
6988,6955
6989,6956
6990,6957
6991,6958
6992,6959
6993,6960
6994,6961
6995,6962
6996,6963
6997,6964
6998,6965
6999,6966
7000,6967
7001,6968
7002,6969
7003,6970
7004,6971
7005,6972
7006,6973
7007,6974
7008,6975
7009,6976
7010,6977
7011,6978
7012,6979
7013,6980
7014,6981
7015,6982
7016,6983
7017,6984
7018,6985
7019,6986
7020,6987
7021,6988
7022,6989
7023,6990
7024,6991
7025,6992
7026,6993
7027,6994
7028,6995
7029,6996
7030,6997
7031,6998
7032,6999
7033,7000
7034,7001
7035,7002
7036,7003
7037,7004
7038,7005
7039,7006
7040,7007
7041,7008
7042,7009
7043,7010
7044,7011
7045,7012
7046,7013
7047,7014
7048,7015
7049,7016
7050,7017
7051,7018
7052,7019
7053,7020
7054,7021
7055,7022
7056,7023
7057,7024
7058,7025
7059,7026
7060,7027
7061,7028
7062,7029
7063,7030
7064,7031
7065,7032
7066,7033
7067,7034
7068,7035
7069,7036
7070,7037
7071,7038
7072,7039
7073,7040
7074,7041
7075,7042
7076,7043
7077,7044
7078,7045
7079,7046
7080,7047
7081,7048
7082,7049
7083,7050
7084,7051
7085,7052
7086,7053
7087,7054
7088,7055
7089,7056
7090,7057
7091,7058
7092,7059
7093,7060
7094,7061
7095,7062
7096,7063
7097,7064
7098,7065
7099,7066
7100,7067
7101,7068
7102,7069
7103,7070
7104,7071
7105,7072
7106,7073
7107,7074
7108,7075
7109,7076
7110,7077
7111,7078
7112,7079
7113,7080
7114,7081
7115,7082
7116,7083
7117,7084
7118,7085
7119,7086
7120,7087
7121,7088
7122,7089
7123,7090
7124,7091
7125,7092
7126,7093
7127,7094
7128,7095
7129,7096
7130,7097
7131,7098
7132,7099
7133,7100
7134,7101
7135,7102
7136,7103
7137,7104
7138,7105
7139,7106
7140,7107
7141,7108
7142,7109
7143,7110
7144,7111
7145,7112
7146,7113
7147,7114
7148,7115
7149,7116
7150,7117
7151,7118
7152,7119
7153,7120
7154,7121
7155,7122
7156,7123
7157,7124
7158,7125
7159,7126
7160,7127
7161,7128
7162,7129
7163,7130
7164,7131
7165,7132
7166,7133
7167,7134
7168,7135
7169,7136
7170,7137
7171,7138
7172,7139
7173,7140
7174,7141
7175,7142
7176,7143
7177,7144
7178,7145
7179,7146
7180,7147
7181,7148
7182,7149
7183,7150
7184,7151
7185,7152
7186,7153
7187,7154
7188,7155
7189,7156
7190,7157
7191,7158
7192,7159
7193,7160
7194,7161
7195,7162
7196,7163
7197,7164
7198,7165
7199,7166
7200,7167
7201,7168
7202,7169
7203,7170
7204,7171
7205,7172
7206,7173
7207,7174
7208,7175
7209,7176
7210,7177
7211,7178
7212,7179
7213,7180
7214,7181
7215,7182
7216,7183
7217,7184
7218,7185
7219,7186
7220,7187
7221,7188
7222,7189
7223,7190
7224,7191
7225,7192
7226,7193
7227,7194
7228,7195
7229,7196
7230,7197
7231,7198
7232,7199
7233,7200
7234,7201
7235,7202
7236,7203
7237,7204
7238,7205
7239,7206
7240,7207
7241,7208
7242,7209
7243,7210
7244,7211
7245,7212
7246,7213
7247,7214
7248,7215
7249,7216
7250,7217
7251,7218
7252,7219
7253,7220
7254,7221
7255,7222
7256,7223
7257,7224
7258,7225
7259,7226
7260,7227
7261,7228
7262,7229
7263,7230
7264,7231
7265,7232
7266,7233
7267,7234
7268,7235
7269,7236
7270,7237
7271,7238
7272,7239
7273,7240
7274,7241
7275,7242
7276,7243
7277,7244
7278,7245
7279,7246
7280,7247
7281,7248
7282,7249
7283,7250
7284,7251
7285,7252
7286,7253
7287,7254
7288,7255
7289,7256
7290,7257
7291,7258
7292,7259
7293,7260
7294,7261
7295,7262
7296,7263
7297,7264
7298,7265
7299,7266
7300,7267
7301,7268
7302,7269
7303,7270
7304,7271
7305,7272
7306,7273
7307,7274
7308,7275
7309,7276
7310,7277
7311,7278
7312,7279
7313,7280
7314,7281
7315,7282
7316,7283
7317,7284
7318,7285
7319,7286
7320,7287
7321,7288
7322,7289
7323,7290
7324,7291
7325,7292
7326,7293
7327,7294
7328,7295
7329,7296
7330,7297
7331,7298
7332,7299
7333,7300
7334,7301
7335,7302
7336,7303
7337,7304
7338,7305
7339,7306
7340,7307
7341,7308
7342,7309
7343,7310
7344,7311
7345,7312
7346,7313
7347,7314
7348,7315
7349,7316
7350,7317
7351,7318
7352,7319
7353,7320
7354,7321
7355,7322
7356,7323
7357,7324
7358,7325
7359,7326
7360,7327
7361,7328
7362,7329
7363,7330
7364,7331
7365,7332
7366,7333
7367,7334
7368,7335
7369,7336
7370,7337
7371,7338
7372,7339
7373,7340
7374,7341
7375,7342
7376,7343
7377,7344
7378,7345
7379,7346
7380,7347
7381,7348
7382,7349
7383,7350
7384,7351
7385,7352
7386,7353
7387,7354
7388,7355
7389,7356
7390,7357
7391,7358
7392,7359
7393,7360
7394,7361
7395,7362
7396,7363
7397,7364
7398,7365
7399,7366
7400,7367
7401,7368
7402,7369
7403,7370
7404,7371
7405,7372
7406,7373
7407,7374
7408,7375
7409,7376
7410,7377
7411,7378
7412,7379
7413,7380
7414,7381
7415,7382
7416,7383
7417,7384
7418,7385
7419,7386
7420,7387
7421,7388
7422,7389
7423,7390
7424,7391
7425,7392
7426,7393
7427,7394
7428,7395
7429,7396
7430,7397
7431,7398
7432,7399
7433,7400
7434,7401
7435,7402
7436,7403
7437,7404
7438,7405
7439,7406
7440,7407
7441,7408
7442,7409
7443,7410
7444,7411
7445,7412
7446,7413
7447,7414
7448,7415
7449,7416
7450,7417
7451,7418
7452,7419
7453,7420
7454,7421
7455,7422
7456,7423
7457,7424
7458,7425
7459,7426
7460,7427
7461,7428
7462,7429
7463,7430
7464,7431
7465,7432
7466,7433
7467,7434
7468,7435
7469,7436
7470,7437
7471,7438
7472,7439
7473,7440
7474,7441
7475,7442
7476,7443
7477,7444
7478,7445
7479,7446
7480,7447
7481,7448
7482,7449
7483,7450
7484,7451
7485,7452
7486,7453
7487,7454
7488,7455
7489,7456
7490,7457
7491,7458
7492,7459
7493,7460
7494,7461
7495,7462
7496,7463
7497,7464
7498,7465
7499,7466
7500,7467
7501,7468
7502,7469
7503,7470
7504,7471
7505,7472
7506,7473
7507,7474
7508,7475
7509,7476
7510,7477
7511,7478
7512,7479
7513,7480
7514,7481
7515,7482
7516,7483
7517,7484
7518,7485
7519,7486
7520,7487
7521,7488
7522,7489
7523,7490
7524,7491
7525,7492
7526,7493
7527,7494
7528,7495
7529,7496
7530,7497
7531,7498
7532,7499
7533,7500
7534,7501
7535,7502
7536,7503
7537,7504
7538,7505
7539,7506
7540,7507
7541,7508
7542,7509
7543,7510
7544,7511
7545,7512
7546,7513
7547,7514
7548,7515
7549,7516
7550,7517
7551,7518
7552,7519
7553,7520
7554,7521
7555,7522
7556,7523
7557,7524
7558,7525
7559,7526
7560,7527
7561,7528
7562,7529
7563,7530
7564,7531
7565,7532
7566,7533
7567,7534
7568,7535
7569,7536
7570,7537
7571,7538
7572,7539
7573,7540
7574,7541
7575,7542
7576,7543
7577,7544
7578,7545
7579,7546
7580,7547
7581,7548
7582,7549
7583,7550
7584,7551
7585,7552
7586,7553
7587,7554
7588,7555
7589,7556
7590,7557
7591,7558
7592,7559
7593,7560
7594,7561
7595,7562
7596,7563
7597,7564
7598,7565
7599,7566
7600,7567
7601,7568
7602,7569
7603,7570
7604,7571
7605,7572
7606,7573
7607,7574
7608,7575
7609,7576
7610,7577
7611,7578
7612,7579
7613,7580
7614,7581
7615,7582
7616,7583
7617,7584
7618,7585
7619,7586
7620,7587
7621,7588
7622,7589
7623,7590
7624,7591
7625,7592
7626,7593
7627,7594
7628,7595
7629,7596
7630,7597
7631,7598
7632,7599
7633,7600
7634,7601
7635,7602
7636,7603
7637,7604
7638,7605
7639,7606
7640,7607
7641,7608
7642,7609
7643,7610
7644,7611
7645,7612
7646,7613
7647,7614
7648,7615
7649,7616
7650,7617
7651,7618
7652,7619
7653,7620
7654,7621
7655,7622
7656,7623
7657,7624
7658,7625
7659,7626
7660,7627
7661,7628
7662,7629
7663,7630
7664,7631
7665,7632
7666,7633
7667,7634
7668,7635
7669,7636
7670,7637
7671,7638
7672,7639
7673,7640
7674,7641
7675,7642
7676,7643
7677,7644
7678,7645
7679,7646
7680,7647
7681,7648
7682,7649
7683,7650
7684,7651
7685,7652
7686,7653
7687,7654
7688,7655
7689,7656
7690,7657
7691,7658
7692,7659
7693,7660
7694,7661
7695,7662
7696,7663
7697,7664
7698,7665
7699,7666
7700,7667
7701,7668
7702,7669
7703,7670
7704,7671
7705,7672
7706,7673
7707,7674
7708,7675
7709,7676
7710,7677
7711,7678
7712,7679
7713,7680
7714,7681
7715,7682
7716,7683
7717,7684
7718,7685
7719,7686
7720,7687
7721,7688
7722,7689
7723,7690
7724,7691
7725,7692
7726,7693
7727,7694
7728,7695
7729,7696
7730,7697
7731,7698
7732,7699
7733,7700
7734,7701
7735,7702
7736,7703
7737,7704
7738,7705
7739,7706
7740,7707
7741,7708
7742,7709
7743,7710
7744,7711
7745,7712
7746,7713
7747,7714
7748,7715
7749,7716
7750,7717
7751,7718
7752,7719
7753,7720
7754,7721
7755,7722
7756,7723
7757,7724
7758,7725
7759,7726
7760,7727
7761,7728
7762,7729
7763,7730
7764,7731
7765,7732
7766,7733
7767,7734
7768,7735
7769,7736
7770,7737
7771,7738
7772,7739
7773,7740
7774,7741
7775,7742
7776,7743
7777,7744
7778,7745
7779,7746
7780,7747
7781,7748
7782,7749
7783,7750
7784,7751
7785,7752
7786,7753
7787,7754
7788,7755
7789,7756
7790,7757
7791,7758
7792,7759
7793,7760
7794,7761
7795,7762
7796,7763
7797,7764
7798,7765
7799,7766
7800,7767
7801,7768
7802,7769
7803,7770
7804,7771
7805,7772
7806,7773
7807,7774
7808,7775
7809,7776
7810,7777
7811,7778
7812,7779
7813,7780
7814,7781
7815,7782
7816,7783
7817,7784
7818,7785
7819,7786
7820,7787
7821,7788
7822,7789
7823,7790
7824,7791
7825,7792
7826,7793
7827,7794
7828,7795
7829,7796
7830,7797
7831,7798
7832,7799
7833,7800
7834,7801
7835,7802
7836,7803
7837,7804
7838,7805
7839,7806
7840,7807
7841,7808
7842,7809
7843,7810
7844,7811
7845,7812
7846,7813
7847,7814
7848,7815
7849,7816
7850,7817
7851,7818
7852,7819
7853,7820
7854,7821
7855,7822
7856,7823
7857,7824
7858,7825
7859,7826
7860,7827
7861,7828
7862,7829
7863,7830
7864,7831
7865,7832
7866,7833
7867,7834
7868,7835
7869,7836
7870,7837
7871,7838
7872,7839
7873,7840
7874,7841
7875,7842
7876,7843
7877,7844
7878,7845
7879,7846
7880,7847
7881,7848
7882,7849
7883,7850
7884,7851
7885,7852
7886,7853
7887,7854
7888,7855
7889,7856
7890,7857
7891,7858
7892,7859
7893,7860
7894,7861
7895,7862
7896,7863
7897,7864
7898,7865
7899,7866
7900,7867
7901,7868
7902,7869
7903,7870
7904,7871
7905,7872
7906,7873
7907,7874
7908,7875
7909,7876
7910,7877
7911,7878
7912,7879
7913,7880
7914,7881
7915,7882
7916,7883
7917,7884
7918,7885
7919,7886
7920,7887
7921,7888
7922,7889
7923,7890
7924,7891
7925,7892
7926,7893
7927,7894
7928,7895
7929,7896
7930,7897
7931,7898
7932,7899
7933,7900
7934,7901
7935,7902
7936,7903
7937,7904
7938,7905
7939,7906
7940,7907
7941,7908
7942,7909
7943,7910
7944,7911
7945,7912
7946,7913
7947,7914
7948,7915
7949,7916
7950,7917
7951,7918
7952,7919
7953,7920
7954,7921
7955,7922
7956,7923
7957,7924
7958,7925
7959,7926
7960,7927
7961,7928
7962,7929
7963,7930
7964,7931
7965,7932
7966,7933
7967,7934
7968,7935
7969,7936
7970,7937
7971,7938
7972,7939
7973,7940
7974,7941
7975,7942
7976,7943
7977,7944
7978,7945
7979,7946
7980,7947
7981,7948
7982,7949
7983,7950
7984,7951
7985,7952
7986,7953
7987,7954
7988,7955
7989,7956
7990,7957
7991,7958
7992,7959
7993,7960
7994,7961
7995,7962
7996,7963
7997,7964
7998,7965
7999,7966
