0,13.03
1,155
2,4
3,0.25
4,0
5,912
6,600
7,3545
8,8.8
9,36
10,41
11,9523.81
12,80
13,56
14,9
15,8172
16,16
17,0.44
18,322.5
19,10
20,2700
21,4
22,100
23,68
24,288
25,30
26,15
27,16
28,5.02
29,1950
30,3.6
31,80
32,9
33,720
34,30
35,1.45
36,251
37,21
38,0.93333
39,72
40,400
41,24
42,72
43,500
44,-4
45,17
46,95
47,288
48,40
49,-280
50,656
51,9
52,7600
53,280
54,1001
55,120
56,142
57,4875
58,1248
59,3
60,66
61,1201
62,1300
63,738
64,1176
65,7056
66,13198.8
67,400
68,3360
69,765
70,-2.77
71,73.2
72,6600
73,7/8
74,200
75,3.8
76,0
77,13/20
78,24
79,194
80,3.3
81,170
82,9
83,196
84,260
85,25%
86,16
87,92
88,402
89,374
90,0.126
91,40
92,20
93,1735
94,1936
95,88.5
96,8
97,16
98,1.42857
99,260
100,2288
101,20000
102,3486
103,14
104,5
105,20
106,5/9
107,20003.8
108,10.9
109,6
110,0.7
111,1200
112,560
113,651
114,17
115,11110
116,4955
117,623
118,192
119,124
120,0.94
121,13
122,25
123,70
124,440.1
125,90%
126,360
127,0.6
128,124
129,770
130,7/9
131,4189
132,10
133,237
134,11200
135,8
136,595
137,50
138,24
139,87
140,90
141,414
142,96
143,15
144,8126.72
145,356
146,6.66667
147,8400
148,4800
149,9
150,2/9
151,494
152,2.85714
153,490
154,8000
155,3/10
156,75
157,600
158,1296
159,11
160,30
161,5
162,5
163,0.06
164,49
165,1350
166,336
167,775
168,1125
169,312
170,4.44444
171,7
172,280
173,144
174,11/35
175,14
176,44
177,9
178,2
179,0
180,-70
181,37.68
182,12
183,27
184,2.95
185,650
186,5000
187,10
188,312
189,15
190,-816
191,-122.46
192,10395
193,880
194,12400
195,1049.07
196,704
197,28.26
198,450
199,272
200,450
201,114
202,15
203,7/20
204,1
205,24
206,4/9
207,6
208,44
209,6240
210,6
211,65.55
212,3081
213,3.07
214,9
215,24500
216,0
217,4.25
218,63024
219,3200
220,6
221,225
222,20
223,4
224,200
225,1872
226,32
227,9
228,0.85714
229,56
230,190
231,293
232,2595
233,207
234,684
235,3500
236,691
237,4950
238,11/18
239,204
240,158364
241,107.8
242,2.5
243,5375
244,432
245,3/5
246,25.12
247,1.70833
248,240
249,9
250,3.2
251,1
252,3202.5
253,630
254,17.96009
255,6000
256,1536
257,15
258,490
259,0
260,2700
261,-32.72727
262,84
263,75.78947
264,4.8
265,28
266,0.45833
267,276
268,26
269,94
270,25000
271,123000
272,750
273,12
274,21
275,1585
276,289
277,5.4
278,32
279,750
280,251.2
281,30
282,6
283,736
284,64
285,18
286,240
287,579
288,275
289,2250
290,944
291,5
292,-40
293,546
294,16
295,21
296,480
297,0.88235
298,4
299,91
300,224
301,1.35
302,8
303,8
304,81
305,19719.2
306,72
307,20
308,10
309,6
310,62.8
311,450
312,2
313,2/7
314,36
315,60
316,2105.26316
317,324
318,900
319,1/2
320,8
321,432
322,1/2
323,1.05
324,-1/5
325,54
326,3450
327,71.25
328,890
329,1
330,10123.75
331,296100
332,16000
333,300
334,4/7
335,1344
336,15
337,486
338,6
339,10000
340,6.25
341,90
342,101
343,50
344,60
345,47
346,33
347,1
348,425
349,12
350,32
351,600
352,465
353,1588
354,168
355,140
356,1666.67
357,100
358,2.5
359,0
360,1146.5
361,125600
362,45
363,9
364,-80
365,540
366,11/35
367,32
368,23
369,209
370,150
371,242
372,10
373,31
374,36
375,1125
376,591
377,288
378,4429
379,2.72727
380,70
381,112
382,2/5
383,6240
384,56375
385,49
386,2.4
387,314
388,600
389,12
390,15
391,958
392,768
393,800
394,471000
395,34.5
396,450
397,11
398,6592
399,13
400,95
401,136
402,864
403,2.22222
404,685
405,32
406,1.05263
407,4/15
408,4.79167
409,12.56
410,12
411,1
412,-1/4
413,800
414,10
415,516
416,55
417,8
418,1320
419,20
420,2/9
421,1000
422,3
423,-240
424,1.12
425,15.12
426,180
427,1120
428,38.07407
429,2000
430,580
431,255500
432,384
433,112
434,12960
435,31
436,408
437,44
438,1.275
439,0
440,0.25
441,152
442,410
443,87.5
444,64
445,765
446,3/5
447,0.45
448,20
449,1920
450,552
451,68
452,3333.33%
453,30
454,30
455,92
456,1080
457,60
458,76
459,390
460,24
461,2400
462,33
463,816
464,12
465,1710
466,32550
467,246
468,21
469,30
470,12
471,16
472,-700
473,125.6
474,6
475,5.25
476,534
477,0.1
478,1152
479,231
480,20
481,533
482,1/20
483,8.27586
484,30
485,280
486,132
487,216
488,15
489,1204
490,4
491,96
492,260
493,204.88
494,440
495,2046.17
496,17280
497,1440
498,80
499,1344
500,271
501,800
502,960
503,750
504,885
505,639
506,120
507,700
508,9420
509,72
510,5280000
511,14
512,17/40
513,3.5
514,120
515,58
516,1088
517,0.25
518,1/2
519,441
520,45
521,16
522,355
523,1800
524,3/8
525,200
526,340
527,100
528,706.5
529,31.4
530,120
531,36
532,150
533,52.65
534,24
535,45
536,1728
537,22
538,112
539,57.6
540,119.625
541,100
542,216
543,600
544,88
545,0
546,0.18
547,84
548,10
549,60
550,1730
551,314
552,204
553,0.45
554,793
555,750
556,11
557,378
558,65.94
559,19.72
560,-1000
561,6
562,-0.21875
563,100
564,59
565,60
566,2800
567,147
568,960
569,2500
570,1.9
571,16.8
572,10700
573,24
574,7500
575,44.85
576,4
577,2
578,150
579,240
580,1400
581,4
582,240.3
583,900
584,2
585,12
586,43
587,37
588,39
589,72
590,88
591,16
592,40
593,0.2
594,4
595,15.7
596,0.9
597,930
598,192
599,30000
600,-7252
601,8
602,-2.1
603,35.55556
604,115
605,2/5
606,16
607,90
608,5
609,62
610,900
611,5217
612,5652
613,1.8
614,9.6
615,936000
616,116.8
617,10
618,3768
619,90
620,89.4
621,50
622,10048
623,114
624,zoo
625,15
626,88
627,0.00018
628,421
629,27
630,60
631,832.22
632,3
633,2000
634,5760
635,5%
636,93.75%
637,75%
638,99%
639,60
640,3.87
641,35
642,5
643,192
644,-900
645,44
646,1.2
647,14
648,215
649,-60
650,340
651,50
652,13.5
653,25
654,98%
655,49
656,-80
657,98%
658,96
659,95%
660,103
661,480
662,950
663,75%
664,102
665,1094.5
666,50
667,250
668,3.18182
669,1130.4
670,28
671,490
672,36
673,160
674,3.4375
675,92%
676,8
677,193
678,115.2%
679,96%
680,10.02
681,46000
682,120
683,30
684,21
685,42
686,1941
687,75
688,36
689,25.5
690,320
691,960
692,81
693,90
694,40
695,9450
696,16
697,16
698,31/40
699,60
700,75
701,64
702,5
703,0.16
704,4.27
705,-8
706,94%
707,5/8
708,20
709,42
710,32
711,28.5
712,8
713,0.3
714,10%
715,99995
716,240
717,96
718,12
719,-6
720,150
721,376.8
722,135
723,zoo
724,30
725,425
726,457.5
727,117
728,267
729,300
730,58
731,30
732,72
733,100
734,280
735,0.14
736,212.52
737,2.22222
738,70
739,160
740,95%
741,2.99003
742,3/4
743,5
744,-0.17678
745,680
746,zoo
747,19.07
748,13
749,40
750,36
751,144
752,140
753,11
754,161.5
755,250
756,10.5
757,64
758,15
759,11.52542
760,-5403.6
761,180
762,4.4
763,29058.94
764,63
765,57600
766,1944
767,2.16
768,10662.66667
769,10
770,851
771,-1000
772,374
773,33.25
774,3000
775,84
776,3768
777,280
778,420
779,4
780,5
781,32000
782,24000
783,3
784,117
785,156
786,125.6
787,5.6
788,45
789,96
790,50.51%
791,144
792,408.33333
793,33
794,72.09
795,910
796,40
797,123.43
798,4.44444
799,9.23077
800,28.6
801,220
802,0
803,48
804,16.28571
805,24.16
806,250
807,120
808,1.875
809,zoo
810,3.3
811,52
812,20
813,502.4
814,25
815,4000
816,2000
817,301
818,8
819,90
820,174
821,600
822,88
823,120
824,50.24
825,1050
826,1462
827,10
828,1.2
829,42
830,290
831,160
832,270
833,1.5
834,54
835,5
836,120
837,128
838,-4
839,5
840,5
841,5
842,8
843,10.29412
844,546
845,75
846,-36
847,42
848,0.87
849,23
850,14400
851,2200
852,zoo
853,10
854,3
855,6.06667
856,110.29412
857,123
858,90
859,17.2
860,3500
861,300
862,32
863,2/7
864,6
865,11
866,54.5
867,1235
868,40.33
869,4
870,13.2
871,-3.33333
872,9
873,62.16
874,48
875,84
876,10500
877,14.29%
878,1.1
879,7850%
880,64
881,266.66667
882,30
883,294
884,63
885,5
886,6.75
887,4710
888,39
889,44
890,1
891,51
892,160.8
893,150.000000000000
894,60
895,9
896,285
897,7
898,4800
899,6
900,4000
901,207000
902,453.33333
903,225
904,444
905,5
906,20
907,560
908,26
909,12.56
910,2.5
911,314.4
912,1.15385
913,-2
914,28.67
915,425
916,6280
917,19
918,9420
919,5.4
920,200
921,5.86
922,2
923,96%
924,134
925,38.4
926,95.83%
927,260
928,2
929,50
930,18571.42857
931,1754.38596
932,360
933,18.84
934,7.1
935,45000
936,60
937,192
938,6.66
939,11
940,52
941,28
942,210
943,24
944,-60
945,5/12
946,187
947,6
948,270
949,48
950,0.6
951,73
952,38
953,38.25
954,594
955,122
956,16
957,5.45455
958,1168.12
959,13000
960,6
961,7
962,640
963,31050
964,16
965,28.33333
966,25
967,500
968,225
969,3/8
970,152.4
971,9
972,3424
973,628
974,41
975,38
976,70
977,24
978,345.4
979,910
980,182.9
981,73.33333
982,30
983,448
984,203.28%
985,74
986,4.27273
987,10
988,4
989,40
990,24
991,2760
992,581
993,700
994,-100000%
995,1360
996,100/101
997,90
998,72
999,1/5
1000,0.06
1001,64.28571
1002,89
1003,540
1004,6
1005,10%
1006,166
1007,31
1008,1.72
1009,0.25
1010,0.83333
1011,163
1012,1250
1013,96%
1014,13
1015,160
1016,15
1017,37.5
1018,78
1019,2/3
1020,9
1021,150%
1022,41.67%
1023,78.5
1024,10
1025,44080
1026,16000
1027,2
1028,228
1029,88
1030,46.66667
1031,43.12
1032,1
1033,6
1034,0.04464
1035,270
1036,0.43
1037,30
1038,400
1039,14.73684
1040,4.8
1041,1800
1042,4
1043,5.0
1044,13000.44
1045,3528
1046,9/4
1047,36
1048,3703
1049,187.5
1050,15
1051,320000
1052,200
1053,33.35833
1054,36
1055,100
1056,18
1057,216
1058,9/16
1059,0.51
1060,225
1061,11
1062,3.77
1063,3.5
1064,60
1065,20
1066,70
1067,6
1068,90
1069,45
1070,55
1071,15
1072,60
1073,284
1074,1/25
1075,4138
1076,4
1077,272
1078,15
1079,zoo
1080,800
1081,105
1082,7.77778
1083,20
1084,1.3
1085,14.6
1086,9/20
1087,480
1088,1
1089,0.01
1090,110
1091,45
1092,4875
1093,8
1094,123530
1095,12
1096,1454.4
1097,3/8
1098,144
1099,120
1100,1/7
1101,16
1102,492
1103,-5
1104,285
1105,2/5
1106,105.7
1107,12
1108,12
1109,67
1110,27
1111,3
1112,18.8
1113,33.33%
1114,800
1115,68
1116,3
1117,20
1118,8
1119,3
1120,15
1121,30
1122,18
1123,10
1124,66
1125,205
1126,10
1127,2.08
1128,5000
1129,66.66667
1130,-0.12
1131,-3
1132,30
1133,240
1134,128
1135,30
1136,19.23
1137,575
1138,480
1139,200
1140,900
1141,120
1142,6
1143,180
1144,15
1145,4
1146,1000
1147,589
1148,17
1149,19.3
1150,232
1151,64
1152,1/2
1153,770
1154,12
1155,90
1156,11
1157,-1000
1158,1154
1159,5
1160,168
1161,94
1162,180
1163,36
1164,8965
1165,6
1166,6
1167,20
1168,240
1169,12
1170,-11.1%
1171,576
1172,120
1173,-40
1174,1500
1175,98%
1176,0.018
1177,66.66667
1178,60000
1179,63
1180,4
1181,450000
1182,36
1183,116
1184,-11
1185,120
1186,200
1187,181.81818
1188,1000
1189,1000
1190,65
1191,225
1192,0.27
1193,60000
1194,864
1195,380.95%
1196,150
1197,45
1198,180
1199,12.56
1200,486
1201,25
1202,19
1203,15%
1204,51
1205,28
1206,18
1207,188
1208,21
1209,189
1210,125
1211,30
1212,952
1213,35%
1214,60
1215,5000
1216,90
1217,-0.34532
1218,-14
1219,750
1220,73.33%
1221,45
1222,135
1223,190.8
1224,48
1225,33.33333
1226,94.2
1227,160
1228,12
1229,187.5
1230,3.2
1231,3.2
1232,54
1233,64
1234,4950
1235,94.2
1236,343
1237,170
1238,16
1239,54.54545
1240,0%
1241,8
1242,-240
1243,-12
1244,402
1245,4200
1246,85
1247,53
1248,56
1249,180
1250,33
1251,45
1252,35
1253,14
1254,36
1255,8
1256,30
1257,38
1258,36
1259,16
1260,53
1261,22
1262,4
1263,37
1264,6
1265,45
1266,0.66667
1267,35
1268,23
1269,18
1270,55
1271,53
1272,42
1273,86
1274,100
1275,12
1276,96
1277,10
1278,84
1279,24
1280,81
1281,51
1282,84
1283,24
1284,54
1285,70
1286,1.4
1287,35
1288,27
1289,48
1290,21
1291,30
1292,44
1293,48
1294,25
1295,0
1296,100
1297,3000
1298,8
1299,6
1300,6
1301,20
1302,6
1303,5
1304,6
1305,6
1306,4
1307,1
1308,100
1309,9
1310,57
1311,6.85714
1312,4
1313,32
1314,61
1315,9
1316,13
1317,5
1318,44
1319,6
1320,63
1321,120
1322,80
1323,31
1324,28
1325,96
1326,17
1327,11.66667
1328,52
1329,6
1330,42
1331,6
1332,488
1333,18
1334,4
1335,135
1336,54
1337,64
1338,39
1339,5
1340,73
1341,24
1342,6
1343,7
1344,24
1345,124
1346,31
1347,15
1348,6
1349,17
1350,23
1351,16
1352,19
1353,28
1354,9
1355,270
1356,98
1357,18.84
1358,160
1359,700
1360,4608
1361,1200
1362,6
1363,63
1364,1.875
1365,5/9
1366,20
1367,3
1368,502.4
1369,120
1370,12
1371,8100
1372,335
1373,8
1374,232.5
1375,18/35
1376,12000
1377,732
1378,900
1379,720
1380,2.7
1381,314
1382,266
1383,174
1384,440
1385,25.27
1386,9.33333
1387,2
1388,150
1389,9.16
1390,42
1391,30
1392,48000
1393,243.8
1394,0
1395,80
1396,12000
1397,120
1398,95
1399,840
1400,6
1401,1800
1402,640
1403,20
1404,4
1405,21
1406,425.83333
1407,12
1408,787
1409,125
1410,45
1411,-20
1412,640
1413,113.33333
1414,240
1415,480
1416,25000
1417,3
1418,240
1419,31
1420,0.88333
1421,30.6
1422,33.45
1423,3.6
1424,0.01
1425,9
1426,536
1427,4
1428,504
1429,60
1430,22.5
1431,28
1432,6
1433,84
1434,2.4
1435,44.3
1436,190
1437,271.32
1438,196.35
1439,72
1440,28
1441,27
1442,110
1443,26.66667
1444,54
1445,17.14286
1446,12600
1447,3224
1448,0.35
1449,3.2
1450,44
1451,240.12
1452,216
1453,307
1454,36
1455,100
1456,350
1457,31
1458,58
1459,9
1460,3612
1461,560
1462,20
1463,4.07407
1464,10
1465,290
1466,55
1467,76.5
1468,8.5
1469,1.1
1470,137
1471,144
1472,64
1473,9
1474,38
1475,8
1476,50
1477,9000
1478,911.25
1479,8
1480,0.6
1481,8448
1482,280
1483,3
1484,71/48
1485,4
1486,10.13333
1487,33
1488,8
1489,56
1490,3.5
1491,6
1492,0
1493,2125
1494,32
1495,500000
1496,17
1497,-4
1498,17.88
1499,2370
1500,91
1501,3.6
1502,149
1503,4
1504,371
1505,28
1506,20
1507,48
1508,18.4
1509,180
1510,945
1511,50
1512,16
1513,180
1514,108
1515,-6200
1516,36
1517,1.55
1518,727.66667
1519,12
1520,90
1521,40
1522,300
1523,850
1524,331
1525,40
1526,280
1527,6
1528,25.6
1529,780
1530,500
1531,72
1532,-11.11111
1533,152.5
1534,4800
1535,0.25
1536,2.5
1537,30
1538,1/21
1539,90
1540,128
1541,50.24
1542,-44
1543,90
1544,12
1545,400
1546,400
1547,20
1548,0.0625
1549,-8.6
1550,0.39
1551,-8
1552,-550
1553,5330
1554,20
1555,753.6
1556,22.61
1557,1
1558,400
1559,200
1560,-262.29508
1561,102
1562,10
1563,288
1564,3360
1565,50
1566,2400
1567,8.4
1568,4800
1569,900
1570,3000
1571,20
1572,31.4
1573,8.5
1574,104
1575,900
1576,9420
1577,3.35
1578,210
1579,306
1580,10.42
1581,4
1582,125
1583,160
1584,126
1585,2500
1586,-1455300
1587,3.6
1588,88
1589,0.012
1590,73
1591,1152
1592,72
1593,175
1594,50
1595,280
1596,5.2
1597,22.22%
1598,100
1599,56
1600,240
1601,-177.77778
1602,29
1603,800
1604,59.5
1605,116.66667
1606,1512
1607,93
1608,10
1609,6.28
1610,251.2
1611,251.2
1612,772.72727
1613,174.4
1614,37.68
1615,52
1616,998
1617,60
1618,150
1619,384
1620,45
1621,zoo
1622,60.48
1623,120
1624,40
1625,374.46
1626,28
1627,25
1628,1.25
1629,1.05263
1630,1600
1631,4.08333
1632,15
1633,4.33333
1634,8.5
1635,20
1636,20
1637,54
1638,5
1639,0.8
1640,84
1641,17.16
1642,416
1643,810
1644,12.32
1645,12100
1646,2.51
1647,0.01
1648,2.4
1649,46.28571
1650,1770
1651,50
1652,4.22857
1653,5.92
1654,862.5%
1655,3140
1656,86
1657,-600
1658,12
1659,8040
1660,10000
1661,4
1662,24
1663,5
1664,3.2
1665,3
1666,0.92857
1667,1.1
1668,625
1669,0.36
1670,3/5
1671,0.94
1672,8400
1673,30
1674,149
1675,-405
1676,90
1677,6
1678,36
1679,24500
1680,15.89322
1681,4800
1682,583
1683,zoo
1684,450
1685,6.66667
1686,150
1687,30
1688,20
1689,150
1690,1120
1691,160
1692,1.5
1693,37.5
1694,28.26
1695,800
1696,1.04
1697,1
1698,30
1699,8
1700,51
1701,20
1702,6.86
1703,1
1704,2.13333
1705,0.25
1706,8/3
1707,19
1708,28.57143
1709,5.5
1710,1280
1711,170
1712,10.15
1713,40.09901
1714,914.28571
1715,6
1716,68
1717,400
1718,15
1719,720
1720,5/2
1721,53.56
1722,2.5
1723,4608
1724,339.12
1725,22
1726,40.5
1727,31.4
1728,12
1729,360
1730,2.4
1731,10
1732,110
1733,-33.5
1734,25
1735,160
1736,157.5
1737,130
1738,245.71429
1739,32.5
1740,267
1741,60
1742,21.66667
1743,1380
1744,75
1745,96
1746,80
1747,376.8
1748,128
1749,0.75
1750,114
1751,3400
1752,7
1753,1.74
1754,79
1755,45
1756,7.2
1757,1200
1758,7.85
1759,2
1760,17
1761,192
1762,-32.13
1763,346
1764,20
1765,60
1766,153
1767,53
1768,36
1769,8
1770,2.52632
1771,-240
1772,50
1773,2682
1774,12.8
1775,0.80808
1776,2400
1777,150
1778,22960
1779,1030
1780,0
1781,9
1782,1175
1783,1800
1784,67
1785,188
1786,zoo
1787,12
1788,952
1789,37
1790,600
1791,250
1792,20
1793,11460
1794,5.42857
1795,44
1796,5
1797,50
1798,24
1799,500
1800,400
1801,4/19
1802,3360
1803,4.8
1804,1.00223
1805,942
1806,7200
1807,54
1808,33.33333
1809,8
1810,660
1811,8
1812,314
1813,150
1814,15
1815,72
1816,10
1817,20
1818,102
1819,48
1820,7040
1821,27
1822,218.38
1823,10
1824,10.51136
1825,1355
1826,100
1827,5
1828,200
1829,35.5
1830,40
1831,15
1832,5
1833,5928
1834,272
1835,25.12
1836,2745
1837,16
1838,49
1839,8
1840,91.33
1841,2000
1842,3
1843,4
1844,280
1845,12.56
1846,-1200
1847,702
1848,9
1849,3000
1850,818
1851,151.8
1852,35
1853,1035
1854,3
1855,12
1856,zoo
1857,4000
1858,60
1859,138.16
1860,-53.33
1861,10048.0
1862,96
1863,16
1864,216
1865,43.66667
1866,1210
1867,5
1868,304.66667
1869,6720
1870,630
1871,30
1872,5400
1873,8000
1874,100
1875,11
1876,24
1877,6
1878,126
1879,46
1880,5
1881,6.97
1882,6
1883,3888
1884,1088
1885,18
1886,20
1887,6
1888,15000
1889,3
1890,16
1891,52%
1892,54
1893,254.34
1894,175
1895,256
1896,0.13333
1897,3
1898,0.33333
1899,40
1900,9
1901,6.42857
1902,3600
1903,4.2
1904,9
1905,-180
1906,2940
1907,888
1908,972
1909,15.75
1910,2250
1911,1469
1912,12
1913,9
1914,0.15
1915,18
1916,180
1917,11
1918,16
1919,6
1920,12
1921,104
1922,-1000
1923,5166
1924,140
1925,18
1926,-1000
1927,24
1928,2.25
1929,2202.51
1930,20
1931,5
1932,10
1933,900
1934,-250
1935,3
1936,720
1937,108
1938,0
1939,40
1940,533.33333
1941,2001.7
1942,125.6
1943,4000
1944,-1.68
1945,425
1946,6.96774
1947,700
1948,12
1949,72
1950,25%
1951,-20
1952,5
1953,0.23
1954,0.33
1955,4900
1956,8.4
1957,217
1958,19.62
1959,91
1960,8
1961,0.04
1962,3740
1963,2.5
1964,38624
1965,4
1966,22.6
1967,120
1968,98.6
1969,6
1970,8010
1971,4.1
1972,36
1973,15.78
1974,6
1975,42
1976,134.48
1977,60
1978,75
1979,7
1980,1960
1981,363
1982,14.4
1983,-239.87
1984,48
1985,48
1986,200
1987,6/25
1988,720
1989,2300
1990,204
1991,13
1992,1.58
1993,427.5
1994,22
1995,460.5
1996,181
1997,100
1998,3.5
1999,1.6
2000,-12
2001,168
2002,5
2003,81
2004,8
2005,45
2006,260
2007,885
2008,896
2009,621
2010,5000
2011,45
2012,2800
2013,0.05
2014,12
2015,3
2016,71
2017,4
2018,12.5
2019,900
2020,6.66667
2021,96
2022,100
2023,400
2024,10
2025,16.27
2026,82
2027,15
2028,4
2029,10115%
2030,-4000%
2031,4.48718
2032,63
2033,56
2034,8640
2035,2300
2036,648
2037,360
2038,384
2039,1.5
2040,9.38
2041,88.74
2042,78500
2043,0
2044,0.18
2045,4
2046,240
2047,10
2048,0
2049,20
2050,10
2051,1159
2052,219
2053,748.8
2054,5
2055,150.72
2056,243
2057,42
2058,1.44
2059,4750
2060,-2000
2061,42
2062,330
2063,30.2
2064,24
2065,340
2066,7500
2067,1600
2068,0.35
2069,305
2070,56
2071,270
2072,3
2073,96
2074,-4762
2075,10752
2076,500
2077,4
2078,1024
2079,2000
2080,2.88
2081,49
2082,35
2083,4.8
2084,37515
2085,5
2086,189
2087,54
2088,225
2089,1740
2090,112
2091,108
2092,5072
2093,900
2094,672
2095,659.4
2096,314
2097,18
2098,2.4
2099,35
2100,780
2101,70000
2102,20
2103,50
2104,192
2105,260
2106,40
2107,50.24
2108,14040
2109,6880
2110,400
2111,16
2112,32
2113,19.97
2114,5
2115,622
2116,-0.6012
2117,185.79
2118,125.6
2119,84
2120,15
2121,88
2122,113.04
2123,29.58
2124,1.4
2125,6.28
2126,830
2127,99
2128,268
2129,36
2130,4.8
2131,300
2132,15
2133,3720
2134,6
2135,1318.8
2136,22
2137,7.22222
2138,58
2139,12
2140,2.5
2141,8
2142,11
2143,1
2144,0.2
2145,9
2146,1296
2147,384
2148,1.125
2149,7.27273
2150,565.2
2151,16.33
2152,4
2153,31.4
2154,699
2155,3.76471
2156,3
2157,120
2158,27
2159,45.22
2160,-1191.66667
2161,480
2162,1104
2163,720
2164,110
2165,30.5
2166,124
2167,-55
2168,12
2169,6480
2170,0
2171,5
2172,75.71%
2173,292
2174,6
2175,10.71%
2176,65%
2177,75.15
2178,-250
2179,150
2180,985.96
2181,120
2182,720
2183,8
2184,1710
2185,1040
2186,28.6
2187,441
2188,1456
2189,0.3
2190,81
2191,18
2192,0
2193,56
2194,2
2195,3400
2196,24
2197,0.04
2198,40
2199,12
2200,14
2201,344
2202,2520
2203,11400
2204,3
2205,4
2206,48
2207,-315
2208,1020
2209,210
2210,496
2211,20
2212,1005
2213,240
2214,1.54
2215,24
2216,9.66667
2217,4976
2218,10
2219,19.66667
2220,10890
2221,1245
2222,495
2223,17
2224,24.65
2225,36000
2226,6400
2227,80
2228,19.78
2229,3250
2230,75.36
2231,4
2232,zoo
2233,4.5
2234,1.07
2235,2.04
2236,18
2237,18
2238,76
2239,83.33333
2240,1500
2241,1000
2242,-48
2243,5490
2244,45
2245,1.1
2246,4
2247,150
2248,4.5
2249,1920
2250,3.82
2251,80
2252,114
2253,18
2254,1440
2255,9
2256,300
2257,5750
2258,32
2259,3.75
2260,720
2261,86.21%
2262,22%
2263,24.9
2264,zoo
2265,100
2266,232
2267,22.5
2268,38
2269,24
2270,1
2271,73.33333
2272,48.4
2273,12.38462
2274,3.2
2275,729
2276,1053
2277,320
2278,500
2279,4.68
2280,45
2281,1260
2282,4200
2283,1190
2284,3600
2285,60
2286,200
2287,2
2288,15
2289,540
2290,80
2291,45
2292,45
2293,40
2294,336
2295,1981.39
2296,72
2297,5
2298,0.02
2299,62.8
2300,24
2301,3
2302,300
2303,10
2304,206.61
2305,3
2306,12
2307,399
2308,20
2309,8.33333
2310,8
2311,5
2312,40
2313,-165
2314,1050
2315,6
2316,60
2317,840
2318,4
2319,48
2320,18
2321,360
2322,264
2323,23.33
2324,75
2325,1000
2326,399
2327,280
2328,2700
2329,13
2330,68.18182
2331,51
2332,60
2333,4200
2334,0.16
2335,60
2336,12
2337,5
2338,745
2339,2
2340,2
2341,1520
2342,4.8
2343,59.75
2344,-5/84
2345,26
2346,52
2347,216
2348,48
2349,327
2350,1080
2351,50
2352,-22.5
2353,24
2354,300
2355,400
2356,3526.85
2357,61
2358,157.33
2359,1243
2360,360
2361,13
2362,448
2363,55
2364,476
2365,330
2366,480
2367,21.83
2368,36
2369,4
2370,100
2371,7
2372,4.52
2373,720
2374,48
2375,40
2376,33
2377,43
2378,12
2379,7.2
2380,180
2381,24
2382,52
2383,3230.76923
2384,352
2385,111
2386,56
2387,930
2388,15
2389,0.75
2390,-360
2391,20
2392,210
2393,15
2394,27.8
2395,5
2396,83
2397,12.54545
2398,0
2399,55.56%
2400,25.2
2401,74.66667
2402,25000
2403,20
2404,70
2405,24
2406,86
2407,7.46
2408,11
2409,18.84
2410,8
2411,400
2412,5
2413,4
2414,4266.66667
2415,zoo
2416,12.56
2417,-700
2418,22
2419,20
2420,60
2421,600
2422,16
2423,3.75
2424,32.27
2425,9072
2426,64
2427,8
2428,75
2429,7.2
2430,89
2431,51.42857
2432,6.66667
2433,1
2434,120
2435,120
2436,19.4
2437,56
2438,19
2439,13.33333
2440,28
2441,149
2442,36
2443,25
2444,40
2445,4
2446,150
2447,3705
2448,14
2449,1.2
2450,1.65
2451,30
2452,60
2453,104.2
2454,117
2455,2
2456,20%
2457,176
2458,12.57143
2459,94.2
2460,240
2461,6
2462,16
2463,1.56
2464,4270.4
2465,30
2466,1256
2467,6
2468,54.5
2469,1920
2470,16
2471,62
2472,12
2473,120
2474,2.4
2475,80
2476,25
2477,35
2478,25
2479,60
2480,-108
2481,51
2482,24
2483,8
2484,50.24
2485,600
2486,16.66667
2487,1445
2488,-26
2489,8
2490,8
2491,10
2492,12
2493,1000
2494,0
2495,119.77778
2496,60
2497,5657
2498,1/2
2499,14
2500,115.38462
2501,164
2502,2000
2503,47.1
2504,65%
2505,10
2506,4.44444
2507,16.33333
2508,360
2509,240
2510,0.18
2511,31.4
2512,7630
2513,18.84
2514,-7.54
2515,440
2516,3
2517,0.58
2518,47.1
2519,3
2520,195.5
2521,5840
2522,38.47
2523,4
2524,18
2525,144
2526,24
2527,4800
2528,40
2529,66
2530,12
2531,7.5
2532,-10
2533,80
2534,15
2535,4.71
2536,6.25
2537,216
2538,19.8
2539,72
2540,6
2541,8
2542,9
2543,0.5
2544,300
2545,8
2546,1056
2547,192
2548,950
2549,21
2550,4
2551,5
2552,6.31579
2553,87.5%
2554,68
2555,4.21
2556,24.5
2557,200
2558,3
2559,41.14286
2560,36%
2561,160
2562,9.2
2563,30
2564,19.96667
2565,653
2566,54
2567,6.28
2568,2
2569,720
2570,140
2571,2842
2572,0
2573,3
2574,5
2575,60
2576,16
2577,72
2578,15.7
2579,165.79
2580,212.31
2581,72
2582,12
2583,120
2584,25
2585,3200
2586,12
2587,17
2588,0
2589,5
2590,12.24
2591,69
2592,45
2593,131
2594,30
2595,-400
2596,365
2597,7.95
2598,43.2
2599,180
2600,125
2601,3360
2602,1770
2603,2.4
2604,16
2605,23
2606,21
2607,400000000
2608,6.4
2609,-15
2610,4
2611,31.5
2612,1364
2613,5625
2614,72
2615,104
2616,86.4
2617,1800
2618,120
2619,1
2620,96%
2621,0.2
2622,7/11
2623,4
2624,4
2625,3.14
2626,12.56
2627,36
2628,3636.36%
2629,160
2630,-780
2631,60
2632,4000
2633,74
2634,0.6
2635,150
2636,50
2637,468.0
2638,20
2639,35
2640,3
2641,9
2642,0.28571
2643,1440
2644,1152
2645,160
2646,20
2647,14
2648,133.33333
2649,-1.88
2650,125.6
2651,40
2652,12.56
2653,300
2654,-92.30769
2655,2.4
2656,6.25
2657,5.66667
2658,6
2659,21.9
2660,37.68
2661,14
2662,428.57143
2663,140
2664,-270
2665,1728
2666,4
2667,980%
2668,82.8
2669,368
2670,0.42105
2671,600
2672,3500
2673,48
2674,23.33333
2675,35
2676,24
2677,11
2678,784
2679,0
2680,395
2681,900
2682,20
2683,30
2684,10
2685,2800
2686,25%
2687,10
2688,29.14286
2689,6.92308
2690,396
2691,5440
2692,-720000
2693,225
2694,3.2
2695,20
2696,282.6
2697,530
2698,3
2699,24
2700,11
2701,-8
2702,1200
2703,100
2704,84
2705,200
2706,5
2707,6
2708,6
2709,3.7
2710,107
2711,13
2712,2.4
2713,720
2714,2
2715,370
2716,75.36
2717,200
2718,18
2719,2.5
2720,10850
2721,1512
2722,19200
2723,2223
2724,20400
2725,18
2726,15
2727,28
2728,2220
2729,10
2730,139.2
2731,0.2321
2732,0.66667
2733,-200
2734,6
2735,400
2736,9000
2737,1000
2738,1020
2739,22
2740,zoo
2741,10.71429
2742,3
2743,2380
2744,40
2745,15
2746,719
2747,15
2748,300
2749,320
2750,26
2751,16
2752,1000
2753,0
2754,15
2755,160
2756,1.26
2757,200
2758,60
2759,350
2760,2
2761,87.5
2762,40
2763,432
2764,116
2765,20.8
2766,-17
2767,2
2768,419
2769,7.5
2770,100
2771,43960
2772,6
2773,30
2774,31
2775,24
2776,5
2777,14
2778,100
2779,250
2780,11.66667
2781,330
2782,50
2783,8
2784,375
2785,8
2786,1460
2787,96
2788,-8
2789,13
2790,7
2791,0.04861
2792,36
2793,300
2794,18
2795,100
2796,53.7
2797,6.66667
2798,2857.4
2799,6
2800,0
2801,432
2802,7
2803,100
2804,3087
2805,246
2806,40
2807,15
2808,200
2809,16
2810,150.72
2811,1344
2812,320
2813,4
2814,904.32
2815,0.25
2816,12
2817,280
2818,49
2819,370
2820,12.56
2821,130
2822,280
2823,12.54545
2824,22.5
2825,70
2826,3520
2827,5.16456
2828,333.33333
2829,96
2830,140
2831,81
2832,10
2833,48
2834,348
2835,400
2836,19
2837,920
2838,1200
2839,2083.33%
2840,105
2841,51.4
2842,30
2843,13.5
2844,20
2845,37.68
2846,15
2847,18
2848,141.3
2849,846
2850,9
2851,50.24
2852,1
2853,4000
2854,30
2855,9.09%
2856,9
2857,28
2858,2
2859,60
2860,5500
2861,308
2862,7.07692
2863,44.1
2864,224
2865,16
2866,10
2867,4444.44444
2868,32.97
2869,1000
2870,2450
2871,30000
2872,1188
2873,4
2874,25.12
2875,750
2876,13
2877,318.33%
2878,910
2879,32
2880,6
2881,7200
2882,96%
2883,30
2884,80
2885,7
2886,10
2887,125.6
2888,1380
2889,5024
2890,1610
2891,270
2892,12.56
2893,8
2894,320
2895,9523.81%
2896,80
2897,321
2898,12310
2899,1375
2900,28
2901,527
2902,159
2903,9
2904,90
2905,33
2906,88
2907,40
2908,50.24
2909,200
2910,6.42857
2911,10
2912,505
2913,2136
2914,0.33
2915,160
2916,15
2917,904.32
2918,55
2919,379
2920,200
2921,24
2922,32
2923,6600
2924,1.25
2925,0.08
2926,11685
2927,9.5
2928,750
2929,8
2930,132
2931,150
2932,140
2933,33.13333
2934,518
2935,125.6
2936,0.9375
2937,78.5
2938,2
2939,172.7
2940,2250
2941,326
2942,50.24
2943,96
2944,12
2945,753.6
2946,8250
2947,200
2948,41.5
2949,20.04545
2950,35.72727
2951,33.33
2952,12
2953,79.28571
2954,583.33333
2955,16.875
2956,26
2957,4
2958,36
2959,10
2960,18
2961,1296
2962,41
2963,100
2964,50.24
2965,-1000
2966,-80
2967,81
2968,60
2969,-14
2970,24
2971,148.4
2972,60
2973,0.1
2974,6
2975,12
2976,5
2977,125.6
2978,180
2979,25
2980,68.57143
2981,5.4%
2982,24.42857
2983,20
2984,80
2985,295
2986,2.64
2987,63
2988,118
2989,-999
2990,5.6
2991,9.84
2992,0.04
2993,584.45
2994,3400
2995,6
2996,100
2997,138
2998,18
2999,4.28571
3000,13.33333
3001,137
3002,88
3003,188.4
3004,1
3005,-9.09091
3006,540
3007,23
3008,126
3009,135
3010,125.6
3011,19.8
3012,10.05
3013,1271
3014,62.8
3015,333.33333
3016,18
3017,-75
3018,100
3019,90
3020,40
3021,2.22222
3022,40
3023,1200
3024,15
3025,600
3026,29.33333
3027,5878
3028,4000
3029,4000
3030,60
3031,742
3032,8.64
3033,3.6
3034,8
3035,270
3036,140
3037,5
3038,13.04%
3039,1800
3040,12.56
3041,0.8
3042,20
3043,3
3044,1
3045,15
3046,0.56
3047,1680
3048,8
3049,0.6
3050,3.4
3051,55.71429
3052,25
3053,-31
3054,41
3055,37.5
3056,400
3057,35
3058,960
3059,537.6
3060,650
3061,576
3062,12.56
3063,12.56
3064,23
3065,260
3066,960
3067,60
3068,140
3069,1000
3070,120
3071,7080
3072,-1000%
3073,54
3074,4.3
3075,1840
3076,65
3077,221558.4
3078,30
3079,113
3080,143
3081,112
3082,2512
3083,-0.16
3084,12
3085,18
3086,1120
3087,20
3088,6
3089,8
3090,98%
3091,6.55556
3092,126
3093,9
3094,287.55
3095,152.88
3096,110.5
3097,1.2
3098,785
3099,3
3100,2.36
3101,314
3102,100
3103,53
3104,9
3105,300
3106,45
3107,5670000
3108,530
3109,5.75
3110,4
3111,180
3112,192
3113,160
3114,470
3115,0.4
3116,1050
3117,240
3118,87
3119,45
3120,12.56
3121,864
3122,450
3123,1
3124,20
3125,160
3126,750
3127,140
3128,30
3129,400
3130,3250
3131,2.4
3132,10
3133,5.7
3134,666.66667
3135,30
3136,42.25
3137,393
3138,640
3139,25
3140,97.5%
3141,12000
3142,1500
3143,4.8
3144,1
3145,508
3146,4
3147,225
3148,1.1
3149,28.57143
3150,11
3151,95
3152,15
3153,77.5
3154,-3.8
3155,12
3156,24
3157,3.93
3158,120
3159,12
3160,32000
3161,12.5
3162,200
3163,20%
3164,1.44
3165,64
3166,45
3167,26
3168,63
3169,7
3170,20
3171,40
3172,32
3173,15
3174,75.75
3175,140
3176,1791
3177,41
3178,624
3179,48
3180,2700
3181,36.3
3182,12
3183,0.7
3184,720
3185,180
3186,5.5
3187,-121
3188,807
3189,1.5
3190,72
3191,850
3192,920
3193,60
3194,720
3195,30
3196,52
3197,6400
3198,1800
3199,465
3200,70
3201,96
3202,3600
3203,4800
3204,155
3205,120
3206,2135
3207,94
3208,93
3209,85
3210,120
3211,17
3212,72
3213,8
3214,9
3215,75
3216,600
3217,800
3218,24
3219,130
3220,14
3221,4
3222,15
3223,420
3224,360
3225,175
3226,160
3227,2.88889
3228,30
3229,8
3230,2520
3231,384
3232,360
3233,246
3234,320
3235,2880
3236,864
3237,3250
3238,175
3239,85
3240,63
3241,9900
3242,1158
3243,1160
3244,1600
3245,50
3246,1820
3247,372
3248,1880
3249,3600
3250,280
3251,78
3252,300
3253,1200
3254,30
3255,6
3256,25
3257,3
3258,8
3259,4
3260,1692
3261,8
3262,15000
3263,24
3264,95
3265,7
3266,320
3267,1980
3268,35
3269,186
3270,225
3271,24
3272,27
3273,8
3274,75
3275,336
3276,180
3277,35
3278,305
3279,625
3280,784
3281,5124
3282,6
3283,130
3284,1208
3285,0.2
3286,11
3287,9
3288,53
3289,5400
3290,250
3291,232
3292,120
3293,9
3294,45
3295,29
3296,86
3297,200
3298,1000
3299,105
3300,11.55
3301,27
3302,228
3303,109
3304,99
3305,11
3306,-47
3307,477
3308,103
3309,39
3310,112
3311,660
3312,84
3313,9
3314,31
3315,7
3316,63
3317,315
3318,362
3319,8
3320,220
3321,54
3322,605
3323,21
3324,7680
3325,60
3326,200
3327,8250
3328,1425
3329,32
3330,80
3331,90
3332,250
3333,4320
3334,420
3335,90
3336,203
3337,31
3338,448
3339,576
3340,200
3341,720
3342,95
3343,4
3344,569
3345,5
3346,100
3347,15
3348,8400
3349,180
3350,32
3351,13
3352,13
3353,48
3354,39
3355,2600
3356,784
3357,130
3358,60
3359,334
3360,550
3361,328
3362,204
3363,252
3364,35
3365,40
3366,37
3367,500
3368,119
3369,10
3370,1500
3371,-245
3372,5888
3373,1320
3374,658
3375,1800
3376,34
3377,910
3378,192
3379,256
3380,27
3381,1045
3382,105
3383,295
3384,1122
3385,84
3386,239
3387,15
3388,24
3389,25
3390,98
3391,432
3392,960
3393,60
3394,40
3395,130
3396,24
3397,25
3398,220
3399,100
3400,845
3401,85
3402,54
3403,52
3404,-30
3405,134
3406,214
3407,200
3408,60
3409,40
3410,500
3411,7
3412,216
3413,4185
3414,1653
3415,207
3416,7
3417,4.91803
3418,16
3419,1530
3420,52
3421,111.15
3422,552
3423,5014
3424,1764
3425,9
3426,6240
3427,432
3428,240
3429,25
3430,3
3431,38
3432,1907
3433,0
3434,131
3435,33.62
3436,-81
3437,22
3438,92
3439,87
3440,0.72
3441,14310
3442,2.85714
3443,5
3444,2015
3445,279
3446,700
3447,160
3448,7.5
3449,96
3450,1400
3451,172
3452,5200
3453,10.45455
3454,19
3455,128
3456,1
3457,-1000
3458,6
3459,8
3460,33
3461,0
3462,15
3463,336
3464,93
3465,10
3466,690
3467,180
3468,57.9
3469,430
3470,1.1
3471,15
3472,14
3473,1000
3474,15
3475,750
3476,12.5
3477,25
3478,8
3479,600
3480,720
3481,4.88
3482,33.33333
3483,551.25
3484,800
3485,16
3486,12
3487,18
3488,288
3489,150
3490,5
3491,192
3492,12.5
3493,42
3494,100
3495,15
3496,0.05
3497,0.17609
3498,0.4
3499,10
3500,6
3501,16
3502,100
3503,800
3504,800000
3505,3120
3506,24
3507,10
3508,275
3509,3200
3510,300
3511,420
3512,12
3513,3750
3514,21.75
3515,5760
3516,352
3517,8
3518,2
3519,3500
3520,192
3521,8
3522,24
3523,6
3524,-1000
3525,1500
3526,450
3527,114
3528,4.5
3529,58
3530,40
3531,0.07653
3532,25.3
3533,1.9
3534,0.2
3535,5
3536,9
3537,6
3538,192
3539,276
3540,50
3541,2400
3542,12180
3543,2600
3544,6
3545,6
3546,1.8
3547,1494
3548,588
3549,2000
3550,8
3551,75
3552,15
3553,5050
3554,205
3555,720
3556,316
3557,2.6
3558,250000
3559,419
3560,428
3561,1720
3562,840
3563,14
3564,380
3565,175
3566,32
3567,1098
3568,1488
3569,2
3570,12
3571,6
3572,17
3573,35
3574,42
3575,8800
3576,828
3577,21
3578,32
3579,50
3580,3960
3581,80
3582,24
3583,289
3584,4050
3585,40.88889
3586,40
3587,139
3588,6480
3589,53.14286
3590,4500
3591,52
3592,24
3593,12
3594,145
3595,2000
3596,175
3597,6
3598,23
3599,-12
3600,114
3601,89600
3602,74
3603,816
3604,1500
3605,640
3606,40
3607,60
3608,21
3609,6
3610,2.72727
3611,110
3612,147
3613,3.14
3614,945
3615,8
3616,480
3617,616
3618,2560
3619,160
3620,300
3621,5
3622,450
3623,147
3624,9
3625,2240
3626,102
3627,32
3628,1080
3629,9.84375
3630,1200
3631,920
3632,2700
3633,13000
3634,3575
3635,125
3636,140
3637,519
3638,42
3639,300
3640,166
3641,6
3642,108
3643,3330
3644,5.36
3645,24
3646,6
3647,2450
3648,3
3649,690
3650,20
3651,2
3652,48
3653,250
3654,168
3655,54
3656,161
3657,1035
3658,70
3659,22
3660,30
3661,3600
3662,6.5
3663,-18
3664,7.5
3665,566
3666,98
3667,40
3668,485
3669,588
3670,2916
3671,1440
3672,13
3673,100
3674,13.3
3675,640
3676,10665
3677,8.54762
3678,-0.95
3679,5880
3680,10080
3681,880
3682,26
3683,6
3684,8.75
3685,272
3686,1536
3687,400
3688,1000
3689,384
3690,225
3691,80
3692,1008
3693,39
3694,1118
3695,504
3696,3
3697,60
3698,7500
3699,83
3700,1632
3701,390
3702,880
3703,4
3704,1350
3705,4.25
3706,4500
3707,168
3708,51
3709,36
3710,6
3711,104
3712,18090
3713,4
3714,164
3715,570
3716,10000
3717,509
3718,-12
3719,684
3720,16.25
3721,318
3722,655
3723,72
3724,158625
3725,8
3726,24
3727,320
3728,13
3729,75
3730,1250
3731,84
3732,11.42857
3733,68
3734,534
3735,800
3736,107
3737,3800
3738,640
3739,14000
3740,429
3741,600
3742,728
3743,4710
3744,80
3745,450
3746,212
3747,74
3748,300
3749,30
3750,2668
3751,90
3752,200
3753,288
3754,1176
3755,360
3756,5
3757,52
3758,3360
3759,5000
3760,252
3761,187
3762,210
3763,3
3764,0.42
3765,11
3766,4
3767,2210
3768,300
3769,8
3770,49
3771,2160
3772,108
3773,297
3774,600
3775,11
3776,20000
3777,20
3778,76475
3779,-24
3780,552
3781,15
3782,2
3783,175
3784,20
3785,16
3786,23800
3787,68
3788,414
3789,564
3790,650
3791,3430
3792,216
3793,65
3794,308
3795,93.6
3796,24
3797,18
3798,102
3799,938
3800,1100
3801,12.8
3802,8130
3803,3
3804,12
3805,84
3806,1679
3807,4400
3808,54
3809,51
3810,7
3811,144
3812,60
3813,125
3814,900
3815,24
3816,667
3817,15
3818,45
3819,432
3820,10850
3821,40
3822,36
3823,20
3824,120
3825,517
3826,36
3827,25
3828,2160
3829,1770
3830,111
3831,43.2
3832,22400
3833,14
3834,27
3835,540
3836,768
3837,14
3838,45
3839,2970
3840,8100
3841,1232
3842,192
3843,604
3844,6
3845,12.6
3846,7
3847,576
3848,15
3849,5850
3850,90
3851,256
3852,15
3853,54
3854,2520
3855,175
3856,3456
3857,216
3858,455
3859,575
3860,960
3861,96
3862,140
3863,1440
3864,468
3865,3900
3866,1680
3867,375
3868,368
3869,5000
3870,-1000
3871,40
3872,28
3873,0
3874,27
3875,5760
3876,54
3877,120
3878,716
3879,3000
3880,10.24
3881,75
3882,141
3883,26
3884,29
3885,12
3886,864
3887,480
3888,160
3889,7200
3890,144
3891,80
3892,1.46
3893,108
3894,9
3895,24
3896,270
3897,9
3898,12
3899,30
3900,39
3901,300
3902,16
3903,2800
3904,2
3905,61
3906,1728
3907,168
3908,14.5
3909,0.36
3910,410
3911,6
3912,91
3913,140
3914,18290
3915,3224
3916,900
3917,50
3918,3360
3919,312
3920,900
3921,610
3922,2100
3923,27
3924,775
3925,10
3926,4
3927,240
3928,225
3929,150
3930,100
3931,0.35
3932,-1000
3933,-82
3934,131
3935,25
3936,1680
3937,2.7
3938,651
3939,9720
3940,396
3941,1247
3942,6
3943,768
3944,12
3945,12
3946,204
3947,3.16667
3948,-48
3949,12.16981
3950,1035
3951,420
3952,21
3953,540
3954,462
3955,1600
3956,682
3957,3
3958,6
3959,8
3960,46
3961,81
3962,36
3963,375
3964,437
3965,20.8
3966,3840
3967,-17.5
3968,576
3969,24
3970,1200
3971,80
3972,655
3973,422
3974,60
3975,40
3976,10
3977,-0.23
3978,42.33333
3979,30000
3980,26
3981,17.85714
3982,4
3983,4
3984,zoo
3985,2525
3986,51
3987,2
3988,96
3989,-2.5
3990,2100
3991,10
3992,550
3993,69
3994,225
3995,13
3996,18
3997,46
3998,600
3999,13
4000,51
4001,19
4002,1485
4003,1744
4004,2372
4005,80
4006,45.6
4007,73
4008,3.15789
4009,32
4010,100
4011,5
4012,192
4013,149
4014,135
4015,27.5
4016,20
4017,400
4018,12.6
4019,18.4
4020,9
4021,1.5
4022,-8
4023,230
4024,9
4025,-600
4026,3046
4027,-33.6
4028,400
4029,46.88
4030,40
4031,51
4032,65
4033,960
4034,17
4035,8
4036,264
4037,433.5
4038,1844
4039,0.5
4040,64.5
4041,500
4042,50
4043,800
4044,12
4045,160
4046,2400
4047,1800
4048,88
4049,28.8
4050,72
4051,9
4052,150
4053,18
4054,5.4
4055,126
4056,12
4057,250
4058,234
4059,288
4060,240
4061,3080
4062,48
4063,645
4064,20
4065,17.4
4066,152
4067,1408
4068,20
4069,1008
4070,-142.5
4071,1875
4072,79
4073,193.6
4074,1400
4075,728
4076,30
4077,6
4078,13.75
4079,5000
4080,8
4081,291
4082,965
4083,1712
4084,6
4085,4200
4086,122.66667
4087,1442
4088,1200
4089,11
4090,48
4091,930
4092,22
4093,20
4094,9600
4095,4468
4096,12
4097,3
4098,242
4099,2040
4100,100
4101,60
4102,800
4103,202
4104,-10.71429
4105,1600
4106,165
4107,576
4108,61
4109,1.96
4110,8
4111,1.2
4112,5
4113,36
4114,4060
4115,90
4116,8
4117,16
4118,12
4119,690
4120,24
4121,40
4122,52
4123,9
4124,6
4125,180
4126,-1000
4127,1130
4128,98
4129,75
4130,6223
4131,722
4132,1095
4133,26.2
4134,25.33333
4135,9.07
4136,456
4137,0.75
4138,52.36364
4139,6.25
4140,50
4141,160
4142,400
4143,270
4144,1112
4145,254
4146,16
4147,1.30909
4148,12
4149,1163
4150,192
4151,-120
4152,9
4153,504
4154,837
4155,5.2
4156,2100
4157,424
4158,25
4159,6
4160,56
4161,40
4162,3140
4163,7800
4164,870
4165,1200
4166,109
4167,83
4168,126
4169,1
4170,6912
4171,4704
4172,-75
4173,40
4174,864
4175,400
4176,28
4177,0
4178,404.16
4179,3.5
4180,80
4181,11.97605
4182,-20
4183,169
4184,213.33333
4185,4.6
4186,-10
4187,2592
4188,60
4189,4
4190,144
4191,3140
4192,40
4193,9
4194,1111.11%
4195,56.52
4196,100
4197,368
4198,50.24
4199,27
4200,1410
4201,108
4202,135%
4203,27
4204,3.14
4205,18750
4206,9
4207,518
4208,16
4209,780
4210,83
4211,2880
4212,-46
4213,-30
4214,260
4215,30
4216,4
4217,zoo
4218,150
4219,1050
4220,100
4221,100
4222,28
4223,384
4224,2.4
4225,416
4226,-76
4227,180
4228,46.66667
4229,188.4
4230,36
4231,9
4232,6.28
4233,12.5%
4234,25.12
4235,70
4236,47
4237,72
4238,2
4239,3
4240,-16.67
4241,30
4242,48
4243,283.33333
4244,60.45
4245,1280
4246,700
4247,81
4248,440
4249,3.33333
4250,7
4251,-3
4252,900
4253,6.45
4254,144
4255,1.96
4256,33.6
4257,20
4258,495
4259,23.33333
4260,16
4261,1644
4262,34
4263,738
4264,168
4265,8
4266,1.3
4267,56
4268,1864
4269,7.85
4270,4
4271,46
4272,36
4273,151
4274,1152
4275,540
4276,480
4277,140
4278,30
4279,5472
4280,306
4281,-122.46
4282,0.1875
4283,50
4284,27
4285,900
4286,33
4287,2700
4288,90
4289,495360
4290,160
4291,9
4292,11
4293,5855
4294,2475
4295,144
4296,64
4297,276
4298,462
4299,150
4300,-2
4301,2.5
4302,1440
4303,5
4304,300
4305,15
4306,396
4307,32
4308,-80
4309,200
4310,1397.5
4311,3571.42857
4312,30
4313,36
4314,20%
4315,10%
4316,63
4317,8
4318,12
4319,19
4320,187
4321,4
4322,237
4323,240
4324,56.52
4325,2.09
4326,51.46
4327,0.52
4328,60
4329,-3.16
4330,32
4331,2606
4332,15
4333,288
4334,342
4335,319.32
4336,102
4337,54.4
4338,32
4339,64
4340,0.08
4341,519
4342,0.32
4343,1500
4344,0
4345,54.2
4346,60%
4347,-18.2
4348,-20%
4349,5.6
4350,-74
4351,-2700
4352,6
4353,45
4354,2.8
4355,1.11111
4356,7.5
4357,2
4358,1.82
4359,12
4360,100
4361,256
4362,1.33333
4363,8
4364,562.5
4365,120
4366,660
4367,1.84444
4368,122.0339
4369,1.125
4370,24
4371,26687500
4372,64
4373,112.5
4374,4.33333
4375,3/5
4376,76
4377,0.29
4378,50
4379,18
4380,188.4
4381,100
4382,32
4383,45
4384,284
4385,119.66667
4386,31.81818
4387,1.67
4388,1050
4389,40000000%
4390,2000
4391,380
4392,42
4393,3
4394,9
4395,6400
4396,6400
4397,120000
4398,6.66667
4399,7
4400,-87
4401,6
4402,192
4403,25
4404,200
4405,53
4406,-80
4407,16.8
4408,22.5
4409,0.2202
4410,45
4411,1778.62
4412,3.24
4413,-492
4414,1236
4415,80
4416,19
4417,80
4418,2500
4419,390
4420,12.8
4421,75
4422,12.66667
4423,10000
4424,1507.2
4425,3840
4426,4200
4427,4200
4428,150.72
4429,12.56
4430,282.6
4431,20
4432,1
4433,160
4434,1
4435,-2400
4436,19.62
4437,28
4438,56.52
4439,12.56
4440,10
4441,1400
4442,96.15%
4443,94200
4444,2506.66667
4445,45
4446,11340
4447,8
4448,62.8
4449,-942
4450,28.26
4451,12
4452,25.12
4453,-10
4454,288
4455,12
4456,945
4457,13
4458,44
4459,-70
4460,216
4461,169.56
4462,22500
4463,354.95
4464,28.26
4465,28.26
4466,27
4467,6.28
4468,267
4469,840
4470,-3
4471,450
4472,56.52
4473,0.3
4474,7650
4475,25.12
4476,0.4
4477,34
4478,192
4479,120
4480,67
4481,70
4482,288
4483,438
4484,240
4485,67
4486,1152
4487,188.4
4488,5
4489,50.24
4490,78.5
4491,0.9
4492,62.8
4493,-14.5
4494,-100
4495,78
4496,60.79
4497,28.26
4498,128.74
4499,60
4500,76.5
4501,170
4502,13
4503,540
4504,18.84
4505,30%
4506,100.48
4507,12.56
4508,0.78
4509,44244.44
4510,5
4511,3733.33333
4512,14
4513,70
4514,14
4515,20
4516,62.8
4517,56.52
4518,65.94
4519,34
4520,2/9
4521,0.36
4522,5100
4523,3.14
4524,25.12
4525,3039.52
4526,1175.62
4527,224
4528,1600
4529,1000
4530,0.6
4531,60
4532,5000
4533,96
4534,100
4535,100
4536,135
4537,102160.34
4538,813.6
4539,219.8
4540,2300
4541,4
4542,5024
4543,28.26
4544,18.84
4545,10.47
4546,480
4547,28
4548,9.53846
4549,-2
4550,50.24
4551,100%
4552,12.56
4553,120
4554,3.2
4555,252
4556,160.14
4557,10.47
4558,74
4559,30
4560,3.14
4561,-21.98
4562,1.5
4563,6
4564,5.5
4565,1.06667
4566,1
4567,12.85
4568,314
4569,97.5%
4570,56.8
4571,1962.5
4572,0.25
4573,15.7
4574,12.56
4575,4
4576,7
4577,1004.8
4578,502.4
4579,18.09
4580,6.66667
4581,18.84
4582,60
4583,60.29
4584,53.33333
4585,50.24
4586,47.1
4587,0.5
4588,-2000
4589,1400
4590,45
4591,4
4592,96
4593,942
4594,1.875
4595,6
4596,6.66667
4597,6.66667
4598,14
4599,-52.25
4600,1884
4601,125.6
4602,50
4603,41.17647
4604,2.51
4605,12.56
4606,1146.5
4607,67.31
4608,330
4609,529.87
4610,300
4611,62.8
4612,78.5
4613,78.5
4614,19.5
4615,9.42
4616,1.5
4617,-1000
4618,240
4619,113.04
4620,12.56
4621,20250%
4622,12
4623,238.09524
4624,-27.21
4625,240
4626,zoo
4627,1884
4628,150
4629,2
4630,32.4
4631,29
4632,62.56
4633,12
4634,-21
4635,19
4636,6
4637,7
4638,20
4639,21
4640,9
4641,3.14
4642,14.13
4643,7.06
4644,-1855
4645,73.33333
4646,800
4647,48
4648,2
4649,-1.5
4650,25.12
4651,47.1
4652,800
4653,156.75
4654,1000
4655,0.6
4656,1735
4657,452.16
4658,20
4659,8.4
4660,4.71
4661,1530
4662,175.84
4663,0.82
4664,2
4665,63
4666,27
4667,3.14
4668,-19
4669,7850
4670,-55
4671,251.2
4672,187
4673,80
4674,73.14286
4675,3
4676,314
4677,25600%
4678,24.3
4679,87.92
4680,36
4681,33/56
4682,25%
4683,9
4684,100
4685,21.84
4686,1
4687,40
4688,900
4689,13/25
4690,2.88
4691,2
4692,75
4693,12.56
4694,1570
4695,-87.92
4696,zoo
4697,0.02
4698,40
4699,314
4700,19.62
4701,101
4702,100
4703,11.11111
4704,5000
4705,-6
4706,750
4707,189
4708,402
4709,76
4710,25%
4711,42
4712,410
4713,112
4714,37.68
4715,0.43
4716,16.83
4717,28.26
4718,720
4719,-1000
4720,2.51
4721,562
4722,894
4723,0.52239
4724,113.04
4725,29
4726,27
4727,20
4728,314
4729,60
4730,2.01
4731,420
4732,650
4733,36
4734,11200
4735,200.96
4736,650
4737,115
4738,0.15
4739,1600
4740,25.12
4741,192.26
4742,2
4743,31.4
4744,600
4745,785
4746,2000
4747,46
4748,314
4749,157
4750,360
4751,-4
4752,0.16
4753,360
4754,38880
4755,400
4756,20.93
4757,94
4758,333.33
4759,13333.33333
4760,50.24
4761,19.2
4762,3.8
4763,0.06
4764,22.22
4765,36
4766,1884
4767,62.8
4768,1000
4769,25.12
4770,39.25
4771,113.04
4772,12.6
4773,1080
4774,153
4775,20
4776,314
4777,23.55
4778,-69987.5%
4779,36
4780,30
4781,113.04
4782,31.4
4783,192
4784,564
4785,78500
4786,480
4787,0.06
4788,76
4789,0.35
4790,30
4791,2385
4792,78.5
4793,1256
4794,72
4795,50.24
4796,706.5
4797,6.28
4798,-30
4799,56.52
4800,625
4801,1256
4802,222.94
4803,125.6
4804,535
4805,552.64
4806,6311.4
4807,942
4808,282.6
4809,5.58
4810,452.16
4811,1884
4812,63
4813,500
4814,30
4815,288
4816,66.6%
4817,31/40
4818,439.6
4819,0.02
4820,42
4821,113.04
4822,5.85
4823,1.66667
4824,40
4825,15
4826,5.14286
4827,600000
4828,0.16
4829,-321.75
4830,1080
4831,2826
4832,352
4833,5
4834,639.65
4835,80
4836,26.9
4837,18.2
4838,314
4839,262.31
4840,12
4841,0.01562
4842,21600
4843,-1.31
4844,-1000
4845,208
4846,25.12
4847,2
4848,696
4849,384
4850,3
4851,30
4852,174.25
4853,353
4854,8/15
4855,30
4856,15
4857,600
4858,16
4859,1/3
4860,5
4861,392.5
4862,40.19
4863,15
4864,0.74074
4865,125.6
4866,15
4867,1.13208
4868,26.25
4869,85
4870,392
4871,4.44444
4872,50
4873,10048000
4874,301440
4875,125.6
4876,628
4877,1256
4878,96000
4879,240%
4880,37.68
4881,0.125
4882,2571.42857
4883,1/5
4884,1
4885,-1680
4886,24
4887,4
4888,57
4889,3.5
4890,6
4891,81.66667
4892,152.72727
4893,2200
4894,9800
4895,6
4896,62.5
4897,175
4898,20
4899,-7.5
4900,192
4901,41.83333
4902,-64
4903,89.6
4904,50.24
4905,100.48
4906,19.2
4907,2
4908,40
4909,120
4910,18
4911,100.48
4912,0
4913,3
4914,600
4915,11
4916,-567
4917,12
4918,5.14286
4919,-5.49
4920,200
4921,-168.75
4922,2.8
4923,156
4924,2.10526
4925,108
4926,1000
4927,1530
4928,40
4929,7
4930,125
4931,18
4932,3.75
4933,16
4934,31.5
4935,-0.3125
4936,38
4937,10
4938,0.82353
4939,40
4940,0.26
4941,5.25
4942,-72
4943,20
4944,67.5
4945,-8
4946,2.66667
4947,4160.37
4948,-79.5
4949,4.5
4950,19
4951,520
4952,170
4953,150
4954,1.20755
4955,1/5
4956,63
4957,196
4958,4
4959,200.96
4960,37.68
4961,80
4962,14%
4963,0.125
4964,1.45
4965,11
4966,83
4967,172
4968,28
4969,62
4970,68
4971,45
4972,68
4973,43
4974,88
4975,63
4976,21
4977,18
4978,17
4979,-7
4980,56
4981,12
4982,84
4983,56
4984,24
4985,18
4986,16
4987,144
4988,27
4989,216
4990,35
4991,18
4992,4
4993,5
4994,6
4995,28
4996,32
4997,24
4998,94
4999,10
5000,36
5001,27
5002,32
5003,108
5004,78
5005,195
5006,74
5007,23
5008,8
5009,-49
5010,61
5011,47
5012,8
5013,5
5014,7
5015,138
5016,6
5017,6
5018,26
5019,8
5020,8
5021,28
5022,-1
5023,9
5024,9
5025,47
5026,19
5027,19
5028,28
5029,20
5030,20
5031,22
5032,44
5033,28
5034,-17
5035,10
5036,2
5037,11
5038,38
5039,45
5040,12
5041,-3
5042,20
5043,31
5044,62
5045,19
5046,6
5047,4
5048,18
5049,18
5050,13
5051,3
5052,11
5053,25
5054,31
5055,91
5056,35
5057,90
5058,56
5059,26
5060,81
5061,4
5062,55
5063,55
5064,6
5065,48
5066,30
5067,89
5068,97
5069,80
5070,0
5071,51
5072,88
5073,16
5074,24
5075,57
5076,26
5077,8
5078,42
5079,7
5080,27
5081,30
5082,162
5083,16
5084,-32
5085,56
5086,32
5087,24
5088,18
5089,33
5090,32
5091,16
5092,24
5093,23
5094,8
5095,6
5096,8
5097,16
5098,75
5099,18
5100,8
5101,18
5102,6
5103,15
5104,63
5105,18
5106,33
5107,7
5108,19
5109,20
5110,180
5111,21
5112,2850
5113,30
5114,46
5115,1
5116,50
5117,70
5118,1017.36
5119,6
5120,11
5121,1280
5122,1800
5123,6
5124,293.33333
5125,52
5126,8
5127,32
5128,700
5129,0.25
5130,59.8
5131,-1000
5132,266
5133,12
5134,-90
5135,-89
5136,21
5137,4
5138,15
5139,94.2
5140,12.56
5141,6.28
5142,3.4125
5143,1791
5144,9
5145,4
5146,192
5147,4166.66667
5148,0
5149,33
5150,1848
5151,41
5152,zoo
5153,189
5154,14.58
5155,3380
5156,25.12
5157,2
5158,-178.57143
5159,240
5160,1
5161,255
5162,6
5163,19.25
5164,4000
5165,1
5166,180
5167,115.2
5168,90
5169,376.8
5170,215
5171,6.28
5172,1.01
5173,1500
5174,6
5175,48.2
5176,120
5177,12
5178,1.61
5179,337.5
5180,28
5181,0.39
5182,5000
5183,60
5184,-16.66667
5185,2
5186,1450
5187,1654
5188,14
5189,20
5190,3
5191,780
5192,12
5193,12
5194,210
5195,36
5196,260
5197,22
5198,38
5199,-18
5200,-960
5201,0.05
5202,324
5203,14
5204,162
5205,36.3
5206,26
5207,500
5208,3.75
5209,-1.42
5210,60
5211,-104
5212,-14
5213,29990
5214,25
5215,2.14
5216,5.58621
5217,14.13
5218,22
5219,246.49
5220,280
5221,1.5
5222,450
5223,80
5224,76800
5225,36
5226,50
5227,7
5228,36
5229,-6000
5230,24.82
5231,12
5232,7
5233,60
5234,3360
5235,1800
5236,987.2
5237,3.14
5238,42
5239,6
5240,2.4
5241,2300
5242,600
5243,314
5244,32
5245,64
5246,45
5247,26
5248,846
5249,10
5250,7
5251,20
5252,40
5253,32
5254,15
5255,75.75
5256,12
5257,74
5258,25
5259,79
5260,33
5261,55000
5262,224
5263,42.4
5264,0.53
5265,45.66667
5266,23
5267,116.25
5268,3060
5269,33
5270,-4
5271,12
5272,18
5273,35
5274,250
5275,1.71429
5276,150
5277,5376
5278,800%
5279,3040
5280,10
5281,6.4
5282,72
5283,3210
5284,-200
5285,131880
5286,2.18
5287,31.4
5288,66.66667
5289,-30
5290,60
5291,13.04348
5292,-7863.75
5293,901
5294,3.84615
5295,384
5296,11
5297,6
5298,13.5
5299,20000
5300,50.4
5301,800
5302,19
5303,192.77108
5304,14
5305,1320
5306,-30
5307,215
5308,4000
5309,400
5310,0
5311,8.64
5312,12
5313,12
5314,6.45
5315,8
5316,624.75
5317,10
5318,160
5319,1600
5320,2900
5321,96
5322,84
5323,3.92
5324,2198
5325,-180
5326,50
5327,15
5328,24
5329,123359.17
5330,1000
5331,144.6
5332,625
5333,1
5334,36
5335,7200
5336,9.6
5337,219.13043
5338,51
5339,50
5340,3384
5341,2000
5342,45
5343,256
5344,37.68
5345,565.2
5346,10
5347,67500
5348,14
5349,250
5350,1920
5351,1466.66667
5352,327
5353,2600
5354,51
5355,16
5356,19200
5357,480
5358,29.62963
5359,20
5360,15700
5361,zoo
5362,7
5363,3920
5364,10
5365,16.66667
5366,800
5367,7.5
5368,200.96
5369,4.52
5370,516
5371,120
5372,7500
5373,810
5374,52
5375,500
5376,90
5377,50
5378,2565
5379,200
5380,0.33333
5381,3600
5382,zoo
5383,1232
5384,157.5
5385,800
5386,7.5
5387,800
5388,2
5389,1
5390,7.83333
5391,40
5392,4.2
5393,3
5394,0.75
5395,1.6
5396,500
5397,608
5398,140
5399,23.33333
5400,2275
5401,1285.71429
5402,6
5403,zoo
5404,24
5405,0.01
5406,76
5407,3000
5408,21
5409,zoo
5410,30
5411,91.33333
5412,12
5413,89
5414,392.5
5415,198
5416,10
5417,1016
5418,480
5419,3600
5420,1020
5421,3.33333
5422,10.66667
5423,45
5424,0.26
5425,3.75
5426,187.5
5427,1
5428,60
5429,900
5430,48
5431,10
5432,10000
5433,72.5
5434,20
5435,1200
5436,14.4
5437,5
5438,-450
5439,30
5440,64
5441,28.8
5442,32.72727
5443,48
5444,64
5445,20
5446,38
5447,2.9
5448,2.7
5449,0.5
5450,0.5
5451,8
5452,280.8
5453,900
5454,16
5455,36
5456,0.08
5457,561
5458,314
5459,125
5460,5.45455
5461,3.14
5462,3
5463,2700
5464,5
5465,4
5466,10
5467,112
5468,1.7
5469,25.9
5470,200
5471,-4000
5472,1800
5473,180
5474,60
5475,172
5476,10
5477,1440
5478,100
5479,18000
5480,1200
5481,56
5482,40
5483,-1.88
5484,-1.88
5485,4
5486,107523.87097
5487,201
5488,90
5489,60
5490,62
5491,46
5492,44
5493,53
5494,-38000%
5495,42
5496,20
5497,3
5498,775
5499,3750
5500,1.19
5501,92
5502,9
5503,1200
5504,8.33333
5505,131.25
5506,-4.5
5507,450
5508,305
5509,20
5510,47
5511,840
5512,32
5513,7
5514,190
5515,6.25
5516,882
5517,1200
5518,22
5519,769.5
5520,32
5521,288
5522,42000
5523,2080
5524,45
5525,76.19048
5526,420
5527,110
5528,28.3
5529,-139
5530,52
5531,2200
5532,5337.5
5533,48
5534,5
5535,0.54
5536,5400
5537,382.5
5538,1.3
5539,120
5540,88
5541,90
5542,9
5543,428
5544,1
5545,15
5546,29.3
5547,73
5548,3
5549,120
5550,1800
5551,617
5552,72
5553,239
5554,4.44444
5555,3300
5556,96
5557,260
5558,-0.375
5559,12
5560,2.4
5561,300
5562,3600
5563,400
5564,12
5565,30
5566,4.5
5567,45
5568,8000
5569,57
5570,1.5
5571,-33.2
5572,5200
5573,102120
5574,552
5575,14
5576,15
5577,149.04
5578,18.6
5579,140
5580,40.8
5581,32
5582,36.4
5583,-140
5584,120
5585,12
5586,39
5587,420
5588,360
5589,108
5590,3
5591,3600
5592,195
5593,1080
5594,250
5595,36
5596,249
5597,82.76471
5598,262
5599,5400
5600,480
5601,775
5602,432
5603,20.57
5604,64
5605,92.5
5606,-2600
5607,7
5608,120
5609,2000
5610,28.8
5611,24
5612,120
5613,0
5614,128
5615,36
5616,6
5617,32
5618,16.21
5619,15.9
5620,39
5621,6280
5622,47.1
5623,2
5624,52
5625,240
5626,29
5627,280
5628,120
5629,-5
5630,250
5631,1153
5632,44
5633,4050
5634,9.52381
5635,94.2
5636,180
5637,847.8
5638,54
5639,1
5640,23
5641,101.2
5642,2592
5643,240
5644,10
5645,150
5646,6.28571
5647,28.26
5648,37.8
5649,120
5650,60
5651,28.26
5652,400
5653,375
5654,1.5
5655,35
5656,500
5657,3
5658,-14.35897
5659,13
5660,160
5661,30
5662,80
5663,0.625
5664,2.4
5665,128
5666,30
5667,350
5668,225
5669,3
5670,500
5671,2.2
5672,-3000
5673,60
5674,4000
5675,78.5
5676,1
5677,36
5678,62
5679,1500
5680,500
5681,248062.5
5682,56.52
5683,6.28
5684,600
5685,565.2
5686,100
5687,781
5688,195.94
5689,2250
5690,25
5691,2000
5692,24
5693,53
5694,48000
5695,250
5696,525
5697,1600
5698,24
5699,25.2
5700,12.56
5701,20
5702,250
5703,20
5704,192.5
5705,80
5706,34
5707,480
5708,2.32
5709,13900
5710,1107
5711,-120
5712,64
5713,1600
5714,1.1
5715,1099000
5716,113
5717,4
5718,192
5719,4.66667
5720,945
5721,18.84
5722,20
5723,15
5724,-720
5725,105
5726,11.7
5727,300
5728,5.71429
5729,2
5730,23
5731,1400
5732,62
5733,42.5
5734,5702
5735,3.8
5736,803.84
5737,400
5738,3430
5739,27
5740,8
5741,6.4
5742,5750
5743,90
5744,600
5745,360
5746,160
5747,6
5748,2000
5749,5.28
5750,702
5751,0.47429
5752,300
5753,285
5754,711
5755,-90
5756,142
5757,27
5758,10
5759,18
5760,50
5761,0.75
5762,300
5763,279.35
5764,1
5765,2
5766,2100
5767,5.4
5768,1320
5769,260
5770,0
5771,200
5772,22.05882
5773,-96
5774,24
5775,4571.42857
5776,50
5777,-1200
5778,24
5779,10
5780,88
5781,-1000
5782,192
5783,1.83406
5784,20
5785,500
5786,145
5787,44
5788,112750
5789,200
5790,110
5791,6
5792,28800
5793,9020
5794,4000
5795,162
5796,420
5797,6
5798,0.4
5799,8.75
5800,648
5801,8
5802,250
5803,26.2
5804,2
5805,-2
5806,1600
5807,0.9
5808,60
5809,78.2
5810,12
5811,-2.77778
5812,15
5813,17.5
5814,227
5815,20.25
5816,50.625
5817,88
5818,2
5819,450
5820,9
5821,36
5822,12
5823,38
5824,20
5825,15
5826,33.33333
5827,3
5828,32
5829,23810
5830,2550
5831,144
5832,35000
5833,8
5834,72.2
5835,216.6
5836,6280
5837,2.5
5838,23.55
5839,6.28
5840,32
5841,16
5842,100
5843,138
5844,285
5845,62.66667
5846,94
5847,1600
5848,150
5849,11.52
5850,9
5851,62.4
5852,25
5853,8640
5854,3520
5855,2450
5856,9000
5857,4000
5858,2940
5859,24
5860,-39
5861,2.4
5862,126.7
5863,690
5864,42
5865,1.1
5866,18
5867,3
5868,0.75
5869,6.47
5870,15
5871,12
5872,120
5873,0.21
5874,120
5875,1
5876,16
5877,16
5878,2
5879,360
5880,18
5881,501
5882,16.5
5883,267.66667
5884,-24
5885,100
5886,10
5887,-1000
5888,0
5889,53
5890,19
5891,90
5892,50
5893,51.55
5894,2000
5895,32
5896,750
5897,14.5
5898,5460
5899,6.66667
5900,25920
5901,6
5902,110
5903,0
5904,-7540
5905,182
5906,234
5907,120
5908,21
5909,7
5910,-15
5911,9
5912,16
5913,33
5914,25
5915,8
5916,3
5917,7
5918,50
5919,60
5920,46
5921,8
5922,8
5923,18
5924,41
5925,42
5926,36
5927,10
5928,533
5929,1021
5930,5
5931,800
5932,-6
5933,72
5934,42
5935,26
5936,24
5937,8
5938,6
5939,35
5940,12
5941,20
5942,20
5943,15
5944,15
5945,11
5946,10
5947,24
5948,46
5949,56
5950,9
5951,4
5952,12
5953,11
5954,14
5955,42
5956,21
5957,13
5958,82
5959,44
5960,20
5961,50
5962,18
5963,36
5964,24
5965,36
5966,16
5967,53
5968,26
5969,3
5970,72
5971,53
5972,4
5973,-4
5974,5
5975,6
5976,28
5977,32
5978,2
5979,12
5980,3
5981,43
5982,9
5983,4
5984,22
5985,60
5986,9
5987,34
5988,17
5989,-22
5990,10
5991,4
5992,104
5993,18
5994,18
5995,20
5996,6
5997,4
5998,8
5999,5
6000,7
6001,21
6002,6
6003,6
6004,26
6005,-1
6006,9
6007,9
6008,47
6009,19
6010,19
6011,28
6012,20
6013,20
6014,22
6015,44
6016,27
6017,12
6018,-3
6019,20
6020,31
6021,62
6022,19
6023,6
6024,4
6025,18
6026,18
6027,13
6028,3
6029,11
6030,25
6031,31
6032,91
6033,35
6034,90
6035,56
6036,26
6037,81
6038,55
6039,6
6040,97
6041,51
6042,88
6043,16
6044,24
6045,57
6046,26
6047,8
6048,26
6049,21
6050,20
6051,26
6052,31
6053,27
6054,15
6055,88
6056,57
6057,7
6058,16
6059,8
6060,81
6061,81
6062,-37
6063,107
6064,24
6065,-27
6066,23
6067,27
6068,23
6069,24
6070,139
6071,12
6072,24
6073,80
6074,5
6075,20
6076,4
6077,20
6078,9
6079,25
6080,8
6081,6
6082,22
6083,53
6084,41
6085,37
6086,45
6087,19
6088,24
6089,31
6090,42
6091,11
6092,124
6093,40
6094,44
6095,30
6096,20
6097,35
6098,45
6099,25
6100,8
6101,16
6102,14
6103,47
6104,10
6105,72
6106,3
6107,9
6108,6
6109,3
6110,18
6111,4
6112,19
6113,10
6114,7
6115,7
6116,27
6117,30
6118,162
6119,16
6120,-32
6121,56
6122,32
6123,18
6124,33
6125,32
6126,16
6127,24
6128,23
6129,8
6130,6
6131,8
6132,16
6133,75
6134,18
6135,8
6136,18
6137,6
6138,15
6139,63
6140,18
6141,20
6142,70
6143,16
6144,78
6145,21
6146,2850
6147,30
6148,46
6149,-4
6150,1.33333
6151,80
6152,68
6153,26
6154,20
6155,45
6156,270
6157,139
6158,492
6159,253
6160,4
6161,40
6162,240
6163,5
6164,0.8
6165,40
6166,846
6167,1791
6168,528
6169,720
6170,-121
6171,49
6172,18
6173,720
6174,30
6175,36
6176,58.33333
6177,2400
6178,0.6
6179,21
6180,38
6181,27
6182,352
6183,40
6184,1358
6185,4155
6186,61
6187,6320
6188,560
6189,543
6190,253
6191,85
6192,450
6193,90
6194,95
6195,3920
6196,240
6197,5100
6198,1008
6199,36
6200,32
6201,192
6202,4
6203,18
6204,-9
6205,40
6206,136
6207,9
6208,100
6209,23
6210,78
6211,136
6212,358
6213,148
6214,142
6215,270
6216,99
6217,66.66667
6218,32
6219,5
6220,477
6221,696
6222,-217
6223,39
6224,14
6225,9
6226,52
6227,9
6228,9
6229,72
6230,315
6231,362
6232,8
6233,220
6234,14
6235,2200
6236,98
6237,96
6238,113
6239,16
6240,360
6241,33
6242,210
6243,5
6244,6
6245,5
6246,278
6247,88
6248,395
6249,150
6250,5
6251,5
6252,88
6253,200
6254,36
6255,146
6256,78
6257,133.33333
6258,6
6259,2250
6260,11
6261,67
6262,9
6263,968
6264,90
6265,41
6266,1200
6267,6.66667
6268,21
6269,540
6270,4000
6271,120
6272,933.33333
6273,77
6274,41.2
6275,-600
6276,2
6277,63
6278,250
6279,4
6280,5
6281,344
6282,186
6283,10
6284,20
6285,1.34
6286,2.12
6287,601
6288,210
6289,32
6290,16
6291,153
6292,-13.84
6293,47.5
6294,87
6295,-3
6296,248
6297,75
6298,96.28
6299,56.7
6300,22.4
6301,12
6302,810
6303,1110
6304,64
6305,165
6306,14856
6307,315
6308,6
6309,74
6310,157
6311,-6
6312,75
6313,26
6314,0.83333
6315,12
6316,6
6317,30
6318,422500
6319,298
6320,50
6321,40000
6322,55800
6323,308
6324,6025
6325,72
6326,18
6327,2491.66667
6328,500
6329,2940
6330,6120
6331,7280
6332,710
6333,13650
6334,4800
6335,696
6336,125
6337,900
6338,9
6339,40
6340,160
6341,48
6342,160
6343,440
6344,2200
6345,4
6346,6
6347,90
6348,48
6349,2
6350,20
6351,3600
6352,14
6353,7
6354,66.66667
6355,210
6356,12
6357,1200
6358,16
6359,15
6360,19
6361,1840
6362,6405
6363,90
6364,4.8
6365,-300
6366,3.84
6367,8
6368,-256
6369,600
6370,30
6371,28
6372,22.5
6373,3/2
6374,8
6375,107
6376,-1686
6377,1872
6378,18
6379,10
6380,14
6381,20
6382,12
6383,7000
6384,2
6385,100
6386,78
6387,93.75
6388,53.5
6389,1.8
6390,340
6391,0.36
6392,6
6393,12
6394,100
6395,35
6396,6720
6397,-5.62
6398,5.3
6399,1428
6400,316
6401,80
6402,50
6403,6
6404,200
6405,240
6406,675
6407,563
6408,660
6409,20000
6410,3200
6411,0.7
6412,1000
6413,35
6414,120
6415,190.78
6416,140.1
6417,63
6418,1950
6419,14
6420,540
6421,236
6422,1980
6423,45
6424,40.83333
6425,9
6426,750
6427,1620
6428,0.12987
6429,20
6430,13.5
6431,8
6432,70
6433,4320
6434,145
6435,13
6436,288
6437,4050
6438,18
6439,17
6440,1200
6441,4250
6442,800
6443,2000
6444,40
6445,86.1
6446,9.42
6447,188.8
6448,24
6449,72
6450,43.68
6451,20000
6452,550
6453,19
6454,2190
6455,122.4
6456,630
6457,13.2
6458,750
6459,72
6460,0.1
6461,15
6462,40
6463,110
6464,1920
6465,-56
6466,58
6467,15
6468,-14
6469,96
6470,20
6471,40
6472,38
6473,8
6474,20
6475,4
6476,33
6477,536
6478,4
6479,4
6480,48
6481,-14.29204
6482,48
6483,727.66667
6484,12
6485,300
6486,4
6487,49
6488,280
6489,40
6490,4
6491,280
6492,180
6493,420
6494,-11.11111
6495,62.8
6496,21
6497,471
6498,29.8
6499,29.8
6500,44
6501,1.2
6502,6.66667
6503,6.66667
6504,12
6505,600
6506,45
6507,1800
6508,95
6509,80
6510,35
6511,140
6512,64
6513,335
6514,368
6515,4
6516,60
6517,4080
6518,8.95
6519,-550
6520,102
6521,1568
6522,5
6523,1.73
6524,188
6525,48
6526,65.45455
6527,31.5
6528,62
6529,91
6530,1050
6531,882
6532,32
6533,6
6534,9000
6535,30
6536,176
6537,54
6538,170
6539,15
6540,160
6541,25
6542,1680
6543,222
6544,5.67
6545,1720
6546,2000
6547,200
6548,147
6549,375
6550,16
6551,312
6552,206
6553,10
6554,4
6555,648
6556,133
6557,27000
6558,69
6559,4
6560,15
6561,660
6562,2.27
6563,16
6564,308
6565,35
6566,24
6567,17
6568,22875
6569,80
6570,160
6571,45
6572,1800
6573,1800
6574,12.5
6575,1908
6576,900
6577,56.7
6578,4410
6579,1200
6580,40
6581,360
6582,85
6583,2520
6584,4
6585,9
6586,576
6587,36
6588,31.5
6589,78
6590,1344
6591,1330
6592,40
6593,130
6594,900
6595,85
6596,120
6597,6.7
6598,306
6599,2730
6600,2688
6601,2250
6602,52
6603,328
6604,38
6605,215
6606,18750
6607,120
6608,18.5
6609,6
6610,45
6611,248
6612,4
6613,144
6614,576
6615,1050
6616,624
6617,825
6618,37
6619,356
6620,30
6621,9
6622,4
6623,576
6624,1320
6625,6000
6626,13000
6627,557
6628,600
6629,60
6630,824
6631,13.2
6632,72
6633,38.36
6634,160
6635,6.5
6636,15
6637,-5
6638,24
6639,23800
6640,1.875
6641,500
6642,1610
6643,120
6644,552
6645,2000
6646,13400
6647,6960
6648,13870
6649,-39
6650,414
6651,48
6652,40
6653,615
6654,231
6655,-10.1
6656,23
6657,20
6658,205
6659,540
6660,25
6661,266
6662,4
6663,7
6664,285
6665,8
6666,126
6667,832
6668,-63.63636
6669,267
6670,1050
6671,1872
6672,90
6673,611.5
6674,138
6675,158
6676,28
6677,379
6678,3600
6679,770
6680,60
6681,1000
6682,472
6683,30
6684,2430
6685,128
6686,525
6687,42000
6688,29.4
6689,732
6690,0.13333
6691,197.07692
6692,2.1
6693,560
6694,240
6695,56
6696,20
6697,2700
6698,1152
6699,10.3
6700,1.88
6701,288
6702,980
6703,349
6704,4840
6705,6.25
6706,45
6707,23
6708,18.72
6709,439.6
6710,18000
6711,0
6712,97
6713,-8
6714,22
6715,7
6716,-10
6717,19
6718,18
6719,23
6720,85
6721,3216
6722,375
6723,125
6724,248
6725,1920
6726,80
6727,9
6728,54
6729,0.6
6730,21
6731,43
6732,8
6733,12
6734,19
6735,48
6736,52
6737,79
6738,146
6739,96
6740,10
6741,41
6742,26
6743,32
6744,12
6745,-15
6746,30
6747,11
6748,30
6749,0
6750,21
6751,4
6752,29
6753,35
6754,36
6755,80
6756,37
6757,8
6758,29
6759,17
6760,35
6761,45
6762,86
6763,20
6764,4
6765,432
6766,292
6767,30
6768,-4
6769,4
6770,-6
6771,-6
6772,2262
6773,60
6774,20
6775,7
6776,70
6777,30
6778,9
6779,16
6780,11
6781,17
6782,45
6783,43
6784,0
6785,-9
6786,0.4
6787,50
6788,8
6789,59
6790,87
6791,6
6792,58
6793,58
6794,54
6795,10
6796,38
6797,24
6798,45
6799,39
6800,61
6801,20
6802,140
6803,22
6804,14
6805,104
6806,50
6807,100
6808,52
6809,265
6810,65
6811,34
6812,50
6813,42
6814,33
6815,22
6816,15
6817,25
6818,47
6819,19
6820,37
6821,11
6822,31
6823,23
6824,3
6825,24
6826,30
6827,38
6828,28
6829,28
6830,33
6831,119
6832,432
6833,14
6834,36
6835,42
6836,22
6837,16
6838,24
6839,12
6840,-1
6841,35
6842,11
6843,10
6844,19
6845,12
6846,17
6847,38
6848,2.33333
6849,18
6850,49
6851,17
6852,9
6853,6
6854,24
6855,17
6856,27
6857,8
6858,67.2
6859,178
6860,1360
6861,60
6862,100
6863,5670
6864,680
6865,125
6866,-2
6867,95%
6868,4592
6869,1800
6870,159.2
6871,304
6872,-1550
6873,1500
6874,3600
6875,144
6876,12
6877,15
6878,260
6879,46.66667
6880,40
6881,375
6882,108
6883,16
6884,zoo
6885,160
6886,160
6887,792
6888,240
6889,7.1
6890,224
6891,24
6892,130
6893,7500
6894,30
6895,228
6896,320
6897,1680
6898,18840
6899,3000
6900,36
6901,5
6902,18840
6903,58
6904,56
6905,204
6906,8
6907,28
6908,57
6909,625
6910,37
6911,360
6912,250
6913,96%
6914,92.73%
6915,500
6916,0
6917,600
6918,5.76
6919,216
6920,189
6921,648
6922,30
6923,27
6924,484
6925,32
6926,14
6927,227.27273
6928,50.24
6929,1296
6930,7245
6931,3
6932,525
6933,40
6934,3
6935,13
6936,18
6937,40
6938,13
6939,16
6940,25%
6941,1133.33333
6942,2266.66667
6943,115%
6944,89
6945,28
6946,5.62
6947,2
6948,53
6949,263
6950,33.33333
6951,31.4
6952,360
6953,24
6954,0.88
6955,67.5
6956,10
6957,1.8
6958,9
6959,131.88
6960,125
6961,192
6962,7500
6963,80
6964,5
6965,-12.5
6966,28
6967,2839.56
6968,44
6969,30
6970,20
6971,20
6972,74
6973,11
6974,144
6975,160
6976,15
6977,16
6978,96
6979,40
6980,28
6981,875%
6982,7650
6983,6000
6984,15
6985,18
6986,2319
6987,420
6988,200
6989,35
6990,4500
6991,1600
6992,480
6993,35
6994,270
6995,-402.5
6996,2000
6997,5.28
6998,300
6999,2340
7000,7
7001,0.4
7002,3.14
7003,6.66667
7004,32
7005,10
7006,300
7007,180
7008,16.2
7009,7.2
7010,280
7011,3.29
7012,625
7013,zoo
7014,25
7015,7000
7016,1.5
7017,15.7
7018,180
7019,1620
7020,50
7021,0
7022,100
7023,84
7024,1.25
7025,180
7026,180
7027,2.59
7028,50000%
7029,1004.8
7030,1.9
7031,7.5
7032,192
7033,100
7034,25%
7035,600
7036,4.8
7037,-82.87%
7038,0.51
7039,717
7040,3.33333
7041,780
7042,490
7043,345
7044,60
7045,8.1
7046,270
7047,96
7048,60
7049,20
7050,158.13
7051,1560
7052,1.5
7053,2
7054,16
7055,400
7056,28.26
7057,2.5
7058,18
7059,28
7060,95.24%
7061,21
7062,22.8
7063,38.4
7064,50
7065,3.7
7066,2800
7067,1.54
7068,12
7069,27.33333
7070,340.93
7071,-1
7072,350
7073,12.5
7074,750%
7075,5.625
7076,660
7077,52.5
7078,2500
7079,1.5
7080,23
7081,200
7082,60
7083,1050
7084,-2
7085,6
7086,198
7087,3.5
7088,8
7089,35
7090,96
7091,100
7092,9
7093,216
7094,22.85714
7095,-240
7096,5
7097,1200
7098,78.5
7099,0.01
7100,41
7101,8000
7102,0.12
7103,4
7104,3
7105,312
7106,157
7107,64000
7108,340
7109,75
7110,1/3
7111,16
7112,63.58
7113,5000
7114,65
7115,60
7116,171.43
7117,25120
7118,191.54
7119,58
7120,4.8
7121,430.2
7122,445
7123,600
7124,32
7125,6
7126,540
7127,84.72
7128,200
7129,95
7130,62.8
7131,4
7132,120
7133,400
7134,188
7135,65
7136,320
7137,73.33333
7138,62.5
7139,220
7140,5.34
7141,0.68
7142,600
7143,4736.84%
7144,6
7145,0
7146,92%
7147,75%
7148,11
7149,-15
7150,6
7151,80
7152,1275
7153,11
7154,480
7155,3200
7156,660
7157,174
7158,46.3
7159,0.57
7160,12
7161,31.25
7162,3.5
7163,4
7164,128
7165,0.5
7166,1214
7167,960
7168,131.25
7169,29
7170,144
7171,79.2
7172,640
7173,92.31%
7174,125%
7175,84
7176,-53.57143
7177,1000
7178,280
7179,437
7180,125.6
7181,522.5
7182,1400
7183,125
7184,2
7185,72
7186,9
7187,768
7188,48
7189,12
7190,97
7191,0.48
7192,225
7193,91040
7194,6160
7195,3.95
7196,800
7197,1728
7198,17
7199,15
7200,2
7201,29
7202,5760
7203,108
7204,66
7205,34
7206,-840
7207,1
7208,9600
7209,426
7210,306
7211,409.4
7212,48
7213,17.27
7214,1.06061
7215,157
7216,800
7217,-163.28
7218,-87.92
7219,710
7220,39
7221,2128
7222,15
7223,120%
7224,100
7225,135
7226,13.68
7227,70
7228,16
7229,30
7230,52500%
7231,-2400
7232,300
7233,480
7234,2.5
7235,90
7236,24.84
7237,100
7238,200
7239,3500
7240,8
7241,224
7242,13
7243,240
7244,15
7245,630
7246,73
7247,0.64
7248,168
7249,2000
7250,3000
7251,7
7252,36
7253,1.8
7254,0.27907
7255,58.3
7256,5850
7257,340
7258,1300
7259,184
7260,3.75
7261,3
7262,36
7263,159
7264,159
7265,250
7266,5280
7267,3200
7268,3
7269,5500
7270,80
7271,37.68
7272,40
7273,-300
7274,20
7275,105
7276,-50
7277,125
7278,1200
7279,400
7280,37496
7281,90
7282,240
7283,90%
7284,30
7285,20
7286,4.8
7287,24
7288,5
7289,570
7290,864
7291,30
7292,35
7293,135
7294,4000
7295,152.28
7296,240
7297,150
7298,272
7299,55
7300,40
7301,73/80
7302,15
7303,120
7304,25000
7305,8400
7306,450
7307,2727
7308,350
7309,1.3
7310,0.07
7311,22.05882
7312,150
7313,349
7314,109.35
7315,17
7316,37
7317,62.8
7318,52.5
7319,125.6
7320,9
7321,150
7322,464
7323,200
7324,103.3
7325,4
7326,2800
7327,0.4
7328,9000
7329,16
7330,12
7331,640
7332,4.09
7333,-310
7334,13200
7335,156
7336,5040
7337,4019.2
7338,15
7339,112.86957
7340,45.48
7341,48
7342,90
7343,30
7344,2592
7345,637
7346,67.95
7347,62.5
7348,2.51
7349,2240
7350,180
7351,28
7352,96
7353,1.82927
7354,3500
7355,2112
7356,39.25
7357,134.66667
7358,0.25
7359,24
7360,10
7361,940
7362,778
7363,24
7364,90
7365,98
7366,4500
7367,1333.33333
7368,1000
7369,72
7370,12
7371,20
7372,720
7373,48
7374,312
7375,4.44444
7376,49/60
7377,1.38
7378,50
7379,227
7380,2390
7381,1
7382,5040
7383,30
7384,5
7385,2122.64
7386,320
7387,1000
7388,1
7389,14.25
7390,6
7391,1500
7392,13.5
7393,1256
7394,240
7395,480
7396,9600
7397,112
7398,8
7399,60
7400,64
7401,18
7402,10
7403,40
7404,210
7405,4320
7406,7
7407,57
7408,527.68
7409,185
7410,90
7411,11
7412,100
7413,125
7414,65
7415,64
7416,1.27
7417,132
7418,195
7419,2
7420,98
7421,5.6
7422,81
7423,648
7424,304
7425,108
7426,45
7427,1616
7428,80
7429,720
7430,909.09%
7431,480
7432,42
7433,12.83333
7434,410.7
7435,200
7436,264
7437,12.6
7438,17
7439,6
7440,2880
7441,4
7442,7.2
7443,0.8
7444,233.33333
7445,0.13
7446,28
7447,180
7448,7200
7449,7500
7450,125.6
7451,190
7452,78.90909
7453,-90
7454,4
7455,24
7456,37.5%
7457,24
7458,3.44
7459,4.8
7460,442
7461,360
7462,44
7463,4368
7464,-0.8
7465,zoo
7466,480
7467,192000
7468,125
7469,180
7470,157
7471,6.28
7472,20
7473,-1.25
7474,153
7475,6
7476,520
7477,4
7478,55
7479,3.76
7480,29
7481,49.5
7482,400
7483,400
7484,562.5
7485,102
7486,450
7487,33
7488,1482
7489,4800
7490,15
7491,1737
7492,112
7493,80
7494,90
7495,24
7496,0.6
7497,450
7498,330
7499,zoo
7500,70.02
7501,3.15
7502,750
7503,300000
7504,182
7505,258
7506,4
7507,2400
7508,73.68
7509,210
7510,2.4
7511,3240
7512,2550
7513,8
7514,342
7515,525
7516,74
7517,57.27
7518,-7.5
7519,400
7520,1595
7521,3060
7522,1413
7523,16
7524,744
7525,3456
7526,52460
7527,675
7528,2.5
7529,40
7530,1548
7531,33
7532,0.4
7533,640
7534,2240
7535,457.6
7536,518.97647
7537,56
7538,80
7539,2.65
7540,39
7541,15.5
7542,1224
7543,160
7544,37.5
7545,125.6
7546,36
7547,19.62
7548,45
7549,471
7550,80
7551,157
7552,115
7553,-45.5
7554,11
7555,870
7556,-51
7557,180
7558,20
7559,9
7560,90.90909
7561,14
7562,300
7563,14.7
7564,40
7565,2400
7566,99
7567,1.25
7568,1800
7569,2700
7570,6.5
7571,17.5
7572,25.72
7573,12
7574,5760
7575,3
7576,4
7577,4
7578,10.32
7579,2
7580,200
7581,504
7582,29.4
7583,135
7584,1500
7585,9000
7586,26.67
7587,36
7588,40
7589,182
7590,4
7591,17
7592,840
7593,10
7594,0
7595,6318
7596,100
7597,16
7598,54
7599,10
7600,5
7601,300
7602,426.24
7603,12
7604,4
7605,80
7606,0.51
7607,125
7608,300
7609,245
7610,80
7611,6.8
7612,34
7613,-86
7614,1
7615,2
7616,10
7617,8
7618,140
7619,210
7620,3
7621,15
7622,220
7623,60
7624,0.02
7625,36
7626,32
7627,44.5
7628,36.55
7629,0.6
7630,3.37
7631,11
7632,294
7633,300
7634,90
7635,85%
7636,512
7637,13.5
7638,1200
7639,69
7640,-2.41
7641,0.6
7642,1/2
7643,-52
7644,42
7645,20
7646,0.72
7647,18
7648,1/2
7649,5/7
7650,2240
7651,3000
7652,3
7653,-0.97
7654,36
7655,2400
7656,19/20
7657,64
7658,20
7659,0.42
7660,16
7661,31.8
7662,2/7
7663,-54
7664,2
7665,0.4
7666,1/6
7667,14
7668,592
7669,240
7670,21
7671,600
7672,13
7673,74
7674,10
7675,505
7676,4
7677,2520
7678,3
7679,1.6
7680,1.6
7681,3968
7682,48000
7683,7
7684,58
7685,25
7686,800
7687,64
7688,31/35
7689,20160
7690,1782
7691,8
7692,8280
7693,1
7694,3
7695,5.34
7696,7
7697,168
7698,9
7699,26
7700,7
7701,3.85
7702,7
7703,9.5
7704,13.8
7705,1.67
7706,3045
7707,zoo
7708,28
7709,148
7710,72
7711,-1000
7712,10
7713,0.45833
7714,2
7715,48
7716,42
7717,66.6
7718,7/24
7719,60
7720,81
7721,47.6
7722,0
7723,-120
7724,1350
7725,22.96296
7726,1/10
7727,25.4
7728,222
7729,6
7730,140
7731,882
7732,-0.22
7733,-1.2
7734,160
7735,675
7736,2100
7737,13
7738,69
7739,20
7740,37
7741,135
7742,36
7743,85
7744,560
7745,14.28571
7746,5
7747,4.5
7748,-194
7749,267
7750,24
7751,700
7752,1.8
7753,443.07692
7754,-400
7755,5.39
7756,8.42105
7757,285
7758,135
7759,11/30
7760,5
7761,-3.4
7762,400
7763,10.28571
7764,4
7765,6
7766,384
7767,32800
7768,83
7769,100
7770,230
7771,2865
7772,0.65
7773,800
7774,18
7775,237
7776,1186
7777,30
7778,20
7779,60
7780,6
7781,480
7782,4
7783,522
7784,18
7785,0
7786,19
7787,432
7788,4500
7789,15000
7790,99.61
7791,26
7792,250
7793,2/7
7794,10
7795,15
7796,16
7797,0.25
7798,1260
7799,144000
7800,22.5
7801,51
7802,625
7803,1
7804,15
7805,-49.2
7806,-100
7807,106
7808,59.33333
7809,2
7810,2.8
7811,16
7812,4
7813,30
7814,9.09091
7815,54
7816,39/4
7817,14
7818,240
7819,2.55
7820,25
7821,1
7822,5416
7823,1026
7824,0.2
7825,36
7826,9.5
7827,200
7828,8000
7829,45
7830,72
7831,630
7832,1.71429
7833,19
7834,0.09
7835,82
7836,5/8
7837,6
7838,600
7839,zoo
7840,72
7841,1/21
7842,8.66667
7843,13
7844,47
7845,13.5
7846,0.81
7847,135
7848,25.6
7849,315
7850,44
7851,-57/4
7852,570
7853,7
7854,16
7855,4/5
7856,4
7857,1.72
7858,48
7859,360
7860,32.25806
7861,0.15
7862,144
7863,3
7864,10.3
7865,7
7866,61
7867,9
7868,4.44444
7869,8
7870,90
7871,3/4
7872,6000
7873,12.6
7874,28
7875,-49/6
7876,0.036
7877,7
7878,50
7879,12
7880,1/4
7881,150
7882,62.5
7883,3/5
7884,1/10
7885,0.6
7886,96
7887,0.5
7888,12
7889,9
7890,8
7891,2
7892,6
7893,765
7894,124
7895,24
7896,946379.2
7897,6.96
7898,24000
7899,12
7900,8
7901,128
7902,150
7903,20
7904,5.42
7905,3
7906,632
7907,200
7908,3.42857
7909,-1/20
7910,8
7911,7.77778
7912,80
7913,79.2
7914,2700
7915,1/80
7916,10
7917,96
7918,4/5
7919,864
7920,9/20
7921,11
7922,5.33333
7923,1/5
7924,39
7925,324
7926,150
7927,900
7928,11
7929,360
7930,50
7931,60
7932,5/9
7933,9.6
7934,77
7935,5/8
7936,3/5
7937,2/3
7938,5
7939,8
7940,7
7941,78
7942,5/12
7943,5.2
7944,300
7945,0
7946,6.6
7947,14
7948,72
7949,26.66667
7950,2.4
7951,900
7952,1458
7953,1458
7954,128.6
7955,86
7956,57
7957,2542
7958,2.2
7959,230
7960,1.06667
7961,3.75
7962,0.83333
7963,20
7964,7000
7965,54
7966,5
7967,15
7968,1596
7969,53
7970,157.5
7971,5
7972,624
7973,100
7974,4
7975,1.84615
7976,45
7977,8000
7978,20
7979,0.04
7980,42
7981,392
7982,25
7983,4000
7984,390
7985,70
7986,5760
7987,75
7988,504
7989,144000
7990,170
7991,72
7992,5
7993,1200
7994,193
7995,0.81667
7996,180
7997,42000
7998,5/2
7999,2
