0,23.41111
1,9
2,4
3,525/2
4,395
5,1290
6,600
7,5045
8,8.8
9,27
10,41
11,9.52381
12,80
13,56
14,9
15,8172
16,16
17,61.3
18,322.5
19,10
20,675
21,4
22,100
23,68
24,300
25,27
26,288
27,14
28,3.14
29,1950
30,3.6
31,80
32,9
33,720
34,60
35,19/20
36,251
37,224
38,17/12
39,92
40,400
41,24
42,75
43,400
44,4
45,490
46,95
47,288
48,40
49,280
50,656
51,30
52,7600
53,280
54,86
55,120
56,310
57,4875
58,1248
59,9
60,33
61,1686
62,1300
63,738
64,1176
65,588
66,13198.8
67,-5390
68,3360
69,765
70,10
71,73.2
72,6600
73,5/8
74,200
75,3.8
76,20
77,13/20
78,24
79,406
80,3.3
81,-111
82,464
83,392
84,260
85,25%
86,15
87,170
88,402
89,374
90,9/5
91,20
92,20
93,1735
94,1936
95,157
96,8
97,4
98,3
99,260
100,2288
101,100
102,3486
103,14
104,5
105,140/11
106,5/9
107,0.02138
108,114.7
109,6
110,7/10
111,1200
112,560
113,651
114,17
115,1900
116,6420
117,623
118,192
119,124
120,0.94
121,54
122,0.25
123,69
124,10.125
125,110%
126,360
127,2.71186
128,124
129,770
130,7/9
131,6089
132,10
133,623
134,11200
135,8
136,595
137,8000000
138,3/4
139,87
140,90
141,335
142,96
143,15
144,8313.632
145,356
146,160
147,8400
148,4800
149,9
150,2/9
151,494
152,100/7
153,490
154,320
155,3/10
156,
157,600
158,36/5
159,8760
160,30
161,5
162,76
163,6910.5
164,7
165,1350
166,258
167,775
168,6
169,312
170,39/20
171,7
172,280
173,144
174,11/35
175,38
176,44
177,9
178,64
179,8
180,20
181,113.04
182,4
183,27
184,17/20
185,650
186,5000
187,10
188,312
189,15
190,-782
191,-122.46
192,10395
193,880
194,400
195,0.93
196,704
197,113.04
198,450
199,272
200,450
201,114
202,18
203,7/20
204,1
205,40
206,4/9
207,14400
208,40
209,8928
210,6
211,65.55
212,3081
213,14.58
214,10
215,2500
216,0
217,17/4
218,63024
219,4
220,235
221,333
222,20
223,-3
224,200
225,1872
226,378
227,9
228,6/5
229,2.016
230,190
231,293
232,3300
233,207
234,684
235,3500
236,1698
237,495
238,1/18
239,3280
240,1134
241,7/9
242,1
243,5375
244,9
245,3/5
246,25.12
247,41/24
248,-170
249,100
250,3.2
251,1
252,162
253,70
254,540
255,6000
256,1536
257,15
258,490
259,28
260,2700
261,-360/13
262,84
263,75
264,24/5
265,35
266,13/24
267,276
268,26
269,19
270,25000
271,2301
272,750
273,12
274,520
275,1585
276,-288
277,5.4
278,32
279,750
280,12.56
281,4
282,6
283,736
284,64
285,18
286,240
287,579
288,6.72
289,2250
290,944
291,3
292,35
293,468
294,588
295,21
296,5280
297,3/61
298,4
299,64
300,224
301,27/20
302,8
303,15
304,81
305,1256
306,72
307,20
308,10
309,210
310,31.4
311,450
312,20
313,2/7
314,36
315,60
316,100
317,324
318,900
319,1/2
320,24.8
321,432
322,1/2
323,37/40
324,3/5
325,7
326,3450
327,71.25
328,890
329,75
330,12475
331,15840
332,16000
333,300
334,4/7
335,1344
336,26
337,486
338,6
339,10000
340,250/29
341,90
342,27
343,1.12
344,60
345,7
346,48
347,5
348,425
349,12
350,32
351,600
352,377
353,1588
354,168
355,-43
356,2979/16
357,50
358,5/2
359,12
360,376.8
361,0.1
362,45
363,72
364,-81/100
365,540
366,11/35
367,32
368,3
369,209
370,150
371,242
372,10
373,7
374,36
375,1350
376,591
377,2.512
378,4429
379,30
380,70
381,111
382,2/5
383,6240
384,56375
385,85
386,-18
387,314
388,-300
389,13
390,15
391,-84
392,16
393,800
394,9.42
395,1.035
396,450
397,15.16667
398,6592
399,13
400,102
401,272
402,864
403,5/9
404,685
405,32
406,40
407,4/15
408,115/24
409,12.56
410,13
411,2
412,-1/4
413,800
414,10
415,516
416,55
417,8
418,1320
419,20
420,2/9
421,1
422,3
423,-0.37805
424,1.12
425,15.12
426,480
427,163
428,145
429,2750
430,580
431,5600
432,384
433,112
434,12960
435,31
436,544
437,44
438,51/5
439,0
440,1/4
441,8
442,410
443,175/2
444,64
445,765
446,3/5
447,0.45
448,20
449,1920
450,1036
451,68
452,-3915%
453,10
454,30
455,17
456,1080
457,60
458,76
459,390
460,24
461,2400
462,89
463,816
464,12
465,1710
466,600
467,246
468,6
469,30
470,12
471,16
472,700
473,251.2
474,6
475,21
476,-110
477,10
478,1152
479,231
480,320
481,533
482,1/20
483,192
484,30
485,280
486,132
487,216
488,30
489,1204
490,4
491,96
492,260
493,44.72
494,440
495,2097.2
496,36000
497,1080
498,80
499,1344
500,273
501,1645
502,960
503,3/4
504,885
505,639
506,120
507,700
508,94.2
509,84
510,66000
511,14
512,17/40
513,7/2
514,147
515,9
516,788
517,0.50955
518,1/2
519,224
520,23
521,7020
522,355
523,1800
524,3/8
525,200
526,340
527,85
528,24
529,31.4
530,120
531,27/4
532,150
533,46.8
534,24
535,45
536,336/25
537,22
538,280
539,96
540,23040/59
541,200
542,216
543,600
544,360
545,120
546,29.5788
547,10
548,10
549,60
550,1730
551,113.04
552,204
553,
554,1150
555,750
556,11
557,504
558,78.5
559,39.4384
560,0.56667
561,6
562,24
563,250/3
564,59
565,60
566,3675
567,147
568,560
569,2500
570,19/10
571,16.8
572,10700
573,24
574,7500
575,44.85
576,1
577,2
578,150
579,240
580,1600
581,4
582,348.6
583,900
584,2
585,12
586,43
587,15
588,50
589,240
590,228
591,16
592,40
593,0.2
594,15
595,9
596,1
597,930
598,192
599,-59999
600,8820
601,5.5
602,3
603,400/9
604,50
605,2/5
606,47
607,12
608,5
609,378
610,900
611,-1
612,928
613,2.025
614,9.6
615,1800
616,92.3
617,10
618,188.4
619,90
620,89.4
621,50
622,251.2
623,114
624,-196
625,15
626,88
627,18
628,421
629,27
630,60
631,30.95914
632,3
633,2000
634,188
635,95%
636,93.3%
637,25%
638,99%
639,60
640,6.31579
641,40/41
642,5
643,192
644,
645,2
646,4.5
647,14
648,215
649,-60
650,340
651,14
652,11
653,25
654,98%
655,49
656,-80
657,98%
658,12
659,95%
660,120
661,4/3
662,2250
663,37.5%
664,6
665,1094.5
666,50
667,250
668,5
669,37.68
670,72
671,735
672,36
673,-120/17
674,5
675,92%
676,8
677,6
678,98%
679,96%
680,5/2
681,23/5
682,120
683,60
684,-17/7
685,42
686,3360
687,60
688,36
689,0
690,320
691,960
692,81
693,36
694,80
695,252
696,16
697,16
698,31/40
699,60
700,75
701,72
702,5
703,0.192
704,76
705,40
706,94%
707,5/8
708,20
709,42
710,32
711,28.5
712,8
713,0.3
714,10%
715,99995
716,240
717,0.024
718,12
719,180
720,150
721,62.8
722,135
723,5280
724,16
725,17
726,42.5
727,117
728,960
729,160
730,120
731,59
732,72
733,100
734,20
735,0.135
736,1.28
737,20
738,70
739,160
740,95%
741,150
742,1/4
743,5
744,1703/3
745,600
746,30
747,19.06667
748,26/3
749,415/12
750,15/2
751,144
752,560
753,1
754,-152
755,250
756,72
757,64
758,1
759,4000
760,549.92
761,9/7
762,2826
763,12.56
764,210
765,6000
766,1944
767,2.16
768,31991/3
769,80
770,851
771,21/2
772,187
773,13.5
774,500
775,72
776,1200
777,160
778,605
779,4
780,5
781,32000
782,24000
783,110
784,117
785,156
786,125.6
787,2.5
788,105
789,96
790,98%
791,81
792,1225/2
793,16
794,72.09
795,650
796,20/3
797,90
798,40
799,36
800,28.6
801,220
802,300
803,336
804,578/5
805,15.36
806,1250
807,120
808,3
809,16
810,-0.9
811,51/10
812,20
813,1256
814,25
815,4000
816,2000
817,301
818,8
819,90
820,174
821,384
822,88
823,120
824,50.24
825,1050
826,1462
827,10
828,1.2
829,42
830,290
831,160
832,4500
833,57/2
834,202
835,1280
836,260
837,256
838,-4
839,5
840,20
841,15
842,8
843,2960
844,546
845,26
846,2
847,42
848,50
849,3
850,50
851,66
852,15
853,100
854,1/2
855,-13
856,150
857,-3
858,79.5
859,-9/5
860,-1249
861,300
862,890
863,2/7
864,6
865,18
866,0.5
867,85
868,4.03333
869,100
870,13.2
871,252
872,18
873,62
874,48
875,43/2
876,10500
877,14.3%
878,3.14
879,1570%
880,64
881,20/11
882,25/4
883,14
884,34
885,33
886,5952
887,3140
888,17
889,131
890,3
891,18
892,45.18072
893,90.0
894,320
895,9
896,285
897,21
898,0.012
899,60
900,4000
901,207000
902,16/9
903,375/2
904,-3
905,20
906,2.8
907,420
908,27
909,18.84
910,30/7
911,74.0
912,-90/13
913,45
914,173
915,425
916,628
917,157
918,188.4
919,5.4
920,200
921,1.5
922,1
923,96%
924,134
925,-192/43
926,95.8%
927,-135/4
928,2
929,50
930,2500
931,0
932,598/5
933,18.84
934,14.75
935,-1025
936,60
937,120
938,6.66
939,390
940,184
941,19
942,210
943,24
944,19
945,5/12
946,-9
947,13
948,90
949,48
950,0.6
951,74
952,80
953,27/4
954,594
955,122
956,16
957,1200/11
958,1301.47992
959,13000000000
960,6
961,276
962,640
963,31050
964,16
965,124/3
966,25
967,19001
968,50/3
969,3/8
970,152.4
971,9
972,3424
973,1570
974,31
975,226
976,70
977,32
978,345.4
979,910
980,182.9
981,1056
982,0.0009
983,448
984,10393.9%
985,70
986,141/200
987,10
988,6
989,150
990,585/7
991,8280
992,1801/3
993,700
994,-234.1%
995,1360
996,100/101
997,53/5
998,72
999,1/5
1000,31.4
1001,450/7
1002,89
1003,405
1004,6
1005,90%
1006,250
1007,31
1008,24000
1009,1/4
1010,9
1011,163
1012,625
1013,96%
1014,13
1015,160
1016,15
1017,5/4
1018,78
1019,57/2
1020,9
1021,40%
1022,41.7%
1023,251.2
1024,200
1025,44080
1026,16000
1027,2
1028,304
1029,73
1030,128/3
1031,6.125
1032,1020
1033,5/3
1034,120
1035,270
1036,0.072
1037,30
1038,400
1039,280/19
1040,-84/5
1041,0
1042,51
1043,10.0
1044,112.5
1045,168
1046,36
1047,36
1048,529
1049,300
1050,15
1051,50
1052,240
1053,60/49
1054,60
1055,25/4
1056,6
1057,72
1058,9/16
1059,0.512
1060,27.02703
1061,11
1062,-1.64691
1063,3
1064,36
1065,20
1066,-18
1067,4
1068,5/2
1069,45
1070,55
1071,52.5
1072,60
1073,568
1074,1/25
1075,4138
1076,4
1077,204
1078,15
1079,-40
1080,1200
1081,294
1082,175
1083,20
1084,1.3
1085,7.4
1086,9/20
1087,480
1088,4/9
1089,0.0576
1090,165
1091,45
1092,7395
1093,8
1094,9339.06667
1095,18
1096,1440
1097,3/8
1098,288
1099,120
1100,1/7
1101,16
1102,708
1103,5
1104,285
1105,2/5
1106,163
1107,12
1108,9
1109,27
1110,75
1111,3
1112,45.12
1113,200%
1114,800
1115,68
1116,6
1117,20
1118,12
1119,3
1120,15
1121,30
1122,18
1123,10
1124,16
1125,
1126,14
1127,1.4
1128,125.6
1129,200/3
1130,2.08
1131,11
1132,94.2
1133,550
1134,128
1135,150
1136,19.232
1137,575
1138,480
1139,184
1140,600
1141,75
1142,6
1143,180
1144,50
1145,4
1146,375
1147,594
1148,-1
1149,19.3
1150,232
1151,100
1152,1/2
1153,770
1154,
1155,225/2
1156,46
1157,2826
1158,867
1159,-1/2
1160,84
1161,40
1162,120
1163,36
1164,8965
1165,6
1166,8
1167,20
1168,60
1169,135/4
1170,-1000.0%
1171,576
1172,120
1173,170
1174,1500
1175,49.5%
1176,60
1177,60
1178,60000
1179,23
1180,14
1181,750
1182,72
1183,220
1184,267
1185,1497/5
1186,176/7
1187,198
1188,5997
1189,5970
1190,5
1191,135
1192,0.27
1193,60000
1194,972
1195,95%
1196,500
1197,-315/2
1198,288
1199,62.8
1200,384
1201,25
1202,19/10000
1203,30%
1204,51
1205,5.6
1206,18
1207,188
1208,1
1209,1
1210,2000
1211,33
1212,952
1213,60%
1214,75
1215,1000
1216,88
1217,-26
1218,-8
1219,750
1220,63.6%
1221,40
1222,2
1223,190.8
1224,48
1225,100/3
1226,94.2
1227,600
1228,1
1229,375/2
1230,16/5
1231,16/5
1232,54
1233,2560
1234,4050
1235,94.2
1236,385/3
1237,90
1238,8/5
1239,144/5
1240,36%
1241,8
1242,80
1243,-39
1244,
1245,4200
1246,85
1247,53
1248,56
1249,180
1250,48
1251,45
1252,35
1253,14
1254,36
1255,8
1256,30
1257,38
1258,24
1259,16
1260,53
1261,22
1262,4
1263,37
1264,6
1265,45
1266,6
1267,-13
1268,23
1269,18
1270,55
1271,53
1272,82
1273,26
1274,118
1275,12
1276,5/4
1277,
1278,84
1279,24
1280,81
1281,51
1282,84
1283,24
1284,84
1285,61
1286,31
1287,35
1288,27
1289,48
1290,9
1291,48
1292,44
1293,28
1294,25
1295,14
1296,10/3
1297,3000
1298,8
1299,6
1300,6
1301,20
1302,6
1303,5
1304,6
1305,8
1306,4
1307,2
1308,300
1309,323
1310,7
1311,48/7
1312,4
1313,32
1314,1
1315,9
1316,13
1317,5
1318,40
1319,6
1320,7
1321,144
1322,80
1323,73
1324,28
1325,36
1326,17
1327,11/3
1328,20
1329,6
1330,42
1331,6
1332,76
1333,18
1334,4
1335,45
1336,54
1337,64
1338,42
1339,5
1340,73
1341,24
1342,6
1343,7
1344,24
1345,84
1346,31
1347,15
1348,6
1349,17
1350,23
1351,16
1352,19
1353,28
1354,9
1355,72
1356,98
1357,904.32
1358,640
1359,700
1360,4608
1361,3000
1362,6
1363,19/9
1364,9000
1365,-1/16
1366,2
1367,41
1368,30144
1369,53
1370,192
1371,81
1372,335
1373,8
1374,104.4
1375,18/35
1376,3000
1377,738
1378,6000
1379,720
1380,2.7
1381,628
1382,2400
1383,18
1384,440
1385,10.66474
1386,3
1387,2
1388,150
1389,10.34
1390,21
1391,30
1392,48000
1393,234/5
1394,1
1395,16
1396,75
1397,60
1398,95
1399,840
1400,6
1401,180
1402,640
1403,20
1404,-24
1405,21
1406,565
1407,49
1408,787
1409,125
1410,278
1411,1/3
1412,157
1413,40
1414,240
1415,1080
1416,30900
1417,3
1418,240
1419,31
1420,11/20
1421,30.6
1422,21.1
1423,3.6
1424,0.008
1425,33
1426,536
1427,4
1428,504
1429,15
1430,22.5
1431,28
1432,48
1433,84
1434,2.4
1435,44.3
1436,190
1437,33.792
1438,32.91
1439,72
1440,16
1441,0
1442,110
1443,78/5
1444,54
1445,122/7
1446,13950
1447,1176
1448,0
1449,16/3
1450,44
1451,14.4
1452,180
1453,307
1454,36
1455,40
1456,169
1457,31
1458,58
1459,9
1460,3612
1461,560
1462,20
1463,825
1464,10
1465,290
1466,-28/27
1467,280
1468,68
1469,1.1
1470,137
1471,401
1472,64
1473,54
1474,26
1475,8
1476,50
1477,9000
1478,0.81
1479,23
1480,0.6
1481,8448
1482,15
1483,3
1484,24/71
1485,4
1486,152/15
1487,33
1488,8
1489,224
1490,32.45455
1491,
1492,0
1493,9125
1494,32
1495,20000
1496,6
1497,4
1498,17.88
1499,2370
1500,409.5
1501,18/5
1502,149
1503,6
1504,371
1505,28
1506,300
1507,5/3
1508,18.4
1509,180
1510,945
1511,50
1512,192000
1513,180
1514,48
1515,520
1516,36
1517,1.55
1518,33439
1519,6
1520,90
1521,44
1522,
1523,50
1524,331
1525,40
1526,280
1527,15
1528,128/5
1529,780
1530,1005
1531,36
1532,1250
1533,143.75
1534,4800
1535,1/2
1536,5/2
1537,30
1538,1/21
1539,160
1540,128
1541,160
1542,-29
1543,400
1544,12
1545,400
1546,650
1547,20
1548,0.285
1549,13
1550,39/100
1551,23/2
1552,3722
1553,5330
1554,75/4
1555,753.6
1556,22.608
1557,9.42
1558,400
1559,200
1560,16000/81
1561,51
1562,10
1563,168
1564,168
1565,25/3
1566,60
1567,36/25
1568,4800
1569,1/10
1570,3000
1571,20
1572,31.4
1573,13/2
1574,28
1575,62
1576,9420
1577,5.32941
1578,210
1579,306
1580,125
1581,64
1582,125
1583,250
1584,125
1585,2400
1586,2430
1587,10/3
1588,82
1589,0.012
1590,98
1591,345.6
1592,108
1593,175
1594,50
1595,3080
1596,421.2
1597,22.2%
1598,100
1599,112
1600,96/5
1601,1600/33
1602,75
1603,800
1604,36
1605,1/5
1606,1512
1607,52
1608,3
1609,6.28
1610,
1611,251.2
1612,8500/11
1613,85.02
1614,37.68
1615,52
1616,593
1617,27
1618,150
1619,384
1620,45
1621,130
1622,60.48
1623,120
1624,40
1625,23.7
1626,119/4
1627,25
1628,3/2
1629,185
1630,1600
1631,-5/2
1632,45/2
1633,-15/13
1634,8.5
1635,20
1636,45
1637,54
1638,5
1639,4/5
1640,84
1641,17.16
1642,800
1643,720
1644,12.32
1645,101/2
1646,8
1647,0.0125
1648,36
1649,120
1650,1770
1651,50
1652,175/12
1653,0.65731
1654,1080%
1655,628
1656,103680
1657,-599
1658,45
1659,0.201
1660,100
1661,4
1662,6
1663,20
1664,3.2
1665,16
1666,1656
1667,11
1668,625
1669,0.36
1670,9/25
1671,100000.945
1672,420/13
1673,12
1674,-9
1675,50
1676,3960/29
1677,5
1678,291.36
1679,49/5
1680,-109/2
1681,3200
1682,500
1683,-200/3
1684,18/23
1685,
1686,150
1687,540
1688,785
1689,150
1690,1120
1691,160
1692,120
1693,3
1694,50.24
1695,600
1696,10.4
1697,100
1698,30
1699,56
1700,52
1701,20
1702,6.86
1703,1
1704,-2/15
1705,0.25
1706,72
1707,6
1708,600/7
1709,7
1710,3840/7
1711,0.085
1712,0.125
1713,40
1714,1600
1715,36
1716,9
1717,400
1718,15
1719,720
1720,8/5
1721,53.56
1722,12
1723,48/5
1724,56.52
1725,22
1726,405
1727,631.0144
1728,12
1729,36
1730,2
1731,16000
1732,110
1733,17.75
1734,64
1735,1890
1736,210
1737,130
1738,1720/7
1739,63/2
1740,267
1741,45
1742,65/3
1743,1380
1744,75
1745,48
1746,80
1747,314
1748,16/5
1749,19200
1750,-113
1751,500
1752,7
1753,1.74
1754,77
1755,45
1756,36/5
1757,120100
1758,31.4
1759,44
1760,17
1761,192
1762,90.87
1763,241
1764,20
1765,60
1766,50
1767,15
1768,36
1769,8
1770,48/19
1771,0
1772,90
1773,2682
1774,64/5
1775,800/327
1776,80
1777,250
1778,820
1779,1030
1780,8
1781,9
1782,1175
1783,1800
1784,67
1785,
1786,9
1787,6
1788,952
1789,160
1790,600
1791,250
1792,20
1793,11460
1794,38/7
1795,22
1796,5
1797,208/3
1798,24
1799,500
1800,400
1801,11/15
1802,3360
1803,72
1804,-1800
1805,942
1806,7200
1807,4
1808,500/3
1809,8
1810,660
1811,-8
1812,1256
1813,150
1814,28
1815,72
1816,10
1817,20
1818,102
1819,48
1820,640
1821,27
1822,218
1823,10
1824,18522/5
1825,1355
1826,10
1827,5
1828,502.4
1829,2.198
1830,40
1831,15
1832,5
1833,5928
1834,272
1835,251.2
1836,2745
1837,16
1838,536
1839,4
1840,120
1841,4500
1842,24
1843,4
1844,280
1845,50.24
1846,12/5
1847,702
1848,9
1849,3000
1850,818
1851,151.8
1852,390
1853,1035
1854,28.26
1855,12
1856,2000
1857,675
1858,60
1859,125.6
1860,-50
1861,100.5
1862,96
1863,16
1864,42
1865,93
1866,1210
1867,5
1868,1008
1869,6720
1870,630
1871,30
1872,5400
1873,8000
1874,0.5
1875,40
1876,24
1877,6
1878,126
1879,21
1880,6
1881,7.35
1882,6
1883,3888
1884,1088
1885,4
1886,20
1887,6
1888,960
1889,3
1890,15
1891,52%
1892,54
1893,3.14
1894,299
1895,512
1896,2/15
1897,-1
1898,2/5
1899,40
1900,18
1901,45/7
1902,3600
1903,4.2
1904,9/2
1905,
1906,420
1907,888
1908,12
1909,15.75
1910,22.5
1911,1469
1912,5
1913,9
1914,0.852
1915,18
1916,54
1917,11
1918,16
1919,96
1920,12
1921,1664
1922,28
1923,5166
1924,140
1925,24
1926,6/5
1927,20
1928,33/2
1929,-66.24
1930,20
1931,175.84
1932,20
1933,2
1934,8514
1935,3
1936,720
1937,108
1938,34
1939,4000
1940,1600/3
1941,2001.7
1942,62.8
1943,80
1944,18.57692
1945,213
1946,5381
1947,28
1948,12
1949,7280
1950,25%
1951,290
1952,5
1953,10.63636
1954,2
1955,4900
1956,17.5
1957,217
1958,23.74625
1959,366
1960,4/9
1961,0.16
1962,3740
1963,50000
1964,68
1965,4
1966,113
1967,280
1968,2901.8624
1969,63
1970,89
1971,4.1
1972,36
1973,7.89
1974,6
1975,42
1976,385
1977,60
1978,75
1979,7
1980,2000
1981,33/10
1982,14.4
1983,25
1984,6
1985,36
1986,200
1987,18/5
1988,720
1989,2098
1990,97
1991,47/9
1992,-3
1993,427.5
1994,22
1995,4605
1996,48
1997,0.114
1998,3.5
1999,1.6
2000,1
2001,168
2002,5
2003,81
2004,8
2005,45
2006,260
2007,310
2008,896
2009,621
2010,5000
2011,45
2012,4300
2013,0.05
2014,12
2015,54
2016,14
2017,5
2018,25/2
2019,4320
2020,2
2021,576/5
2022,100
2023,400
2024,35
2025,12.2
2026,70
2027,15
2028,4
2029,9900%
2030,-2.5%
2031,175/39
2032,9
2033,56
2034,720
2035,2300
2036,648
2037,720
2038,384
2039,48
2040,10
2041,6
2042,78500
2043,2
2044,1.4
2045,56
2046,240
2047,10
2048,
2049,20
2050,3
2051,1159
2052,215
2053,134.4
2054,80
2055,75.36
2056,477
2057,83
2058,0.72
2059,4750
2060,43/3
2061,42
2062,5415
2063,33.9
2064,24
2065,16/19
2066,5000
2067,80
2068,30.95914
2069,315
2070,56
2071,270
2072,3
2073,0.24
2074,3298
2075,102
2076,100
2077,4
2078,400
2079,2000
2080,1.66
2081,22
2082,35
2083,24/5
2084,3/500
2085,80
2086,189
2087,54
2088,900/7
2089,1740
2090,112
2091,108
2092,2000
2093,900
2094,672
2095,687.4
2096,62.8
2097,360
2098,40/17
2099,28
2100,780
2101,600
2102,25120
2103,502.4
2104,96
2105,195
2106,126
2107,100.48
2108,1560
2109,20800
2110,1900
2111,16
2112,8/5
2113,19.968
2114,9
2115,622
2116,300/11
2117,25
2118,314
2119,84
2120,15
2121,88
2122,16
2123,3
2124,-0.02
2125,3.14
2126,830
2127,99
2128,268
2129,288
2130,12/5
2131,300
2132,13
2133,3720
2134,
2135,1318.8
2136,186
2137,585
2138,32
2139,12
2140,35
2141,8
2142,11
2143,16
2144,0.4
2145,9
2146,1296
2147,1200
2148,13/12
2149,80/11
2150,376.8
2151,127.3584
2152,-20
2153,62.8
2154,699
2155,64/17
2156,3
2157,120
2158,27
2159,361.728
2160,3595
2161,480
2162,72
2163,192
2164,110
2165,64.5
2166,-9119
2167,-69
2168,72.2
2169,6480
2170,2
2171,160
2172,-65%
2173,11183
2174,6
2175,89.3%
2176,65%
2177,4/15
2178,1333
2179,100
2180,985.96
2181,72
2182,720
2183,36
2184,1710
2185,1040
2186,297/10
2187,441
2188,1456
2189,30000
2190,2700/13
2191,36
2192,375
2193,56
2194,2
2195,3400
2196,24
2197,0.4
2198,251.2
2199,11
2200,7
2201,464
2202,2520
2203,11400
2204,3
2205,7/4
2206,48
2207,-30.375
2208,16
2209,210
2210,496
2211,628
2212,235
2213,20000
2214,-10.58
2215,24/5
2216,29/3
2217,286
2218,10
2219,708
2220,10890
2221,1245
2222,30
2223,13
2224,19.625
2225,1200
2226,96
2227,80
2228,16.642
2229,3250
2230,75.36
2231,4
2232,1000
2233,4.5
2234,1.07
2235,2.04
2236,18
2237,23
2238,32
2239,2252/3
2240,1500
2241,750
2242,48
2243,6300
2244,45
2245,1.1
2246,12
2247,242
2248,4.5
2249,1920
2250,942
2251,80
2252,138
2253,18
2254,1440
2255,9
2256,300
2257,5750
2258,32
2259,128/7
2260,144
2261,84%
2262,78%
2263,99
2264,-60
2265,100
2266,232
2267,49.5
2268,32
2269,24
2270,1
2271,40
2272,74
2273,6
2274,16
2275,729
2276,1053
2277,320
2278,100
2279,80.21875
2280,2880
2281,2940
2282,960
2283,1190
2284,3600
2285,60
2286,192/25
2287,2
2288,12
2289,260
2290,100
2291,45
2292,45
2293,40
2294,336
2295,38.0568
2296,72
2297,5
2298,1413
2299,62.8
2300,24
2301,0.6
2302,450
2303,10
2304,104.876
2305,9
2306,10
2307,97
2308,220
2309,25/3
2310,8
2311,1
2312,120
2313,
2314,1050
2315,6
2316,1872
2317,420
2318,1/3
2319,64
2320,112.5
2321,360
2322,264
2323,-6.7
2324,75
2325,1000
2326,1936
2327,1120
2328,1350
2329,11
2330,100/7
2331,51
2332,60
2333,4200
2334,0.48984
2335,120
2336,12
2337,5
2338,709/7
2339,2
2340,2
2341,1520
2342,0.79487
2343,239/31
2344,65/84
2345,-104/25
2346,52
2347,12
2348,48
2349,327
2350,1080
2351,3591
2352,45
2353,24
2354,300
2355,400
2356,3527
2357,17
2358,98
2359,1243
2360,25000%
2361,13
2362,448
2363,176
2364,476
2365,330
2366,288
2367,32.59298
2368,10
2369,120
2370,200
2371,48
2372,4.5216
2373,750
2374,240
2375,40
2376,132
2377,43
2378,48
2379,-4.6
2380,360
2381,24
2382,18
2383,3231
2384,352
2385,111
2386,55
2387,930
2388,16
2389,3/4
2390,360
2391,20
2392,210
2393,15
2394,27.8
2395,9
2396,191
2397,204
2398,22
2399,150%
2400,2.4
2401,224/3
2402,250
2403,8
2404,70
2405,24
2406,12
2407,0
2408,11
2409,37.68
2410,8
2411,62.8
2412,5
2413,4
2414,33/40
2415,3700/43
2416,12.56
2417,600
2418,80
2419,50
2420,97
2421,600
2422,6
2423,14
2424,32.26667
2425,252
2426,-8
2427,8
2428,75
2429,5.53846
2430,20
2431,-360
2432,26/45
2433,5/12
2434,60
2435,120
2436,58.95
2437,125.44
2438,19
2439,40/3
2440,34
2441,200
2442,36
2443,18
2444,440/9
2445,59
2446,-150
2447,280
2448,112
2449,26/375
2450,33/20
2451,30
2452,4/3
2453,198.4
2454,788
2455,291
2456,25%
2457,176
2458,32
2459,97
2460,30/7
2461,9
2462,60
2463,28
2464,106.76
2465,30
2466,50.24
2467,1
2468,-44
2469,320
2470,16
2471,8
2472,24/17
2473,120
2474,120
2475,80
2476,25
2477,1
2478,25
2479,60
2480,108
2481,997
2482,24
2483,8
2484,28.26
2485,600
2486,50
2487,206
2488,4
2489,8
2490,8
2491,20
2492,36
2493,28600
2494,7
2495,539/5
2496,50
2497,21000
2498,1/8
2499,16
2500,1500
2501,435
2502,2000
2503,30
2504,65%
2505,7/20
2506,40/9
2507,-63/5
2508,480
2509,-239
2510,30000/97
2511,314
2512,7630
2513,18.84
2514,0.12
2515,80/9
2516,-56
2517,22.608
2518,157
2519,3
2520,391/2
2521,5840
2522,38.465
2523,4
2524,9
2525,200.96
2526,36
2527,20
2528,640
2529,66
2530,21
2531,80/9
2532,0
2533,120
2534,30
2535,4.71
2536,4800
2537,216
2538,1.8
2539,108
2540,1/2
2541,8
2542,16
2543,3/2
2544,300
2545,7
2546,1056
2547,200
2548,2350
2549,17220
2550,14
2551,5
2552,760
2553,46.7%
2554,3
2555,-48.5
2556,392
2557,200.96
2558,3
2559,64
2560,36%
2561,120
2562,9.2
2563,30
2564,30
2565,2610
2566,202
2567,50.24
2568,1800000
2569,720
2570,140
2571,2842
2572,1
2573,3
2574,80
2575,60
2576,16
2577,127.5
2578,9
2579,1320
2580,138
2581,1
2582,12
2583,120
2584,19.7192
2585,400
2586,24
2587,46
2588,-63/2
2589,18
2590,12.24
2591,15
2592,45
2593,220
2594,150
2595,140
2596,235
2597,159/20
2598,43.2
2599,80
2600,125
2601,3360
2602,800
2603,8.18182
2604,16
2605,-4
2606,21
2607,2e-05
2608,0.0001
2609,18
2610,2800
2611,38.465
2612,1364
2613,5625
2614,45
2615,23
2616,23.4
2617,6750
2618,600
2619,-539
2620,4%
2621,80
2622,11/7
2623,4
2624,4
2625,432.65465
2626,50.24
2627,-36
2628,66%
2629,160
2630,468/5
2631,1.5
2632,0.048
2633,74
2634,0.6
2635,-200/47
2636,32
2637,2449.2
2638,20
2639,27
2640,3
2641,9
2642,60
2643,328
2644,17
2645,160
2646,30
2647,17
2648,160
2649,
2650,6.28
2651,25
2652,6.28
2653,300
2654,1800/17
2655,2.4
2656,750
2657,12
2658,9/2
2659,43.9
2660,37.68
2661,120
2662,2965/7
2663,-114
2664,78
2665,1728
2666,4
2667,2%
2668,69
2669,184/3
2670,19/8
2671,600
2672,350
2673,-25
2674,50/3
2675,35
2676,0
2677,13
2678,784
2679,5054.4
2680,316
2681,31
2682,320
2683,6
2684,10
2685,2800
2686,6000%
2687,10
2688,272
2689,15
2690,396
2691,5440
2692,384
2693,246
2694,-2.1875
2695,10
2696,34.88889
2697,530
2698,840
2699,24
2700,11
2701,-8
2702,1200
2703,1200
2704,84
2705,200
2706,5
2707,24
2708,6
2709,3.7
2710,-16
2711,13
2712,63
2713,80
2714,2
2715,370
2716,75.36
2717,200
2718,18
2719,5/2
2720,10850
2721,1512
2722,19200
2723,2223
2724,20400
2725,18
2726,15
2727,13
2728,2220
2729,10
2730,696/5
2731,21
2732,2
2733,200
2734,6
2735,0
2736,9000
2737,1
2738,213.52
2739,22
2740,4.5
2741,75/7
2742,92
2743,833
2744,40
2745,15
2746,3/5
2747,18
2748,300
2749,320
2750,26
2751,16
2752,1000
2753,5
2754,15
2755,160
2756,1.26
2757,200
2758,54
2759,140
2760,2
2761,621/35
2762,80
2763,432
2764,2786
2765,20.8
2766,33
2767,6
2768,989
2769,15/2
2770,400
2771,43960
2772,6
2773,30
2774,35/3
2775,24
2776,5
2777,10080
2778,100
2779,250
2780,11
2781,109
2782,53/10
2783,20/3
2784,375
2785,8
2786,980
2787,1152
2788,432
2789,13
2790,7
2791,-39
2792,36
2793,56/5
2794,3
2795,100
2796,59.7
2797,5/2
2798,0.05914
2799,2
2800,7/2
2801,432
2802,6
2803,100
2804,3087
2805,246
2806,100
2807,15
2808,75/2
2809,37
2810,1507.2
2811,1344
2812,1760/3
2813,24
2814,904.32
2815,0.25
2816,12
2817,2000
2818,49
2819,-120
2820,3.14
2821,130
2822,480
2823,204
2824,3/121
2825,70
2826,3520
2827,199/3
2828,250
2829,144
2830,280
2831,25
2832,10
2833,48
2834,348
2835,40
2836,19
2837,680
2838,-2400
2839,80%
2840,45
2841,7/3
2842,29
2843,24
2844,340
2845,263.76
2846,1200
2847,36
2848,94.2
2849,846
2850,9
2851,50.24
2852,6
2853,4000
2854,24
2855,9.1%
2856,10
2857,28
2858,2
2859,72
2860,5500
2861,308
2862,244
2863,44.1
2864,112
2865,16
2866,14
2867,240
2868,9.42
2869,1000
2870,280
2871,750
2872,1188
2873,4
2874,50.24
2875,750
2876,5
2877,26.7%
2878,910
2879,32
2880,33
2881,7200
2882,96%
2883,30
2884,80
2885,36/5
2886,10
2887,10048
2888,2760
2889,5024
2890,1610
2891,135
2892,6
2893,8
2894,320
2895,17.6%
2896,128
2897,51
2898,
2899,1375
2900,85
2901,527
2902,53
2903,44
2904,1305
2905,22
2906,129
2907,0.6
2908,50.24
2909,192
2910,105
2911,13
2912,505
2913,-66
2914,12.56
2915,32000/21
2916,15
2917,48
2918,55
2919,379
2920,200
2921,24
2922,512
2923,6600
2924,9/5
2925,0.04
2926,11685
2927,6
2928,750
2929,8
2930,132000
2931,200
2932,
2933,80/17
2934,1102
2935,125.6
2936,10000/1997
2937,78.5
2938,310
2939,172.7
2940,2250
2941,326
2942,12.56
2943,84
2944,12
2945,753.6
2946,
2947,200
2948,83/2
2949,21/2
2950,34/11
2951,3.63
2952,48
2953,550
2954,11000/7
2955,16875
2956,6
2957,-143
2958,36
2959,8
2960,20
2961,720
2962,40
2963,100
2964,400
2965,7/18
2966,1
2967,81
2968,3375
2969,140
2970,5
2971,10.6
2972,45/13
2973,15/2
2974,7.68
2975,12
2976,3.2
2977,125.6
2978,264
2979,25
2980,112
2981,94.6%
2982,448/3
2983,2
2984,880
2985,309
2986,1.68
2987,-3
2988,208
2989,25611
2990,1.16
2991,0.16
2992,78.5
2993,365.4
2994,1200
2995,-16
2996,100
2997,138
2998,18
2999,36
3000,40
3001,-319
3002,88
3003,2.09333
3004,85.55556
3005,15/2
3006,540
3007,19
3008,126
3009,203.472
3010,78.5
3011,1.8
3012,5.024
3013,1271
3014,12.56
3015,4750
3016,18
3017,1000
3018,46
3019,2160
3020,40
3021,200/3
3022,40
3023,2400
3024,15
3025,384
3026,8/9
3027,32000
3028,226.08
3029,100
3030,60
3031,742
3032,54/5
3033,18
3034,8
3035,62.8
3036,140
3037,5
3038,15%
3039,1800
3040,1256
3041,-3
3042,12
3043,18/5
3044,240/7
3045,15
3046,187/6
3047,1680
3048,8
3049,6/5
3050,3
3051,252
3052,-9
3053,65
3054,24
3055,5/2
3056,400
3057,2
3058,212
3059,2688/5
3060,650
3061,576
3062,12.56
3063,31.4
3064,136
3065,260
3066,900
3067,252
3068,140
3069,-1000
3070,120
3071,7080
3072,-50%
3073,54
3074,4.3
3075,400
3076,25
3077,2512
3078,360
3079,113
3080,63
3081,1631/400
3082,2512
3083,0.78
3084,12
3085,108
3086,1050
3087,20
3088,20/3
3089,4752
3090,98%
3091,115
3092,46
3093,216
3094,200
3095,230.24
3096,738.46154
3097,1.2
3098,1570
3099,3
3100,2.36
3101,314/5
3102,48
3103,53
3104,9
3105,48
3106,144/5
3107,1650
3108,530
3109,-4/3
3110,4
3111,180
3112,192
3113,160
3114,470
3115,1.2
3116,1050
3117,162
3118,15
3119,45
3120,78.5
3121,864
3122,450
3123,3
3124,6
3125,160
3126,750
3127,112/125
3128,260
3129,400
3130,3250
3131,15
3132,10
3133,8.5
3134,2000
3135,78
3136,132.665
3137,1
3138,640
3139,18
3140,97.5%
3141,4000
3142,10/3
3143,9
3144,2
3145,508
3146,38
3147,2250
3148,0.08
3149,200/7
3150,22
3151,20
3152,15
3153,310/3
3154,9.4
3155,12
3156,2.4
3157,-0.6
3158,121
3159,12
3160,20
3161,70/9
3162,19904
3163,20%
3164,1.44
3165,64
3166,-190/3
3167,26
3168,1
3169,25
3170,20
3171,26
3172,32
3173,15
3174,76
3175,140
3176,1791
3177,41
3178,624
3179,48
3180,2700
3181,36.3
3182,21.6
3183,0.7
3184,720
3185,186
3186,5.5
3187,-121
3188,807
3189,5
3190,72
3191,1190
3192,2116
3193,60
3194,720
3195,30
3196,52
3197,6400
3198,1800
3199,465
3200,70
3201,864
3202,3600
3203,4800
3204,155
3205,1
3206,210
3207,-82/5
3208,279/5
3209,85
3210,120
3211,22
3212,72
3213,8
3214,9
3215,75
3216,600
3217,800
3218,24
3219,130
3220,11
3221,4
3222,15
3223,420
3224,360
3225,175
3226,120
3227,400/3
3228,30
3229,80
3230,2520
3231,384
3232,360
3233,41/4
3234,81
3235,2880
3236,61
3237,3250/3
3238,175
3239,85
3240,252
3241,9900
3242,1158
3243,1160
3244,1600
3245,50
3246,1820
3247,93/4
3248,1880
3249,2100
3250,280
3251,78
3252,300
3253,1200
3254,30
3255,6
3256,25/4
3257,3
3258,8
3259,4
3260,1692
3261,8
3262,200
3263,24
3264,1330
3265,7
3266,-7/6
3267,1980
3268,35
3269,186
3270,225
3271,24
3272,27
3273,8
3274,75
3275,336
3276,180
3277,35
3278,305
3279,625
3280,784
3281,5124
3282,6
3283,130
3284,1208
3285,-246
3286,11
3287,9
3288,3364
3289,5400
3290,250
3291,-203
3292,5/24
3293,9
3294,45
3295,29
3296,86
3297,200
3298,1000
3299,105
3300,4433/20
3301,27
3302,1059
3303,109
3304,99
3305,11
3306,447
3307,477
3308,103
3309,39
3310,112
3311,660
3312,84
3313,9
3314,31
3315,70
3316,63
3317,315
3318,362
3319,8
3320,220
3321,54
3322,605
3323,21
3324,7680
3325,60
3326,200
3327,8250
3328,1425
3329,32
3330,80
3331,90
3332,250
3333,720
3334,420
3335,90
3336,203
3337,217/2
3338,448
3339,576
3340,200
3341,720
3342,95
3343,4
3344,569
3345,5
3346,100
3347,75
3348,1800
3349,180
3350,32
3351,13
3352,13
3353,48
3354,39
3355,2600
3356,784
3357,130
3358,60
3359,86
3360,550
3361,520
3362,204
3363,126
3364,390
3365,314
3366,37
3367,300
3368,119
3369,10
3370,450
3371,2205
3372,1052
3373,1320
3374,658
3375,180
3376,67
3377,910
3378,300
3379,256
3380,27
3381,1043
3382,105
3383,117
3384,1240
3385,84
3386,165
3387,15
3388,24
3389,25
3390,98
3391,27
3392,960
3393,60
3394,33
3395,130
3396,24
3397,25
3398,220
3399,100
3400,650
3401,90
3402,54
3403,52
3404,3
3405,89
3406,214
3407,200
3408,12
3409,32
3410,25000
3411,450
3412,216
3413,4185
3414,49
3415,177
3416,13750
3417,88
3418,16
3419,1530
3420,28
3421,270
3422,552
3423,5014
3424,1764
3425,-3
3426,6240
3427,432
3428,240
3429,25
3430,3
3431,38
3432,1999
3433,3/8
3434,131
3435,33.62
3436,24
3437,49/2
3438,93
3439,87
3440,0.72
3441,270
3442,4
3443,-20
3444,2015
3445,279
3446,700
3447,31/400
3448,15/2
3449,96
3450,1400
3451,172
3452,5200
3453,1828
3454,36
3455,98
3456,
3457,532
3458,6
3459,-1480
3460,-33
3461,1
3462,15
3463,336
3464,40
3465,3
3466,690
3467,180
3468,383.35
3469,1075
3470,2.4
3471,15
3472,13.35
3473,1000
3474,26
3475,6
3476,24
3477,25
3478,5
3479,600
3480,-520
3481,5.33333
3482,100/3
3483,232.5
3484,800
3485,12
3486,60
3487,27/2
3488,288
3489,150
3490,20
3491,192
3492,125
3493,441
3494,1000
3495,30
3496,-17/128
3497,648/125
3498,104.4
3499,6
3500,6
3501,16
3502,100
3503,800
3504,4000
3505,3120
3506,144/5
3507,-15/8
3508,275
3509,3200
3510,300
3511,420
3512,60
3513,7500
3514,-56.5
3515,5760
3516,352
3517,72
3518,60
3519,3500
3520,192
3521,8
3522,24
3523,104
3524,36
3525,500
3526,450
3527,114
3528,315
3529,58
3530,40
3531,75/14
3532,28.11111
3533,320
3534,1/5
3535,20
3536,9
3537,6
3538,192
3539,276
3540,50
3541,2400
3542,12180
3543,2600
3544,6
3545,18
3546,61/6
3547,1494
3548,735
3549,2000
3550,140
3551,75
3552,-15
3553,5050
3554,205
3555,720
3556,316
3557,2392
3558,250000
3559,407
3560,428
3561,3120
3562,840
3563,9
3564,38000
3565,88
3566,32
3567,123
3568,1488
3569,2
3570,12
3571,6
3572,5
3573,35
3574,42
3575,8800
3576,28
3577,35
3578,128
3579,50/3
3580,3960
3581,80
3582,72
3583,195
3584,4050
3585,3303
3586,40
3587,1209
3588,6480
3589,377/6
3590,4500
3591,52
3592,45
3593,71
3594,145
3595,2000
3596,175
3597,132.6
3598,23
3599,4
3600,114
3601,1400
3602,74
3603,817
3604,1500
3605,640
3606,40
3607,60
3608,21
3609,6
3610,900
3611,40
3612,634.2
3613,180
3614,945
3615,8
3616,480
3617,112
3618,2560
3619,160
3620,216
3621,5
3622,450
3623,222
3624,9
3625,2240
3626,102
3627,32
3628,1080
3629,81
3630,1200
3631,920
3632,660
3633,13000
3634,
3635,125
3636,140
3637,519
3638,1
3639,300
3640,166
3641,6
3642,108
3643,3330
3644,21.45
3645,380
3646,6
3647,2450
3648,21
3649,690
3650,20
3651,3
3652,48
3653,250
3654,168
3655,54
3656,161
3657,1035
3658,70
3659,982
3660,24
3661,1850
3662,8
3663,8
3664,43.33333
3665,566
3666,98
3667,45
3668,90/7
3669,588
3670,2916
3671,1488
3672,13
3673,100
3674,28.4
3675,640
3676,10665
3677,359/42
3678,-0.9
3679,5880
3680,10080
3681,1380
3682,18
3683,6
3684,6.25
3685,272
3686,1536
3687,400
3688,1000
3689,384
3690,180
3691,184/9
3692,567
3693,39
3694,1118
3695,504
3696,-1
3697,-54
3698,7500
3699,19
3700,1632
3701,390
3702,880
3703,4
3704,1350
3705,9/2
3706,4500
3707,168
3708,4
3709,44
3710,6
3711,104
3712,18090
3713,2016
3714,80
3715,190
3716,10000
3717,509
3718,7
3719,684
3720,13
3721,318
3722,655
3723,72
3724,7050
3725,7
3726,32
3727,200
3728,12
3729,12
3730,1250
3731,84
3732,5600
3733,68
3734,534
3735,500
3736,107
3737,3800
3738,640
3739,14000
3740,429
3741,600
3742,728
3743,4710
3744,140
3745,450
3746,212
3747,33/5
3748,300
3749,30
3750,2536
3751,60
3752,200
3753,144
3754,1176
3755,360
3756,65/6
3757,52
3758,3360
3759,5000
3760,288
3761,96
3762,274
3763,24
3764,0.42
3765,11
3766,120/11
3767,2210
3768,300
3769,144
3770,49
3771,2160
3772,108
3773,330
3774,600
3775,11
3776,20000
3777,800
3778,1900
3779,9
3780,552
3781,15
3782,2
3783,175
3784,20
3785,160
3786,23800
3787,68
3788,414
3789,562
3790,650
3791,3430
3792,265
3793,65
3794,190
3795,93.6
3796,24
3797,18
3798,102
3799,80
3800,1100
3801,27
3802,8130
3803,3
3804,9
3805,84
3806,1679
3807,4400
3808,54
3809,13
3810,0
3811,144
3812,60
3813,45
3814,900
3815,24
3816,667
3817,15
3818,45
3819,36
3820,10850
3821,40
3822,36
3823,20
3824,120
3825,3
3826,36
3827,39/8
3828,816
3829,1770
3830,241
3831,43.2
3832,112000
3833,330
3834,-135
3835,60
3836,768
3837,8
3838,45
3839,990
3840,81/100
3841,1232
3842,192
3843,1273
3844,6
3845,13/2
3846,7
3847,576
3848,9/2
3849,5850
3850,90
3851,256
3852,35/3
3853,54
3854,2520
3855,50
3856,3456
3857,72
3858,455
3859,2750
3860,960
3861,96
3862,140
3863,1440
3864,468
3865,3900
3866,1680
3867,375
3868,368
3869,5000
3870,20/3
3871,40
3872,28
3873,1120
3874,12
3875,1680
3876,54
3877,120
3878,558
3879,3000
3880,10.24
3881,-10
3882,114
3883,36
3884,29
3885,7
3886,216
3887,100
3888,160
3889,1200
3890,144
3891,80
3892,1.46
3893,108
3894,4
3895,24
3896,270
3897,9
3898,2
3899,140/31
3900,105/2
3901,270
3902,40
3903,2800
3904,2
3905,7
3906,144
3907,168
3908,14.5
3909,4.7929
3910,410
3911,40
3912,91
3913,140
3914,18414
3915,2804
3916,900
3917,20
3918,3360
3919,312
3920,90
3921,610
3922,2100
3923,30
3924,775
3925,208000
3926,37
3927,240
3928,225
3929,150
3930,28
3931,4.08
3932,3/8
3933,35300/7
3934,95
3935,25
3936,1680
3937,27/10
3938,651
3939,9720
3940,396
3941,1247
3942,2
3943,768
3944,12
3945,46
3946,204
3947,19/6
3948,60
3949,645/53
3950,1035
3951,420
3952,48
3953,120
3954,462
3955,1600
3956,682
3957,1
3958,308/13
3959,12
3960,1050
3961,162
3962,48
3963,375
3964,437
3965,-26
3966,2
3967,16
3968,576
3969,24
3970,13334
3971,80
3972,-257
3973,422
3974,60
3975,40
3976,2491/2
3977,8.26667
3978,-116/3
3979,3000
3980,-2
3981,125/7
3982,120/11
3983,4
3984,210/11
3985,800/3
3986,51
3987,0.67227
3988,288
3989,12.5
3990,2100
3991,80/53
3992,-25/12
3993,69
3994,640
3995,212
3996,18
3997,46
3998,2000/3
3999,50
4000,102
4001,19
4002,1485
4003,1744
4004,6298
4005,1
4006,227
4007,51
4008,100/157
4009,144
4010,100
4011,8
4012,2240
4013,75/4
4014,135
4015,-9.27536
4016,20
4017,94
4018,12.6
4019,12.6
4020,9
4021,3.375
4022,9
4023,230
4024,22
4025,3920
4026,3046
4027,114
4028,400
4029,4.41176
4030,8
4031,51
4032,360
4033,960
4034,77/3
4035,8
4036,528
4037,144
4038,40
4039,22.54
4040,64.5
4041,500
4042,50
4043,800
4044,12
4045,160
4046,2400
4047,3750
4048,88
4049,32
4050,36
4051,-2/3
4052,150
4053,54
4054,480
4055,126
4056,300
4057,250
4058,234
4059,288
4060,240
4061,140
4062,48
4063,645
4064,2
4065,405
4066,206
4067,1408
4068,-60
4069,1008
4070,-170.5
4071,1875
4072,79
4073,110
4074,1400
4075,182
4076,30
4077,6
4078,13.25
4079,5
4080,24
4081,176
4082,965
4083,1712
4084,6
4085,600
4086,368/3
4087,1442
4088,1200
4089,11
4090,48
4091,930
4092,22
4093,20
4094,9600
4095,4940
4096,3/2
4097,3
4098,136.4
4099,2040
4100,135
4101,116/3
4102,800
4103,-350
4104,450
4105,1600
4106,135
4107,576
4108,61
4109,4.32
4110,8
4111,6/5
4112,5
4113,37
4114,4060
4115,90
4116,7
4117,12
4118,12
4119,690
4120,4
4121,140
4122,26
4123,8
4124,312
4125,400
4126,15
4127,1130
4128,98
4129,75
4130,560
4131,722
4132,1095
4133,26.2
4134,1376
4135,13.6
4136,456
4137,7/96
4138,10
4139,1/1875
4140,50
4141,160/3
4142,960
4143,18765
4144,1112
4145,430
4146,10
4147,19
4148,11
4149,1163
4150,202
4151,30
4152,74
4153,392
4154,837
4155,26/5
4156,2450
4157,424
4158,18
4159,498
4160,17500
4161,40
4162,314
4163,2101/50
4164,870
4165,-1199
4166,109
4167,70
4168,1688
4169,-5
4170,2304
4171,4704
4172,1.92
4173,7200
4174,72
4175,256
4176,28
4177,113.04
4178,4069.44
4179,-7
4180,80
4181,12
4182,-56
4183,169
4184,32
4185,23.1
4186,10
4187,2592
4188,60
4189,4
4190,196/3
4191,75.27539
4192,40
4193,39
4194,5%
4195,19.7192
4196,100
4197,8/3
4198,1004.8
4199,27
4200,120
4201,213
4202,103%
4203,8
4204,4
4205,18750
4206,20
4207,610
4208,136
4209,20
4210,83
4211,16/5
4212,24
4213,-30
4214,0
4215,30
4216,4
4217,10
4218,21
4219,1050
4220,100
4221,36
4222,63/4
4223,384
4224,140/11
4225,81.64
4226,-76
4227,360
4228,7
4229,75.36
4230,36
4231,74
4232,9.42
4233,12.5%
4234,16.56
4235,56
4236,3
4237,120
4238,16
4239,75
4240,148.5
4241,30
4242,240/7
4243,1632
4244,60
4245,1280
4246,700
4247,9
4248,440
4249,5/2
4250,-3/2
4251,11
4252,900
4253,6.45
4254,720
4255,49
4256,-369.6
4257,0
4258,165
4259,5/2
4260,40
4261,548
4262,34
4263,738
4264,288
4265,8
4266,1.3
4267,56
4268,121
4269,31.4
4270,0
4271,46
4272,180
4273,151
4274,504
4275,540
4276,0
4277,140
4278,338
4279,5472
4280,306
4281,-122.46
4282,-24/17
4283,50
4284,27
4285,900
4286,87.8
4287,2700
4288,90
4289,1935
4290,80
4291,9
4292,11
4293,5855
4294,120
4295,144
4296,64
4297,-413
4298,24787/3
4299,40
4300,7
4301,6
4302,1440
4303,5
4304,60
4305,301/2
4306,48
4307,22
4308,-40
4309,200
4310,51/5
4311,37800/11
4312,30
4313,-72
4314,20%
4315,10%
4316,63
4317,60
4318,48
4319,18
4320,187
4321,4
4322,5
4323,80
4324,125.6
4325,75.36
4326,51.46
4327,1.04667
4328,60
4329,6.8
4330,640
4331,2606
4332,6
4333,288
4334,351
4335,-64
4336,12/5
4337,-272/3
4338,32
4339,32
4340,8%
4341,320
4342,4
4343,
4344,8
4345,9.26667
4346,28.6%
4347,0.27333
4348,500%
4349,224
4350,-14/15
4351,2435/3
4352,6
4353,-144
4354,5/2
4355,19/5
4356,-175/2
4357,480
4358,1.82
4359,388
4360,10
4361,16/5
4362,6
4363,8
4364,1440
4365,8/3
4366,-558
4367,16/15
4368,24
4369,18/29
4370,1137/8
4371,68500
4372,20
4373,130
4374,39/2
4375,3/5
4376,19/2
4377,1
4378,50
4379,9
4380,3.14
4381,100
4382,6
4383,45
4384,980
4385,
4386,4199/10
4387,0.65368
4388,500
4389,4
4390,-2000
4391,784
4392,31.5
4393,3.75
4394,810
4395,6400
4396,6400
4397,120000
4398,20/3
4399,7
4400,-14
4401,-1920
4402,192
4403,25
4404,72
4405,80
4406,-79
4407,16.8
4408,90
4409,109/9
4410,120
4411,2449
4412,5.04
4413,1704
4414,1236
4415,40
4416,19
4417,80
4418,1000
4419,190
4420,10.1
4421,75
4422,114
4423,10000
4424,6280
4425,400/3
4426,311.11111
4427,311.11111
4428,150.72
4429,12.56
4430,282.6
4431,20
4432,3/8
4433,160
4434,32/5
4435,125
4436,78.5
4437,1933
4438,24
4439,6
4440,10
4441,2000
4442,100%
4443,2826
4444,238
4445,15/2
4446,630/29
4447,96
4448,5684.64964
4449,125600
4450,28.26
4451,4
4452,50.24
4453,48
4454,72
4455,12
4456,945
4457,61/72
4458,-11/6
4459,-70
4460,180
4461,254.34
4462,120
4463,1017.36
4464,28.26
4465,28.26
4466,28.26
4467,3.14
4468,480
4469,840
4470,24
4471,450
4472,28.26
4473,0.3
4474,1650
4475,50.24
4476,144
4477,17/2
4478,200
4479,120
4480,600
4481,630
4482,678.24
4483,657
4484,240
4485,96
4486,256
4487,235.5
4488,5
4489,50.24
4490,78.5
4491,1.35
4492,62.8
4493,14.5
4494,-25
4495,90
4496,3.7994
4497,3
4498,2.18056
4499,600
4500,153/2
4501,170
4502,72
4503,540
4504,6.28
4505,33.3%
4506,50.24
4507,12.56
4508,495.3463
4509,4916.04938
4510,100
4511,56520/23
4512,48
4513,70
4514,195
4515,6
4516,33.4
4517,
4518,65.94
4519,34
4520,2/9
4521,9
4522,5100
4523,6.28
4524,32
4525,9796.8
4526,391.872
4527,5
4528,320/3
4529,2250
4530,6
4531,-100
4532,5000
4533,6
4534,-100
4535,228.57143
4536,135
4537,135/2
4538,0.5
4539,219.8
4540,2300
4541,0
4542,5024
4543,28.26
4544,19
4545,62.8
4546,480
4547,115
4548,96
4549,-1
4550,50.24
4551,500%
4552,12.56
4553,600
4554,3.2
4555,288
4556,160.14
4557,94.2
4558,305
4559,30
4560,12.56
4561,9
4562,1.35
4563,30
4564,11/2
4565,3184
4566,1
4567,6.57
4568,314
4569,97.5%
4570,56.8
4571,0.34889
4572,
4573,5.23333
4574,1.256
4575,4
4576,5
4577,2009.6
4578,1004.8
4579,25.67064
4580,20/3
4581,188.4
4582,60
4583,60.288
4584,20/3
4585,25.12
4586,47.1
4587,3/5
4588,-2900
4589,1400
4590,25
4591,4
4592,53
4593,1884
4594,73/26
4595,10/3
4596,20/3
4597,20/3
4598,14
4599,1045
4600,1884
4601,125.6
4602,-90
4603,-175/4
4604,10.048
4605,12.56
4606,2468.33785
4607,25.12
4608,33/34
4609,2649
4610,300
4611,62.8
4612,78.5
4613,78.5
4614,19.5
4615,66.3168
4616,0.3
4617,3.14
4618,240
4619,50.24
4620,50.24
4621,171.9%
4622,36
4623,1250
4624,550318.47134
4625,240
4626,9
4627,113.04
4628,144
4629,2
4630,-8.2
4631,3
4632,1836/25
4633,12
4634,37
4635,19
4636,222
4637,44
4638,-9
4639,21
4640,9
4641,3.14
4642,24
4643,7.065
4644,7570
4645,774
4646,0.125
4647,32
4648,1071
4649,-200
4650,153.86
4651,250
4652,800
4653,156.75
4654,1000
4655,31.4
4656,21490
4657,288
4658,29
4659,8.4
4660,379.94
4661,1530
4662,176
4663,706.5
4664,16.485
4665,63
4666,48
4667,3.14
4668,28
4669,7850
4670,32
4671,251.2
4672,-12
4673,180/7
4674,56
4675,3
4676,314
4677,13.8%
4678,-92.15
4679,703.36
4680,36
4681,33/56
4682,66.7%
4683,16
4684,942
4685,21.83803
4686,1
4687,200
4688,900
4689,13/25
4690,2.88
4691,25/2
4692,75
4693,1205.76
4694,31.4
4695,-87.92
4696,70
4697,0.0064
4698,16.8
4699,314
4700,62.8
4701,51
4702,10
4703,100/9
4704,9
4705,1.04667
4706,750
4707,252
4708,469
4709,-5
4710,16.7%
4711,147
4712,410
4713,112
4714,113.04
4715,0.432
4716,16.82777
4717,28.26
4718,720
4719,90.1
4720,314/125
4721,562
4722,894
4723,105/101
4724,113.04
4725,57
4726,27
4727,20
4728,314
4729,60
4730,2.07006
4731,2100
4732,100
4733,36
4734,11200
4735,3.8936
4736,200
4737,0
4738,3/20
4739,1600
4740,25.12
4741,106.77746
4742,0.02
4743,10.048
4744,630
4745,157
4746,-300/13
4747,42
4748,251.2
4749,628
4750,-2205/2
4751,40
4752,61.9007
4753,360
4754,2160
4755,1400/3
4756,62.8
4757,680
4758,3000
4759,8
4760,50.24
4761,24/5
4762,0.38
4763,2
4764,4081.14
4765,45/2
4766,113.04
4767,1256
4768,10
4769,803.84
4770,78.5
4771,31.4
4772,12.597
4773,108
4774,148/13
4775,20/3
4776,773.9786
4777,141.3
4778,12.5%
4779,75.36
4780,62.8
4781,6
4782,35
4783,1728/5
4784,564
4785,7850
4786,600
4787,100/3
4788,-73
4789,3.14
4790,30
4791,9
4792,3
4793,1256
4794,72
4795,12.56
4796,706.5
4797,6.28
4798,210
4799,56.52
4800,785
4801,1256
4802,222.94
4803,125.6
4804,55
4805,552.64
4806,63
4807,942
4808,188.4
4809,203.82166
4810,37.68
4811,942
4812,126
4813,1900
4814,30
4815,360
4816,97.4%
4817,-73/8
4818,220
4819,665
4820,56
4821,113.04
4822,10.3736
4823,0.04684
4824,40
4825,-46
4826,2.57143
4827,7.82609
4828,113.04
4829,2543.4
4830,125/2
4831,2826
4832,352
4833,5
4834,785
4835,80
4836,4.4
4837,36.396
4838,157
4839,84.78
4840,37.68
4841,2
4842,2160
4843,-1.04902
4844,100
4845,1500
4846,12
4847,-1
4848,696
4849,352
4850,2
4851,5
4852,157
4853,353
4854,1/120
4855,30
4856,45
4857,4800
4858,55/2
4859,1/30
4860,12
4861,31.4
4862,15.7
4863,9.42
4864,12
4865,125.6
4866,15
4867,5/4
4868,35/3
4869,120
4870,96
4871,40/9
4872,50
4873,50240
4874,1507
4875,125.6
4876,628
4877,125.6
4878,480
4879,240%
4880,28.26
4881,1/8
4882,60/7
4883,1/5
4884,14400
4885,168
4886,-18
4887,5
4888,32
4889,24
4890,6
4891,350/3
4892,25/3
4893,2200
4894,9800
4895,6
4896,125/2
4897,245
4898,-60
4899,-15/2
4900,80
4901,-16/3
4902,864
4903,16/5
4904,3.14
4905,3.14
4906,20
4907,2
4908,800
4909,120
4910,2
4911,100.48
4912,0
4913,3
4914,600
4915,21
4916,-29/3
4917,12
4918,36/7
4919,225/8
4920,200
4921,-1215
4922,9
4923,1/8
4924,60/19
4925,144
4926,1000
4927,1530
4928,50
4929,11
4930,-124
4931,18
4932,300
4933,4.8
4934,68.5
4935,40/9
4936,38
4937,30/17
4938,238
4939,40
4940,94.10667
4941,
4942,9.1
4943,420
4944,67.5
4945,-8/3
4946,8/3
4947,3925
4948,7.95
4949,7.4
4950,90
4951,10
4952,2
4953,7
4954,384
4955,1/5
4956,52
4957,196
4958,16
4959,25.12
4960,37.68
4961,4
4962,14%
4963,5/4
4964,2.6
4965,11
4966,99
4967,176
4968,108
4969,62
4970,68
4971,45
4972,68
4973,43
4974,18
4975,63
4976,3
4977,18
4978,17
4979,7
4980,56
4981,9
4982,84
4983,56
4984,24
4985,36
4986,16
4987,136
4988,36
4989,12
4990,35
4991,18
4992,4
4993,5
4994,2
4995,28
4996,32
4997,24
4998,94
4999,31.4
5000,36
5001,27
5002,32
5003,60
5004,78
5005,195
5006,114
5007,23
5008,120
5009,3
5010,61
5011,47
5012,8
5013,5
5014,7
5015,84
5016,6
5017,6
5018,26
5019,8
5020,8
5021,28
5022,47
5023,36
5024,9
5025,47
5026,67
5027,19
5028,28
5029,20
5030,20
5031,28
5032,44
5033,1
5034,17
5035,10
5036,-2
5037,11
5038,38
5039,75
5040,4
5041,4
5042,25
5043,31
5044,62
5045,19
5046,-4
5047,3
5048,3
5049,18
5050,13
5051,3
5052,11
5053,25
5054,66
5055,91
5056,35
5057,90
5058,56
5059,26
5060,81
5061,4
5062,55
5063,55
5064,6
5065,18
5066,30
5067,89
5068,97
5069,80
5070,-2
5071,51
5072,88
5073,16
5074,24
5075,57
5076,26
5077,788
5078,53
5079,7
5080,27
5081,30
5082,85
5083,40
5084,19
5085,6
5086,24
5087,24
5088,18
5089,33
5090,32
5091,16
5092,114
5093,23
5094,8
5095,2
5096,8
5097,16
5098,15
5099,18
5100,18
5101,18
5102,6
5103,15
5104,40
5105,9/2
5106,33
5107,7
5108,19
5109,55
5110,125
5111,21
5112,-7
5113,27
5114,164
5115,294
5116,18
5117,70
5118,703.36
5119,0
5120,23/32
5121,2400
5122,1800
5123,6
5124,17720/3
5125,165
5126,8
5127,11
5128,700
5129,-2
5130,75
5131,128.125
5132,266
5133,12
5134,15/7
5135,4500
5136,21
5137,6
5138,15
5139,94.2
5140,12.56
5141,6.28
5142,39/4
5143,1791
5144,1200
5145,6
5146,37
5147,2485/9
5148,92602368
5149,165
5150,1232
5151,41
5152,2000
5153,189
5154,2916
5155,3380
5156,157
5157,60
5158,-450
5159,240
5160,40
5161,255
5162,420
5163,-528
5164,4000
5165,16
5166,24
5167,366
5168,90
5169,1256
5170,344
5171,25.12
5172,1.008
5173,18
5174,30
5175,28
5176,120
5177,32
5178,2.5
5179,45
5180,28
5181,201
5182,5000
5183,60
5184,-35/4
5185,2
5186,1450
5187,1690
5188,70
5189,130000
5190,3
5191,16
5192,12
5193,8
5194,455/137
5195,36
5196,234
5197,498
5198,38
5199,-3.16957
5200,2880
5201,0.048
5202,
5203,14
5204,9
5205,36.3
5206,26
5207,500
5208,5
5209,1.28
5210,2400/11
5211,981.25
5212,
5213,10000
5214,45
5215,7.5
5216,1050
5217,14.444
5218,96
5219,314
5220,280
5221,4
5222,324
5223,20
5224,480
5225,36
5226,50
5227,7
5228,0
5229,6000
5230,1.884
5231,12
5232,273/10
5233,63
5234,3360
5235,900
5236,987.2
5237,3.14
5238,10
5239,27
5240,6.5
5241,2500
5242,600
5243,314
5244,320
5245,64
5246,0
5247,26
5248,1
5249,10
5250,6
5251,20
5252,680
5253,32
5254,15
5255,76
5256,21.6
5257,12
5258,50
5259,55/2
5260,48
5261,12.375
5262,84
5263,101/5
5264,0.8
5265,10
5266,52
5267,116.25
5268,3060
5269,14
5270,-3
5271,75
5272,10
5273,35
5274,500/3
5275,12/7
5276,-75
5277,8950.84
5278,-106.7%
5279,12160
5280,5
5281,0.32
5282,72
5283,2400
5284,
5285,131.88
5286,50.24
5287,31.4
5288,
5289,30
5290,108
5291,300/23
5292,-7492.75
5293,901
5294,100
5295,384
5296,11
5297,9/4
5298,27/2
5299,-14
5300,504
5301,800
5302,4
5303,600/203
5304,-19
5305,396
5306,-12
5307,-20
5308,4000
5309,1600
5310,-26565
5311,8.64
5312,3/2
5313,312/5
5314,129/20
5315,12.56
5316,1071/4
5317,70
5318,160
5319,520
5320,2900
5321,4.5
5322,38
5323,3.925
5324,153.86
5325,110
5326,50
5327,180
5328,24
5329,28488.845
5330,4800
5331,-126
5332,1/16
5333,80
5334,36
5335,7200
5336,14400
5337,5040/23
5338,51
5339,48
5340,7191/10
5341,2000
5342,45
5343,384
5344,75.36
5345,565.2
5346,10
5347,108
5348,50
5349,250
5350,1920
5351,-13200
5352,350
5353,2600
5354,
5355,100
5356,96000
5357,640
5358,100/3
5359,20
5360,31.4
5361,-6
5362,17
5363,3920
5364,10
5365,50
5366,800
5367,15
5368,100.48
5369,4.5216
5370,516
5371,120
5372,10000
5373,1620
5374,52
5375,492
5376,15
5377,50
5378,2565
5379,200
5380,41.66667
5381,180
5382,-240/19
5383,1760
5384,63
5385,100/3
5386,5/2
5387,800
5388,192
5389,37
5390,47/2
5391,150.46154
5392,32.445
5393,5
5394,16
5395,8/5
5396,250
5397,2888
5398,140
5399,980/37
5400,2275
5401,1000
5402,385
5403,-3
5404,15
5405,4.608
5406,304
5407,857
5408,21
5409,63/4
5410,30
5411,80
5412,12
5413,89
5414,125
5415,212.04
5416,58
5417,1016
5418,480
5419,3600
5420,1200
5421,5/2
5422,10
5423,45
5424,1650
5425,15/4
5426,-250
5427,48
5428,60
5429,900
5430,48
5431,60
5432,16000
5433,435/2
5434,10
5435,900
5436,72/5
5437,1/6
5438,360
5439,200
5440,512
5441,21
5442,60
5443,48
5444,4776
5445,0.2
5446,38
5447,2.9
5448,2.7
5449,0.5
5450,0.5
5451,30
5452,25.2
5453,900
5454,16
5455,24
5456,2/25
5457,235.2
5458,314
5459,125
5460,60/7
5461,3.14
5462,5
5463,1035
5464,5
5465,5
5466,30
5467,3/5
5468,1.7
5469,25.9
5470,100
5471,-40000/13
5472,1296
5473,180
5474,20
5475,341
5476,25/3
5477,20
5478,70
5479,18000
5480,480
5481,8
5482,600
5483,-1.69492
5484,-5833.33333
5485,2/15
5486,935000
5487,150
5488,100
5489,30
5490,47
5491,56
5492,44
5493,53
5494,200%
5495,42
5496,1620
5497,
5498,1333
5499,3750
5500,7.09032
5501,52
5502,9
5503,345
5504,265/4
5505,-525
5506,15/2
5507,1650
5508,305
5509,100
5510,33
5511,-1120
5512,32
5513,12
5514,90
5515,5/4
5516,2982
5517,1200
5518,-25/3
5519,769.5
5520,32
5521,288
5522,93/2
5523,2080
5524,45
5525,640000
5526,420
5527,374/5
5528,19.3
5529,-3146
5530,52
5531,2200
5532,270
5533,48
5534,5
5535,16.485
5536,5400
5537,264600
5538,1.3
5539,120
5540,288
5541,90
5542,63
5543,68
5544,1/3
5545,120/7
5546,29.3
5547,-57
5548,3
5549,120
5550,1800
5551,384
5552,790
5553,-8
5554,60
5555,1650
5556,96
5557,205
5558,1/8
5559,300/11
5560,90
5561,300
5562,13200
5563,760
5564,12
5565,32
5566,27.06
5567,45
5568,4/5
5569,86
5570,2060
5571,-166/5
5572,140
5573,12210
5574,107.14286
5575,28
5576,21/10
5577,12.42
5578,28
5579,140
5580,25
5581,32
5582,40.56
5583,1120
5584,120
5585,12
5586,195/7
5587,420
5588,360
5589,22
5590,3
5591,2400
5592,195
5593,1080
5594,500
5595,180
5596,442.5
5597,1407/17
5598,75
5599,900
5600,480
5601,-875/3
5602,540
5603,144
5604,64
5605,85/2
5606,-3000
5607,10
5608,120
5609,1000
5610,10.8
5611,54
5612,144
5613,7700.37736
5614,362
5615,18.84
5616,3.14
5617,5880
5618,-321/5
5619,107.1
5620,4.3
5621,6280
5622,157
5623,6
5624,184
5625,14/5
5626,50400
5627,280
5628,60
5629,60
5630,250
5631,1153
5632,44
5633,135
5634,128/25
5635,94.2
5636,0
5637,28260
5638,36
5639,2
5640,92/5
5641,-364.2
5642,2592
5643,96
5644,10
5645,150
5646,37/7
5647,10.54642
5648,0
5649,120
5650,180
5651,10.54642
5652,625
5653,375
5654,3/2
5655,105
5656,500
5657,12/5
5658,-28
5659,-3
5660,240
5661,9
5662,80
5663,625
5664,0.9375
5665,-0.85619
5666,30
5667,350
5668,30
5669,3
5670,500
5671,2.42
5672,-2999
5673,60
5674,1000
5675,1256
5676,145
5677,26
5678,62
5679,1500
5680,500
5681,3214.28571
5682,39.4384
5683,125.6
5684,600
5685,56.52
5686,25
5687,407
5688,391.872
5689,900
5690,25
5691,2000
5692,26
5693,72
5694,90
5695,220
5696,1575
5697,1600
5698,24
5699,1008
5700,12.56
5701,20
5702,40
5703,55/2
5704,245/6
5705,80
5706,110.25
5707,12600
5708,19.9
5709,13900
5710,1107
5711,23
5712,64
5713,400
5714,1.1
5715,10990
5716,113
5717,8
5718,192
5719,2
5720,945
5721,37.68
5722,20
5723,20
5724,516
5725,105
5726,13.5
5727,288
5728,120/11
5729,16
5730,7
5731,504
5732,992
5733,859.2
5734,5702
5735,-57
5736,5.58222
5737,400
5738,3430
5739,27
5740,8
5741,6.4
5742,5520
5743,90
5744,600
5745,-359
5746,15
5747,32
5748,2000
5749,3430.37607
5750,702
5751,332
5752,143.2
5753,285
5754,711
5755,90
5756,142
5757,27
5758,20/11
5759,18
5760,20
5761,3/4
5762,210
5763,1120/3
5764,31
5765,3
5766,420
5767,144/5
5768,720
5769,260
5770,3/4
5771,80
5772,3750/17
5773,165/2
5774,75/2
5775,1600
5776,-50
5777,-2400/7
5778,168
5779,9
5780,88
5781,-0.7541
5782,96
5783,6
5784,83
5785,2500
5786,580
5787,44
5788,112750
5789,1000
5790,110
5791,3/5
5792,28800
5793,9020
5794,40
5795,162
5796,420
5797,6
5798,2/5
5799,6.48
5800,648
5801,8
5802,250
5803,36
5804,-22
5805,-22
5806,32
5807,120
5808,60
5809,391/5
5810,12
5811,263/12
5812,29
5813,500
5814,227
5815,81/4
5816,135
5817,88
5818,2
5819,375
5820,2.16
5821,36
5822,9
5823,38
5824,28
5825,10.63636
5826,80/3
5827,3
5828,40
5829,23810
5830,2550
5831,180
5832,35000
5833,8
5834,1311/5
5835,3933/5
5836,6280
5837,2.5
5838,23.55
5839,18.84
5840,36
5841,48
5842,
5843,-17
5844,98/3
5845,279/5
5846,-82/5
5847,4000
5848,55/2
5849,162.72
5850,-1.2
5851,62.4
5852,25
5853,8640
5854,3
5855,3250
5856,9000
5857,4000
5858,2940
5859,24
5860,-32
5861,3996.8
5862,126.7
5863,251
5864,42
5865,1.16
5866,270
5867,3
5868,20/9
5869,6.47
5870,15
5871,12
5872,1298/3
5873,10.048
5874,120
5875,201
5876,12
5877,72
5878,500
5879,24
5880,11
5881,501
5882,25.5
5883,249500
5884,-24
5885,100
5886,75
5887,10.68
5888,1040
5889,53
5890,62
5891,210
5892,40
5893,234.2
5894,2000
5895,32
5896,750
5897,40.2
5898,5460
5899,100/3
5900,3240
5901,6
5902,55
5903,-126.66667
5904,200
5905,165.5
5906,216
5907,7
5908,21
5909,7
5910,49
5911,9
5912,16
5913,33
5914,30
5915,8
5916,3
5917,7
5918,50
5919,60
5920,46
5921,8
5922,8
5923,18
5924,41
5925,53
5926,36
5927,10
5928,420
5929,-462
5930,5
5931,800
5932,30
5933,72
5934,42
5935,26
5936,17
5937,8
5938,6
5939,35
5940,3
5941,20
5942,20
5943,15
5944,25
5945,10
5946,10
5947,-42
5948,46
5949,56
5950,0
5951,4
5952,12
5953,11
5954,81
5955,42
5956,21
5957,13
5958,54
5959,44
5960,20
5961,34
5962,36
5963,36
5964,15
5965,24
5966,16
5967,53
5968,26
5969,3
5970,44
5971,53
5972,4
5973,28
5974,5
5975,2
5976,28
5977,32
5978,4
5979,12
5980,3
5981,38
5982,9
5983,4
5984,22
5985,60
5986,9
5987,34
5988,17
5989,27
5990,10
5991,4
5992,4
5993,18
5994,18
5995,20
5996,6
5997,4
5998,8
5999,5
6000,7
6001,21
6002,6
6003,6
6004,26
6005,47
6006,36
6007,9
6008,47
6009,67
6010,19
6011,28
6012,20
6013,20
6014,10
6015,44
6016,129
6017,4
6018,4
6019,25
6020,31
6021,62
6022,19
6023,-4
6024,3
6025,3
6026,18
6027,13
6028,3
6029,11
6030,25
6031,66
6032,91
6033,35
6034,90
6035,56
6036,26
6037,81
6038,55
6039,6
6040,61
6041,51
6042,88
6043,16
6044,24
6045,57
6046,26
6047,788
6048,26
6049,21
6050,20
6051,26
6052,31
6053,27
6054,15
6055,88
6056,260
6057,7
6058,16
6059,8
6060,81
6061,81
6062,-37
6063,79
6064,24
6065,48
6066,23
6067,33
6068,23
6069,36
6070,7
6071,6
6072,24
6073,80
6074,471
6075,20
6076,4
6077,20
6078,9
6079,25
6080,37/8
6081,6
6082,22
6083,53
6084,26
6085,37
6086,45
6087,19
6088,24
6089,31
6090,42
6091,11
6092,84
6093,40
6094,44
6095,30
6096,20
6097,35
6098,45
6099,25
6100,8
6101,8
6102,14
6103,47
6104,22
6105,72
6106,34
6107,5
6108,1/7
6109,3
6110,18
6111,4
6112,19
6113,10
6114,7
6115,7
6116,27
6117,30
6118,85
6119,40
6120,19
6121,6
6122,24
6123,18
6124,33
6125,32
6126,16
6127,114
6128,23
6129,8
6130,2
6131,8
6132,16
6133,15
6134,18
6135,18
6136,18
6137,6
6138,15
6139,40
6140,9/2
6141,55
6142,45
6143,16
6144,-27
6145,21
6146,-7
6147,27
6148,164
6149,36
6150,36
6151,80
6152,68
6153,26
6154,20
6155,-190/3
6156,270
6157,139
6158,492
6159,670
6160,0
6161,40
6162,197
6163,5
6164,4/5
6165,40
6166,1
6167,1791
6168,528
6169,720
6170,-121
6171,49
6172,112
6173,1800
6174,30
6175,45
6176,-175
6177,2400
6178,0.6
6179,7
6180,38
6181,27
6182,176
6183,314
6184,500
6185,875
6186,61
6187,6320
6188,560
6189,543
6190,1571
6191,85
6192,450
6193,90
6194,-94
6195,2180
6196,240
6197,5100
6198,1008
6199,36
6200,12
6201,192
6202,4
6203,18
6204,40
6205,40
6206,152
6207,9
6208,100
6209,23
6210,78
6211,4560
6212,358
6213,148
6214,142
6215,270
6216,99
6217,197
6218,32
6219,5
6220,477
6221,696
6222,306
6223,39
6224,14
6225,9
6226,52
6227,9
6228,9
6229,72
6230,315
6231,362
6232,8
6233,220
6234,14
6235,1650
6236,98
6237,96
6238,113
6239,16
6240,360
6241,33
6242,210
6243,5
6244,6
6245,535
6246,278
6247,88
6248,395
6249,150
6250,5
6251,1
6252,374
6253,200
6254,36
6255,54
6256,78
6257,400
6258,6
6259,2250
6260,11
6261,67
6262,7
6263,3200
6264,91
6265,41
6266,8
6267,20/3
6268,21
6269,540
6270,4000
6271,120
6272,1400/9
6273,77
6274,41.2
6275,3920
6276,6400
6277,63
6278,250
6279,4
6280,5/2
6281,344
6282,186
6283,10
6284,4.2
6285,0.86
6286,2.12
6287,42
6288,210
6289,32
6290,24
6291,149
6292,-13.84
6293,47.5
6294,174
6295,90
6296,1240
6297,113
6298,136.754
6299,56.7
6300,22.4
6301,
6302,850
6303,1110
6304,64
6305,165
6306,14910
6307,315
6308,6
6309,74
6310,157
6311,162
6312,75/2
6313,40
6314,40
6315,180
6316,24
6317,60
6318,2600
6319,299
6320,6000
6321,4800
6322,2790
6323,236
6324,3625
6325,72
6326,-72
6327,-33060
6328,120
6329,2940
6330,6120
6331,3600
6332,710
6333,13650
6334,4800
6335,696
6336,125
6337,900
6338,9
6339,40
6340,160
6341,48
6342,160
6343,600
6344,2200
6345,4
6346,6
6347,30
6348,48
6349,2
6350,20
6351,3600
6352,12
6353,7
6354,250
6355,42
6356,12
6357,345
6358,48
6359,15
6360,19
6361,130
6362,6405
6363,30
6364,24/5
6365,-300
6366,12
6367,8
6368,-2899
6369,600
6370,30
6371,24
6372,45
6373,1/3
6374,19
6375,107
6376,-51
6377,1872
6378,471
6379,10
6380,14
6381,5
6382,12
6383,600
6384,2
6385,100
6386,78
6387,6000
6388,35.5
6389,1.8
6390,340
6391,10.8
6392,4
6393,12
6394,100
6395,35
6396,6720
6397,2346.02667
6398,5.3
6399,1428
6400,316
6401,64
6402,50
6403,6
6404,200
6405,240
6406,675
6407,619
6408,660
6409,20000
6410,12000
6411,7/10
6412,1000
6413,3500
6414,800
6415,207.6
6416,140.1
6417,63
6418,1950
6419,14
6420,540
6421,753
6422,1980
6423,45
6424,1470
6425,3
6426,55
6427,54
6428,-15
6429,44
6430,27/2
6431,8
6432,48
6433,120
6434,145
6435,160
6436,288
6437,4050
6438,18
6439,17
6440,120
6441,425/18
6442,40000
6443,40
6444,40
6445,86.1
6446,9.42
6447,194.4
6448,36
6449,5/9
6450,436.8
6451,32
6452,38
6453,73/6
6454,1420
6455,122.4
6456,630
6457,165
6458,750
6459,648
6460,0.2
6461,15/8
6462,40
6463,110
6464,1920
6465,8000
6466,58
6467,15
6468,92
6469,441/4
6470,20
6471,40
6472,26
6473,8
6474,7
6475,4
6476,33
6477,536
6478,4
6479,6
6480,48
6481,65/18
6482,48
6483,34057
6484,24
6485,
6486,8
6487,49
6488,480
6489,40
6490,4
6491,280
6492,300
6493,420
6494,1250
6495,62.8
6496,84
6497,12.56
6498,29.8
6499,24.2
6500,44
6501,3/4
6502,20/3
6503,20/3
6504,16
6505,600
6506,215
6507,180
6508,95
6509,16
6510,35
6511,140
6512,64
6513,335
6514,367.5
6515,5
6516,240
6517,68
6518,8.95
6519,3722
6520,102
6521,1568
6522,5
6523,1.25
6524,188
6525,1/2
6526,44
6527,31.5
6528,62
6529,91
6530,1050
6531,882
6532,32
6533,6
6534,9000
6535,180
6536,176
6537,108
6538,170
6539,15
6540,160
6541,25
6542,1680
6543,222
6544,25
6545,2580
6546,400
6547,200
6548,147
6549,375
6550,16
6551,1872
6552,206
6553,10
6554,4
6555,648
6556,133
6557,27
6558,69
6559,1
6560,15
6561,660
6562,2.27
6563,16
6564,616
6565,35
6566,78
6567,17
6568,22875
6569,720
6570,160
6571,45
6572,1800
6573,1800
6574,25/2
6575,1908
6576,900
6577,76.9
6578,4410
6579,9
6580,40
6581,360
6582,85
6583,2520
6584,4
6585,90
6586,576
6587,36
6588,22.5
6589,8
6590,1344
6591,1330
6592,40
6593,130
6594,900
6595,85
6596,120
6597,6.7
6598,306
6599,2730
6600,192
6601,90
6602,52
6603,328
6604,38
6605,215
6606,18750
6607,120
6608,18.5
6609,18
6610,180
6611,248
6612,1
6613,144
6614,198
6615,525
6616,624
6617,825
6618,48
6619,356
6620,38
6621,9
6622,4
6623,576
6624,1320
6625,6000
6626,13000
6627,557
6628,600
6629,60
6630,824
6631,13.2
6632,270
6633,3.19667
6634,160
6635,6.5
6636,42
6637,3/25
6638,24
6639,23800
6640,10
6641,80000
6642,1610
6643,30
6644,552
6645,2000
6646,6650
6647,6960
6648,13870
6649,-38
6650,414
6651,144
6652,40
6653,615
6654,231
6655,-10.1
6656,23
6657,20
6658,205
6659,540
6660,25
6661,49
6662,4
6663,7
6664,285
6665,8
6666,126
6667,832
6668,5014/17
6669,267
6670,1050
6671,1872
6672,90
6673,611.5
6674,138
6675,158
6676,34
6677,379
6678,3600
6679,770
6680,60
6681,8400
6682,604
6683,23
6684,1212
6685,129
6686,525
6687,420
6688,29400
6689,732
6690,2/15
6691,366/7
6692,2.1
6693,560
6694,240
6695,56
6696,20
6697,810
6698,1152
6699,-10.3
6700,103
6701,600
6702,49
6703,349
6704,4840
6705,25/4
6706,45
6707,62
6708,0.8125
6709,439.6
6710,18000
6711,10
6712,67
6713,8
6714,22
6715,7
6716,16
6717,92
6718,18
6719,22
6720,85
6721,3216
6722,375
6723,125
6724,248
6725,2880
6726,80
6727,45
6728,54
6729,3/5
6730,37
6731,
6732,8
6733,12
6734,19
6735,48
6736,52
6737,79
6738,38
6739,96
6740,10
6741,41
6742,21
6743,32
6744,12
6745,15
6746,2
6747,3
6748,30
6749,32
6750,21
6751,4
6752,29
6753,9
6754,36
6755,80
6756,37
6757,8
6758,29
6759,17
6760,35
6761,45
6762,86
6763,20
6764,4
6765,256
6766,24
6767,3/2
6768,-4
6769,-4
6770,86
6771,-6
6772,702
6773,50
6774,20
6775,20
6776,44
6777,30
6778,7
6779,17
6780,11
6781,17
6782,27
6783,43
6784,-41
6785,132
6786,2/5
6787,50
6788,8
6789,59
6790,87
6791,9/4
6792,-131/10
6793,58
6794,54
6795,10
6796,38
6797,24
6798,45
6799,39
6800,61
6801,20
6802,140
6803,22
6804,14
6805,78
6806,50
6807,76
6808,72
6809,20
6810,75
6811,6
6812,50
6813,42
6814,33
6815,-2
6816,8
6817,25
6818,47
6819,67
6820,33
6821,11
6822,31
6823,23
6824,3
6825,15
6826,30
6827,38
6828,28
6829,28
6830,33
6831,41
6832,48
6833,14
6834,36
6835,42
6836,10
6837,16
6838,24
6839,12
6840,5
6841,35
6842,11
6843,10
6844,19
6845,12
6846,11
6847,27
6848,13
6849,18
6850,28
6851,17
6852,6
6853,1/3
6854,24
6855,17
6856,27
6857,8
6858,33.6
6859,178
6860,1360
6861,60
6862,150
6863,5670
6864,680
6865,100
6866,2
6867,95%
6868,1200
6869,400
6870,240
6871,304
6872,3290
6873,1500
6874,3600
6875,144
6876,12
6877,130
6878,260
6879,360/13
6880,48
6881,375
6882,108
6883,-36
6884,300
6885,160
6886,160
6887,792
6888,240
6889,71/10
6890,190
6891,72
6892,35/3
6893,1650
6894,2
6895,232
6896,32
6897,1680
6898,5652
6899,100
6900,18
6901,5
6902,188.4
6903,58
6904,0
6905,102
6906,8
6907,49
6908,59
6909,625
6910,37
6911,26.66667
6912,250
6913,96.2%
6914,93.2%
6915,25/3
6916,78.8768
6917,100
6918,77.76
6919,10.8
6920,378
6921,432
6922,30
6923,27
6924,605/6
6925,32
6926,14
6927,27500/3
6928,75.36
6929,1296
6930,7245
6931,27
6932,2100
6933,40
6934,3
6935,13
6936,27/2
6937,40
6938,8
6939,16
6940,300%
6941,289/2
6942,68
6943,115%
6944,89
6945,28
6946,7.5
6947,1
6948,1250
6949,300
6950,73/2
6951,31.4
6952,360
6953,42
6954,2.85
6955,-60/59
6956,10
6957,1.8
6958,9
6959,99.04
6960,125
6961,1200
6962,7500
6963,60
6964,10
6965,-80
6966,28
6967,75.36
6968,40
6969,30
6970,20
6971,15
6972,792
6973,23
6974,144
6975,160
6976,15
6977,16
6978,96
6979,160
6980,28
6981,375%
6982,800
6983,6000
6984,675
6985,34
6986,2400
6987,420
6988,200
6989,35
6990,4500
6991,1600
6992,480
6993,25
6994,270
6995,1200
6996,3000
6997,5.28
6998,300
6999,3880
7000,33
7001,4.27241
7002,3.14
7003,20
7004,512
7005,10
7006,300
7007,180
7008,133333.3%
7009,20
7010,420
7011,19.7192
7012,625
7013,-300
7014,25
7015,8400
7016,1.5
7017,29.8
7018,25.2
7019,1620
7020,50
7021,973.4
7022,100
7023,84
7024,7.96178
7025,120
7026,180
7027,3.234
7028,16.7%
7029,1004.8
7030,190
7031,3/2
7032,1440
7033,-116
7034,25%
7035,600
7036,24/5
7037,85.7%
7038,0.512
7039,717
7040,30
7041,780
7042,490
7043,345
7044,60
7045,81/10
7046,270
7047,96
7048,60
7049,-5
7050,15813
7051,1560
7052,32
7053,2
7054,16
7055,0
7056,28.26
7057,5/2
7058,1.2
7059,28
7060,95%
7061,213
7062,2.4
7063,38.4
7064,25
7065,3.7
7066,2800
7067,1.96667
7068,12
7069,92/3
7070,69.65807
7071,24
7072,350
7073,5/2
7074,-2000%
7075,15/2
7076,660
7077,12
7078,2500
7079,24
7080,23
7081,200
7082,900/7
7083,1050
7084,30/47
7085,3/4
7086,198
7087,3.5
7088,4
7089,56
7090,96
7091,100
7092,9
7093,108
7094,160/7
7095,
7096,128
7097,15
7098,24.178
7099,0.02
7100,40
7101,1440
7102,195
7103,16
7104,3
7105,975/2
7106,1570
7107,3000
7108,15
7109,75
7110,1/3
7111,159
7112,482.39663
7113,999
7114,456/17
7115,60
7116,864
7117,251.2
7118,2
7119,245/4
7120,24/5
7121,501.9
7122,445
7123,600
7124,32
7125,6
7126,540
7127,84.72222
7128,-39
7129,95
7130,39.4384
7131,17.75
7132,120
7133,-400
7134,188
7135,65
7136,320
7137,460
7138,125/2
7139,0.3
7140,2.62
7141,45.7232
7142,600
7143,1125%
7144,44
7145,7
7146,575%
7147,-50%
7148,10
7149,-15
7150,6
7151,391/5
7152,1020
7153,7
7154,-40
7155,5000
7156,110
7157,261
7158,46.3
7159,70.8
7160,96
7161,3125
7162,7/2
7163,4
7164,128
7165,3
7166,33
7167,960
7168,131.25
7169,29
7170,144
7171,0.792
7172,320
7173,32.4%
7174,20%
7175,84
7176,15/7
7177,1000
7178,2100
7179,437
7180,125.6
7181,522.5
7182,1400
7183,93
7184,13/6
7185,12
7186,9
7187,768
7188,2
7189,73
7190,97
7191,12/25
7192,225
7193,91040
7194,560
7195,5.26667
7196,8400
7197,144
7198,17
7199,15
7200,260
7201,36
7202,1240
7203,108
7204,
7205,80
7206,70
7207,34
7208,9600
7209,426
7210,306
7211,24.02
7212,48
7213,5.42222
7214,75
7215,62.8
7216,796
7217,301.44
7218,-87.92
7219,899
7220,3
7221,2128
7222,170
7223,-600%
7224,183
7225,135
7226,13.68
7227,16
7228,32
7229,170
7230,16%
7231,-2760
7232,300
7233,48000
7234,5/2
7235,90
7236,24.84
7237,100
7238,219/20
7239,10990
7240,8
7241,224
7242,19
7243,960
7244,3
7245,630
7246,73
7247,4.8
7248,168
7249,2000
7250,3000
7251,4
7252,36
7253,1.8
7254,12/43
7255,77.8
7256,450
7257,340
7258,1300
7259,167
7260,15/4
7261,3
7262,36
7263,3508
7264,864
7265,4000
7266,33
7267,80
7268,3
7269,54080/11
7270,8
7271,37.68
7272,40
7273,160
7274,19.99614
7275,3827/8
7276,-50
7277,125
7278,240
7279,400
7280,80
7281,90
7282,240
7283,90%
7284,30
7285,3
7286,6.8
7287,-6
7288,5
7289,120
7290,864
7291,-3299
7292,35
7293,135
7294,4000
7295,152.28
7296,240
7297,96
7298,272
7299,55
7300,40
7301,73/80
7302,15
7303,720
7304,25000
7305,220
7306,90
7307,2727
7308,100
7309,1.3
7310,0.07
7311,20.27027
7312,1800000000
7313,106
7314,1476.225
7315,226.08
7316,7
7317,251.2
7318,810
7319,301.44
7320,9
7321,90
7322,0
7323,800/3
7324,103.3
7325,8
7326,2800
7327,160
7328,1200/7
7329,16
7330,12
7331,0
7332,5.35
7333,6840
7334,5625
7335,175
7336,5040
7337,2009.6
7338,15
7339,123
7340,45.475
7341,48
7342,16
7343,59/150
7344,864
7345,227
7346,702.15
7347,250
7348,62.8
7349,6300
7350,1256
7351,28
7352,96
7353,1125
7354,3500
7355,436
7356,24.649
7357,482/5
7358,17/90
7359,26
7360,10
7361,940
7362,778
7363,8
7364,90
7365,47
7366,4500
7367,4000/3
7368,6000/7
7369,72
7370,38.4
7371,38.4
7372,-479
7373,32
7374,116
7375,40/9
7376,49/60
7377,53.664
7378,50
7379,245
7380,1000
7381,800
7382,5040
7383,30
7384,5
7385,498.5064
7386,20096
7387,1000
7388,2.7004
7389,14.25
7390,6
7391,3/5
7392,36
7393,1256
7394,240
7395,480
7396,9600
7397,112
7398,36/5
7399,60
7400,64
7401,-12
7402,10
7403,8/5
7404,90
7405,180
7406,4.375
7407,38
7408,676.76
7409,185
7410,90
7411,11
7412,100
7413,125
7414,65
7415,76
7416,1.33546
7417,27.27273
7418,195
7419,2
7420,514/5
7421,5.6
7422,9
7423,648
7424,304
7425,-8100/7
7426,45
7427,1616
7428,12.56
7429,18
7430,90%
7431,480
7432,42
7433,87/23
7434,407.2
7435,200
7436,234
7437,151.2
7438,17
7439,6
7440,180
7441,4
7442,12/5
7443,0.8
7444,700/3
7445,38.4
7446,28
7447,180
7448,7200
7449,7500
7450,125.6
7451,7
7452,-790/19
7453,95
7454,4
7455,32
7456,37.5%
7457,20
7458,0.16
7459,24/5
7460,442
7461,3600
7462,44
7463,4368
7464,10
7465,65
7466,300
7467,192000
7468,125
7469,180
7470,104.66667
7471,495.3463
7472,20
7473,1.875
7474,135
7475,9
7476,520
7477,3
7478,55
7479,5.12
7480,29
7481,49.5
7482,84
7483,400
7484,12000
7485,204
7486,450
7487,33
7488,100/19
7489,5600
7490,15
7491,1337
7492,112
7493,80
7494,90
7495,24
7496,3.1
7497,450
7498,3.3
7499,60
7500,70.0245
7501,3.57692
7502,920
7503,3/5
7504,85
7505,1060
7506,32
7507,2400
7508,700/9
7509,210
7510,4
7511,3240
7512,2550
7513,8
7514,380
7515,2786
7516,74
7517,585
7518,300
7519,-400
7520,1025
7521,2980/3
7522,1413
7523,16
7524,992
7525,29
7526,25800
7527,675
7528,5/2
7529,40
7530,144
7531,17
7532,12
7533,1120
7534,2240
7535,457.6
7536,1954
7537,48
7538,28
7539,4.73333
7540,73
7541,15.5
7542,612
7543,160
7544,60
7545,251.2
7546,18
7547,78.5
7548,45
7549,471
7550,45
7551,3140
7552,1215
7553,252
7554,60
7555,870
7556,56
7557,180
7558,20
7559,9
7560,1000/11
7561,15
7562,300
7563,98/5
7564,625
7565,400
7566,99
7567,1.25
7568,2700
7569,2700
7570,10
7571,32
7572,25.72
7573,24
7574,13800
7575,6
7576,4
7577,10.048
7578,8.30508
7579,3
7580,200
7581,504
7582,20.41667
7583,135
7584,1500
7585,9000
7586,1875
7587,36
7588,40
7589,182
7590,300/13
7591,17
7592,980
7593,10
7594,280
7595,3240
7596,23
7597,36
7598,54
7599,40
7600,5
7601,600
7602,71.04
7603,8
7604,4
7605,200
7606,0.512
7607,125
7608,80
7609,36
7610,115/2
7611,6.8
7612,34
7613,700
7614,2
7615,1
7616,4000
7617,200
7618,63
7619,40
7620,8
7621,72
7622,280
7623,26
7624,0.1
7625,2592
7626,32
7627,32.5
7628,36.55
7629,0.6
7630,-2.13
7631,11
7632,294
7633,300
7634,90
7635,85%
7636,512
7637,13.5
7638,7500
7639,3264
7640,7.02
7641,3/5
7642,1/2
7643,280
7644,42
7645,20
7646,18/25
7647,18
7648,1/18
7649,1/35
7650,2240
7651,3000
7652,3
7653,0.57895
7654,36
7655,2400
7656,19/20
7657,64
7658,20
7659,10.4
7660,960
7661,31.8
7662,1/5
7663,-249
7664,2
7665,2/5
7666,1/6
7667,-22500
7668,8
7669,40
7670,21
7671,62
7672,98
7673,32
7674,8
7675,505
7676,12/7
7677,2520
7678,-23/3
7679,81/50
7680,81/50
7681,3968
7682,750
7683,7
7684,50
7685,25
7686,800
7687,27.25
7688,31/35
7689,168
7690,1782
7691,48
7692,8280
7693,1
7694,3
7695,534
7696,7
7697,3
7698,-1
7699,55
7700,
7701,38.46154
7702,8460
7703,9.5
7704,4.75
7705,157/100
7706,3045
7707,10
7708,28
7709,148
7710,72
7711,17/20
7712,39/8
7713,11/24
7714,3
7715,48
7716,42
7717,6.66
7718,7/24
7719,120
7720,152
7721,1.51786
7722,70
7723,120
7724,1350
7725,215/8
7726,1/10
7727,95.8
7728,222
7729,6
7730,140
7731,882
7732,0.755
7733,8.652
7734,180
7735,67.5
7736,7.5
7737,12
7738,100
7739,
7740,142
7741,135
7742,36
7743,85
7744,560
7745,100
7746,38
7747,48
7748,-194
7749,376
7750,-1
7751,700
7752,1.8
7753,7606/13
7754,1/40
7755,-30.53571
7756,40/19
7757,500
7758,120
7759,11/30
7760,5
7761,2.2
7762,400
7763,144/7
7764,4
7765,6
7766,192
7767,32800
7768,83
7769,560
7770,115
7771,1125250
7772,13/20
7773,800
7774,48
7775,472.01
7776,1214
7777,110
7778,20
7779,225
7780,12
7781,360
7782,767
7783,-22
7784,220
7785,0
7786,10
7787,2160
7788,1800
7789,1500
7790,99.61111
7791,26
7792,240
7793,6/7
7794,10
7795,15
7796,2400
7797,1/4
7798,1260
7799,4800
7800,-22.5
7801,60
7802,625
7803,3/10
7804,-6
7805,-30
7806,25/3
7807,121
7808,707/4
7809,28
7810,2.8
7811,576
7812,4
7813,30
7814,110/3
7815,54
7816,4/5
7817,7
7818,240
7819,51/20
7820,80
7821,0
7822,5416
7823,1026
7824,15/4
7825,51
7826,59/6
7827,-61/20
7828,80000
7829,36/5
7830,72
7831,630
7832,9/5
7833,0
7834,0
7835,41
7836,11/20
7837,3
7838,600
7839,4
7840,144
7841,32/21
7842,26/3
7843,50
7844,825
7845,17/12
7846,-6.8
7847,450
7848,70
7849,320
7850,37
7851,-57/4
7852,570
7853,7
7854,80/3
7855,1/20
7856,4
7857,1.225
7858,48
7859,320
7860,938
7861,4/15
7862,144
7863,3
7864,20.8
7865,30/71
7866,57
7867,36
7868,40/9
7869,11
7870,180
7871,3/4
7872,15
7873,63/5
7874,
7875,4/5
7876,-22/3
7877,7
7878,40/21
7879,1
7880,1/4
7881,150
7882,125/2
7883,2/5
7884,1/120
7885,3/5
7886,96
7887,1/3
7888,12
7889,9
7890,8
7891,15/8
7892,3
7893,285
7894,309
7895,80
7896,8745
7897,15.444
7898,3.75
7899,6
7900,784
7901,115
7902,5
7903,20
7904,5.42
7905,273/4
7906,604
7907,200
7908,24/7
7909,21/20
7910,128
7911,7
7912,25
7913,79.2
7914,2700
7915,3/16
7916,10
7917,96
7918,3/4
7919,864
7920,9/20
7921,400
7922,1
7923,1/4
7924,-31/4
7925,324
7926,150
7927,900
7928,9
7929,360
7930,50
7931,750
7932,9/4
7933,-96
7934,77
7935,5/8
7936,2/5
7937,5/2
7938,625
7939,8
7940,7
7941,61
7942,5/12
7943,4
7944,300
7945,0
7946,6.6
7947,28
7948,10
7949,15
7950,300
7951,300
7952,66/7
7953,162/17
7954,643/5
7955,86
7956,56
7957,2542
7958,33/115
7959,690/7
7960,17/30
7961,10
7962,-100/3
7963,3/2
7964,7000
7965,54
7966,5
7967,960
7968,1710
7969,87
7970,63
7971,11/36
7972,624
7973,100
7974,2
7975,260
7976,120
7977,80
7978,20
7979,400
7980,48
7981,200
7982,25
7983,800
7984,240
7985,2590
7986,40/3
7987,0
7988,840
7989,144000
7990,118
7991,72
7992,3
7993,1200
7994,193
7995,5/12
7996,180
7997,1750
7998,2/5
7999,9
