0,65.144
1,36
2,8
3,105/2
4,6
5,594
6,600
7,3545
8,8.8
9,54/5
10,41
11,5250
12,80
13,56
14,270
15,8172
16,57
17,0.41556
18,322.5
19,10
20,675/4
21,41
22,100
23,68
24,300
25,1
26,19
27,40
28,0.314
29,1950
30,3.6
31,80
32,9
33,720
34,60
35,29/20
36,251
37,56
38,14/15
39,72
40,400
41,24
42,208
43,500
44,4
45,490
46,95
47,288
48,40
49,280
50,2420
51,11
52,7600
53,280
54,86
55,120
56,142
57,4875
58,1248
59,3
60,66
61,1573
62,1300
63,738
64,1176
65,7056
66,13198.8
67,-5390
68,3360
69,675
70,-10
71,73.2
72,6600
73,5/8
74,200
75,3.8
76,1
77,13/20
78,24
79,194
80,3.3
81,170
82,464
83,392
84,260
85,25%
86,15
87,0
88,402
89,374
90,108/25
91,20
92,28
93,1735
94,1536
95,39.25
96,8
97,16
98,126
99,260
100,2115.2
101,4
102,3486
103,14
104,5
105,3/85
106,5/9
107,380
108,10.9
109,300
110,7/10
111,600
112,560
113,651
114,1088/7
115,160
116,4955
117,623
118,192
119,124
120,0.94
121,4
122,25
123,69
124,20000
125,110%
126,360
127,0.5
128,124
129,770
130,7/9
131,5493
132,10
133,191
134,11200
135,8
136,595
137,100000000
138,32
139,87
140,90
141,373/36
142,96
143,15
144,8126.72
145,356
146,20/3
147,1200
148,4800
149,9
150,2/9
151,494
152,100/7
153,490
154,8000
155,3/10
156,75
157,600
158,6
159,8700
160,30
161,2
162,76
163,6.12739
164,42
165,1350
166,245
167,775
168,6
169,312
170,9/20
171,7
172,280
173,144
174,11/35
175,38
176,44
177,9
178,1
179,11
180,20
181,113.04
182,12
183,27
184,17/20
185,650
186,5000
187,10
188,312
189,15
190,-782
191,-122.46
192,10395
193,880
194,96100
195,1849.07
196,704
197,266.2092
198,450
199,272
200,450
201,114
202,18
203,7/20
204,5
205,40
206,2/3
207,144
208,40
209,59
210,6
211,65.55
212,3081
213,1385.1
214,6
215,2500
216,625
217,17/4
218,63024
219,200
220,29
221,333
222,20
223,16
224,200
225,1872
226,346
227,9
228,21/5
229,201.6
230,190
231,293
232,3300
233,207
234,684
235,3500
236,691
237,4950
238,-1/18
239,3280
240,816
241,539/3
242,1
243,5375
244,108
245,3/5
246,8
247,41/24
248,240
249,17
250,3.2
251,6
252,162
253,1260
254,252/19
255,6000
256,1536
257,15
258,490
259,40
260,2700
261,2880/7
262,84
263,120
264,24/5
265,32
266,11/24
267,276
268,26
269,19
270,25000
271,12300
272,750
273,12
274,520
275,1585
276,289
277,5.4
278,32
279,750
280,125.6
281,8
282,6
283,736
284,64
285,18
286,240
287,579
288,9.69408
289,2250
290,944
291,18
292,200
293,546
294,16
295,21
296,5280
297,10/7
298,10
299,64
300,224
301,27/20
302,8
303,6
304,81
305,19719.2
306,9/2
307,20
308,50
309,48
310,125.6
311,450
312,6
313,2/7
314,36
315,60
316,100
317,324
318,60
319,1/2
320,1.75
321,432
322,1/2
323,37/40
324,6/5
325,-1
326,3450
327,71.25
328,890
329,96
330,10024.75
331,434000
332,16000
333,300
334,4/7
335,1344
336,63
337,486
338,6
339,10
340,33/4
341,90
342,15
343,0.98
344,60
345,210
346,48
347,5
348,425
349,12
350,32
351,600
352,465
353,1588
354,168
355,140
356,165.5
357,50
358,5/2
359,12
360,376.8
361,1256
362,45
363,9
364,5/12
365,540
366,11/35
367,32
368,5
369,209
370,150
371,242
372,10
373,31
374,36
375,1350
376,591
377,9043.2
378,4429
379,
380,70
381,106
382,2/5
383,6240
384,56375
385,91
386,36/5
387,314
388,400
389,64
390,15
391,1260
392,768
393,800
394,23.55
395,35.56701
396,450
397,16
398,6592
399,13
400,1152
401,136
402,864
403,40/9
404,685
405,32
406,232/11
407,4/15
408,115/24
409,12.56
410,12
411,8
412,-1/4
413,800
414,1
415,516
416,55
417,8
418,1320
419,20
420,2/9
421,1
422,3
423,23/29
424,1.12
425,15.12
426,480
427,1120
428,181
429,5250
430,580
431,406000
432,384
433,112
434,12960
435,16
436,408
437,44
438,51/40
439,1800
440,1/4
441,2496
442,410
443,175/2
444,64
445,765
446,3/5
447,0.45
448,20
449,1920
450,1452
451,68
452,-47%
453,10
454,30
455,133
456,1080
457,2
458,76
459,390
460,24
461,2400
462,33
463,816
464,12
465,1710
466,420
467,246
468,21
469,35
470,12
471,16
472,-700
473,251.2
474,6
475,21
476,-110
477,0.1
478,1152
479,231
480,320
481,533
482,1/20
483,320/107
484,30
485,280
486,132
487,216
488,15
489,1204
490,4
491,96
492,260
493,44.72
494,440
495,2092.34
496,72/5
497,360
498,80
499,1344
500,272
501,1550
502,6720
503,750
504,885
505,639
506,30
507,700
508,94.2
509,78
510,19200
511,14
512,17/40
513,
514,120
515,58
516,698
517,3.19403
518,1/2
519,224
520,6
521,8
522,355
523,1800
524,3/8
525,200
526,340
527,100
528,52
529,31.4
530,120
531,36
532,150
533,52.65
534,24
535,45
536,75/7
537,22
538,7
539,-48
540,270
541,1.6
542,216
543,600
544,44
545,120
546,88.7364
547,84
548,10
549,60
550,1730
551,78.5
552,34/33
553,1.5
554,1100
555,750
556,11
557,56
558,50.24
559,19.7192
560,0.56667
561,6
562,24/5
563,100
564,39
565,63
566,4900/3
567,147
568,560
569,2500
570,133
571,4.8
572,10700
573,24
574,7500
575,2.99
576,16
577,2
578,150
579,240
580,1600
581,4
582,302.7
583,900
584,3
585,12
586,43
587,15
588,-182
589,9120
590,88
591,16
592,24
593,0.2
594,1/15
595,15.7
596,14.4
597,1870
598,192
599,-59999
600,1568
601,16.66667
602,3
603,400/9
604,175/4
605,2/5
606,-1
607,30000
608,5
609,-110/31
610,900
611,10
612,232
613,1.35
614,9.6
615,4
616,92.3
617,10
618,3768
619,90
620,89.4
621,50
622,10048
623,114
624,-196
625,15
626,88
627,0.5
628,421
629,81
630,60/7
631,78.5
632,3
633,2000
634,1239
635,5%
636,93.8%
637,57.1%
638,99%
639,60
640,20
641,20
642,5
643,192
644,540
645,44
646,4.5
647,48
648,215
649,120
650,-340
651,34
652,11
653,16
654,98%
655,1
656,80
657,98%
658,1.5
659,95%
660,411
661,4/3
662,950
663,25%
664,102
665,1094.5
666,50
667,250
668,7/12
669,3.6
670,355/8
671,735
672,45
673,140
674,5
675,92%
676,8
677,8
678,98%
679,96%
680,2000
681,23/50
682,120
683,450
684,21
685,21
686,3360
687,100
688,36
689,51/2
690,320
691,960
692,81
693,108
694,80
695,162
696,16
697,16
698,31/40
699,60
700,75
701,4800/97
702,5
703,83.33333
704,13.08333
705,15
706,94%
707,5/8
708,20
709,108
710,16
711,28.5
712,2
713,0.3
714,10%
715,1
716,240
717,0.015
718,24
719,180
720,150
721,240
722,0
723,5280
724,40
725,425
726,42.5
727,117
728,10
729,160
730,360
731,10
732,144
733,100
734,295
735,0.135
736,9.125
737,20
738,105/2
739,160
740,95%
741,900/301
742,3/4
743,5
744,300
745,
746,5/9
747,190.66667
748,13
749,830
750,36
751,-10599
752,0
753,10
754,24.74419
755,250
756,43/5
757,64
758,1
759,150
760,374.93333
761,60/41
762,2826
763,320.908
764,2100
765,480000/193
766,1944
767,2.16
768,128000/7
769,10
770,851
771,37
772,205
773,13.5
774,1500
775,72
776,125.6
777,40
778,420
779,4
780,5
781,32000
782,24000
783,15/14
784,117
785,156
786,125.6
787,3.28571
788,45
789,84
790,98%
791,3888/5
792,2450
793,35
794,72.09
795,-947
796,-72/5
797,40
798,24
799,320
800,16.6
801,100/61
802,1800/19
803,42
804,578/35
805,38.4
806,200
807,120
808,6/7
809,1872
810,0.2
811,122/5
812,20
813,78.57536
814,25
815,4000
816,2000
817,13
818,8
819,90
820,174
821,600
822,88
823,120
824,4.9298
825,1050
826,1462
827,2
828,1.2
829,42
830,290
831,160
832,500
833,150
834,61
835,14080
836,360
837,32
838,-4
839,6
840,6
841,5
842,8
843,272/25
844,546
845,150
846,56
847,42
848,17.6
849,1
850,480
851,2200
852,45
853,10
854,3
855,144
856,60/11
857,32
858,90
859,-448
860,472
861,100
862,8
863,2/7
864,6
865,18
866,0.5
867,1235
868,40.33333
869,12
870,13.2
871,1000/63
872,9
873,62
874,48
875,17/2
876,10500
877,14.3%
878,2.198
879,31400%
880,64
881,80/3
882,150/7
883,31.5
884,60
885,5
886,5472
887,471
888,39/8
889,7
890,1/2
891,27
892,3750
893,42.9
894,100
895,9
896,285
897,10
898,3000
899,6
900,4000
901,207000
902,16/3
903,225/2
904,-7500
905,16666666.66667
906,36.8
907,420
908,26
909,4
910,20
911,-23.75
912,4/3
913,56
914,-16.44
915,425
916,6280
917,28.26
918,188.4
919,5.4
920,200
921,18
922,6
923,87.1%
924,134
925,5/2
926,96%
927,960
928,3
929,50
930,2500
931,105000/11
932,48
933,18.84
934,7.1
935,-1025
936,60
937,80
938,6.66
939,11
940,52
941,28
942,210
943,24
944,12
945,5/12
946,-176
947,6
948,90
949,48
950,0.6
951,53
952,94
953,300
954,50/3
955,122
956,16
957,3/25
958,7600
959,1300
960,6
961,7
962,640
963,31050
964,16
965,111/2
966,25
967,350
968,180/11
969,1/8
970,152.4
971,8
972,3424
973,314
974,31
975,38
976,70
977,40
978,345.4
979,910
980,182.9
981,4400
982,0.003
983,448
984,-2%
985,74
986,12972/25
987,10
988,32
989,330
990,96/7
991,-2759
992,7378/3
993,700
994,20.0%
995,23
996,100/101
997,90
998,72
999,1/5
1000,3.14
1001,450/7
1002,374
1003,45
1004,6
1005,10%
1006,0
1007,31
1008,122.4
1009,797/8
1010,5/2
1011,163
1012,625/2
1013,96%
1014,13
1015,160
1016,15
1017,30/7
1018,78
1019,-95/12
1020,9
1021,150%
1022,41.7%
1023,628
1024,1620
1025,44080
1026,16000
1027,2
1028,482
1029,88
1030,20
1031,9.33333
1032,187
1033,2/5
1034,495/896
1035,270
1036,0.96
1037,30
1038,400
1039,280/19
1040,
1041,90000
1042,24
1043,8.0
1044,28.53
1045,441
1046,1
1047,36
1048,529/24
1049,495
1050,15
1051,38400
1052,240
1053,144/5
1054,2250
1055,25/4
1056,18
1057,216
1058,9/16
1059,0.128
1060,48.64865
1061,11
1062,-3.77
1063,2
1064,60
1065,100/3
1066,1295/8
1067,3
1068,3/2
1069,60
1070,55
1071,15
1072,60
1073,784
1074,1/25
1075,4138
1076,4
1077,272
1078,150
1079,-40
1080,1200
1081,425
1082,175/4
1083,20
1084,1.3
1085,14.6
1086,9/20
1087,480
1088,4/9
1089,0.0036
1090,170
1091,45
1092,7395
1093,12
1094,22.82051
1095,6
1096,1440
1097,3/8
1098,144
1099,120
1100,1/7
1101,16
1102,492
1103,-9
1104,285
1105,1/10
1106,105.7
1107,12
1108,9
1109,67
1110,27
1111,3
1112,7.83
1113,33.3%
1114,800
1115,68
1116,72000
1117,-30
1118,8
1119,3
1120,15
1121,30
1122,18
1123,10
1124,66
1125,1822
1126,24
1127,2.6
1128,2500
1129,200/3
1130,0.42308
1131,3/2
1132,30
1133,550
1134,128
1135,24
1136,19.232
1137,575
1138,480
1139,50
1140,600
1141,75/2
1142,6
1143,180
1144,15
1145,4
1146,1000
1147,756
1148,15
1149,19.3
1150,232
1151,100
1152,1/2
1153,770
1154,12
1155,180/7
1156,-7
1157,2826
1158,1154
1159,2
1160,1764
1161,10
1162,180
1163,90
1164,8965
1165,12
1166,12
1167,20
1168,0
1169,15
1170,-11.1%
1171,576
1172,360
1173,3400/3
1174,1500
1175,98%
1176,50
1177,60
1178,60
1179,0
1180,14
1181,2
1182,108
1183,220
1184,82
1185,300
1186,54/5
1187,201
1188,603
1189,203
1190,1
1191,60
1192,0.27
1193,33750
1194,972
1195,110.5%
1196,0.16667
1197,45
1198,1200
1199,62.8
1200,486
1201,0.25
1202,19
1203,30%
1204,51
1205,28
1206,18
1207,188
1208,15
1209,31
1210,1200
1211,33
1212,14
1213,60%
1214,60
1215,1600
1216,90
1217,-432/5
1218,-36
1219,750
1220,26.7%
1221,27
1222,3
1223,190.8
1224,48
1225,100/3
1226,314
1227,100
1228,52
1229,750
1230,16/5
1231,16/5
1232,54
1233,256
1234,800/9
1235,188.4
1236,539
1237,100
1238,11
1239,144/5
1240,-60%
1241,8
1242,-240
1243,-212
1244,134/65
1245,4200
1246,85
1247,53
1248,56
1249,180
1250,48
1251,45
1252,35
1253,14
1254,36
1255,8
1256,30
1257,38
1258,36
1259,16
1260,53
1261,22
1262,4
1263,37
1264,6
1265,45
1266,8
1267,-13
1268,23
1269,18
1270,55
1271,81
1272,146
1273,86
1274,136
1275,12
1276,309
1277,1
1278,84
1279,30
1280,81
1281,51
1282,84
1283,24
1284,96
1285,300
1286,45
1287,35
1288,27
1289,48
1290,9
1291,32
1292,44
1293,48
1294,36
1295,1505
1296,100
1297,1000
1298,8
1299,6
1300,6
1301,20
1302,6
1303,9
1304,6
1305,24
1306,4
1307,18
1308,8
1309,34
1310,392
1311,48/7
1312,4
1313,16
1314,61
1315,9
1316,13
1317,1
1318,11
1319,6
1320,16
1321,4
1322,80
1323,3763
1324,28
1325,36
1326,17
1327,129
1328,20
1329,6
1330,714
1331,6
1332,76
1333,7/4
1334,4
1335,-50
1336,54
1337,16
1338,66
1339,5
1340,73
1341,24
1342,6
1343,7
1344,24
1345,124
1346,31
1347,15
1348,6
1349,17
1350,23
1351,16
1352,19
1353,28
1354,-2
1355,3/2
1356,12
1357,75.36
1358,160
1359,700
1360,16
1361,12120
1362,6
1363,73/9
1364,2500
1365,5/9
1366,-323
1367,9
1368,9600
1369,53
1370,144
1371,81
1372,205
1373,8
1374,49.3
1375,18/35
1376,1600
1377,430/61
1378,12500
1379,72
1380,2.7
1381,314
1382,1800
1383,17/3
1384,440
1385,9.225
1386,28
1387,2
1388,150
1389,5.02727
1390,42
1391,30
1392,48000
1393,342.85714
1394,1
1395,16
1396,160
1397,120
1398,95
1399,840
1400,6
1401,180
1402,640
1403,20
1404,40
1405,11
1406,565/8
1407,96
1408,787
1409,125
1410,139
1411,4
1412,4000
1413,40
1414,1440
1415,768
1416,1500
1417,3
1418,240
1419,31
1420,13/60
1421,30.6
1422,33.45
1423,9.73333
1424,0.08
1425,9
1426,9
1427,0
1428,504
1429,1351
1430,22.5
1431,28
1432,48
1433,84
1434,3.46667
1435,44.3
1436,190
1437,271.32
1438,196.35
1439,1200
1440,16
1441,11
1442,110
1443,18
1444,54
1445,15
1446,13950
1447,400/11
1448,2.83333
1449,4
1450,44
1451,96.09
1452,180
1453,1063
1454,36
1455,32
1456,123/5
1457,31
1458,58
1459,9
1460,3612
1461,560
1462,20
1463,275/9
1464,10
1465,290
1466,-28/27
1467,280
1468,68
1469,1.1
1470,137
1471,144
1472,16
1473,45
1474,26
1475,8
1476,50
1477,9000
1478,16.2
1479,24
1480,0.6
1481,8448
1482,15
1483,3
1484,48/119
1485,4
1486,152/15
1487,43
1488,8
1489,56
1490,3.5
1491,16/19
1492,0
1493,9125
1494,32
1495,50000
1496,14
1497,-4
1498,1.1
1499,237/100
1500,91
1501,18/5
1502,149
1503,4
1504,371
1505,28
1506,70
1507,16
1508,18.4
1509,180
1510,189/200
1511,5/6
1512,16
1513,180
1514,120
1515,520
1516,36
1517,1.55
1518,11361/2
1519,6
1520,90
1521,44
1522,660
1523,82
1524,331
1525,40
1526,280
1527,15
1528,128/5
1529,780
1530,414/5
1531,
1532,25/3
1533,1050
1534,4800
1535,1/2
1536,5/2
1537,30
1538,5/21
1539,160
1540,128
1541,25.12
1542,23
1543,150
1544,12
1545,400
1546,650
1547,20
1548,1/16
1549,8/5
1550,39/100
1551,23/12
1552,3722
1553,5330
1554,80
1555,753.6
1556,22.608
1557,28.26
1558,400
1559,200
1560,16000/9
1561,26
1562,10
1563,48
1564,195
1565,-75
1566,2400
1567,8.4
1568,4800
1569,9
1570,1780
1571,20
1572,31.4
1573,122
1574,104
1575,188
1576,9420
1577,32.2
1578,210
1579,54
1580,0.125
1581,4
1582,125
1583,500/3
1584,126
1585,2500
1586,270
1587,-90
1588,82
1589,750
1590,73
1591,340/7
1592,88
1593,175
1594,50
1595,2520
1596,5.2
1597,22.2%
1598,803
1599,37
1600,240
1601,100
1602,15/2
1603,800
1604,60
1605,8/5
1606,1512
1607,93
1608,16
1609,25.12
1610,502.4
1611,502.4
1612,8500
1613,174.4
1614,37.68
1615,52
1616,877
1617,5
1618,150
1619,720
1620,45
1621,630
1622,60.48
1623,120
1624,40
1625,166.42667
1626,28
1627,25
1628,25/16
1629,60/23
1630,1600
1631,7/12
1632,15
1633,10/3
1634,8.5
1635,20
1636,0.46154
1637,54
1638,11
1639,4/5
1640,84
1641,17.16
1642,1296
1643,780
1644,12.32
1645,25/2
1646,125.6
1647,0.0125
1648,72
1649,3888/23
1650,1770
1651,50
1652,156
1653,3.18052
1654,92%
1655,628
1656,57
1657,1200
1658,-15
1659,8040
1660,100
1661,4
1662,10
1663,20
1664,3.2
1665,-2
1666,92
1667,66
1668,375
1669,0.36
1670,-3/10
1671,109450
1672,70
1673,9
1674,-9
1675,-406
1676,240
1677,5
1678,108
1679,24500
1680,-147
1681,288
1682,3
1683,1000
1684,18/5
1685,40
1686,15
1687,105
1688,1000
1689,150
1690,1120
1691,160
1692,120
1693,1.2
1694,36
1695,600
1696,10.4
1697,500
1698,30
1699,12
1700,52
1701,20
1702,2.29
1703,1
1704,8/3
1705,0.25
1706,24
1707,18/5
1708,6000
1709,-2.83333
1710,1280
1711,0
1712,1e-05
1713,4030/101
1714,1600
1715,36
1716,
1717,400
1718,15
1719,720
1720,2/7
1721,64.8076
1722,48
1723,192/5
1724,56.52
1725,22
1726,320/9
1727,251.2
1728,24
1729,180
1730,12/5
1731,10
1732,66
1733,17.75
1734,25
1735,85.71429
1736,315
1737,470/3
1738,1720/7
1739,520
1740,267
1741,60
1742,65/3
1743,1380
1744,15/2
1745,3
1746,80
1747,0.785
1748,28
1749,3/4
1750,-93
1751,40
1752,7
1753,1.74
1754,79
1755,45
1756,36/5
1757,20
1758,62.8
1759,40
1760,440
1761,192
1762,-31.13
1763,-450
1764,20
1765,10.71429
1766,51
1767,53
1768,36
1769,8
1770,-51/19
1771,-300/7
1772,450
1773,2682
1774,64/5
1775,-200
1776,3200
1777,250
1778,22960
1779,1030
1780,50000
1781,9
1782,1175
1783,1800
1784,67
1785,
1786,765
1787,6
1788,952
1789,0
1790,600
1791,250
1792,20
1793,11460
1794,38/7
1795,10
1796,5
1797,128/39
1798,24
1799,500
1800,1/4
1801,11/4
1802,3360
1803,168/5
1804,180
1805,942
1806,7200
1807,36
1808,1000/3
1809,8
1810,660
1811,8
1812,1256
1813,150
1814,7
1815,72
1816,275
1817,20
1818,72
1819,48
1820,640
1821,27
1822,218
1823,10
1824,18522/5
1825,1355
1826,100
1827,5
1828,260
1829,22.294
1830,40
1831,15
1832,5
1833,5928
1834,272
1835,125.6
1836,13209
1837,6
1838,8
1839,8
1840,120
1841,3
1842,24
1843,4
1844,280
1845,50.24
1846,150/13
1847,702
1848,9
1849,3000
1850,818
1851,151.8
1852,1950
1853,1035
1854,2.355
1855,12
1856,4400
1857,1500
1858,60
1859,41.2596
1860,-50/33
1861,326.6
1862,96
1863,12
1864,48
1865,170/3
1866,1210
1867,5
1868,3023/3
1869,6720
1870,630
1871,30
1872,5400
1873,8000
1874,0.5
1875,11
1876,24
1877,134
1878,126
1879,96
1880,12.56
1881,7.35
1882,6
1883,3888
1884,1088
1885,9
1886,20
1887,6
1888,3/2
1889,3
1890,12
1891,52%
1892,54
1893,50.24
1894,125
1895,256
1896,2/15
1897,300
1898,1/6
1899,40
1900,9
1901,360
1902,3600
1903,4.2
1904,9
1905,
1906,840
1907,888
1908,27
1909,15.75
1910,2250
1911,1469
1912,0
1913,9
1914,0.148
1915,108
1916,108
1917,11
1918,16
1919,6
1920,12
1921,104
1922,6
1923,5166
1924,12
1925,24
1926,4
1927,72
1928,9/4
1929,349.34217
1930,20
1931,5
1932,10
1933,1
1934,101475
1935,3
1936,720
1937,339.12
1938,0
1939,40
1940,1600/3
1941,2001.7
1942,125.6
1943,2000
1944,1.49074
1945,3
1946,5381
1947,700/3
1948,12
1949,1440/13
1950,80%
1951,400
1952,5
1953,11.7
1954,0.5
1955,4900
1956,0.35
1957,217
1958,78.5
1959,366
1960,4/15
1961,0.0064
1962,3740
1963,16
1964,38624
1965,90600
1966,113
1967,280
1968,70.336
1969,6
1970,539
1971,4.1
1972,36
1973,24.77
1974,6
1975,42
1976,-385
1977,60
1978,75
1979,7
1980,2000
1981,33
1982,14.4
1983,40
1984,12
1985,84
1986,200
1987,27/5
1988,17.14286
1989,2398
1990,201
1991,13
1992,0.3
1993,427.5
1994,22
1995,46.05
1996,1
1997,3
1998,3.5
1999,1.6
2000,40
2001,168
2002,5
2003,81
2004,8
2005,45
2006,260
2007,885
2008,896
2009,621
2010,5000
2011,45
2012,600/43
2013,2.8125
2014,12
2015,15
2016,
2017,5
2018,3
2019,600
2020,70/3
2021,80
2022,-7200
2023,400
2024,90
2025,12.2
2026,82
2027,15
2028,4
2029,115%
2030,-4000%
2031,175/39
2032,1
2033,56
2034,8640
2035,2300
2036,648
2037,360
2038,384
2039,40
2040,3/2
2041,18
2042,785
2043,5714
2044,0.44944
2045,-2
2046,240
2047,10
2048,130
2049,20
2050,34
2051,1081
2052,72
2053,2995.2
2054,5
2055,301.44
2056,239
2057,62
2058,0.08
2059,4750
2060,2000/3
2061,42
2062,675
2063,121.68
2064,24
2065,66500
2066,7500
2067,3200
2068,0.5
2069,315
2070,56
2071,270
2072,3
2073,0.06
2074,880
2075,486
2076,1500
2077,4
2078,400
2079,2000
2080,5.37
2081,22
2082,35
2083,24/5
2084,37500
2085,5
2086,942
2087,54
2088,900/7
2089,1740
2090,112
2091,108
2092,5072
2093,900
2094,96
2095,483.1204
2096,314
2097,144
2098,6/5
2099,28
2100,780
2101,1610
2102,20
2103,50
2104,104
2105,195
2106,2
2107,6.28
2108,1560
2109,2464
2110,13
2111,16
2112,16
2113,19.968
2114,7
2115,622
2116,3600
2117,2000
2118,628
2119,84
2120,3
2121,88
2122,
2123,2.355
2124,0.13208
2125,3.14
2126,830
2127,99
2128,268
2129,45
2130,24/5
2131,300
2132,15
2133,3720
2134,7
2135,13.188
2136,22
2137,585
2138,232
2139,12
2140,2.5
2141,8
2142,11
2143,15
2144,0.2
2145,9
2146,1296
2147,384
2148,1/4
2149,10
2150,565.2
2151,31.2
2152,4
2153,31.4
2154,699
2155,64/17
2156,3
2157,120
2158,36
2159,45.216
2160,719
2161,480
2162,732
2163,720
2164,110
2165,30.5
2166,124
2167,2905
2168,72.2
2169,6480
2170,2250
2171,770
2172,57%
2173,11183
2174,6
2175,100%
2176,65%
2177,316/3
2178,999
2179,150
2180,985.96
2181,60
2182,715
2183,42
2184,1710
2185,1400
2186,300/11
2187,441
2188,1456
2189,0.3
2190,81
2191,36
2192,480
2193,56
2194,2
2195,3400
2196,24
2197,0.4
2198,2.512
2199,12
2200,55/9
2201,344
2202,2520
2203,11400
2204,5
2205,28/9
2206,48
2207,0.8366
2208,4
2209,210
2210,496
2211,-24
2212,725
2213,60
2214,1.3
2215,24/5
2216,3
2217,776
2218,10
2219,59/3
2220,10890
2221,1245
2222,495
2223,13
2224,61.6225
2225,36000
2226,4000
2227,80
2228,6.3
2229,3250
2230,75.36
2231,4
2232,80/3
2233,55.125
2234,1.07
2235,1.24
2236,18
2237,39
2238,32
2239,2440/3
2240,3000
2241,4500
2242,48
2243,6300
2244,45
2245,1.8
2246,120
2247,486
2248,4.5
2249,750
2250,1910.82803
2251,80
2252,114
2253,24
2254,1440
2255,9
2256,300
2257,5750
2258,32
2259,-9/55
2260,840
2261,13.8%
2262,18%
2263,12.45
2264,-60
2265,100
2266,232
2267,37.08
2268,-3149
2269,24
2270,1
2271,25/56
2272,48.4
2273,7/5
2274,16
2275,729
2276,1053
2277,320
2278,100
2279,1.455
2280,45
2281,2940
2282,960
2283,1190
2284,3600
2285,60
2286,200
2287,4/5
2288,20
2289,260
2290,100
2291,45
2292,45
2293,40
2294,336
2295,1981.38522
2296,72
2297,5
2298,0.02
2299,62.8
2300,24
2301,0.6
2302,300
2303,10
2304,18.84
2305,6.28
2306,12
2307,80
2308,14
2309,25/3
2310,32
2311,5
2312,80
2313,-1650/13
2314,350
2315,6
2316,1872
2317,420
2318,6
2319,24
2320,63
2321,360
2322,1392/5
2323,17
2324,75
2325,1000
2326,1537
2327,70
2328,55
2329,13
2330,2250/11
2331,51
2332,5
2333,4200
2334,15.6
2335,200
2336,12
2337,5
2338,7580/9
2339,2
2340,2
2341,1520
2342,43.2
2343,131/4
2344,5/84
2345,143
2346,52
2347,432
2348,48
2349,327
2350,1080
2351,50
2352,90/19
2353,24
2354,300
2355,400
2356,294
2357,30
2358,25
2359,1243
2360,41666.7%
2361,13
2362,448
2363,17.6
2364,476
2365,330
2366,1440/97
2367,25.9992
2368,48
2369,4
2370,100
2371,7
2372,4.5216
2373,45
2374,240
2375,40
2376,72
2377,43
2378,11
2379,4.86957
2380,90
2381,24
2382,20/7
2383,3231
2384,352
2385,111
2386,56
2387,930
2388,15
2389,4/3
2390,-360
2391,20
2392,210
2393,15
2394,27.8
2395,18
2396,309
2397,98/5
2398,22
2399,180%
2400,2.4
2401,32
2402,2e-05
2403,8
2404,70
2405,32/3
2406,-11
2407,3.81111
2408,11
2409,24
2410,4
2411,36
2412,5
2413,4
2414,40/3
2415,259/75
2416,28.26
2417,600
2418,80
2419,50
2420,-98.43
2421,600
2422,40
2423,7/3
2424,1.1
2425,252
2426,16
2427,8
2428,75
2429,7.2
2430,2
2431,9
2432,9/10
2433,8/15
2434,120
2435,120
2436,39.55
2437,89.6
2438,19
2439,40/3
2440,34
2441,1
2442,36
2443,15.36
2444,40
2445,4
2446,150
2447,2275/57
2448,14
2449,327/1000
2450,33/20
2451,30
2452,150
2453,400.942
2454,200
2455,583
2456,20%
2457,176
2458,88
2459,20096
2460,150/7
2461,6
2462,3
2463,28
2464,5338
2465,45
2466,25.12
2467,6
2468,65/12
2469,320
2470,16
2471,107
2472,253
2473,120
2474,120
2475,80
2476,25
2477,35
2478,25
2479,60
2480,74
2481,2400
2482,24
2483,8
2484,28.26
2485,600
2486,-22/9
2487,196
2488,1650
2489,8
2490,8
2491,20
2492,12
2493,0
2494,100
2495,98/5
2496,50
2497,8000
2498,1/2
2499,-40
2500,125/39
2501,393
2502,2000
2503,15
2504,65%
2505,-10
2506,40/9
2507,448
2508,384
2509,240
2510,6
2511,39.25
2512,7630
2513,188.4
2514,2.7675
2515,20
2516,1
2517,6.0288
2518,141.3
2519,3
2520,391/2
2521,5840
2522,10.99
2523,4
2524,9
2525,49/10
2526,6
2527,200
2528,560/51
2529,66
2530,18
2531,48
2532,25
2533,72
2534,15
2535,4.71
2536,640
2537,216
2538,1.76786
2539,108
2540,1/2
2541,8
2542,10
2543,2
2544,300
2545,60
2546,1056
2547,200
2548,3
2549,21
2550,7
2551,5
2552,130/9
2553,0%
2554,30.4
2555,3.5
2556,57
2557,31.4
2558,15/2
2559,1024/3
2560,36%
2561,200
2562,9.2
2563,30
2564,30
2565,2610
2566,61
2567,6.28
2568,18
2569,720
2570,140
2571,2842
2572,46
2573,3
2574,5
2575,60
2576,16
2577,85
2578,15.7
2579,166
2580,51.52
2581,72
2582,12
2583,120
2584,78.5
2585,100
2586,96
2587,7
2588,42
2589,2
2590,12.24
2591,26
2592,2955
2593,51
2594,240
2595,480/11
2596,200
2597,159/20
2598,43.2
2599,80
2600,125
2601,3360
2602,1820
2603,-2.4
2604,16
2605,-4
2606,12
2607,4000
2608,6.4
2609,60
2610,540
2611,50.24
2612,1364
2613,5625
2614,-290
2615,728
2616,32
2617,1800
2618,600
2619,0
2620,96%
2621,1/5
2622,11/7
2623,64
2624,56
2625,50.24
2626,301.44
2627,450/29
2628,66%
2629,160
2630,390/61
2631,600
2632,3000
2633,74
2634,471/125000
2635,300
2636,44
2637,2449.2
2638,34
2639,36
2640,3
2641,9
2642,54
2643,200
2644,18
2645,160
2646,10
2647,120
2648,400/3
2649,6
2650,12.56
2651,20
2652,12.56
2653,300
2654,1800/7
2655,2.4
2656,375/8
2657,12/5
2658,96
2659,51.6
2660,37.68
2661,20
2662,3000/7
2663,1
2664,93
2665,1728
2666,1080
2667,102%
2668,828/7
2669,736/7
2670,8/19
2671,600
2672,3500
2673,48
2674,39/5
2675,35
2676,
2677,5
2678,784
2679,748.8
2680,395
2681,80
2682,542.85714
2683,20
2684,10
2685,2800
2686,5%
2687,5
2688,408
2689,-79
2690,396
2691,5440
2692,1440
2693,7/32
2694,-4.375
2695,64
2696,314
2697,530
2698,0
2699,24
2700,11
2701,3/7
2702,1200
2703,100
2704,84
2705,200
2706,1
2707,6
2708,6
2709,3.7
2710,113
2711,13
2712,-4.2
2713,720
2714,2
2715,370
2716,113.04
2717,200
2718,18
2719,5/2
2720,10850
2721,1512
2722,19200
2723,2223
2724,20400
2725,18/5
2726,15
2727,13
2728,2220
2729,10
2730,696/5
2731,21
2732,2
2733,200
2734,6
2735,598
2736,9000
2737,1
2738,7.0251
2739,22
2740,1080
2741,75/7
2742,9250
2743,170
2744,80/3
2745,15
2746,894/65
2747,24
2748,300
2749,320
2750,26
2751,16
2752,1000
2753,5
2754,15
2755,160
2756,1.26
2757,200
2758,216
2759,140
2760,2
2761,315
2762,40
2763,432
2764,116
2765,17.2
2766,3
2767,1.33333
2768,419
2769,10
2770,0
2771,440
2772,6
2773,30
2774,-70/11
2775,24
2776,5
2777,14
2778,100
2779,250
2780,11
2781,83
2782,55
2783,8
2784,375
2785,8
2786,980
2787,480
2788,8
2789,13
2790,7
2791,40/9
2792,36
2793,20/3
2794,4
2795,100
2796,63
2797,5/2
2798,5.91447
2799,0
2800,7/2
2801,432
2802,56
2803,100
2804,3087
2805,246
2806,13
2807,15
2808,240
2809,2666
2810,150.72
2811,1344
2812,7040/17
2813,8
2814,1507.2
2815,0.25
2816,12
2817,180000
2818,784
2819,-120
2820,12.56
2821,130
2822,280
2823,98/5
2824,125/11
2825,70
2826,3520
2827,3
2828,250
2829,144
2830,51/5
2831,81
2832,10
2833,40
2834,588
2835,40
2836,19
2837,120
2838,2400
2839,83.3%
2840,80
2841,14/11
2842,30
2843,19/2
2844,85/3
2845,376.8
2846,240
2847,36
2848,141.3
2849,846
2850,9
2851,50.24
2852,6
2853,2/5
2854,27/2
2855,9.1%
2856,10
2857,28
2858,3
2859,10
2860,5500
2861,308
2862,81/13
2863,44.1
2864,224
2865,16
2866,10
2867,100
2868,9.42
2869,1000
2870,280
2871,0.9
2872,1188
2873,4
2874,100.48
2875,750
2876,4
2877,5.9%
2878,910
2879,32
2880,6
2881,72
2882,96%
2883,30
2884,80
2885,660
2886,75
2887,125.6
2888,690
2889,5024
2890,1610
2891,405
2892,4.18667
2893,64
2894,390
2895,28%
2896,25/4
2897,52
2898,12310
2899,1375
2900,27
2901,527
2902,53
2903,10800
2904,19
2905,4752
2906,172
2907,0.6
2908,50.24
2909,320
2910,45/2
2911,72
2912,505
2913,2070
2914,0.5
2915,320
2916,0
2917,150.72
2918,55
2919,379
2920,200
2921,24
2922,32
2923,6600
2924,5/4
2925,0.04
2926,11685
2927,6
2928,750
2929,8
2930,132
2931,20
2932,32029
2933,103/16
2934,-4
2935,5.024
2936,10000/1997
2937,78.5
2938,15
2939,0.01892
2940,2250
2941,326
2942,5024
2943,96
2944,12
2945,60288
2946,9985
2947,200
2948,415/88
2949,22
2950,6
2951,0.66
2952,36
2953,555/7
2954,2750/3
2955,16875
2956,5
2957,4
2958,36
2959,10
2960,144
2961,565
2962,41
2963,100
2964,50.24
2965,-64/9
2966,2
2967,81
2968,465
2969,14
2970,12
2971,10.6
2972,45/13
2973,35
2974,1.2
2975,12
2976,51.2
2977,200
2978,180
2979,25
2980,60/7
2981,94.6%
2982,165/7
2983,200
2984,40000
2985,632
2986,1.536
2987,11
2988,209
2989,295
2990,40.6
2991,11.6
2992,7.85
2993,2.96923
2994,2800
2995,48/5
2996,100
2997,138
2998,18
2999,30/13
3000,32/3
3001,137
3002,110
3003,188.4
3004,46.5
3005,15/2
3006,540
3007,37
3008,1890
3009,203.472
3010,50.24
3011,9.9
3012,5.024
3013,1271
3014,62.8
3015,1000/3
3016,18
3017,600
3018,100
3019,135
3020,40
3021,25
3022,40
3023,800
3024,15
3025,2400/31
3026,33/2
3027,800
3028,4000
3029,900
3030,60
3031,742
3032,54/5
3033,18/5
3034,8
3035,1
3036,140
3037,5
3038,13%
3039,10000
3040,125.6
3041,-3
3042,12
3043,18/5
3044,800/3
3045,15
3046,187
3047,1680
3048,8
3049,18
3050,3.4
3051,78
3052,15
3053,84
3054,13
3055,-75/2
3056,25
3057,2
3058,292
3059,2688/5
3060,650
3061,1248
3062,25.12
3063,615.44
3064,-5
3065,345
3066,900
3067,60
3068,140
3069,100
3070,120
3071,826
3072,-50%
3073,54
3074,4.3
3075,2000
3076,25
3077,100480
3078,360
3079,113
3080,48
3081,112
3082,2512
3083,0.5
3084,12
3085,0
3086,1050
3087,80
3088,20/3
3089,8
3090,98%
3091,15
3092,756/5
3093,9
3094,110
3095,26.88
3096,12.48
3097,1.2
3098,314
3099,3
3100,2.36
3101,157/1250
3102,26
3103,24
3104,648
3105,120
3106,45
3107,1650
3108,43
3109,5/3
3110,4
3111,180
3112,192
3113,160
3114,470
3115,-5.73333
3116,1050
3117,201
3118,24
3119,45
3120,78.5
3121,864
3122,450
3123,5/9
3124,20
3125,160
3126,750
3127,875
3128,31
3129,400
3130,3250
3131,51
3132,10
3133,10.2
3134,2000/3
3135,12
3136,79.82
3137,32
3138,640
3139,8
3140,97.5%
3141,12000
3142,-30
3143,72
3144,2
3145,508
3146,8
3147,1500
3148,1.1
3149,240
3150,11
3151,12
3152,15
3153,150
3154,15
3155,12
3156,2.4
3157,12
3158,121
3159,24
3160,2/25
3161,42
3162,0.96
3163,20%
3164,1.728
3165,64
3166,45
3167,39
3168,2
3169,7
3170,20
3171,160
3172,32
3173,15
3174,76
3175,140
3176,1791
3177,41
3178,624
3179,48
3180,2700
3181,36.3
3182,18.4
3183,0.7
3184,720
3185,180
3186,5.5
3187,171
3188,807
3189,5
3190,72
3191,1275
3192,184
3193,60
3194,720
3195,30
3196,52
3197,6400
3198,1800
3199,465
3200,14
3201,96
3202,900
3203,4800
3204,310
3205,1
3206,210
3207,94
3208,279
3209,85
3210,120
3211,42
3212,72
3213,648
3214,9
3215,75
3216,600
3217,800
3218,24
3219,130
3220,11
3221,4
3222,15
3223,420
3224,360
3225,175
3226,160
3227,1/4
3228,30
3229,8
3230,2520
3231,384
3232,360
3233,123
3234,41
3235,2880
3236,936
3237,3250/3
3238,175
3239,85
3240,252
3241,932/25
3242,1158
3243,1160
3244,1600
3245,50
3246,1820
3247,372
3248,1880
3249,1800
3250,280
3251,78
3252,300
3253,1200
3254,30
3255,6
3256,25
3257,3
3258,8
3259,360
3260,1692
3261,8
3262,15000
3263,24
3264,285
3265,7
3266,
3267,2940
3268,35
3269,186
3270,225
3271,24
3272,27
3273,8
3274,75
3275,336
3276,180
3277,35
3278,305
3279,625
3280,784
3281,5124
3282,6
3283,130
3284,1208
3285,1/5
3286,11
3287,9
3288,7632
3289,5400
3290,250
3291,-218
3292,120
3293,9
3294,45
3295,29
3296,86
3297,200
3298,1000
3299,105
3300,4433/20
3301,27
3302,228
3303,109
3304,99
3305,11
3306,447
3307,477
3308,103
3309,39
3310,112
3311,660
3312,84
3313,9
3314,31
3315,7
3316,63
3317,315
3318,362
3319,8
3320,220
3321,54
3322,605
3323,21
3324,7680
3325,60
3326,200
3327,8250
3328,1425
3329,32
3330,80
3331,90
3332,250
3333,2160
3334,420
3335,90
3336,203
3337,31
3338,448
3339,576
3340,200
3341,720
3342,95
3343,4
3344,569
3345,5
3346,100
3347,15
3348,1200
3349,180
3350,32
3351,13
3352,13
3353,48
3354,39
3355,2600
3356,784
3357,130
3358,60
3359,86
3360,550
3361,328
3362,204
3363,126
3364,1950
3365,40
3366,37
3367,300
3368,119
3369,10
3370,13500
3371,245/2
3372,1052
3373,1320
3374,658
3375,2
3376,34
3377,910
3378,300
3379,256
3380,27
3381,1043
3382,105
3383,117
3384,1662
3385,84
3386,239
3387,15
3388,24
3389,25
3390,98
3391,27
3392,960
3393,60
3394,86
3395,130
3396,24
3397,25
3398,220
3399,100
3400,845
3401,90
3402,1/6
3403,52
3404,-30
3405,89
3406,326
3407,200
3408,22
3409,32
3410,63
3411,6
3412,96
3413,4185
3414,8322
3415,417
3416,2
3417,100/21
3418,16
3419,990
3420,56
3421,111
3422,552
3423,5014
3424,1840
3425,27
3426,6240
3427,864
3428,1
3429,25
3430,33
3431,38
3432,447/160
3433,8/3
3434,131
3435,4.2025
3436,24
3437,11/2
3438,5
3439,87
3440,0.72
3441,60
3442,10030
3443,20/9
3444,2015
3445,279
3446,700
3447,36
3448,15/2
3449,96
3450,1400
3451,172
3452,5200
3453,38/5
3454,324
3455,98
3456,20
3457,19/7
3458,12
3459,8
3460,33
3461,3
3462,15
3463,42/125
3464,58
3465,3
3466,690
3467,180
3468,57.9
3469,430
3470,21.6
3471,15
3472,16.5
3473,1000
3474,13
3475,900
3476,23
3477,25
3478,
3479,600
3480,720
3481,4.88136
3482,100/3
3483,152.5
3484,800
3485,16
3486,80
3487,27/2
3488,288
3489,150
3490,5
3491,192
3492,-32/3
3493,882
3494,1000
3495,30
3496,17/24
3497,648/125
3498,1.2
3499,6
3500,6
3501,16
3502,100
3503,800
3504,48000
3505,3120
3506,30
3507,10
3508,275
3509,64/5
3510,300
3511,420
3512,3
3513,3750
3514,-134.75
3515,5760
3516,352
3517,72
3518,100
3519,3500
3520,192
3521,8
3522,24
3523,6
3524,36
3525,1500
3526,450
3527,114
3528,9/2
3529,58
3530,40
3531,105/2
3532,23
3533,320
3534,1/5
3535,5000
3536,9
3537,6
3538,192
3539,252
3540,50
3541,2400
3542,12180
3543,2600
3544,6
3545,36
3546,5/6
3547,1494
3548,735
3549,2000
3550,280
3551,75
3552,15
3553,5050
3554,205
3555,720
3556,316
3557,13/27
3558,250000
3559,419
3560,428
3561,1400
3562,840
3563,9
3564,380
3565,30
3566,32
3567,123
3568,1488
3569,2
3570,12
3571,6
3572,17
3573,35
3574,42
3575,8800
3576,176
3577,39
3578,16
3579,50/3
3580,3960
3581,80
3582,75/4
3583,110
3584,675/2
3585,50
3586,80/9
3587,1380
3588,6480
3589,2336/3
3590,4500
3591,-8
3592,9.375
3593,22
3594,80/3
3595,2320
3596,175
3597,2.5
3598,23
3599,17
3600,114
3601,89600
3602,74
3603,817
3604,1500
3605,640
3606,40
3607,60
3608,21
3609,30/13
3610,24/5
3611,25
3612,634.2
3613,80
3614,945
3615,8
3616,480
3617,112
3618,64/25
3619,160
3620,432
3621,30
3622,450
3623,121
3624,1
3625,3760
3626,102
3627,96
3628,1080
3629,-630
3630,1200
3631,920
3632,660
3633,13000
3634,3575
3635,125
3636,140
3637,519
3638,108
3639,300
3640,166
3641,6
3642,108
3643,3330
3644,21.45
3645,24
3646,18
3647,2450
3648,7
3649,690
3650,20
3651,3
3652,48
3653,250
3654,324
3655,54
3656,161
3657,1035
3658,70
3659,982
3660,24
3661,3600
3662,8
3663,-3
3664,-6.42857
3665,566
3666,98
3667,122
3668,90/97
3669,588
3670,2916
3671,1440
3672,13
3673,100
3674,78.5
3675,640
3676,8760
3677,359/42
3678,0.90667
3679,5880
3680,10080
3681,1380
3682,9/2
3683,60
3684,10
3685,153
3686,1536
3687,400
3688,1000
3689,384
3690,75
3691,4.78723
3692,91
3693,39
3694,1118
3695,504
3696,94
3697,2
3698,7500
3699,154.58824
3700,1632
3701,390
3702,880
3703,4
3704,1350
3705,22
3706,4500
3707,168
3708,17
3709,36
3710,6
3711,104
3712,18090
3713,192
3714,1800
3715,570
3716,10000
3717,509
3718,-12
3719,684
3720,65/64
3721,318
3722,655
3723,72
3724,158625
3725,7
3726,24
3727,200
3728,39
3729,66
3730,1250
3731,84
3732,2
3733,272
3734,534
3735,800
3736,107
3737,3800
3738,640
3739,14000
3740,429
3741,600
3742,728
3743,4710
3744,140
3745,450
3746,212
3747,28
3748,300
3749,-170
3750,7608
3751,30
3752,200
3753,288
3754,1176
3755,360
3756,5/3
3757,52
3758,3360
3759,5000
3760,252
3761,96
3762,134
3763,3
3764,0.42
3765,11
3766,4
3767,2210
3768,300
3769,8
3770,49
3771,2160
3772,108
3773,13
3774,600
3775,0
3776,20000
3777,1
3778,76475
3779,12
3780,552
3781,6
3782,0
3783,175
3784,128
3785,80
3786,23800
3787,68
3788,828
3789,569
3790,650
3791,3430
3792,126
3793,65
3794,190
3795,93.6
3796,24
3797,36
3798,102
3799,1586
3800,1100
3801,1.04959
3802,8130
3803,3
3804,9
3805,84
3806,1679
3807,4400
3808,54
3809,13
3810,2
3811,144
3812,60
3813,30
3814,900
3815,24
3816,667
3817,50/3
3818,45
3819,36
3820,10850
3821,40
3822,36
3823,50/3
3824,120
3825,3
3826,36
3827,200
3828,2160
3829,1770
3830,231
3831,43.2
3832,112000
3833,14
3834,-60
3835,60
3836,768
3837,9
3838,45
3839,2970
3840,81/100
3841,1232
3842,192
3843,1273
3844,6
3845,13/2
3846,7
3847,576
3848,9/2
3849,5850
3850,90
3851,256
3852,15
3853,54
3854,2520
3855,175
3856,576
3857,216
3858,455
3859,2750
3860,960
3861,96
3862,140
3863,1152
3864,468
3865,3900
3866,1680
3867,375
3868,368
3869,5000
3870,3/2
3871,80
3872,28
3873,1120
3874,27
3875,5760
3876,54
3877,120
3878,716
3879,3000
3880,10.24
3881,10
3882,204
3883,8
3884,30
3885,14583
3886,216
3887,80
3888,160
3889,9600
3890,144
3891,89
3892,1.46
3893,108
3894,14
3895,24
3896,270
3897,9
3898,12
3899,10
3900,77
3901,270
3902,40
3903,2800
3904,2
3905,61
3906,1728
3907,168
3908,14.5
3909,3.6
3910,410
3911,-14
3912,91
3913,140
3914,18414
3915,5584
3916,450
3917,20
3918,3360
3919,312
3920,10
3921,610
3922,2100
3923,30
3924,775
3925,10
3926,144
3927,240
3928,225
3929,2
3930,212
3931,4.08
3932,5000
3933,451/7
3934,95
3935,25
3936,1680
3937,81/7
3938,651
3939,9720
3940,396
3941,
3942,3
3943,384
3944,6
3945,6
3946,204
3947,19/6
3948,60
3949,645/53
3950,1035
3951,420
3952,28
3953,324
3954,462
3955,1600
3956,682
3957,2
3958,6
3959,8
3960,8
3961,81
3962,64
3963,375
3964,437
3965,-39
3966,192/5
3967,0
3968,384
3969,24/7
3970,10000
3971,80
3972,655
3973,422
3974,60
3975,40
3976,170
3977,0.36923
3978,116
3979,96
3980,14
3981,1250/7
3982,4
3983,120/91
3984,210/31
3985,1750
3986,51
3987,188.23529
3988,2880
3989,1
3990,1260
3991,10
3992,2550/7
3993,69
3994,7200
3995,212
3996,18
3997,46
3998,600
3999,585
4000,51
4001,19
4002,1485
4003,2304
4004,2688
4005,240
4006,76
4007,31
4008,4120/19
4009,320
4010,740
4011,2
4012,192
4013,149/8
4014,135
4015,8/5
4016,20
4017,400
4018,25.2
4019,18.4
4020,9
4021,1.28
4022,9
4023,230
4024,9
4025,-600
4026,3046
4027,-168/5
4028,400
4029,16.66667
4030,40
4031,18
4032,300/247
4033,960
4034,17
4035,2592
4036,264
4037,624
4038,1815
4039,64.3
4040,35.2
4041,500
4042,50
4043,800
4044,12
4045,160
4046,2400
4047,12000
4048,88
4049,96
4050,288
4051,96
4052,100
4053,18
4054,0.3
4055,126
4056,12
4057,250
4058,234
4059,288
4060,240
4061,1725.5
4062,48/5
4063,645
4064,3
4065,82/5
4066,206
4067,3136
4068,18
4069,1008
4070,18.8
4071,1875
4072,79
4073,110
4074,1400
4075,182
4076,30
4077,6
4078,13.25
4079,50
4080,8
4081,176
4082,965
4083,1712
4084,6
4085,600
4086,368/3
4087,1442
4088,1200
4089,90
4090,48
4091,930
4092,-22
4093,20
4094,9600
4095,3284
4096,1
4097,3
4098,217.8
4099,2040
4100,120
4101,45/2
4102,1000
4103,-3800
4104,1800
4105,1600
4106,176
4107,576
4108,61
4109,29.7
4110,8
4111,6/5
4112,10
4113,37
4114,4060
4115,90
4116,8
4117,16
4118,12
4119,690
4120,24
4121,44
4122,52
4123,9
4124,12
4125,120
4126,30
4127,1130
4128,98
4129,75
4130,6
4131,722
4132,1095
4133,50
4134,76/27
4135,7.4
4136,456
4137,5/6
4138,-12/5
4139,14400
4140,50
4141,160/3
4142,400
4143,282
4144,1112
4145,112
4146,7
4147,17
4148,12
4149,1163
4150,86/3
4151,30
4152,8
4153,504
4154,837
4155,26/5
4156,2100
4157,424
4158,15.36
4159,-7550
4160,3920
4161,20
4162,40
4163,16692/5
4164,870
4165,-1199
4166,115
4167,9
4168,204
4169,25
4170,144
4171,4704
4172,1.92
4173,3600
4174,432
4175,225
4176,28
4177,3328.8823
4178,12.56
4179,7
4180,20040000
4181,2000/167
4182,-8
4183,169
4184,1536
4185,10.6
4186,100
4187,324
4188,60
4189,4
4190,64/3
4191,12.56
4192,100000/7
4193,9
4194,80%
4195,6.28
4196,100
4197,240
4198,502.4
4199,174
4200,432
4201,144/71
4202,230%
4203,27
4204,200000
4205,18750
4206,16
4207,610
4208,136
4209,780
4210,83
4211,12
4212,108
4213,15/2
4214,260
4215,30
4216,4
4217,-59
4218,150
4219,1050
4220,0
4221,100
4222,63/4
4223,256
4224,144
4225,326.56
4226,-76
4227,180
4228,112
4229,75.36
4230,4
4231,0
4232,9.42
4233,87.5%
4234,20.56
4235,70
4236,26
4237,3480
4238,12
4239,2
4240,300
4241,30
4242,30
4243,2890/3
4244,60
4245,1280
4246,700
4247,9
4248,220
4249,30
4250,12
4251,-2
4252,900
4253,5
4254,720
4255,1.96
4256,67.2
4257,2
4258,1410
4259,10/9
4260,24/7
4261,1644
4262,34
4263,738
4264,168
4265,8
4266,1.3
4267,56
4268,5
4269,12.85
4270,4
4271,46
4272,-35
4273,43
4274,72
4275,540
4276,0
4277,140
4278,14
4279,5472
4280,306
4281,122.46
4282,-24/5
4283,50
4284,27
4285,900
4286,43.2
4287,2700
4288,138
4289,11520
4290,800
4291,9
4292,11
4293,6291
4294,17/5
4295,144
4296,64
4297,-413
4298,40/3
4299,40
4300,7
4301,120
4302,1440
4303,5
4304,240
4305,2
4306,396
4307,192
4308,9/20
4309,200
4310,-359/5
4311,1250/3
4312,30
4313,108
4314,20%
4315,900%
4316,2646
4317,45
4318,48
4319,6
4320,187
4321,4
4322,1
4323,-80/17
4324,9
4325,2.09333
4326,51.46
4327,1.04667
4328,140
4329,6.86
4330,4
4331,1752
4332,6
4333,288
4334,342
4335,8000/17
4336,800/7
4337,136
4338,32
4339,64
4340,8%
4341,150
4342,180
4343,36000/43
4344,-15
4345,13.78333
4346,40%
4347,17.3
4348,-20%
4349,160/23
4350,710
4351,6000
4352,6
4353,16
4354,5/2
4355,29/6
4356,-175/2
4357,100
4358,1.82
4359,12
4360,100
4361,16/5
4362,2
4363,20
4364,1440
4365,8/3
4366,313000/107
4367,83/45
4368,96
4369,120
4370,90
4371,65075
4372,24
4373,90
4374,13/2
4375,3/5
4376,95/2
4377,1
4378,50
4379,81
4380,18.84
4381,100
4382,19
4383,45
4384,164
4385,240
4386,350/3
4387,-8.4
4388,2100
4389,3/20
4390,-2000
4391,70
4392,19.83333
4393,3
4394,18
4395,6400
4396,6400
4397,120000
4398,20/3
4399,7
4400,15
4401,480/49
4402,192
4403,25
4404,72
4405,80
4406,-79
4407,16.8
4408,21
4409,-6
4410,52
4411,2
4412,38
4413,1704
4414,1236
4415,40
4416,180
4417,80
4418,1000
4419,270
4420,8.52
4421,75
4422,38/3
4423,50
4424,8820.26
4425,75000
4426,4200
4427,4200
4428,301.44
4429,62.8
4430,9.42
4431,100
4432,12/11
4433,160
4434,1
4435,950/3
4436,78.5
4437,28
4438,6.28
4439,6
4440,10
4441,1400
4442,2500%
4443,2.826
4444,3400/3
4445,45/2
4446,5670/29
4447,90
4448,502.4
4449,942
4450,28.26
4451,3
4452,50.24
4453,8
4454,8100
4455,12
4456,945
4457,109/4
4458,5
4459,-105
4460,180
4461,254.34
4462,22500
4463,254.34
4464,153.86
4465,28.26
4466,12
4467,3.14
4468,160
4469,840
4470,18
4471,450
4472,56.52
4473,0.15
4474,12625
4475,100.48
4476,4
4477,85/4
4478,12
4479,120
4480,24
4481,630
4482,18.84
4483,657
4484,240
4485,53
4486,4608
4487,314
4488,5
4489,50.24
4490,78.5
4491,0.9
4492,62.8
4493,14.5
4494,
4495,9/2
4496,50.24
4497,3
4498,3.14
4499,600
4500,153/2
4501,170
4502,3
4503,150
4504,18.84
4505,30%
4506,113.04
4507,25.12
4508,3.14
4509,3982/9
4510,25
4511,400
4512,24
4513,70
4514,-109
4515,20
4516,62.8
4517,108
4518,65.94
4519,34
4520,2/9
4521,1.8
4522,5100
4523,0.785
4524,12.56
4525,979.68
4526,1175.616
4527,800
4528,64
4529,1000
4530,96
4531,-150
4532,2000
4533,167/8
4534,-100
4535,2100
4536,135
4537,135/2
4538,113.0
4539,2.198
4540,2300
4541,0
4542,5024
4543,28.26
4544,19
4545,70.65
4546,480
4547,
4548,16
4549,602
4550,50.24
4551,55.6%
4552,28.26
4553,600
4554,3.2
4555,840
4556,160.14
4557,70.65
4558,74
4559,30
4560,4
4561,21.98
4562,1.95
4563,25
4564,15
4565,1600
4566,1
4567,12.85
4568,314
4569,97.5%
4570,56.8
4571,43/3
4572,1
4573,5.23333
4574,1.256
4575,4
4576,81
4577,251.2
4578,100.48
4579,15.072
4580,20/3
4581,18.84
4582,60
4583,60.288
4584,20/3
4585,50.24
4586,47.1
4587,1/5
4588,2050
4589,1400
4590,5
4591,4
4592,53
4593,1884
4594,242/5
4595,6
4596,20/3
4597,20/3
4598,3
4599,110/9
4600,324
4601,125.6
4602,18
4603,25/44
4604,2.512
4605,12.56
4606,
4607,134.62217
4608,34/69
4609,3974
4610,300
4611,31.4
4612,78.5
4613,50.24
4614,19.5
4615,15.7
4616,0.2
4617,942
4618,240
4619,50.24
4620,50.24
4621,182405%
4622,18
4623,1500
4624,1130.4
4625,240
4626,1
4627,12.56
4628,144
4629,30
4630,14.8
4631,2
4632,1564/25
4633,80
4634,-20
4635,19
4636,52
4637,44
4638,-4
4639,21
4640,9
4641,1.57
4642,24
4643,56.52
4644,90
4645,1414
4646,12.5
4647,64
4648,2
4649,393
4650,2.512
4651,32
4652,800
4653,7
4654,1000
4655,62.8
4656,20790
4657,452.16
4658,29
4659,33.6
4660,23.02667
4661,1530
4662,11
4663,6.14917
4664,1
4665,126
4666,54
4667,113.04
4668,868
4669,7850
4670,32
4671,251.2
4672,116
4673,180/7
4674,56
4675,3
4676,314
4677,16%
4678,92.15
4679,703.36
4680,60
4681,33/56
4682,75%
4683,31.4
4684,942
4685,21.83803
4686,1
4687,200
4688,720
4689,13/25
4690,2.88
4691,5/2
4692,49.5
4693,87.92
4694,31.4
4695,87.92
4696,80/11
4697,0.24
4698,55
4699,100
4700,1177.5
4701,32
4702,0.05
4703,100/9
4704,27/20
4705,3/5
4706,750
4707,63
4708,469
4709,0
4710,0.2%
4711,168
4712,10
4713,112
4714,113.04
4715,1
4716,16.82777
4717,28.26
4718,720
4719,5.04762
4720,0
4721,562
4722,894
4723,21000
4724,113.04
4725,1
4726,27
4727,20
4728,314
4729,60
4730,1.03503
4731,2
4732,650
4733,36
4734,11200
4735,3.14
4736,13/4
4737,375
4738,3/20
4739,1600
4740,1
4741,7.065
4742,263.76
4743,15.072
4744,1298
4745,0.0785
4746,15/2
4747,42
4748,25.12
4749,5.024
4750,1575
4751,40
4752,3.14
4753,360
4754,194400/13
4755,1750
4756,62.8
4757,94
4758,0.81
4759,20000/3
4760,50.24
4761,5/8
4762,3.8
4763,25
4764,105.53
4765,45/23
4766,1884
4767,125.6
4768,10
4769,25.12
4770,153.86
4771,21.98
4772,12.597
4773,126
4774,-14.64
4775,80/3
4776,314
4777,235.5
4778,12.5%
4779,36
4780,30
4781,278.6323
4782,31.4
4783,1728/5
4784,564
4785,7850
4786,600
4787,25
4788,66
4789,9.8596
4790,30
4791,4770
4792,3095.9144
4793,1256
4794,72
4795,200.96
4796,706.5
4797,6.28
4798,9
4799,56.52
4800,170.38217
4801,0.1256
4802,4.48551
4803,7.96178
4804,535
4805,552.64
4806,63
4807,942
4808,70.65
4809,2009.6
4810,37.68
4811,1884
4812,126
4813,1000
4814,-920
4815,384
4816,97.4%
4817,31/40
4818,2000
4819,890
4820,336
4821,113.04
4822,2.9304
4823,0.04684
4824,54.68571
4825,171
4826,6
4827,60
4828,113.04
4829,144
4830,125/2
4831,2826
4832,352
4833,5
4834,785/4
4835,6
4836,4.4
4837,20.396
4838,314
4839,6.28
4840,31.4
4841,2
4842,21600
4843,-0.44286
4844,-570
4845,208
4846,16
4847,2
4848,696
4849,384
4850,-48
4851,1
4852,20/3
4853,353
4854,8/15
4855,11
4856,45
4857,1100
4858,148/3
4859,1/30
4860,9
4861,78.5
4862,31.4
4863,3/25
4864,20/9
4865,31.4
4866,3125/3
4867,60/53
4868,70/3
4869,85
4870,60
4871,40/9
4872,50
4873,502.4
4874,3014
4875,125.6
4876,628
4877,125.6
4878,4800
4879,240%
4880,28.26
4881,1/8
4882,60/7
4883,3
4884,15
4885,-21/5
4886,96
4887,2
4888,23
4889,28/3
4890,6
4891,560/11
4892,28
4893,2200
4894,9990
4895,6
4896,125/2
4897,35
4898,-36
4899,15/8
4900,6
4901,45/19
4902,122
4903,4
4904,12.56
4905,3.14
4906,20
4907,2
4908,2
4909,120
4910,2
4911,100.48
4912,12
4913,3
4914,600
4915,56
4916,567/5
4917,12
4918,36/7
4919,39.70588
4920,0
4921,15
4922,9.8
4923,5/72
4924,40/19
4925,108
4926,1000
4927,1530
4928,240
4929,7
4930,-124
4931,9000000000000
4932,300
4933,3.2
4934,31.5
4935,40/9
4936,38
4937,72/5
4938,7/3
4939,40
4940,640/3
4941,35
4942,4/5
4943,120
4944,67.5
4945,63/400
4946,8/3
4947,616.225
4948,7.4
4949,14.19178
4950,90
4951,120
4952,105
4953,44
4954,3200
4955,1
4956,52
4957,13
4958,4/9
4959,50.24
4960,37.68
4961,120
4962,10%
4963,
4964,1.6
4965,14
4966,83
4967,344
4968,-400
4969,62
4970,96
4971,45
4972,68
4973,43
4974,18
4975,63
4976,15
4977,18
4978,64
4979,-7
4980,56
4981,9
4982,84
4983,56
4984,24
4985,54
4986,16
4987,136
4988,27
4989,6
4990,35
4991,18
4992,4
4993,5
4994,12
4995,28
4996,18
4997,24
4998,94
4999,20
5000,36
5001,27
5002,32
5003,60
5004,-8
5005,195
5006,74
5007,23
5008,8
5009,-48
5010,37
5011,47
5012,8
5013,5
5014,7
5015,3
5016,4
5017,6
5018,26
5019,8
5020,8
5021,28
5022,47
5023,9
5024,9
5025,47
5026,81
5027,19
5028,28
5029,20
5030,-27
5031,46
5032,44
5033,27
5034,17
5035,10
5036,-2
5037,11
5038,380
5039,738
5040,0
5041,-5
5042,20
5043,31
5044,80
5045,19
5046,4/7
5047,4
5048,18
5049,18
5050,13
5051,3
5052,11
5053,25
5054,26
5055,91
5056,35
5057,90
5058,56
5059,26
5060,81
5061,4
5062,55
5063,55
5064,384
5065,18
5066,30
5067,89
5068,97
5069,80
5070,-2
5071,51
5072,88
5073,16
5074,24
5075,57
5076,26
5077,8
5078,42
5079,7
5080,27
5081,30
5082,4
5083,16
5084,-32
5085,56
5086,32
5087,24
5088,711
5089,33
5090,32
5091,16
5092,114
5093,23
5094,8
5095,12
5096,8
5097,16
5098,15
5099,18
5100,8
5101,36
5102,12
5103,15
5104,40
5105,162
5106,33
5107,7
5108,19
5109,145
5110,180
5111,21
5112,8
5113,27
5114,46
5115,2500
5116,4
5117,70
5118,125.6
5119,0
5120,4/3
5121,500
5122,1800
5123,6
5124,8860/3
5125,52
5126,8
5127,13
5128,700
5129,9/20
5130,-125/14
5131,
5132,266
5133,12
5134,60
5135,22700
5136,21
5137,12
5138,15
5139,94.2
5140,12.56
5141,6.28
5142,13/4
5143,1791
5144,3
5145,6
5146,40
5147,125
5148,47.7707
5149,24
5150,1232
5151,41
5152,-4500
5153,377
5154,14.58
5155,3380
5156,69.5
5157,900/31
5158,2150
5159,240
5160,40
5161,255
5162,2
5163,4525/4
5164,8000
5165,2
5166,8
5167,512/5
5168,36
5169,-81.64
5170,215
5171,12.56
5172,1.008
5173,2700
5174,30
5175,64
5176,120
5177,12
5178,15.7
5179,45
5180,70
5181,1
5182,5000
5183,120
5184,
5185,2
5186,1450
5187,1690
5188,70
5189,130000
5190,3
5191,260/3
5192,12
5193,16
5194,84
5195,72
5196,5
5197,22
5198,116
5199,1.04143
5200,959
5201,0.048
5202,27/4
5203,14
5204,18
5205,36.3
5206,26
5207,500
5208,15/4
5209,0.95916
5210,60
5211,25/13
5212,2379
5213,20000
5214,25
5215,7.5
5216,81/7
5217,18.84
5218,96
5219,31.4
5220,200
5221,6
5222,450
5223,80
5224,6400/3
5225,36
5226,50
5227,7
5228,42
5229,-5999
5230,253.084
5231,12
5232,273/10
5233,4.77273
5234,3360
5235,900
5236,987.2
5237,12.56
5238,42
5239,12
5240,6.086
5241,2500
5242,600
5243,314
5244,9600
5245,64
5246,45
5247,39
5248,2
5249,195
5250,
5251,20
5252,160
5253,32
5254,15
5255,76
5256,18.4
5257,36
5258,75
5259,45/2
5260,48
5261,41.21909
5262,252
5263,106/5
5264,0.1
5265,21
5266,5
5267,116.25
5268,3060
5269,21
5270,17
5271,58
5272,18
5273,35
5274,1800/7
5275,7280
5276,50
5277,0.61091
5278,2400%
5279,12160
5280,296
5281,0.32
5282,72
5283,1710
5284,
5285,131.88
5286,8.37333
5287,31.4
5288,12
5289,30
5290,60
5291,300/23
5292,-7712
5293,599
5294,0.01
5295,384
5296,9
5297,6
5298,3/2
5299,244
5300,315
5301,800
5302,12
5303,600/83
5304,20
5305,1320
5306,48
5307,56/3
5308,4000
5309,400
5310,231/2
5311,34.56
5312,9/5
5313,80
5314,129/5
5315,254.77707
5316,1071/4
5317,-1050
5318,160
5319,3840
5320,2900
5321,48
5322,48
5323,3.125
5324,21.98
5325,10/11
5326,50
5327,15
5328,240
5329,123359.17313
5330,1000
5331,14328/5
5332,625
5333,4640
5334,225/4
5335,6400
5336,96
5337,5040/23
5338,51
5339,48
5340,7191/10
5341,2000
5342,29
5343,384
5344,75.36
5345,565.2
5346,10
5347,108
5348,14
5349,250
5350,1920
5351,66/5
5352,304
5353,2600
5354,424/7
5355,100
5356,20
5357,480
5358,-800/3
5359,21/40
5360,314
5361,3/2
5362,7
5363,40
5364,10
5365,50
5366,320
5367,5
5368,1243.44
5369,0.18086
5370,516
5371,180/17
5372,10000
5373,-810
5374,5000
5375,96
5376,
5377,50/7
5378,2565
5379,200
5380,2.5
5381,45
5382,20
5383,1936
5384,126/5
5385,100/3
5386,7/2
5387,800
5388,56
5389,16/3
5390,26
5391,0.0048
5392,4.2
5393,82
5394,3/4
5395,8/5
5396,500
5397,8664
5398,140
5399,70/3
5400,2275
5401,12000/7
5402,6
5403,-299983/200
5404,15
5405,0.006
5406,304
5407,1000
5408,21
5409,189
5410,30
5411,80
5412,12
5413,89
5414,39.25
5415,180
5416,146/3
5417,126
5418,480
5419,4800
5420,1209
5421,10/3
5422,10
5423,90
5424,125
5425,15/4
5426,-15000
5427,3/4
5428,60
5429,900
5430,48
5431,30
5432,1500
5433,435/2
5434,1
5435,1440/7
5436,72/5
5437,3
5438,1800
5439,200
5440,32/9
5441,72
5442,24
5443,48
5444,16/15
5445,0.2
5446,38
5447,2.9
5448,2.7
5449,0.5
5450,0.5
5451,30
5452,180
5453,900
5454,160
5455,36
5456,2/25
5457,4200
5458,314
5459,125
5460,105/4
5461,1.57
5462,5
5463,1035
5464,3
5465,40
5466,10
5467,92
5468,1.7
5469,25.9
5470,600
5471,20000
5472,1800
5473,60000
5474,400
5475,87
5476,360
5477,24
5478,50
5479,18000
5480,12/25
5481,8
5482,550
5483,2.9703
5484,0.08333
5485,4
5486,92.03681
5487,201
5488,10
5489,6
5490,50
5491,-667
5492,44
5493,53
5494,-3513.9%
5495,42
5496,20
5497,-7
5498,1333
5499,3750
5500,7.09032
5501,52
5502,9
5503,1200
5504,1060
5505,-700/3
5506,-15/2
5507,1650
5508,305
5509,100
5510,-9
5511,84
5512,32
5513,7
5514,190
5515,5/4
5516,5000
5517,1200
5518,179/5
5519,769.5
5520,32
5521,288
5522,42
5523,2080
5524,45
5525,4
5526,420
5527,110
5528,19.3
5529,
5530,52
5531,2200
5532,5090
5533,48
5534,5
5535,10.2425
5536,5400
5537,18
5538,1300
5539,120
5540,100
5541,31.76471
5542,63
5543,428
5544,1/2
5545,1350
5546,35.2
5547,73
5548,15/8
5549,120
5550,1800
5551,384
5552,0.01846
5553,
5554,40
5555,1650
5556,96
5557,205
5558,12/5
5559,300/11
5560,2.4
5561,300
5562,13200
5563,760
5564,12
5565,32/15
5566,13.4
5567,45
5568,4/5
5569,86
5570,25/2
5571,1734/5
5572,260
5573,125250
5574,178.66667
5575,28
5576,5/3
5577,12.42
5578,7.75
5579,140
5580,40.8
5581,32
5582,144
5583,1120
5584,120
5585,12
5586,65
5587,420
5588,360
5589,26
5590,3
5591,2400
5592,195
5593,1080
5594,250
5595,72
5596,249
5597,1407/17
5598,64
5599,5400
5600,480
5601,3500/3
5602,144
5603,4.8
5604,64
5605,185/2
5606,20360
5607,5
5608,1200
5609,4000
5610,37.8
5611,7
5612,144/125
5613,2040
5614,-118
5615,60
5616,3.14
5617,32
5618,14/5
5619,107.1
5620,8.30769
5621,0
5622,94.2
5623,2
5624,24
5625,15
5626,25200
5627,280
5628,600
5629,240
5630,250
5631,1153
5632,44
5633,810
5634,952.38095
5635,94.2
5636,600
5637,18369/5
5638,30
5639,2
5640,2/5
5641,101.2
5642,2592
5643,240
5644,10
5645,150
5646,44/7
5647,28.26
5648,105
5649,120
5650,15/2
5651,28.26
5652,500
5653,375
5654,-120
5655,105
5656,500
5657,3
5658,560/41
5659,40
5660,240
5661,-11
5662,80
5663,125/16
5664,0.9375
5665,128
5666,30
5667,210
5668,120
5669,3
5670,500
5671,0.242
5672,3000
5673,60
5674,1000
5675,628
5676,14016.66667
5677,26
5678,62
5679,1500
5680,500
5681,5295
5682,1971.92
5683,0.628
5684,600
5685,56.52
5686,100
5687,696
5688,195.936
5689,1500
5690,25
5691,2000
5692,26
5693,53
5694,75
5695,-220
5696,525
5697,1600
5698,24
5699,48
5700,28.26
5701,20
5702,70
5703,25/2
5704,770
5705,80
5706,29.75
5707,-1119
5708,2.32222
5709,13900
5710,1107
5711,23
5712,64
5713,1600
5714,1.1
5715,109.9
5716,113
5717,8
5718,192
5719,10
5720,945
5721,37.68
5722,25/4
5723,20/3
5724,288
5725,105
5726,11.7
5727,600
5728,8
5729,8
5730,6
5731,56
5732,224
5733,86.8
5734,5702
5735,19/8
5736,803.84
5737,400
5738,3430
5739,18
5740,8
5741,19.2
5742,5
5743,75
5744,600
5745,-359
5746,800
5747,16
5748,2000
5749,3.14
5750,702
5751,83/175
5752,143.2
5753,285
5754,711
5755,90
5756,142
5757,93
5758,80
5759,90
5760,50/3
5761,3/4
5762,210
5763,98
5764,1
5765,2
5766,1680
5767,144/5
5768,320
5769,260
5770,50
5771,200
5772,375/17
5773,45
5774,75/2
5775,32000/7
5776,-50
5777,1200
5778,24
5779,10
5780,56
5781,-1.72414
5782,192
5783,6
5784,20
5785,250
5786,145
5787,44
5788,112750
5789,1000
5790,110
5791,24
5792,28800
5793,9020
5794,40
5795,162
5796,420
5797,6
5798,3636.36364
5799,5.832
5800,648
5801,216
5802,250
5803,17.28
5804,3
5805,3
5806,1600
5807,-713/10
5808,60
5809,391/5
5810,18
5811,-239/318
5812,28
5813,245
5814,728
5815,81/4
5816,81/5
5817,88
5818,2
5819,9
5820,162
5821,36
5822,4
5823,38
5824,21
5825,5.625
5826,1/1250
5827,7650/2501
5828,160/3
5829,23810
5830,2550
5831,8
5832,35000
5833,8
5834,570
5835,1710
5836,6280
5837,4
5838,23.55
5839,6.28
5840,20
5841,32
5842,100
5843,96/23
5844,1096
5845,279
5846,94
5847,4000
5848,55/2
5849,72
5850,4.28571
5851,62.4
5852,29
5853,8640
5854,1
5855,3250
5856,6000
5857,4000
5858,-2940
5859,24
5860,-1247
5861,0.8
5862,126.7
5863,251
5864,42
5865,1.16
5866,2700
5867,3
5868,1
5869,7.33
5870,15
5871,12
5872,1298/3
5873,5
5874,120
5875,101
5876,12
5877,72
5878,500
5879,450
5880,0
5881,501
5882,1.5
5883,125
5884,24/5
5885,100
5886,75/2
5887,13.5
5888,200/7
5889,53
5890,62
5891,45
5892,40
5893,58.55
5894,2000
5895,12
5896,750
5897,2.2
5898,5460
5899,50
5900,108
5901,6
5902,1375
5903,150
5904,420
5905,182
5906,594
5907,60
5908,21
5909,7
5910,95
5911,9
5912,16
5913,33
5914,25
5915,8
5916,75
5917,7
5918,50
5919,28
5920,46
5921,8
5922,8
5923,18
5924,41
5925,42
5926,36
5927,10
5928,694
5929,1021
5930,5
5931,910
5932,6
5933,72
5934,42
5935,26
5936,17
5937,8
5938,6
5939,35
5940,12
5941,20
5942,20
5943,15
5944,25
5945,10
5946,10
5947,36
5948,46
5949,56
5950,3
5951,2
5952,12
5953,11
5954,81
5955,42
5956,21
5957,13
5958,82
5959,44
5960,20
5961,50
5962,18
5963,36
5964,15
5965,36
5966,16
5967,53
5968,26
5969,3
5970,44
5971,53
5972,4
5973,-1
5974,5
5975,12
5976,28
5977,18
5978,8/3
5979,12
5980,3
5981,38
5982,9
5983,4
5984,22
5985,60
5986,9
5987,34
5988,17
5989,27
5990,10
5991,4
5992,4
5993,18
5994,18
5995,20
5996,6
5997,4
5998,8
5999,5
6000,7
6001,21
6002,4
6003,6
6004,26
6005,47
6006,9
6007,9
6008,47
6009,81
6010,19
6011,28
6012,20
6013,-27
6014,46
6015,44
6016,27
6017,0
6018,-5
6019,20
6020,31
6021,80
6022,19
6023,4/7
6024,4
6025,18
6026,18
6027,13
6028,3
6029,11
6030,25
6031,26
6032,91
6033,35
6034,90
6035,56
6036,26
6037,81
6038,55
6039,384
6040,97
6041,51
6042,88
6043,16
6044,24
6045,57
6046,26
6047,8
6048,26
6049,21
6050,20
6051,26
6052,31
6053,27
6054,15
6055,88
6056,47
6057,7
6058,16
6059,8
6060,81
6061,81
6062,-37
6063,79
6064,24
6065,18
6066,23
6067,33
6068,23
6069,30
6070,19
6071,9
6072,24
6073,80
6074,5
6075,20
6076,4
6077,20
6078,3
6079,25
6080,8
6081,6
6082,22
6083,53
6084,26
6085,37
6086,45
6087,19
6088,24
6089,31
6090,42
6091,11
6092,124
6093,40
6094,44
6095,30
6096,20
6097,35
6098,45
6099,25
6100,8
6101,8
6102,14
6103,-8
6104,26
6105,72
6106,34
6107,9
6108,6
6109,3
6110,48
6111,525
6112,19
6113,10
6114,7
6115,7
6116,27
6117,30
6118,6
6119,16
6120,-32
6121,56
6122,32
6123,711
6124,33
6125,32
6126,16
6127,114
6128,23
6129,8
6130,12
6131,8
6132,16
6133,15
6134,18
6135,8
6136,36
6137,12
6138,15
6139,40
6140,162
6141,145
6142,180
6143,16
6144,27
6145,21
6146,8
6147,27
6148,46
6149,7
6150,19/2
6151,80
6152,17/10
6153,26
6154,20
6155,45
6156,270
6157,139
6158,492
6159,798
6160,4
6161,40
6162,100
6163,5
6164,4/5
6165,400
6166,2
6167,1791
6168,528
6169,720
6170,171
6171,49
6172,72
6173,1620
6174,30
6175,33
6176,175/12
6177,2400
6178,3
6179,7
6180,38
6181,27
6182,352
6183,40
6184,-499
6185,1195
6186,61
6187,3650
6188,560
6189,543
6190,253
6191,85
6192,450
6193,90
6194,7545
6195,3920
6196,240
6197,5100
6198,1008
6199,36
6200,8
6201,48
6202,4
6203,48
6204,40
6205,40
6206,136/3
6207,9
6208,100
6209,23
6210,78
6211,244
6212,358
6213,148
6214,142
6215,270
6216,99
6217,200/3
6218,40
6219,-19
6220,477
6221,696
6222,306
6223,39
6224,14
6225,9
6226,52
6227,9
6228,9
6229,72
6230,315
6231,362
6232,8
6233,220
6234,14
6235,1650
6236,98
6237,96
6238,113
6239,16
6240,360
6241,33
6242,210
6243,5
6244,6
6245,535
6246,278
6247,88
6248,395
6249,150
6250,1
6251,15
6252,156
6253,200
6254,36
6255,150
6256,78
6257,382.16561
6258,6
6259,2250
6260,11
6261,12
6262,144
6263,968
6264,91
6265,12
6266,1/21
6267,20/3
6268,21
6269,540
6270,4000
6271,120
6272,1391/3
6273,77
6274,41.2
6275,-600
6276,80
6277,63
6278,250
6279,4
6280,5
6281,344
6282,186
6283,10
6284,29.4
6285,1.16
6286,2.12
6287,21
6288,210
6289,32
6290,8
6291,480
6292,-13.84
6293,47.5
6294,174
6295,-3
6296,1240
6297,75
6298,30.77273
6299,56.7
6300,22.4
6301,12
6302,850
6303,285
6304,64
6305,165
6306,14910
6307,315
6308,6
6309,74
6310,157
6311,64
6312,75/2
6313,32
6314,240
6315,60
6316,48
6317,60
6318,455000
6319,300
6320,15/2
6321,1200
6322,4200
6323,308
6324,3625
6325,102
6326,72/7
6327,-33060
6328,135
6329,2940
6330,6120
6331,7280
6332,710
6333,13650
6334,4800
6335,696
6336,125
6337,900
6338,9
6339,40
6340,160
6341,48
6342,160
6343,600
6344,2200
6345,4
6346,6
6347,30
6348,48
6349,2
6350,20
6351,3600
6352,13
6353,7
6354,40
6355,210/13
6356,12
6357,1200
6358,16
6359,15
6360,19
6361,130
6362,14945
6363,30
6364,24/5
6365,4/7
6366,3.84
6367,8
6368,24
6369,600
6370,30
6371,24
6372,22.5
6373,40
6374,103
6375,107
6376,-714
6377,1872
6378,27
6379,4/5
6380,14
6381,20
6382,12
6383,7000
6384,2
6385,100
6386,78
6387,6000
6388,35.5
6389,7.2
6390,340
6391,5.4
6392,4
6393,12
6394,100
6395,35
6396,6720
6397,1358.20769
6398,5.3
6399,1428
6400,316
6401,52
6402,155
6403,6
6404,200
6405,240
6406,675
6407,569
6408,660
6409,20000
6410,12000
6411,7/10
6412,1000
6413,0.35
6414,100
6415,126.78
6416,140.1
6417,63
6418,1950
6419,24
6420,540
6421,708
6422,1980
6423,45
6424,245/6
6425,108
6426,25
6427,1620
6428,7
6429,34
6430,27/2
6431,8
6432,22
6433,480
6434,145
6435,80
6436,288
6437,4050
6438,18
6439,17
6440,1200
6441,425/3
6442,8
6443,500
6444,40
6445,86.1
6446,9.42
6447,67.42857
6448,6
6449,20
6450,349.44
6451,32
6452,588
6453,25/2
6454,2190
6455,-139.2
6456,22.5
6457,165
6458,1200
6459,576
6460,1.06667
6461,30
6462,40
6463,110
6464,1920
6465,33
6466,58
6467,30
6468,-14
6469,441/4
6470,20
6471,40
6472,38
6473,8
6474,7
6475,4
6476,43
6477,9
6478,4
6479,4
6480,81/4
6481,40/49
6482,48
6483,11361/2
6484,12
6485,1080
6486,8
6487,49
6488,576
6489,40
6490,4
6491,280
6492,300
6493,420
6494,25/3
6495,125.6
6496,84
6497,39.4384
6498,24.2
6499,24.2
6500,76
6501,-2
6502,20/3
6503,20/3
6504,16
6505,600
6506,139
6507,180
6508,95
6509,16
6510,35
6511,140
6512,64
6513,205
6514,367.5
6515,5
6516,60
6517,60/17
6518,8.95
6519,3722
6520,26
6521,1568
6522,5
6523,1.73
6524,188
6525,32
6526,720/11
6527,11.25
6528,62
6529,91
6530,1050
6531,882
6532,32
6533,6
6534,9000
6535,270
6536,189
6537,54
6538,170
6539,15
6540,65/2
6541,25
6542,1680
6543,222
6544,25
6545,645
6546,2000
6547,200
6548,203
6549,375
6550,16
6551,1872
6552,206
6553,10
6554,200
6555,648
6556,133
6557,27000
6558,69
6559,4
6560,15
6561,660
6562,2.27
6563,16
6564,308
6565,35
6566,24
6567,17
6568,22875
6569,80
6570,160
6571,45
6572,100
6573,1800
6574,25/2
6575,1908
6576,900
6577,56.7
6578,4410
6579,9
6580,40
6581,360
6582,85
6583,2520
6584,4
6585,18
6586,576
6587,36
6588,41.895
6589,78
6590,1344
6591,1330
6592,40
6593,130
6594,900
6595,85
6596,120
6597,6.7
6598,306
6599,2730
6600,2688
6601,2250
6602,52
6603,328
6604,38
6605,215
6606,18750
6607,120
6608,18.5
6609,18
6610,45
6611,248
6612,4
6613,144
6614,288/7
6615,1050
6616,624
6617,825
6618,37
6619,356
6620,38
6621,9
6622,4
6623,576
6624,1320
6625,6000
6626,13000
6627,557
6628,600
6629,60
6630,824
6631,13.2
6632,270
6633,33.32
6634,160
6635,6.5
6636,10
6637,8/5
6638,24
6639,23800
6640,15/16
6641,2000
6642,1610
6643,120
6644,552
6645,2000
6646,6700
6647,6960
6648,19972800
6649,-38
6650,414
6651,48
6652,40
6653,615
6654,211
6655,-10.1
6656,23
6657,20
6658,205
6659,540
6660,25
6661,266
6662,4.7619
6663,7
6664,285
6665,8
6666,126
6667,832
6668,8417/100
6669,267
6670,1050
6671,1872
6672,60
6673,14.86486
6674,138
6675,158
6676,174
6677,379
6678,3600
6679,770
6680,70
6681,1000
6682,604
6683,22
6684,1212
6685,128
6686,525
6687,42420
6688,29400
6689,732
6690,4
6691,366/7
6692,2.1
6693,560
6694,240
6695,56
6696,20
6697,2700
6698,1152
6699,10.3
6700,47
6701,600
6702,980
6703,349
6704,4840
6705,25/6
6706,45
6707,23
6708,18.72
6709,123088
6710,18000
6711,10
6712,67
6713,8
6714,22
6715,7
6716,16
6717,21
6718,18
6719,23
6720,85
6721,3216
6722,375
6723,125
6724,248
6725,2440
6726,80
6727,45
6728,54
6729,3/5
6730,21
6731,29
6732,8
6733,12
6734,19
6735,48
6736,52
6737,79
6738,38
6739,96
6740,14
6741,41
6742,21
6743,32
6744,-11
6745,-14
6746,2
6747,3
6748,30
6749,32
6750,21
6751,4
6752,29
6753,43
6754,36
6755,80
6756,37
6757,8
6758,29
6759,17
6760,35
6761,45
6762,6
6763,20
6764,4
6765,48
6766,-15
6767,30
6768,4
6769,4
6770,6
6771,6
6772,4446
6773,60
6774,20
6775,20
6776,54
6777,30
6778,36
6779,0
6780,11
6781,17
6782,45
6783,43
6784,27
6785,69
6786,994
6787,50
6788,8
6789,59
6790,87
6791,-26
6792,18
6793,-21
6794,54
6795,10
6796,38
6797,756
6798,45
6799,39
6800,61
6801,74
6802,140
6803,22
6804,50/29
6805,119
6806,40
6807,100
6808,72
6809,8
6810,824
6811,6
6812,50
6813,42
6814,33
6815,33
6816,15
6817,25
6818,47
6819,81
6820,33
6821,11
6822,31
6823,23
6824,3
6825,15
6826,30
6827,38
6828,28
6829,28
6830,33
6831,119
6832,57
6833,14
6834,36
6835,42
6836,46
6837,16
6838,24
6839,12
6840,7
6841,56
6842,3
6843,10
6844,19
6845,12
6846,4
6847,2
6848,5
6849,18
6850,56
6851,12
6852,6
6853,4
6854,24
6855,17
6856,27
6857,8
6858,43.2
6859,178
6860,1360
6861,60
6862,100
6863,5670
6864,680
6865,50
6866,48
6867,95%
6868,1008
6869,9900
6870,160
6871,304
6872,-1549
6873,1500
6874,3600
6875,144
6876,12
6877,22
6878,260
6879,60
6880,600
6881,375
6882,108
6883,12/7
6884,-300
6885,160
6886,160
6887,792
6888,240
6889,162/5
6890,206
6891,72
6892,350
6893,1650
6894,6
6895,228
6896,32
6897,420
6898,5652
6899,375/2
6900,18
6901,5
6902,18840
6903,58
6904,1
6905,42.5
6906,8
6907,126
6908,41
6909,625/16
6910,37
6911,320
6912,70
6913,96.2%
6914,92.7%
6915,1/5
6916,39.4384
6917,120
6918,4.6656
6919,21.6
6920,42
6921,12
6922,1
6923,27
6924,605/4
6925,32
6926,14
6927,2500/11
6928,75.36
6929,1296
6930,7245
6931,3
6932,2100
6933,40
6934,3
6935,13
6936,27/2
6937,40
6938,13
6939,16
6940,75%
6941,3400/3
6942,51
6943,115%
6944,89
6945,44
6946,7.5
6947,2000
6948,458
6949,263
6950,75/2
6951,31.4
6952,85
6953,144/7
6954,-0.9
6955,90
6956,10
6957,7.2
6958,9
6959,263.76
6960,125
6961,96
6962,7500
6963,480
6964,5/63
6965,215
6966,28
6967,18.84
6968,40
6969,30
6970,20
6971,40
6972,144
6973,0
6974,144
6975,160
6976,15
6977,16
6978,288
6979,160
6980,28
6981,83.3%
6982,500
6983,6000
6984,15
6985,18
6986,2400
6987,420
6988,200
6989,35
6990,4500
6991,1600
6992,480
6993,124
6994,270
6995,-344
6996,3000
6997,5.28
6998,300
6999,2340
7000,18
7001,1.25667
7002,3.14
7003,20
7004,32
7005,10
7006,100
7007,180
7008,1995%
7009,36/5
7010,240
7011,0.5
7012,625
7013,-600
7014,184
7015,300
7016,1.5
7017,78.5
7018,25.2
7019,1620
7020,50
7021,-401.92
7022,100
7023,288
7024,4/5
7025,180
7026,180
7027,2.616
7028,-125%
7029,1004.8
7030,190
7031,15
7032,1344
7033,50
7034,25%
7035,600
7036,24/5
7037,-5.1%
7038,2.048
7039,717
7040,10/3
7041,780
7042,770
7043,345
7044,60
7045,81/10
7046,270
7047,96
7048,60
7049,4
7050,15813
7051,1560
7052,16/3
7053,2
7054,16
7055,2400
7056,28.26
7057,5/2
7058,18
7059,2800000
7060,95%
7061,-28
7062,22.8
7063,38.4
7064,50
7065,3.7
7066,25600/7
7067,1.96667
7068,12
7069,151/3
7070,4.71
7071,-1
7072,350
7073,25/2
7074,2980%
7075,27/4
7076,-125
7077,4
7078,2500
7079,6
7080,23
7081,200
7082,60
7083,1050
7084,15
7085,9
7086,198
7087,5.25
7088,8
7089,140
7090,96
7091,100
7092,9
7093,324
7094,160/7
7095,
7096,384
7097,3600/79
7098,25.50465
7099,0.08
7100,41
7101,400
7102,62.4
7103,0
7104,3
7105,312
7106,157
7107,1250
7108,15
7109,75
7110,1/3
7111,235
7112,3.14
7113,800
7114,57/5
7115,60
7116,864
7117,25120
7118,19
7119,58
7120,24/5
7121,501.9
7122,445
7123,680
7124,32
7125,8
7126,540
7127,84.72222
7128,200
7129,95
7130,3.14
7131,4
7132,120
7133,401
7134,188
7135,65
7136,320
7137,660
7138,125/2
7139,56
7140,2.62
7141,45.7232
7142,600
7143,90%
7144,19
7145,7
7146,92%
7147,75%
7148,10
7149,15/4
7150,6
7151,-431/5
7152,1190
7153,15
7154,40
7155,1067
7156,385
7157,29
7158,46.3
7159,27.6
7160,12
7161,3125
7162,7/2
7163,4
7164,132
7165,0.5
7166,1214
7167,944
7168,150
7169,16
7170,72
7171,79200
7172,48
7173,32.4%
7174,-500%
7175,84/125
7176,8
7177,1000
7178,8575/3
7179,437
7180,62.8
7181,522.5
7182,1400
7183,330
7184,2
7185,72
7186,9
7187,768
7188,48
7189,12
7190,97
7191,12/25
7192,225
7193,91040
7194,560
7195,2.38333
7196,800
7197,1728
7198,17
7199,324
7200,2
7201,6
7202,1240
7203,108
7204,5
7205,32
7206,147/2
7207,1
7208,9600
7209,426
7210,306
7211,1.9
7212,48
7213,
7214,95/3
7215,314
7216,796
7217,427.04
7218,-87.92
7219,899
7220,78
7221,2128
7222,15
7223,-600%
7224,91
7225,135
7226,13.68
7227,22
7228,32
7229,30
7230,16%
7231,2400
7232,300
7233,1500
7234,5/2
7235,90
7236,20.16
7237,100
7238,200
7239,1750/9
7240,8
7241,224
7242,19
7243,16
7244,1
7245,630
7246,73
7247,2.13333
7248,168
7249,2000
7250,3000
7251,7
7252,36
7253,1.8
7254,25200/3001
7255,83.8
7256,9
7257,340
7258,1300
7259,184
7260,60
7261,3
7262,6
7263,398
7264,848
7265,125
7266,5280
7267,3200
7268,3
7269,5500
7270,8
7271,3.14
7272,72
7273,40
7274,19.99614
7275,465
7276,293.75
7277,125
7278,18000
7279,400
7280,56
7281,90
7282,240
7283,90%
7284,30
7285,15
7286,14.4
7287,24
7288,5
7289,120
7290,864
7291,-4749
7292,35
7293,135
7294,4000
7295,59.4
7296,240
7297,96
7298,272
7299,51.4
7300,40
7301,73/80
7302,15
7303,720
7304,25000
7305,3440
7306,108
7307,13636
7308,350
7309,31.2
7310,0.07
7311,20.00001
7312,15
7313,349
7314,109.35
7315,18
7316,15
7317,62.8
7318,-282
7319,301.44
7320,-9
7321,-300
7322,480
7323,800/3
7324,103.3
7325,3
7326,2800
7327,2/5
7328,3600
7329,16
7330,12
7331,0
7332,16.485
7333,140
7334,4800
7335,62
7336,5040
7337,4019.2
7338,243/14
7339,124
7340,45.475
7341,36
7342,16
7343,29/6
7344,504
7345,319
7346,85.10909
7347,225
7348,2.512
7349,5600
7350,180
7351,14
7352,96
7353,1125
7354,3500
7355,2112
7356,7.85
7357,243
7358,
7359,26
7360,9
7361,940
7362,778
7363,8
7364,90
7365,47
7366,4500
7367,4000/3
7368,6000/7
7369,72
7370,13.91304
7371,13.91304
7372,-479
7373,32
7374,1
7375,40/9
7376,9/20
7377,1.37821
7378,50
7379,51
7380,240
7381,1
7382,5040
7383,30
7384,5
7385,279.11111
7386,16
7387,1000
7388,0.27389
7389,14.25
7390,6
7391,1530
7392,45/2
7393,1256
7394,240
7395,480
7396,9600
7397,76
7398,16
7399,60
7400,64
7401,12
7402,16.5
7403,40
7404,90
7405,4320
7406,7
7407,9
7408,0.0432
7409,185
7410,90
7411,11
7412,33
7413,125
7414,65
7415,80
7416,1.27389
7417,27.27273
7418,195
7419,2
7420,98
7421,28
7422,27/4
7423,648
7424,304
7425,450
7426,45
7427,1260
7428,0.2
7429,4800/41
7430,90%
7431,480
7432,38
7433,40/3
7434,45.68889
7435,1600
7436,234
7437,12.6
7438,17
7439,6
7440,2880
7441,4
7442,12/5
7443,0.8
7444,700/3
7445,38.4
7446,28
7447,180
7448,7200
7449,7500
7450,28.26
7451,190
7452,790/21
7453,75
7454,4
7455,32
7456,37.5%
7457,144
7458,12.15
7459,24/5
7460,912
7461,360
7462,44
7463,4368
7464,10
7465,68
7466,360
7467,1920
7468,125
7469,180
7470,78.5
7471,39.4384
7472,20
7473,1
7474,153
7475,9
7476,520
7477,5
7478,65
7479,9.6
7480,29
7481,49.5
7482,400
7483,900
7484,800
7485,204
7486,450
7487,33
7488,100/19
7489,10400
7490,15
7491,399
7492,10
7493,80
7494,90
7495,24
7496,2.4
7497,450
7498,330
7499,12
7500,70.0245
7501,-39.40385
7502,1750
7503,30
7504,186
7505,6930
7506,32
7507,2400
7508,11
7509,210
7510,12/5
7511,3240
7512,2550
7513,8
7514,460
7515,2475
7516,143
7517,-44.44444
7518,30
7519,
7520,1120
7521,1540
7522,1413
7523,16
7524,744
7525,2880
7526,5160
7527,675
7528,5/2
7529,40
7530,594
7531,105
7532,5/12
7533,320
7534,2240
7535,457.6
7536,1040/87
7537,4
7538,0
7539,4.73333
7540,47
7541,15.5
7542,1224
7543,160
7544,60
7545,251.2
7546,3/17
7547,78.5
7548,675
7549,471
7550,45
7551,628
7552,115
7553,70
7554,35
7555,870
7556,37
7557,180
7558,20
7559,9
7560,1000/11
7561,30
7562,300
7563,784/3
7564,80/3
7565,480
7566,99
7567,1.25
7568,2700
7569,2700
7570,38/3
7571,210
7572,25.72
7573,24
7574,8260
7575,9
7576,4
7577,4
7578,72.275
7579,2
7580,200
7581,504
7582,29.4
7583,135
7584,1500
7585,9000
7586,4/5
7587,36
7588,40
7589,182
7590,4
7591,17
7592,840
7593,10
7594,0
7595,702
7596,22
7597,36
7598,200
7599,14
7600,5
7601,600
7602,71.04
7603,16
7604,24
7605,80
7606,5.12
7607,125
7608,80
7609,70
7610,27/80
7611,6.8
7612,34
7613,204
7614,1
7615,2
7616,4
7617,50
7618,24
7619,40
7620,8
7621,180
7622,70
7623,12
7624,125
7625,18
7626,32
7627,57.5
7628,36.55
7629,0.6
7630,3.37
7631,11
7632,294
7633,300
7634,120
7635,85%
7636,512
7637,13.5
7638,1200
7639,93
7640,21.6
7641,498/5
7642,1/2
7643,2
7644,42
7645,20
7646,18/25
7647,18
7648,1/2
7649,1/35
7650,2240
7651,3000
7652,0.0003
7653,0.26829
7654,36
7655,2400
7656,19/20
7657,64
7658,20
7659,10.4
7660,960
7661,31.8
7662,2/7
7663,-3/5
7664,2
7665,2/5
7666,1/6
7667,1750/3
7668,64/7
7669,370
7670,21
7671,31
7672,64
7673,-111/2
7674,8
7675,145
7676,4
7677,2520
7678,1/8
7679,8/5
7680,8/5
7681,3968
7682,750
7683,7
7684,20
7685,35
7686,800
7687,1744
7688,31/35
7689,2880/7
7690,1782
7691,6
7692,8280
7693,1
7694,3
7695,534
7696,-2
7697,12
7698,21
7699,-1373
7700,1
7701,3846.15385
7702,8460
7703,9.6
7704,2.74242
7705,167/100
7706,3045
7707,16/7
7708,28
7709,148
7710,72
7711,11/20
7712,3/8
7713,11/24
7714,3
7715,48
7716,42
7717,66.6
7718,7/24
7719,120
7720,-1
7721,47.6
7722,116
7723,40
7724,1350
7725,28/23
7726,13/10
7727,254
7728,222
7729,6
7730,140
7731,882
7732,5.75
7733,10.2
7734,900
7735,67.5
7736,16.1
7737,6
7738,100
7739,60
7740,6
7741,135
7742,36
7743,85
7744,560
7745,80
7746,38
7747,-6
7748,-194
7749,1128
7750,336
7751,700
7752,1.8
7753,583
7754,1
7755,0.76562
7756,128
7757,46
7758,135
7759,11/30
7760,5
7761,2.2
7762,400
7763,96
7764,4
7765,6
7766,24
7767,32800
7768,12.45
7769,224
7770,122
7771,1125250
7772,13/20
7773,7200
7774,12
7775,4730/9
7776,1186
7777,40
7778,20
7779,60
7780,16/5
7781,360
7782,3067
7783,-22
7784,220
7785,0
7786,5
7787,432
7788,450
7789,1500
7790,996.11111
7791,26
7792,240
7793,10/7
7794,-10
7795,15
7796,16
7797,1/4
7798,1260
7799,560
7800,1.17188
7801,60
7802,625
7803,3/5
7804,24
7805,66
7806,100
7807,106
7808,822
7809,30
7810,5.6
7811,240
7812,2/3
7813,30
7814,5/24
7815,54
7816,4/5
7817,800
7818,80/3
7819,51/20
7820,25
7821,0
7822,5416
7823,1026
7824,1/5
7825,0.576
7826,11/12
7827,11/12
7828,64
7829,45/4
7830,72
7831,630
7832,5
7833,16
7834,0.93
7835,82
7836,37/40
7837,14
7838,600
7839,4/3
7840,120
7841,-11/21
7842,18
7843,50
7844,115
7845,
7846,-1.7
7847,135
7848,140/9
7849,-56
7850,52
7851,-57/4
7852,570
7853,7
7854,16
7855,5/4
7856,4
7857,1.225
7858,48
7859,40
7860,39
7861,4/15
7862,336
7863,3
7864,10.8
7865,-30
7866,4.21176
7867,36
7868,40/9
7869,23
7870,180
7871,3/4
7872,15
7873,63/5
7874,28
7875,3/5
7876,9/20
7877,1
7878,10
7879,396
7880,1/4
7881,150
7882,625/2
7883,5/3
7884,11/60
7885,16/25
7886,96
7887,1/2
7888,12
7889,9
7890,8
7891,1
7892,6
7893,1080
7894,43
7895,39
7896,8745
7897,9539/1620
7898,64000
7899,6
7900,16
7901,102
7902,5
7903,20
7904,5.42
7905,3
7906,154
7907,200
7908,24/7
7909,-1/20
7910,8
7911,50/9
7912,40
7913,79.2
7914,2700
7915,3/16
7916,10
7917,96
7918,3/4
7919,864
7920,9/20
7921,1
7922,0
7923,1/4
7924,460/31
7925,324
7926,150
7927,900
7928,47
7929,360
7930,50
7931,40
7932,9/4
7933,8
7934,77
7935,5/8
7936,3/5
7937,2/5
7938,1
7939,8
7940,7
7941,61
7942,5/12
7943,3
7944,300
7945,108
7946,7.8
7947,14
7948,1
7949,35
7950,40
7951,40/3
7952,18/23
7953,162/23
7954,643/5
7955,86
7956,59
7957,2542
7958,-32/15
7959,230
7960,17/30
7961,25
7962,-100/3
7963,1
7964,7000
7965,54
7966,5
7967,24
7968,1710
7969,30
7970,500
7971,9/20
7972,624
7973,100
7974,4
7975,295
7976,120
7977,80
7978,20
7979,10
7980,54
7981,392
7982,25
7983,4000
7984,40/13
7985,2590
7986,40/3
7987,0
7988,504
7989,144000
7990,372
7991,72
7992,5
7993,1200
7994,193
7995,-19/11
7996,900
7997,42000
7998,2/7
7999,1
