0,8.36131
1,146
2,15
3,105/2
4,398
5,1290
6,600
7,-45
8,8.8
9,12
10,405
11,525
12,80
13,56
14,270
15,8172
16,17
17,
18,322.5
19,10
20,2700
21,35
22,100
23,68
24,162
25,14
26,19
27,32
28,0.628
29,1950
30,3.6
31,80
32,9
33,720
34,60
35,6/25
36,251
37,88
38,-11/60
39,72
40,400
41,24
42,6
43,500
44,4
45,17
46,95
47,576
48,40
49,-280
50,656
51,7
52,7600
53,280
54,778
55,120
56,142
57,4875
58,1248
59,9
60,409
61,1201
62,1300
63,738
64,1176
65,588
66,13198.8
67,-5390
68,3360
69,765
70,6.93333
71,73.2
72,6600
73,5/8
74,200
75,3.8
76,40
77,13/20
78,24
79,194
80,3.3
81,0
82,464
83,392
84,260
85,16.7%
86,15
87,7
88,402
89,374
90,63/500
91,0
92,20
93,1735
94,1536
95,39.25
96,8
97,16
98,3
99,260
100,2288
101,4
102,3486
103,14
104,30
105,20
106,5/9
107,0.02138
108,10.9
109,6
110,7/10
111,150
112,560
113,325
114,17
115,160
116,6515
117,623
118,192
119,124
120,0.94
121,2
122,25
123,69
124,10.125
125,110%
126,470
127,7.97288
128,49/2
129,770
130,8/9
131,4191
132,10
133,-519
134,11200
135,8
136,595
137,8000000
138,24
139,87
140,90
141,336/37
142,96
143,15
144,126.72
145,356
146,20/3
147,8400
148,4800
149,9
150,2/9
151,494
152,100/7
153,490
154,8000
155,3/10
156,25/2
157,600
158,12
159,8700
160,30
161,5
162,76
163,0.06
164,21
165,1350
166,336
167,775
168,1530
169,312
170,-40/9
171,7
172,280
173,144
174,11/35
175,38
176,44
177,9
178,2
179,11
180,20
181,12.56
182,12
183,27
184,17/20
185,650
186,5000
187,10
188,312
189,15
190,-784
191,-122.46
192,10395
193,880
194,93000
195,1800
196,704
197,113.04
198,450
199,272
200,450
201,114
202,18
203,7/20
204,250
205,40
206,4/9
207,144
208,41
209,5673
210,6
211,65.55
212,3081
213,692.55
214,14
215,2500
216,3000
217,17/4
218,63024
219,32
220,235
221,333
222,20
223,8
224,200
225,1872
226,346
227,9
228,6/7
229,2016
230,190
231,293
232,3300
233,207
234,684
235,3500
236,691
237,1710
238,7/18
239,3280
240,816
241,1141/6
242,1
243,375
244,864
245,3/5
246,25.12
247,41/24
248,240
249,100
250,3.2
251,2
252,162
253,630
254,558/19
255,6000
256,1536
257,15
258,490
259,280
260,2700
261,2880/7
262,84
263,75
264,24/5
265,34
266,11/24
267,276
268,1386
269,188
270,25000
271,12300
272,1200
273,12
274,520
275,1585
276,289
277,5.4
278,32
279,750
280,502.4
281,40
282,6
283,736
284,64
285,18
286,240
287,579
288,371.66667
289,2250
290,944
291,3
292,200
293,546
294,588
295,2940
296,4800
297,-3
298,24
299,91
300,224
301,27/20
302,8
303,15
304,81
305,5024
306,18
307,20
308,50
309,48
310,1256
311,450
312,7
313,2/7
314,36
315,60
316,100
317,324
318,4
319,1/2
320,4
321,432
322,1/2
323,37/40
324,3/5
325,46
326,3450
327,71.25
328,890
329,48
330,24.75
331,434000
332,16000
333,300
334,4/7
335,1344
336,22
337,486
338,6
339,10
340,25/29
341,90
342,15
343,1.28
344,60
345,210
346,48
347,5
348,425
349,4/5
350,32
351,600
352,405
353,1588
354,168
355,140
356,2949/20
357,50
358,5/2
359,0
360,45216
361,1256
362,45
363,9
364,57/5
365,540
366,11/35
367,32
368,22
369,209
370,150
371,242
372,10
373,15
374,36
375,1350
376,591
377,904.32
378,4429
379,30/11
380,70
381,139
382,2/5
383,6240
384,56375
385,91
386,12/5
387,3.14
388,600
389,128
390,1500
391,1260
392,768
393,800
394,471
395,1.06701
396,450
397,11
398,6592
399,13
400,1095
401,136
402,864
403,10/9
404,685
405,512
406,20
407,4/15
408,115/24
409,12.56
410,12
411,1
412,0
413,800
414,10
415,1548
416,55
417,8
418,1320
419,20
420,2/9
421,1
422,3
423,0.5
424,1.12
425,15.12
426,480
427,1120
428,239/7
429,2000
430,580
431,42
432,240
433,112
434,12960
435,31
436,544
437,44
438,51/40
439,225
440,1/4
441,2496
442,410
443,175/2
444,64
445,765
446,3/5
447,0.45
448,20
449,1920
450,1036
451,68
452,
453,30
454,300
455,133
456,12960
457,60
458,76
459,390
460,24
461,2400
462,583
463,816
464,12
465,1710
466,27450
467,246
468,20
469,35
470,12
471,16
472,700
473,251.2
474,6
475,51/2
476,534
477,10
478,1152
479,2079
480,320
481,533
482,1/20
483,192
484,30
485,280
486,132
487,216
488,15
489,1204
490,4
491,96
492,260
493,44.72
494,440
495,2092.34
496,432/25
497,720
498,80
499,1344
500,351
501,1550
502,7680
503,3/4
504,885
505,639
506,120
507,700
508,94.2
509,54
510,660
511,14
512,17/40
513,7/34
514,120
515,
516,786
517,3.18125
518,1/2
519,224
520,44
521,8
522,355
523,1800
524,3/8
525,200
526,340
527,100
528,4
529,62.8
530,80
531,36
532,150
533,52.65
534,24
535,45
536,24
537,22
538,112
539,-48
540,160/3
541,1.6
542,216
543,600
544,44
545,120
546,278.6323
547,112
548,0.1
549,60
550,1730
551,78.5
552,-156
553,1
554,1100
555,750
556,11
557,4536
558,78.5
559,50.24
560,0.56667
561,6
562,-7/3
563,100
564,59
565,60
566,-1960
567,147
568,560
569,2500
570,133
571,31.2
572,10700
573,0
574,7500
575,2.99
576,5
577,2
578,150
579,240
580,1400
581,-481
582,240.3
583,900
584,2
585,12
586,43
587,15
588,39
589,240
590,25
591,16
592,30
593,0.4
594,9
595,15.7
596,2.4
597,930
598,192
599,20000
600,10486
601,16.66667
602,3
603,400/9
604,
605,2/5
606,0
607,3
608,115
609,378
610,900
611,10
612,928
613,1
614,9.6
615,600
616,92.05
617,10
618,3768
619,90
620,89.4
621,50
622,251.2
623,114
624,196/3
625,15
626,2200
627,18
628,421
629,81
630,60
631,123.83658
632,3
633,2000
634,1104
635,5%
636,93.8%
637,75%
638,99%
639,60
640,20
641,45/8
642,50
643,192
644,-1350
645,44
646,4.5
647,48
648,215
649,75
650,-340/7
651,26
652,9
653,16
654,2%
655,49
656,80
657,98%
658,1.5
659,95%
660,103
661,5/6
662,950
663,25%
664,102
665,1094.5
666,50
667,250
668,42
669,36
670,72
671,980
672,45
673,160
674,5
675,92%
676,8
677,193
678,98%
679,96%
680,1/100
681,23/5
682,120
683,450
684,14
685,42
686,3360
687,60
688,36
689,289/2
690,320
691,960
692,81
693,108
694,3840
695,522
696,16
697,16
698,31/40
699,60
700,75
701,32
702,5
703,30
704,12.26667
705,60
706,94%
707,5/8
708,20
709,24
710,32
711,28.5
712,2
713,0.3
714,10%
715,99995
716,240
717,96
718,14
719,60
720,150
721,376.8
722,2651/18
723,400
724,16
725,17
726,42.5
727,117
728,10
729,160
730,360
731,90
732,1152
733,100
734,255
735,0.135
736,675.96
737,20
738,70
739,160
740,95%
741,150
742,3/4
743,5
744,300
745,2560/3
746,80/3
747,190.66667
748,23
749,447/8
750,144/91
751,72
752,560
753,9/2
754,2.15385
755,250
756,215
757,64
758,1
759,120
760,111.88571
761,3/2
762,3.14
763,302.068
764,350
765,16000
766,1944
767,1.36
768,32000/7
769,10
770,851
771,241.5
772,75.5
773,33.25
774,-440
775,72
776,1200
777,150
778,420
779,4
780,5
781,1440
782,5760
783,50
784,117
785,156
786,125.6
787,2.71429
788,330
789,192
790,98%
791,54
792,2450
793,12
794,72.09
795,4333
796,40
797,88.75
798,1/80
799,-288
800,147.25
801,5/3
802,300
803,42
804,102/7
805,38.4
806,200
807,56
808,30/49
809,72
810,-3.33333
811,-29/10
812,20
813,4.95346
814,25
815,4000
816,2000
817,13
818,8
819,90
820,174
821,640
822,88
823,120
824,946.5216
825,1050
826,1462
827,10
828,1.2
829,42
830,290
831,160
832,2500/9
833,270
834,-19
835,352
836,140
837,32
838,192
839,5
840,1
841,15
842,8
843,1088
844,546
845,136/5
846,36
847,42
848,1120
849,12
850,910
851,2200
852,40
853,140
854,8/3
855,64/5
856,60/11
857,28
858,-10.5
859,18/7
860,3500
861,75
862,32
863,2/7
864,6
865,11
866,0.5
867,1235
868,40.33333
869,75
870,13.2
871,567/5
872,9
873,62
874,48
875,34
876,10500
877,87.5%
878,2.198
879,15700%
880,64
881,20/11
882,50
883,14
884,38
885,35
886,3072
887,471
888,39/7
889,3
890,3
891,306
892,750
893,150.0
894,80
895,9
896,285
897,10
898,24
899,4000
900,4000
901,207000
902,16/3
903,225
904,3
905,13.33333
906,75
907,31.5
908,26
909,12.56
910,6
911,1.37
912,225/2
913,51
914,31.56
915,425
916,628
917,904.32
918,188.4
919,5.4
920,200
921,1
922,1
923,96%
924,134
925,192/13
926,95.8%
927,5120/13
928,3
929,50
930,175000/37
931,70000/19
932,48
933,37.68
934,31.7
935,-1025
936,60
937,60
938,6.66
939,70200
940,96
941,273
942,210
943,24
944,19
945,5/12
946,-176
947,3
948,540
949,48
950,0.6
951,53
952,124
953,255
954,594
955,10
956,16
957,6/5
958,7600
959,169/10
960,6
961,276
962,640
963,31050
964,16
965,75/7
966,25
967,35
968,20
969,1/8
970,152.4
971,10
972,3424
973,3140
974,31
975,264
976,70
977,64
978,345.4
979,910
980,182.9
981,4400
982,30
983,448
984,-3.9%
985,74
986,506/25
987,10
988,7
989,260
990,24
991,-2769
992,5461
993,700
994,700.0%
995,340
996,1/101
997,162/5
998,72
999,1/5
1000,31.4
1001,30
1002,260
1003,90
1004,6
1005,110%
1006,1
1007,31
1008,39984/5
1009,1/4
1010,30
1011,163
1012,625/2
1013,96%
1014,13
1015,160
1016,15
1017,5/4
1018,78
1019,5/12
1020,9
1021,40%
1022,41.7%
1023,125.6
1024,7
1025,44080
1026,16000
1027,750
1028,304
1029,288
1030,15
1031,21.56
1032,12
1033,45/2
1034,5/128
1035,270
1036,0.432
1037,30
1038,400
1039,280/19
1040,15
1041,2800
1042,180
1043,157.0
1044,672.54
1045,105
1046,1/36
1047,108/7
1048,529/24
1049,5.20833
1050,15
1051,350
1052,240
1053,60/49
1054,900
1055,25
1056,96
1057,108
1058,9/16
1059,0.512
1060,83.33333
1061,11
1062,3.64
1063,7/2
1064,60
1065,20
1066,2
1067,6
1068,250
1069,225
1070,55
1071,18.75
1072,150
1073,25294/71
1074,1/25
1075,4138
1076,4
1077,272
1078,120
1079,-40
1080,1200
1081,294
1082,245
1083,20
1084,1.3
1085,14.6
1086,9/20
1087,480
1088,36
1089,0.48
1090,525
1091,45/2
1092,4875
1093,192
1094,511/8
1095,12
1096,1320
1097,3/8
1098,144
1099,120
1100,1/7
1101,16
1102,1526
1103,30
1104,285
1105,1/2
1106,105.7
1107,12
1108,9
1109,18
1110,27
1111,3
1112,45.12
1113,33.3%
1114,200
1115,68
1116,72000
1117,20
1118,4.8
1119,3
1120,15
1121,30
1122,18
1123,123
1124,16
1125,148
1126,14
1127,1.4
1128,50
1129,200/3
1130,0.66
1131,6/5
1132,30
1133,550
1134,128
1135,193.5
1136,19.232
1137,15
1138,480
1139,200
1140,20
1141,75/2
1142,6
1143,180
1144,56
1145,4
1146,300
1147,518
1148,6
1149,0.81865
1150,232
1151,100
1152,1/2
1153,770
1154,12
1155,450/13
1156,-7
1157,2826
1158,1154
1159,2
1160,63
1161,10
1162,120
1163,4/5
1164,8965
1165,12
1166,19
1167,-25
1168,0
1169,12
1170,-10.8%
1171,576
1172,360
1173,-10
1174,1500
1175,98%
1176,-15000
1177,75/2
1178,6000
1179,53
1180,1
1181,2
1182,108
1183,147
1184,27
1185,120
1186,31/2
1187,209
1188,402
1189,402
1190,1/12
1191,60
1192,0.27
1193,60000
1194,972
1195,100%
1196,150
1197,45
1198,522
1199,62.8
1200,1080
1201,0.25
1202,19
1203,15%
1204,51
1205,5.6
1206,18
1207,188
1208,315
1209,192
1210,125
1211,330
1212,952
1213,140%
1214,60
1215,1000
1216,90
1217,-48
1218,-42
1219,750
1220,26.7%
1221,40
1222,1
1223,190.8
1224,48
1225,100/3
1226,314
1227,600
1228,3
1229,750
1230,16/5
1231,16/5
1232,54
1233,256
1234,2160
1235,188.4
1236,1155
1237,170
1238,60
1239,25
1240,9000%
1241,8
1242,20/11
1243,640
1244,147
1245,4200
1246,85
1247,53
1248,56
1249,180
1250,63
1251,45
1252,35
1253,14
1254,36
1255,8
1256,30
1257,38
1258,36
1259,16
1260,53
1261,22
1262,4
1263,37
1264,6
1265,45
1266,10
1267,42
1268,23
1269,18
1270,65
1271,53
1272,94
1273,86
1274,136
1275,12
1276,162
1277,30
1278,84
1279,30
1280,72
1281,51
1282,84
1283,72
1284,96
1285,80
1286,45
1287,35
1288,27
1289,48
1290,45
1291,20
1292,26
1293,60
1294,25
1295,1505
1296,120
1297,0
1298,8
1299,6
1300,5
1301,20
1302,6
1303,9
1304,6
1305,32
1306,4
1307,3
1308,300
1309,34
1310,392
1311,48/7
1312,2
1313,192
1314,13/4
1315,9
1316,13
1317,5
1318,-40
1319,6
1320,7
1321,36
1322,80
1323,31
1324,28
1325,40
1326,17
1327,35/24
1328,20
1329,6
1330,42
1331,6
1332,544
1333,22
1334,4
1335,25
1336,54
1337,225
1338,90
1339,0
1340,73
1341,24
1342,6
1343,7
1344,24
1345,124
1346,31
1347,15
1348,6
1349,17
1350,23
1351,16
1352,19
1353,28
1354,9
1355,72
1356,2548
1357,904.32
1358,192
1359,700
1360,4608
1361,72000
1362,6
1363,63
1364,3
1365,5/4
1366,2448
1367,-7
1368,5024
1369,53
1370,192
1371,81
1372,335
1373,8
1374,76.5
1375,18/35
1376,475
1377,128
1378,20000
1379,72
1380,0.81
1381,628
1382,599
1383,17/3
1384,440
1385,9.225
1386,28
1387,2
1388,150
1389,8.71667
1390,28
1391,30
1392,48000
1393,120
1394,0
1395,16
1396,1600
1397,120
1398,95
1399,840
1400,3
1401,180
1402,640
1403,20
1404,-24
1405,9
1406,565/3
1407,48
1408,787
1409,125
1410,139
1411,400/3
1412,250
1413,40
1414,2400
1415,2880
1416,120000
1417,3
1418,240
1419,62
1420,53/60
1421,30.6
1422,33.45
1423,3.6
1424,0.008
1425,9
1426,9
1427,4
1428,504
1429,38
1430,22.5
1431,28
1432,48
1433,84
1434,2.4
1435,44.3
1436,190
1437,271.32
1438,196.35
1439,72000
1440,31
1441,22
1442,110
1443,144
1444,54
1445,120/7
1446,12600
1447,56
1448,0.7
1449,4
1450,44
1451,132
1452,180
1453,307
1454,36
1455,32
1456,12
1457,31
1458,58
1459,9
1460,3612
1461,3920
1462,60
1463,645
1464,60
1465,290
1466,224
1467,280
1468,68
1469,1.1
1470,137
1471,144
1472,10
1473,9
1474,38
1475,8
1476,50
1477,9000
1478,4.05
1479,72
1480,0.6
1481,8448
1482,15
1483,3
1484,119/48
1485,4
1486,8220
1487,33
1488,8
1489,56
1490,3.5
1491,147
1492,0
1493,9125
1494,32
1495,2
1496,6
1497,-4
1498,17.88
1499,2370
1500,91
1501,18/5
1502,149
1503,4
1504,371
1505,28
1506,100
1507,4
1508,18.4
1509,180
1510,945
1511,5/6
1512,40000
1513,180
1514,120
1515,520
1516,36
1517,1.55
1518,3787
1519,30
1520,90
1521,44
1522,600
1523,41
1524,331
1525,16
1526,280
1527,90
1528,128/5
1529,780
1530,1005
1531,36
1532,1250
1533,1037.5
1534,4800
1535,1/2
1536,5/2
1537,-5
1538,1/21
1539,160
1540,256
1541,50.24
1542,23
1543,90
1544,12
1545,400
1546,130
1547,20
1548,3/8
1549,9
1550,39/100
1551,-40
1552,3722
1553,5330
1554,8
1555,753.6
1556,22.608
1557,278.6323
1558,400
1559,200
1560,1000
1561,153
1562,10
1563,48
1564,195
1565,25/3
1566,2400
1567,8.4
1568,4800
1569,9
1570,1385
1571,20
1572,31.4
1573,17
1574,2150
1575,125
1576,164.85
1577,17.8
1578,210
1579,306
1580,125
1581,4
1582,125
1583,160
1584,126
1585,2500
1586,2160
1587,18/5
1588,82
1589,3
1590,73
1591,288/7
1592,88
1593,175
1594,50
1595,2520
1596,5.2
1597,225.9%
1598,25
1599,37
1600,240
1601,100
1602,75
1603,1600
1604,24
1605,1050
1606,1512
1607,93
1608,10
1609,12.56
1610,251.2
1611,20096
1612,8500/11
1613,53.1375
1614,75.36
1615,52
1616,877
1617,-2
1618,150
1619,384
1620,45
1621,130
1622,60.48
1623,120
1624,40
1625,374.46
1626,28
1627,25
1628,-3/2
1629,3600/23
1630,1600
1631,5/12
1632,15
1633,5/2
1634,8.5
1635,20
1636,91
1637,54
1638,5
1639,1/4
1640,84
1641,17.16
1642,314
1643,780
1644,123.2
1645,5000
1646,75.36
1647,0.0125
1648,48
1649,29160
1650,1770
1651,50
1652,700
1653,3.14
1654,460%
1655,628
1656,7776
1657,6000
1658,45
1659,8040
1660,810
1661,4
1662,2/3
1663,16
1664,3.2
1665,17
1666,188
1667,77/10
1668,625
1669,0.36
1670,-3/10
1671,100945
1672,3670
1673,7
1674,-9
1675,-406
1676,3960/29
1677,5
1678,54
1679,24500
1680,98/3
1681,3200
1682,500
1683,-300
1684,-18/13
1685,40
1686,15
1687,90
1688,10000
1689,150
1690,1120
1691,1600000000000
1692,15
1693,15.7
1694,50.24
1695,1600
1696,11.04
1697,1
1698,30
1699,144
1700,52
1701,20
1702,6.86
1703,1
1704,8/3
1705,0.25
1706,8/3
1707,68/3
1708,120
1709,28
1710,768
1711,0.0085
1712,12
1713,404000
1714,3840/7
1715,36
1716,68
1717,400
1718,15
1719,1120
1720,4/15
1721,60.9076
1722,18
1723,192/5
1724,226.08
1725,22
1726,360
1727,502.4
1728,12
1729,8
1730,12/5
1731,10/13
1732,110
1733,-17.75
1734,40
1735,68.57143
1736,210
1737,130
1738,3225000
1739,-504/65
1740,267
1741,60
1742,1200/13
1743,1380
1744,15/2
1745,36
1746,80
1747,753.6
1748,256
1749,3/4
1750,114
1751,272
1752,7
1753,1.74
1754,25
1755,45
1756,5/12
1757,120000
1758,62.8
1759,-166
1760,440
1761,192
1762,-32.13
1763,231
1764,30/29
1765,150
1766,51
1767,10
1768,36
1769,8
1770,1224/59
1771,150
1772,540
1773,2682
1774,64/5
1775,1600/693
1776,3200
1777,250
1778,22960
1779,1030
1780,8
1781,9
1782,1175
1783,1800
1784,67
1785,1
1786,765
1787,3
1788,952
1789,160
1790,1200
1791,250
1792,20
1793,11460
1794,38/7
1795,2240
1796,5
1797,16/13
1798,24
1799,500
1800,8000
1801,19/15
1802,3360
1803,0
1804,200
1805,376800
1806,7200
1807,0
1808,500/3
1809,8
1810,660
1811,-8
1812,314
1813,150
1814,7
1815,72
1816,100
1817,20
1818,-797
1819,12
1820,7040
1821,27
1822,218
1823,10
1824,18522/5
1825,1355
1826,10
1827,5
1828,256
1829,222.94
1830,40
1831,15
1832,5
1833,5928
1834,272
1835,1256
1836,1409
1837,15
1838,-259
1839,3
1840,51.375
1841,1500000
1842,24
1843,44
1844,280
1845,50.24
1846,12/5
1847,702
1848,9
1849,3000
1850,1227
1851,151.8
1852,320
1853,1035
1854,3
1855,12
1856,6000
1857,1000
1858,60
1859,20
1860,-74
1861,326.6
1862,96
1863,64
1864,216
1865,170/3
1866,1210
1867,5
1868,756
1869,6720
1870,4410
1871,23/9
1872,5400
1873,8000
1874,25
1875,11
1876,24
1877,7
1878,126
1879,56
1880,12.56
1881,6.97
1882,6
1883,3888
1884,1088
1885,-36
1886,20
1887,6
1888,18
1889,3
1890,16
1891,52%
1892,54
1893,50.24
1894,125
1895,32
1896,1
1897,3
1898,24
1899,40
1900,9
1901,360
1902,3600
1903,4.2
1904,63
1905,180
1906,840
1907,888
1908,162
1909,15.75
1910,150
1911,1469
1912,64
1913,9
1914,0.048
1915,108
1916,108
1917,11
1918,16
1919,96
1920,12
1921,-137/8
1922,11
1923,5166
1924,547
1925,9/5
1926,1600
1927,72
1928,66
1929,3444.37402
1930,20
1931,5
1932,10
1933,3
1934,250
1935,4/3
1936,2160
1937,339.12
1938,100
1939,41
1940,1600/3
1941,4.2
1942,125.6
1943,500
1944,1.49074
1945,1
1946,49005
1947,700
1948,12
1949,128/65
1950,16.7%
1951,200
1952,3.33333
1953,11.4
1954,2
1955,4900
1956,0.7
1957,217
1958,78.5
1959,366
1960,16/35
1961,0.16
1962,3740
1963,0.16
1964,38624
1965,4
1966,113
1967,280
1968,78.5
1969,12
1970,89
1971,4.1
1972,36
1973,78.88
1974,6
1975,42
1976,0.25
1977,60
1978,75
1979,7
1980,3000
1981,330
1982,14.4
1983,10.84
1984,384
1985,84
1986,300
1987,54
1988,68.57143
1989,2398
1990,201
1991,13
1992,2500.01196
1993,427.5
1994,22
1995,460.5
1996,1256
1997,6
1998,3.5
1999,1.6
2000,24
2001,168
2002,5
2003,81
2004,8
2005,45
2006,260
2007,1600
2008,896
2009,621
2010,5000
2011,45
2012,4500
2013,0.05
2014,8
2015,15
2016,875
2017,8.7
2018,74/7
2019,21600
2020,13/3
2021,80
2022,1500
2023,400
2024,10
2025,12.2
2026,70
2027,15
2028,4
2029,750%
2030,77.5%
2031,39/2
2032,7
2033,56
2034,8640
2035,2300
2036,648
2037,43200
2038,384
2039,3
2040,3/2
2041,113.04
2042,785
2043,11
2044,6.75
2045,9
2046,240
2047,10
2048,0
2049,20
2050,15
2051,1159
2052,0
2053,748.8
2054,5
2055,301.44
2056,149
2057,125
2058,0.72
2059,4750
2060,5000/3
2061,42
2062,361
2063,30.2
2064,24
2065,15/19
2066,7500
2067,2000
2068,2.4649
2069,316
2070,63/2
2071,270
2072,3
2073,0.25263
2074,880
2075,198
2076,30
2077,4
2078,400
2079,2000
2080,5.37
2081,22
2082,35
2083,-3
2084,37500
2085,5
2086,942
2087,54
2088,900/7
2089,5220
2090,112
2091,108
2092,0
2093,900
2094,672
2095,69.44444
2096,314
2097,9
2098,120
2099,28
2100,780
2101,4000
2102,20
2103,50
2104,104
2105,390
2106,3
2107,100.48
2108,1560
2109,2464
2110,188
2111,16
2112,16
2113,19.968
2114,2
2115,622
2116,-300/499
2117,2000
2118,628
2119,84
2120,3/5
2121,88
2122,880.61565
2123,1.5
2124,2.6
2125,3.14
2126,830
2127,99
2128,268
2129,288
2130,24/5
2131,300
2132,13
2133,3720
2134,7
2135,131.88
2136,22
2137,65/9
2138,29
2139,12
2140,2.5
2141,8
2142,11
2143,15
2144,0.4
2145,8
2146,1296
2147,640000
2148,1/4
2149,80/11
2150,37680
2151,293.904
2152,10
2153,125.6
2154,699
2155,0
2156,3
2157,120
2158,42
2159,361.728
2160,715
2161,480
2162,1092
2163,720
2164,55
2165,30.5
2166,124
2167,2800
2168,181.5
2169,6480
2170,2
2171,930
2172,-32.5%
2173,11183
2174,6
2175,100%
2176,65%
2177,158/25
2178,444
2179,90
2180,985.96
2181,120
2182,715
2183,8
2184,1710
2185,1040
2186,300/11
2187,441
2188,1456
2189,0.3
2190,81
2191,36
2192,0.15
2193,56
2194,2
2195,3400
2196,24
2197,0.4
2198,63.10144
2199,40
2200,53/9
2201,344
2202,2520
2203,11400
2204,3
2205,0
2206,48
2207,0.22857
2208,16
2209,210
2210,496
2211,160
2212,145
2213,8000
2214,1.54
2215,24/5
2216,29/3
2217,1056
2218,10
2219,59/3
2220,10890
2221,1245
2222,990
2223,13
2224,70.65
2225,36000
2226,4.8
2227,80
2228,5.3
2229,3250
2230,75.36
2231,4
2232,1
2233,4.5
2234,1.07
2235,2.04
2236,18
2237,31
2238,68
2239,746
2240,3000
2241,18.75
2242,30
2243,6300
2244,45
2245,1.8
2246,7
2247,-488
2248,4.5
2249,1920
2250,18.84
2251,80
2252,114
2253,30
2254,8640
2255,9
2256,300
2257,5750
2258,64
2259,32/29
2260,360
2261,16%
2262,22%
2263,49.8
2264,-60
2265,100
2266,232
2267,49.5
2268,71
2269,24
2270,1
2271,80
2272,48.4
2273,7/5
2274,16
2275,729
2276,1053
2277,320
2278,100
2279,1.90051
2280,45
2281,1260
2282,480
2283,1190
2284,3600
2285,60
2286,200
2287,4/5
2288,45
2289,140
2290,100
2291,45
2292,45
2293,40
2294,335
2295,990.69261
2296,72
2297,5
2298,0.02
2299,62.8
2300,24
2301,3
2302,300.48
2303,10
2304,394.384
2305,6.28
2306,25
2307,2400/11
2308,15
2309,25/3
2310,12
2311,1
2312,80
2313,37950/83
2314,350
2315,2160
2316,1872
2317,420
2318,2
2319,48
2320,36
2321,360
2322,1392/5
2323,17
2324,75
2325,1000
2326,1537
2327,1120
2328,2
2329,200
2330,750/7
2331,29
2332,60/7
2333,4200
2334,0.48984
2335,150
2336,12
2337,5
2338,6822/7
2339,2
2340,2
2341,95
2342,7.2
2343,53
2344,19/84
2345,78/35
2346,52
2347,432
2348,48
2349,327
2350,1080
2351,50
2352,75/4
2353,24
2354,600
2355,400
2356,588
2357,13
2358,121.9375
2359,1243
2360,266666.7%
2361,15
2362,448
2363,8.8
2364,476
2365,330
2366,
2367,215.27338
2368,8/3
2369,24
2370,600/13
2371,480
2372,7.536
2373,75
2374,80
2375,40
2376,72
2377,43
2378,12
2379,7.8
2380,120
2381,24
2382,24
2383,3231
2384,275/2
2385,111
2386,112
2387,930
2388,15
2389,3/4
2390,360
2391,20
2392,210
2393,15
2394,27.8
2395,12
2396,511
2397,49/2
2398,22
2399,692.3%
2400,2.52
2401,896/3
2402,0.998
2403,8
2404,70
2405,40/3
2406,-9
2407,3.25
2408,11
2409,25.12
2410,8
2411,62.8
2412,5
2413,4
2414,3/5
2415,1200/29
2416,12.56
2417,600
2418,80
2419,50
2420,-2998.43
2421,600
2422,6
2423,3/2
2424,32.26667
2425,252
2426,16
2427,44
2428,75
2429,7.2
2430,2
2431,9
2432,56/9
2433,-15/4
2434,120
2435,90
2436,39.55
2437,268.8
2438,896
2439,8
2440,322/3
2441,1
2442,36
2443,2.57143
2444,440/9
2445,5
2446,150
2447,1420
2448,14
2449,981/1900
2450,33/20
2451,30
2452,6/7
2453,6
2454,39
2455,2
2456,25%
2457,176
2458,56
2459,127
2460,30/7
2461,11
2462,-2
2463,140
2464,5338
2465,15
2466,125.6
2467,6
2468,65/21
2469,5.024
2470,16
2471,44
2472,245/17
2473,120
2474,1200000000000
2475,80
2476,25
2477,28
2478,25
2479,60
2480,21
2481,-10991
2482,24
2483,8
2484,28.26
2485,600
2486,497
2487,910
2488,-82
2489,480
2490,8
2491,6
2492,402
2493,15200
2494,7
2495,196
2496,25
2497,8000
2498,7/8
2499,-48
2500,1669
2501,15800
2502,2000
2503,31
2504,65%
2505,-10
2506,40/9
2507,14/11
2508,384
2509,14
2510,9/50
2511,188.4
2512,7630
2513,18.84
2514,0.41
2515,120
2516,3
2517,15.072
2518,37.68
2519,22/5
2520,529/2
2521,5840
2522,38.465
2523,4
2524,9
2525,104
2526,48
2527,360
2528,1
2529,66
2530,18
2531,48
2532,-9
2533,60
2534,15
2535,4.71
2536,320
2537,216
2538,1.8
2539,72
2540,1/2
2541,8
2542,9
2543,1/2
2544,300
2545,60
2546,1056
2547,225
2548,875
2549,17220
2550,4
2551,5
2552,684
2553,-12.5%
2554,106
2555,3.5
2556,49/2
2557,160
2558,9
2559,432
2560,36%
2561,120
2562,9.2
2563,30
2564,30
2565,1958
2566,-19
2567,50.24
2568,2
2569,720
2570,140
2571,2842
2572,46
2573,3
2574,5
2575,60
2576,-4
2577,77.91667
2578,12.56
2579,166
2580,-16.1
2581,36
2582,13
2583,-120
2584,39.25
2585,100
2586,
2587,-13
2588,42
2589,7
2590,29.376
2591,69
2592,2955
2593,131
2594,234
2595,6000/41
2596,200
2597,159/20
2598,43.2
2599,80
2600,125
2601,3360
2602,1800
2603,3.6
2604,64
2605,54
2606,12
2607,0
2608,6.4
2609,-4
2610,240
2611,56
2612,1364
2613,5625
2614,105/2
2615,702
2616,102.4
2617,6750
2618,600
2619,1
2620,100%
2621,8
2622,7/11
2623,8
2624,4
2625,495.3463
2626,301.44
2627,36
2628,66%
2629,160
2630,117/4
2631,6000000000000
2632,4.8
2633,74
2634,6
2635,200/3
2636,450
2637,2449.2
2638,34
2639,31
2640,3
2641,2
2642,60
2643,7768
2644,18
2645,160
2646,10
2647,46
2648,320
2649,0.375
2650,25.12
2651,50
2652,10.56
2653,300
2654,75
2655,2.4
2656,10/3
2657,136
2658,8
2659,1.06053
2660,37.68
2661,20
2662,0
2663,0
2664,33
2665,1728
2666,23328
2667,98%
2668,1242/5
2669,1104/5
2670,152
2671,600
2672,1750
2673,10
2674,-21
2675,35
2676,11
2677,18
2678,784
2679,1.54074
2680,395
2681,45
2682,285.71429
2683,30
2684,10
2685,2800
2686,15%
2687,10
2688,2448
2689,29/6
2690,396
2691,5440
2692,1440
2693,546
2694,5.5
2695,16
2696,314
2697,530
2698,3
2699,24
2700,11
2701,4/7
2702,1200
2703,10
2704,84
2705,200
2706,5
2707,6
2708,6
2709,3.7
2710,17
2711,13
2712,37.5
2713,720
2714,2
2715,370
2716,1507.2
2717,60
2718,18
2719,5/2
2720,10850
2721,1512
2722,19200
2723,2223
2724,20400
2725,18/5
2726,15
2727,13
2728,2220
2729,11
2730,696/5
2731,7/3
2732,24
2733,200
2734,6
2735,200
2736,15/2
2737,1000
2738,7.0251
2739,22
2740,120
2741,8400
2742,9250
2743,85/7
2744,40
2745,15
2746,149/5
2747,24
2748,300
2749,320
2750,26
2751,16
2752,1000
2753,1/4
2754,15
2755,160
2756,1.26
2757,200
2758,60
2759,11.2
2760,2000
2761,588
2762,152
2763,432
2764,115
2765,20.8
2766,33
2767,6
2768,419
2769,25
2770,400
2771,439600
2772,6
2773,30
2774,-35/44
2775,18
2776,5
2777,14
2778,100
2779,250
2780,35/3
2781,56
2782,151/20
2783,1
2784,375
2785,8
2786,1460
2787,480
2788,32/3
2789,13
2790,7
2791,35/9
2792,36
2793,15
2794,1
2795,100
2796,41.7
2797,14/45
2798,285740
2799,12
2800,0
2801,432
2802,6
2803,100
2804,3087
2805,246
2806,-39
2807,15
2808,225/11
2809,35
2810,150.72
2811,1344
2812,100
2813,8
2814,1507.2
2815,0.5
2816,12
2817,20000
2818,490
2819,620
2820,12.56
2821,130
2822,480
2823,49/2
2824,20/11
2825,70
2826,3520
2827,2
2828,250
2829,144
2830,
2831,64
2832,10
2833,40
2834,348
2835,40
2836,19
2837,680
2838,2400
2839,-10%
2840,80
2841,364/11
2842,30
2843,18
2844,120
2845,301.44
2846,15
2847,18
2848,1884
2849,846
2850,9
2851,50.24
2852,1
2853,20
2854,27/2
2855,9.1%
2856,10
2857,28
2858,3
2859,10
2860,5500
2861,308
2862,11037
2863,-6.3
2864,18
2865,24
2866,48
2867,-20
2868,9.42
2869,1000
2870,210
2871,0
2872,1188
2873,997
2874,100.48
2875,750
2876,20
2877,94.1%
2878,6370
2879,32
2880,6
2881,72
2882,96%
2883,30
2884,80
2885,36/5
2886,75
2887,1256
2888,16560
2889,251.2
2890,1610
2891,6075
2892,6
2893,
2894,350
2895,36%
2896,4
2897,321
2898,2150
2899,1375
2900,18
2901,527
2902,53
2903,10800
2904,1305
2905,132
2906,2200
2907,1.2
2908,50.24
2909,192
2910,7
2911,72
2912,505
2913,2070
2914,0.63694
2915,160
2916,24
2917,150.72
2918,55
2919,379
2920,200
2921,576
2922,32
2923,6600
2924,16
2925,0.08
2926,11685
2927,-6
2928,750
2929,8
2930,1320
2931,950
2932,2009
2933,103/4
2934,-444
2935,502.4
2936,80/3
2937,78.5
2938,140/3
2939,0.001
2940,2250
2941,326
2942,7536
2943,252
2944,12
2945,2260.8
2946,11094
2947,200/9
2948,93
2949,11
2950,36
2951,3.63
2952,36
2953,555/7
2954,2009/12
2955,1200
2956,38
2957,286
2958,36
2959,20
2960,18
2961,24
2962,41
2963,-99
2964,50.24
2965,20/9
2966,8
2967,81
2968,45
2969,14
2970,7
2971,21.2
2972,45/13
2973,7/20
2974,6
2975,12
2976,1.28
2977,628
2978,180
2979,25
2980,333/2
2981,94.6%
2982,74
2983,1600
2984,3200
2985,1560
2986,4.224
2987,44
2988,378
2989,246
2990,34.84
2991,8.4
2992,246.49
2993,210.36
2994,2200
2995,288/5
2996,100
2997,138
2998,18
2999,35/13
3000,20
3001,137
3002,88
3003,47.1
3004,246
3005,20
3006,540
3007,19
3008,1890
3009,90.432
3010,78.5
3011,1.98
3012,10.048
3013,1271
3014,12.56
3015,5000
3016,18
3017,600/19
3018,100
3019,720
3020,50
3021,400/7
3022,40
3023,800
3024,15
3025,600
3026,11/3
3027,39200
3028,72000
3029,1600
3030,60
3031,742
3032,54/5
3033,18/5
3034,8
3035,2100
3036,140
3037,5
3038,15%
3039,1800
3040,2512
3041,0
3042,24
3043,36/5
3044,800
3045,15
3046,186.7
3047,1680
3048,8
3049,90/11
3050,3
3051,383
3052,15
3053,65
3054,38
3055,45/2
3056,400
3057,39
3058,192/5
3059,2688/5
3060,650
3061,7488
3062,50.24
3063,401.92
3064,43
3065,345
3066,960
3067,60
3068,140
3069,1000
3070,120
3071,826
3072,-200%
3073,54
3074,4.3
3075,2000
3076,25
3077,62.8
3078,360
3079,113
3080,143
3081,112
3082,25.12
3083,0.78
3084,12
3085,108
3086,1120
3087,20
3088,6
3089,61
3090,98%
3091,15
3092,0
3093,9
3094,230.6
3095,1.36
3096,2.92
3097,1.2
3098,314
3099,3
3100,2.36
3101,314/5
3102,48
3103,26
3104,9
3105,40
3106,45
3107,1650
3108,530
3109,2
3110,4
3111,180
3112,192
3113,160
3114,470
3115,1.2
3116,1050
3117,240
3118,25
3119,45
3120,113.04
3121,864
3122,450
3123,4/3
3124,6
3125,160
3126,750
3127,700
3128,6140
3129,400
3130,3250
3131,132/5
3132,10
3133,20.5
3134,1
3135,78
3136,75.36
3137,90
3138,640
3139,8
3140,97.5%
3141,12000
3142,25/2
3143,36
3144,2
3145,508
3146,0
3147,187.5
3148,1.1
3149,600
3150,22
3151,-60
3152,6
3153,150
3154,2.2
3155,12
3156,24
3157,12
3158,121
3159,12
3160,200000
3161,35/4
3162,96
3163,20%
3164,1.44
3165,64
3166,264
3167,39
3168,94
3169,400
3170,20
3171,160
3172,32
3173,15
3174,76
3175,140
3176,1791
3177,41
3178,624
3179,48
3180,2700
3181,36.3
3182,5.6
3183,0.7
3184,720
3185,180
3186,5.5
3187,-121
3188,807
3189,5
3190,72
3191,255
3192,184
3193,60
3194,720
3195,30
3196,52
3197,6400
3198,1800
3199,465
3200,70
3201,96
3202,900
3203,48
3204,85
3205,11
3206,910
3207,94
3208,93
3209,85
3210,120
3211,360
3212,72
3213,8
3214,9
3215,75
3216,600
3217,800
3218,24
3219,130
3220,11
3221,4
3222,15
3223,420
3224,540
3225,175
3226,160
3227,3/7
3228,30
3229,8
3230,2520
3231,384
3232,360
3233,738
3234,6
3235,2880
3236,936
3237,3250/3
3238,175
3239,85
3240,252
3241,233/8
3242,1158
3243,1160
3244,1600
3245,50
3246,1820
3247,372
3248,1880
3249,2100
3250,280
3251,78
3252,300
3253,1200
3254,30
3255,6
3256,25/16
3257,3
3258,8
3259,90
3260,1692
3261,8
3262,3750
3263,24
3264,27075
3265,7
3266,7
3267,1980
3268,35
3269,186
3270,225
3271,24
3272,27
3273,8
3274,75
3275,336
3276,180
3277,35
3278,305
3279,625
3280,784
3281,5124
3282,6
3283,130
3284,1208
3285,5
3286,11
3287,9
3288,7632
3289,5400
3290,250
3291,218
3292,622080
3293,9
3294,45
3295,29
3296,86
3297,200
3298,1000
3299,105
3300,13
3301,27
3302,228
3303,109
3304,99
3305,11
3306,447
3307,477
3308,103
3309,39
3310,112
3311,660
3312,84
3313,9
3314,31
3315,7
3316,63
3317,315
3318,362
3319,8
3320,880
3321,54
3322,605
3323,21
3324,7680
3325,60
3326,200
3327,8250
3328,1425
3329,32
3330,80
3331,90
3332,250
3333,1440
3334,420
3335,90
3336,203
3337,217/10
3338,448
3339,576
3340,200
3341,720
3342,95
3343,4
3344,569
3345,5
3346,100
3347,15
3348,1800
3349,180
3350,32
3351,13
3352,13
3353,48
3354,39
3355,2600
3356,784
3357,130
3358,60
3359,188
3360,550
3361,520
3362,204
3363,252
3364,320
3365,40
3366,37
3367,400
3368,119
3369,10
3370,500/3
3371,13215
3372,1052
3373,1320
3374,658
3375,180
3376,34
3377,910
3378,300
3379,256
3380,27
3381,1043
3382,105
3383,117
3384,1004
3385,84
3386,-20
3387,15
3388,24
3389,25
3390,98
3391,27
3392,960
3393,60
3394,40
3395,130
3396,24
3397,25
3398,-60
3399,100
3400,-3600
3401,55
3402,54
3403,52
3404,-30
3405,89
3406,326
3407,200
3408,14
3409,32
3410,7
3411,450
3412,216
3413,4185
3414,9
3415,207
3416,13750
3417,300/61
3418,16
3419,298
3420,52
3421,111
3422,552
3423,5014
3424,1764
3425,36
3426,1
3427,432
3428,288
3429,25
3430,900
3431,38
3432,447/160
3433,0
3434,131
3435,4.2025
3436,648
3437,39/2
3438,115/38
3439,87
3440,-147.28
3441,750
3442,12
3443,
3444,2015
3445,279
3446,700
3447,0
3448,115
3449,96
3450,1400
3451,172
3452,5200
3453,1545
3454,324
3455,98
3456,27/2
3457,1900/7
3458,100
3459,8
3460,33
3461,4
3462,15
3463,42/125
3464,34
3465,3
3466,690
3467,180
3468,57.9
3469,430
3470,-8.1
3471,15
3472,12.7
3473,1000
3474,13
3475,250
3476,23
3477,25
3478,200
3479,600
3480,720
3481,4.88136
3482,100/3
3483,396.25
3484,800
3485,12
3486,10
3487,27/2
3488,288
3489,150
3490,20
3491,192
3492,-32/3
3493,882
3494,1000
3495,30
3496,-23/16
3497,648/125
3498,1.2
3499,6
3500,6
3501,16
3502,100
3503,800
3504,32
3505,3120
3506,25
3507,10
3508,275
3509,3200
3510,300
3511,420
3512,50
3513,875
3514,-56.5
3515,5760
3516,352
3517,72
3518,400
3519,3500
3520,192
3521,8
3522,24
3523,32
3524,36
3525,500
3526,
3527,238.64
3528,9/2
3529,58
3530,40
3531,-545/112
3532,16.86667
3533,324
3534,1/5
3535,5000
3536,9
3537,6
3538,192
3539,396
3540,50
3541,2400
3542,12180
3543,2675
3544,6
3545,324
3546,58/5
3547,2988
3548,735
3549,2000
3550,8
3551,75
3552,15/4
3553,5050
3554,205
3555,720
3556,316
3557,-1
3558,250000
3559,30/161
3560,428
3561,1720
3562,840
3563,9
3564,380
3565,176
3566,32
3567,123
3568,1488
3569,2
3570,12
3571,6
3572,16
3573,35
3574,42
3575,8800
3576,6
3577,5
3578,48
3579,50
3580,3960
3581,80
3582,75
3583,78
3584,48600
3585,367/9
3586,0
3587,1209
3588,6480
3589,737/7
3590,4500
3591,52
3592,45
3593,168
3594,290
3595,2000
3596,175
3597,6
3598,23
3599,-115/3
3600,114
3601,89600
3602,74
3603,817
3604,100
3605,640
3606,40
3607,60
3608,42
3609,6
3610,-726/5
3611,100
3612,634.2
3613,40
3614,945
3615,8
3616,480
3617,112
3618,2560
3619,160
3620,129
3621,10
3622,450
3623,222
3624,0
3625,2240
3626,102
3627,128
3628,1080
3629,1120
3630,1200
3631,920
3632,0
3633,13000
3634,3575
3635,125
3636,140
3637,519
3638,0
3639,300
3640,166
3641,6
3642,108
3643,3330
3644,21.45
3645,24
3646,24
3647,2450
3648,21
3649,690
3650,20
3651,3
3652,48
3653,250
3654,168
3655,27
3656,175
3657,1035
3658,70
3659,982
3660,24
3661,3600
3662,18
3663,51/2
3664,-1.5
3665,566
3666,98
3667,410
3668,90/7
3669,588
3670,2916
3671,1440
3672,13
3673,100
3674,4.9
3675,640
3676,10665
3677,359/42
3678,-11.68333
3679,5880
3680,10080
3681,880
3682,72/5
3683,600
3684,6.25
3685,272
3686,1536
3687,400
3688,1000
3689,384
3690,300
3691,405
3692,91
3693,39
3694,1118
3695,504
3696,111
3697,-9
3698,7500
3699,183
3700,1632
3701,390
3702,880
3703,4
3704,1350
3705,17/4
3706,4500
3707,168
3708,
3709,44
3710,6
3711,104
3712,18090
3713,168
3714,159
3715,570
3716,10000
3717,509
3718,52
3719,1026
3720,65/4
3721,318
3722,655
3723,72
3724,158625
3725,7
3726,8
3727,320
3728,744
3729,150
3730,1250
3731,84
3732,4/7
3733,136
3734,534
3735,800
3736,107
3737,3800
3738,448
3739,14000
3740,429
3741,600
3742,728
3743,4710
3744,140
3745,450
3746,424
3747,196
3748,300
3749,30
3750,2492
3751,60
3752,200
3753,288
3754,1176
3755,360
3756,29
3757,52
3758,3360
3759,5000
3760,270
3761,96
3762,206
3763,3
3764,0.42
3765,11
3766,5
3767,2210
3768,300
3769,36
3770,49
3771,2160
3772,108
3773,733
3774,600
3775,11
3776,20000
3777,60
3778,380
3779,3
3780,2208
3781,15
3782,88
3783,175
3784,64
3785,16/5
3786,23800
3787,68
3788,828
3789,555
3790,650
3791,3430
3792,126
3793,65
3794,190
3795,93.6
3796,24
3797,18
3798,102
3799,938
3800,1100
3801,1.08
3802,8500
3803,3
3804,9
3805,84
3806,1679
3807,4400
3808,54
3809,47
3810,10
3811,144
3812,60
3813,45
3814,900
3815,24
3816,667
3817,-225
3818,90
3819,36
3820,10850
3821,40
3822,36
3823,20
3824,120
3825,124
3826,36
3827,820/3
3828,2160
3829,1770
3830,231/2
3831,62.208
3832,112000
3833,185
3834,225/2
3835,60
3836,1024
3837,9
3838,45
3839,2970
3840,81/100
3841,1232
3842,192
3843,6469
3844,6
3845,46/9
3846,7
3847,576
3848,25/3
3849,5850
3850,90
3851,256
3852,1400
3853,54
3854,2520
3855,175
3856,3456
3857,216
3858,455
3859,5250
3860,960
3861,96
3862,140
3863,1440
3864,468
3865,3900
3866,150
3867,375
3868,368
3869,5000
3870,10
3871,40
3872,14
3873,1120
3874,27
3875,5760
3876,54
3877,120
3878,558
3879,3000
3880,10.24
3881,10
3882,-120
3883,-310
3884,30
3885,417
3886,864
3887,80
3888,80
3889,7200
3890,144
3891,12
3892,1.46
3893,108
3894,5
3895,24
3896,315
3897,2916
3898,11
3899,31/14
3900,70
3901,10/3
3902,40
3903,2800
3904,1
3905,94
3906,288
3907,168
3908,14.5
3909,3.6
3910,410
3911,400
3912,637
3913,425
3914,4141
3915,175
3916,900
3917,5/2
3918,3360
3919,312
3920,900
3921,610
3922,2100
3923,30
3924,775
3925,10/13
3926,4
3927,240
3928,225
3929,150
3930,208
3931,-3.73
3932,5/9
3933,45453/25
3934,95
3935,25
3936,1680
3937,27/10
3938,651
3939,3240
3940,396
3941,1247
3942,2
3943,768
3944,12
3945,118
3946,204
3947,19/6
3948,60
3949,645/53
3950,1035
3951,420
3952,84
3953,270
3954,462
3955,1600
3956,682
3957,1
3958,78
3959,8
3960,1050
3961,81
3962,64
3963,375
3964,437
3965,39
3966,10/3
3967,-89/3
3968,384
3969,24/7
3970,10000
3971,80
3972,655
3973,27840
3974,60
3975,40
3976,85/4
3977,-48.88889
3978,435
3979,750
3980,22
3981,117/10
3982,5
3983,-4/117
3984,-30
3985,300
3986,51
3987,1.5
3988,160
3989,350
3990,2100
3991,1/10
3992,612/5
3993,69
3994,400
3995,212
3996,13.5
3997,46
3998,600
3999,585
4000,102
4001,19
4002,1485
4003,2304
4004,-1517
4005,4/3
4006,76
4007,58/3
4008,925
4009,144
4010,740
4011,8
4012,192
4013,1342
4014,135
4015,0
4016,20
4017,706
4018,25.2
4019,18.4
4020,9
4021,0.8
4022,45
4023,230
4024,9
4025,520
4026,3046
4027,114
4028,400
4029,4
4030,8
4031,288
4032,15
4033,960
4034,17
4035,35
4036,4
4037,2304
4038,79280
4039,1.40873
4040,0
4041,500
4042,50
4043,800
4044,12
4045,160
4046,2400
4047,18000
4048,88
4049,72
4050,48/5
4051,-107/12
4052,150
4053,18
4054,16.66667
4055,324
4056,70
4057,250
4058,234
4059,288
4060,240
4061,1725.5
4062,48
4063,645
4064,2
4065,87/5
4066,188
4067,48816
4068,-90
4069,448
4070,17.71429
4071,20/3
4072,45/34
4073,110
4074,1400
4075,280
4076,30
4077,6
4078,13.25
4079,50
4080,8
4081,176
4082,965
4083,1712
4084,6
4085,600
4086,184/9
4087,1442
4088,1200
4089,632
4090,48
4091,930
4092,22
4093,20
4094,9600
4095,2884
4096,1
4097,3
4098,253
4099,2040
4100,100
4101,4/3
4102,1600
4103,0
4104,1800
4105,1600
4106,135
4107,3456
4108,61
4109,29.7
4110,8
4111,6/5
4112,5
4113,37
4114,4060
4115,90
4116,9
4117,16
4118,19200
4119,690
4120,24
4121,18
4122,52
4123,8
4124,12
4125,20
4126,6000
4127,1130
4128,98
4129,75
4130,34
4131,722
4132,1095
4133,26.2
4134,266
4135,27.3
4136,456
4137,-672/5
4138,26/3
4139,14400
4140,50
4141,31/2
4142,9600
4143,675
4144,1112
4145,215
4146,37
4147,130/3
4148,577
4149,1163
4150,500
4151,30
4152,38
4153,504
4154,837
4155,26/5
4156,1380
4157,424
4158,2.57143
4159,66
4160,54
4161,40
4162,3768
4163,16692/5
4164,870
4165,300
4166,109
4167,10
4168,4322
4169,-5
4170,864
4171,294
4172,4.736
4173,6400
4174,3456
4175,225
4176,28
4177,3.4399
4178,1808.64
4179,52.5
4180,20040000
4181,12
4182,-104
4183,169
4184,960
4185,18.15
4186,-9
4187,2592
4188,60
4189,4
4190,216
4191,1256
4192,8
4193,99
4194,155%
4195,1017.36
4196,100
4197,32
4198,502.4
4199,54
4200,432
4201,648/215
4202,2407.7%
4203,64000
4204,12.56
4205,18750
4206,16
4207,1477
4208,136
4209,780
4210,83
4211,16
4212,81
4213,180/29
4214,260
4215,30
4216,4
4217,18
4218,21
4219,1050
4220,198
4221,36
4222,28
4223,384
4224,5
4225,326.56
4226,-76
4227,180
4228,560/11
4229,188.4
4230,4
4231,56
4232,14.13
4233,87.5%
4234,75.36
4235,56
4236,28
4237,72
4238,2
4239,2
4240,100
4241,30
4242,48
4243,850/3
4244,60
4245,2560
4246,700
4247,9
4248,1760
4249,20/3
4250,56
4251,27
4252,900
4253,5
4254,0
4255,1.96
4256,16.8
4257,0
4258,1410
4259,24
4260,-4
4261,1644
4262,30
4263,738
4264,288
4265,8
4266,1.3
4267,56
4268,50
4269,31.4
4270,4
4271,46
4272,-35
4273,43
4274,96
4275,540
4276,0
4277,175
4278,30
4279,8721
4280,306
4281,10930.34
4282,4/3
4283,50
4284,27
4285,900
4286,87.8
4287,2700
4288,90
4289,495360
4290,80
4291,4/3
4292,11
4293,5855
4294,375
4295,144
4296,64
4297,-413
4298,713
4299,40
4300,7
4301,15
4302,1440
4303,5
4304,60
4305,100
4306,40
4307,24
4308,9/20
4309,200
4310,895
4311,1100/3
4312,30
4313,96
4314,20%
4315,10%
4316,2646
4317,7/5
4318,48
4319,4
4320,187
4321,4
4322,5
4323,260
4324,3549.456
4325,75.36
4326,51.46
4327,2.09333
4328,140
4329,7.72667
4330,128
4331,2606
4332,6
4333,288
4334,342
4335,1024
4336,45/2
4337,442/5
4338,32
4339,64
4340,8%
4341,50
4342,360
4343,-1500
4344,-2
4345,9.03333
4346,40%
4347,25.4
4348,500%
4349,28/5
4350,248/3
4351,1400/3
4352,6
4353,16
4354,14/5
4355,1/5
4356,5/6
4357,480
4358,1.82
4359,18
4360,200
4361,1920
4362,2
4363,40/3
4364,1440
4365,8/3
4366,60
4367,23/15
4368,1440
4369,2088
4370,1147/8
4371,106625
4372,24
4373,18
4374,39
4375,3/5
4376,76
4377,1
4378,50
4379,81/2
4380,56.52
4381,100
4382,26
4383,45
4384,284
4385,240
4386,175
4387,-1.66887
4388,-55
4389,59/20
4390,-2000
4391,1176
4392,17.5
4393,3
4394,18
4395,6400
4396,6400
4397,40000/3
4398,20/3
4399,7
4400,20
4401,440/9
4402,192
4403,25
4404,200
4405,23
4406,23
4407,16.8
4408,45/2
4409,109/9
4410,80
4411,2449
4412,2.63441
4413,1704
4414,1236
4415,40
4416,40
4417,80
4418,3140
4419,270
4420,8.52
4421,75
4422,38/3
4423,502
4424,628
4425,375
4426,8400
4427,42/5
4428,150.72
4429,56.52
4430,56.52
4431,21
4432,12/7
4433,160
4434,1
4435,180
4436,39.25
4437,-4
4438,14.13
4439,6
4440,10
4441,1400
4442,1250%
4443,94.2
4444,3400/3
4445,25
4446,5670/29
4447,8
4448,502.4
4449,1413
4450,28.26
4451,3
4452,150.72
4453,10
4454,103680
4455,36
4456,945
4457,125/36
4458,5
4459,30/7
4460,180
4461,1526.04
4462,15000
4463,64.37
4464,307.72
4465,28.26
4466,12
4467,6.28
4468,68
4469,840
4470,18
4471,375
4472,56.52
4473,0.3
4474,459/10
4475,100.48
4476,2
4477,17
4478,5
4479,120
4480,100
4481,213
4482,678.24
4483,438
4484,240
4485,96
4486,4608
4487,19600
4488,5
4489,50.24
4490,29.29562
4491,1.35
4492,62.8
4493,-85.5
4494,-25
4495,104/3
4496,100.48
4497,3
4498,628
4499,720
4500,153/2
4501,170
4502,7
4503,360
4504,75.36
4505,30%
4506,50.24
4507,25.12
4508,3.14
4509,4916.04938
4510,25
4511,-8000/17
4512,36
4513,70
4514,0
4515,6
4516,62.8
4517,113.04
4518,65.94
4519,34
4520,2/9
4521,1.8
4522,5100
4523,3.14
4524,4.56
4525,140.4
4526,1175.616
4527,14382
4528,1600/27
4529,1440
4530,96
4531,60
4532,5000
4533,1.91083
4534,-100
4535,2.33333
4536,135
4537,480
4538,0.5
4539,219.8
4540,2300
4541,7
4542,251.2
4543,28.26
4544,188
4545,157
4546,480
4547,-84
4548,148
4549,602
4550,50.24
4551,100%
4552,28.26
4553,600
4554,39.8
4555,226
4556,160.14
4557,157
4558,-73
4559,30
4560,6.28
4561,21.98
4562,6.6
4563,13.33333
4564,11/2
4565,3200
4566,1
4567,41.4
4568,314
4569,97.5%
4570,56.8
4571,43/3
4572,0.5
4573,15.7
4574,12.56
4575,4
4576,108
4577,40192
4578,3516.8
4579,18.0864
4580,20/3
4581,188.4
4582,60
4583,60.288
4584,-80
4585,50.24
4586,50.24
4587,107/125
4588,-400
4589,1400
4590,-35/2
4591,4
4592,96
4593,1884
4594,-88/73
4595,6
4596,20/3
4597,3/20
4598,3
4599,110
4600,9420
4601,125.6
4602,225/4
4603,500/13
4604,2.512
4605,12.56
4606,11304
4607,50.24
4608,33/34
4609,3974
4610,300
4611,62.8
4612,78.5
4613,50.24
4614,19.5
4615,9.42
4616,0.3
4617,942
4618,240
4619,254.34
4620,50.24
4621,5555555.6%
4622,18
4623,32
4624,1.04667
4625,600
4626,4
4627,28.26
4628,144
4629,15
4630,14.2
4631,2
4632,1564/25
4633,12
4634,-20
4635,19
4636,48
4637,44
4638,2
4639,21
4640,9
4641,3.14
4642,14.13
4643,7.065
4644,7570
4645,1964
4646,12.5
4647,64
4648,3
4649,195
4650,38.465
4651,47
4652,800
4653,173.25
4654,1000
4655,3.1
4656,-210
4657,452.16
4658,29
4659,18.9
4660,50.24
4661,1530
4662,12309
4663,353.25
4664,4.66667
4665,126
4666,27
4667,3.14
4668,73
4669,7850
4670,32
4671,251.2
4672,212
4673,180/7
4674,1875/4
4675,3
4676,314
4677,16%
4678,15.35833
4679,703.36
4680,60
4681,33/56
4682,75%
4683,16
4684,2816
4685,21.83803
4686,1
4687,200
4688,900
4689,13/25
4690,2.54118
4691,15/17
4692,75
4693,615.44
4694,36.4
4695,1205.76
4696,70
4697,0.12
4698,17.33333
4699,314
4700,78.5
4701,101
4702,0.01
4703,100/41
4704,7/30
4705,94.2
4706,750
4707,189
4708,469
4709,76
4710,120%
4711,42
4712,658
4713,111
4714,113.04
4715,5.664
4716,67.31108
4717,28.26
4718,720
4719,53.50476
4720,168
4721,562
4722,894
4723,70/67
4724,113.04
4725,57
4726,27
4727,20
4728,314
4729,60
4730,2.07006
4731,210
4732,650
4733,36
4734,11200
4735,100.48
4736,9/4
4737,19
4738,3/20
4739,1600
4740,25.12
4741,2325.3757
4742,0.02
4743,10.048
4744,698
4745,392.5
4746,12
4747,42
4748,251.2
4749,125.6
4750,252
4751,24
4752,0.38061
4753,361
4754,194400/13
4755,8400
4756,62.8
4757,714
4758,243/10
4759,75/2
4760,50.24
4761,5/48
4762,3.8
4763,2
4764,105.53
4765,45/2
4766,1507200
4767,1256
4768,0.1
4769,803.84
4770,19.625
4771,28.26
4772,12.597
4773,117
4774,227
4775,80/3
4776,773.9786
4777,235.5
4778,-75%
4779,216
4780,180
4781,278.6323
4782,31.4
4783,576/5
4784,564
4785,78500
4786,480
4787,100
4788,168
4789,30.95914
4790,30
4791,11925
4792,78.5
4793,1256
4794,72
4795,50.24
4796,706.5
4797,6.28
4798,30/13
4799,56.52
4800,314
4801,0.1256
4802,0.22294
4803,125.6
4804,-535
4805,552.64
4806,6311
4807,942000
4808,376.8
4809,643072
4810,452.16
4811,1884
4812,126
4813,950
4814,980
4815,384
4816,97.4%
4817,31/40
4818,440
4819,3918
4820,336
4821,113.04
4822,5.852
4823,0.04684
4824,38.46154
4825,93
4826,4.5
4827,540
4828,0.03489
4829,144
4830,196.25
4831,2826
4832,352
4833,5
4834,785
4835,360
4836,105.5
4837,1688.064
4838,157
4839,354.9456
4840,1055.04
4841,2
4842,108/5
4843,-56.11905
4844,-270
4845,-41
4846,16
4847,316
4848,696
4849,160
4850,27
4851,1
4852,4140
4853,353
4854,8/15
4855,20
4856,45
4857,-440
4858,16
4859,1/30
4860,
4861,157
4862,15.42998
4863,90
4864,4/7
4865,125.6
4866,15
4867,5/4
4868,291
4869,15
4870,14/3
4871,40/9
4872,50
4873,1507.2
4874,301440
4875,125.6
4876,628
4877,1256
4878,4800
4879,75%
4880,12
4881,1/8
4882,60/7
4883,3
4884,1
4885,140
4886,12
4887,1
4888,23
4889,7/15
4890,6
4891,50
4892,-50
4893,2200
4894,9990
4895,1536
4896,125/2
4897,1505
4898,-36
4899,15/8
4900,78.5
4901,45/19
4902,72
4903,140
4904,50.24
4905,50.24
4906,20
4907,2
4908,2
4909,100
4910,18
4911,25.12
4912,0
4913,3
4914,600
4915,21
4916,567/5
4917,12
4918,36/7
4919,-223
4920,0
4921,19305
4922,39.2
4923,-12
4924,15/8
4925,144
4926,1000
4927,1530
4928,240
4929,7
4930,-124
4931,1.8
4932,5
4933,16
4934,31.5
4935,40/9
4936,38
4937,10
4938,119/3
4939,40/9
4940,0.36746
4941,210
4942,4.6
4943,10
4944,67.5
4945,20/7
4946,8/3
4947,157
4948,7.4
4949,12.81818
4950,19
4951,205
4952,5
4953,36
4954,1600
4955,1/5
4956,52
4957,12
4958,3/2
4959,100.48
4960,37.68
4961,120
4962,9%
4963,30/13
4964,1.6
4965,120/79
4966,21
4967,94
4968,28
4969,62
4970,68
4971,45
4972,68
4973,43
4974,18
4975,63
4976,9
4977,18
4978,80
4979,-7
4980,56
4981,9
4982,84
4983,56
4984,24
4985,24
4986,16
4987,136
4988,36
4989,42
4990,35
4991,18
4992,4
4993,5
4994,6
4995,28
4996,18
4997,24
4998,94
4999,30
5000,36
5001,27
5002,32
5003,60
5004,78
5005,125
5006,-33
5007,23
5008,120
5009,-48
5010,61
5011,47
5012,8
5013,-7
5014,7
5015,4
5016,6
5017,6
5018,26
5019,8
5020,8
5021,28
5022,47
5023,27
5024,9
5025,47
5026,81
5027,19
5028,28
5029,20
5030,-27
5031,34
5032,44
5033,27
5034,17
5035,24
5036,-2
5037,11
5038,38
5039,78
5040,5
5041,-8
5042,25
5043,31
5044,80
5045,19
5046,42
5047,4
5048,21
5049,18
5050,13
5051,3
5052,11
5053,25
5054,66
5055,91
5056,35
5057,90
5058,56
5059,26
5060,81
5061,4
5062,55
5063,55
5064,6
5065,18
5066,30
5067,98
5068,97
5069,80
5070,-2
5071,51
5072,88
5073,16
5074,24
5075,208
5076,26
5077,-4
5078,42
5079,7
5080,27
5081,30
5082,6
5083,40
5084,13
5085,56
5086,32
5087,24
5088,18
5089,33
5090,64
5091,16
5092,24
5093,23
5094,8
5095,12
5096,8
5097,16
5098,15
5099,27
5100,14
5101,18
5102,6
5103,15
5104,-40
5105,162
5106,33
5107,7
5108,19
5109,20
5110,82
5111,21
5112,-7
5113,27
5114,172
5115,23
5116,-17
5117,-30
5118,1406.72
5119,32
5120,59/2
5121,75/2
5122,1800
5123,6
5124,13290
5125,52
5126,8
5127,17
5128,700
5129,-40/3
5130,5
5131,935
5132,266
5133,12
5134,40
5135,30
5136,21/2
5137,0
5138,15
5139,94.2
5140,62.8
5141,6.28
5142,91/25
5143,1791
5144,3
5145,6
5146,15/32
5147,100
5148,7234.56
5149,1
5150,1232
5151,41
5152,-2700/17
5153,377
5154,29.16
5155,3380
5156,50.24
5157,1
5158,193500
5159,240
5160,40
5161,255
5162,19
5163,13/5
5164,4000
5165,5
5166,27
5167,1998
5168,36
5169,628
5170,670/3
5171,25.12
5172,1.008
5173,240
5174,30
5175,-2
5176,120
5177,32
5178,15.7
5179,675
5180,2800
5181,1
5182,5000
5183,90
5184,75/11
5185,2
5186,1450
5187,2117
5188,14
5189,1300
5190,3
5191,16
5192,12
5193,8
5194,70
5195,-180
5196,4
5197,18
5198,46
5199,-1.62
5200,-960
5201,0.048
5202,27/4
5203,14
5204,18
5205,36.3
5206,26
5207,500
5208,12/5
5209,1.28
5210,60
5211,502.4
5212,2184
5213,3000
5214,25
5215,0.0625
5216,18/23
5217,42.39
5218,46
5219,31.4
5220,280
5221,8
5222,3600
5223,80
5224,25600
5225,36
5226,50
5227,7
5228,56
5229,-5999
5230,251.2
5231,16
5232,273/10
5233,63
5234,3360
5235,900
5236,987.2
5237,3.14
5238,42
5239,27/2
5240,12.86957
5241,2300
5242,600
5243,314
5244,3200/3
5245,64
5246,0
5247,39
5248,94
5249,10
5250,50
5251,20
5252,640
5253,32
5254,15
5255,76
5256,5.6
5257,61
5258,76
5259,0
5260,63
5261,4125/4
5262,252
5263,500
5264,2.15
5265,10
5266,552
5267,116.25
5268,3060
5269,62
5270,32
5271,-90
5272,10
5273,35
5274,160
5275,1/10
5276,450/11
5277,13.09524
5278,4800%
5279,3040
5280,1920
5281,0.32
5282,72
5283,1460
5284,200
5285,131880
5286,8.37333
5287,31.4
5288,10
5289,-10
5290,108
5291,25/2
5292,-8104
5293,901
5294,100
5295,384
5296,11
5297,6
5298,27/2
5299,100
5300,252/5
5301,800
5302,-143
5303,600/83
5304,28
5305,396
5306,21
5307,56/3
5308,4000
5309,400
5310,1155/4
5311,8.64
5312,3/2
5313,296/5
5314,129/20
5315,4.18667
5316,1071/4
5317,70
5318,160
5319,3840
5320,2900/9
5321,12
5322,0
5323,28.26
5324,153.86
5325,165
5326,50
5327,9
5328,20
5329,123360.17313
5330,1000
5331,-96
5332,1/16
5333,3161
5334,36
5335,6400
5336,1440
5337,5040/23
5338,51
5339,48
5340,1269/2
5341,2000
5342,29
5343,384
5344,301.44
5345,565.2
5346,10
5347,108
5348,14
5349,250
5350,1920
5351,1320
5352,114
5353,2600
5354,106/7
5355,400/21
5356,19200
5357,480
5358,280/13
5359,20
5360,15700
5361,51/5
5362,7
5363,40/49
5364,10
5365,50
5366,800
5367,5
5368,226.08
5369,4.5216
5370,516
5371,180/17
5372,10000
5373,30
5374,26
5375,496/5
5376,-60
5377,4
5378,2565
5379,200
5380,0.6
5381,180
5382,140
5383,33
5384,126/5
5385,100/3
5386,8
5387,800
5388,8
5389,8
5390,82/7
5391,40
5392,8.4
5393,15
5394,3/4
5395,8/5
5396,500
5397,2888
5398,140
5399,980/37
5400,2275
5401,9000/7
5402,132
5403,-7/2
5404,21
5405,0.384
5406,304
5407,1636
5408,21
5409,0
5410,30
5411,80
5412,48
5413,89
5414,157
5415,40
5416,50/7
5417,126
5418,12/25
5419,4800
5420,4800
5421,25/6
5422,10
5423,9
5424,120
5425,1
5426,600
5427,1
5428,60
5429,900
5430,48
5431,60
5432,80000/3
5433,435/2
5434,2
5435,2
5436,36
5437,18/5
5438,252
5439,41385
5440,512
5441,64
5442,24
5443,48
5444,4/161
5445,0.2
5446,38
5447,2.9
5448,2.7
5449,0.5
5450,0.5
5451,32
5452,561.6
5453,900
5454,80
5455,36
5456,2/25
5457,2238.4
5458,314
5459,125
5460,15
5461,6.28
5462,6
5463,1035
5464,3
5465,40
5466,26
5467,25/3
5468,1.7
5469,25.9
5470,300
5471,80
5472,18
5473,180
5474,20
5475,3828
5476,10/3
5477,720
5478,100
5479,18000
5480,12
5481,8
5482,40
5483,1.57895
5484,1
5485,7.2
5486,0.07992
5487,206
5488,100
5489,6
5490,61
5491,61
5492,44
5493,53
5494,78000%
5495,42
5496,1620
5497,3
5498,1333
5499,3750
5500,7.10178
5501,92
5502,9
5503,1240
5504,1060
5505,-525
5506,7/2
5507,450
5508,485
5509,100
5510,33
5511,1680/23
5512,32
5513,513
5514,190
5515,5/4
5516,882
5517,1200
5518,610/11
5519,769.5
5520,32
5521,2016
5522,42000
5523,2080
5524,45
5525,7
5526,420
5527,352/5
5528,2.744
5529,-3461
5530,52
5531,2200
5532,270
5533,48
5534,5
5535,1039.04
5536,5400
5537,-21/2
5538,1.82
5539,120
5540,88
5541,90
5542,63
5543,428
5544,1.91083
5545,24
5546,30.68889
5547,73
5548,0
5549,60
5550,3600
5551,47355
5552,1560
5553,15
5554,18
5555,1650
5556,96
5557,-41
5558,-4
5559,300/11
5560,2.4
5561,300
5562,13200
5563,760
5564,12
5565,30
5566,65.78
5567,45
5568,4/5
5569,120
5570,25/2
5571,-166/5
5572,208
5573,9250
5574,552
5575,54
5576,63/4
5577,86.94
5578,7.75
5579,140
5580,40.8
5581,32
5582,0.86667
5583,1120
5584,120
5585,12
5586,130
5587,420
5588,360
5589,38
5590,3
5591,1600
5592,195
5593,1080
5594,62.5
5595,249
5596,212
5597,1407/17
5598,723
5599,5400
5600,480
5601,-3500/3
5602,270
5603,90
5604,16/25
5605,185/2
5606,-4240
5607,7
5608,13210
5609,4000
5610,19.8
5611,21
5612,84
5613,408120
5614,138
5615,60
5616,6.28
5617,5880
5618,7/10
5619,5.1
5620,4.3
5621,6280
5622,235.5
5623,2
5624,24
5625,200
5626,10
5627,280
5628,120
5629,240
5630,250
5631,728
5632,44
5633,810
5634,272/25
5635,94.2
5636,0
5637,18369/5
5638,30
5639,0
5640,2/5
5641,-364.2
5642,2592
5643,48
5644,10
5645,96
5646,37/7
5647,28.26
5648,136/5
5649,120
5650,40/3
5651,10.54642
5652,400
5653,375
5654,1/13
5655,35
5656,500
5657,12
5658,-14
5659,8
5660,160
5661,9
5662,80
5663,25/8
5664,4
5665,-2.63918
5666,30
5667,1750/3
5668,120
5669,3
5670,500
5671,2.178
5672,3000
5673,60
5674,960
5675,157
5676,31537.5
5677,18
5678,40
5679,1500
5680,500
5681,79.5
5682,3768
5683,157
5684,600
5685,565.2
5686,100
5687,696
5688,195.936
5689,150
5690,25
5691,2000
5692,25
5693,24
5694,1
5695,350
5696,525
5697,1600
5698,24
5699,168
5700,28.26
5701,20
5702,40
5703,-140
5704,49
5705,80
5706,1570.5
5707,480
5708,23.22222
5709,13900
5710,1107
5711,40
5712,96
5713,1600
5714,1.1
5715,109.9
5716,113
5717,8
5718,192
5719,2
5720,945
5721,18.84
5722,25/16
5723,5
5724,-60
5725,105
5726,11.7
5727,314
5728,12
5729,1
5730,9
5731,1400
5732,224
5733,1.49167
5734,5702
5735,56
5736,13055.08506
5737,400
5738,3430
5739,45
5740,8
5741,19.2
5742,20
5743,90
5744,600
5745,-359
5746,4800
5747,33
5748,2000
5749,4458.11674
5750,702
5751,83/175
5752,143.2
5753,285
5754,291
5755,90
5756,142
5757,93
5758,44
5759,18
5760,15
5761,3/4
5762,210
5763,98
5764,37
5765,18
5766,2240
5767,144/5
5768,720
5769,260
5770,-1775
5771,200
5772,0
5773,75
5774,75/2
5775,32000/7
5776,50
5777,720
5778,24
5779,6175
5780,88
5781,-1.72414
5782,192
5783,6
5784,20
5785,2000
5786,580
5787,44
5788,101275
5789,1000
5790,110
5791,2
5792,28920
5793,9020
5794,40
5795,324
5796,420
5797,6
5798,
5799,6.48
5800,648
5801,8
5802,250
5803,0.7
5804,3
5805,2
5806,1440
5807,230
5808,60
5809,391/5
5810,18
5811,79/4
5812,3
5813,343.75
5814,764
5815,81/4
5816,81
5817,44
5818,2
5819,4.5
5820,48.6
5821,36
5822,-6
5823,38
5824,20
5825,4.09091
5826,20000
5827,7650
5828,160/3
5829,23810
5830,2550
5831,144
5832,2275
5833,8
5834,361/5
5835,1083/5
5836,4830.76923
5837,-1.36364
5838,44.3682
5839,6.28
5840,0
5841,32
5842,100
5843,12
5844,278
5845,93
5846,1246/5
5847,1600
5848,1100
5849,144
5850,4.53333
5851,62.4
5852,25
5853,8640
5854,128
5855,1625
5856,9000
5857,4000
5858,4740
5859,24
5860,70
5861,6.4
5862,126.7
5863,377
5864,42
5865,5.1676
5866,150
5867,195/2
5868,4/45
5869,10.2528
5870,15
5871,12
5872,1298/3
5873,1.82857
5874,105
5875,51
5876,16
5877,72
5878,500
5879,450
5880,7
5881,501
5882,18
5883,
5884,24/5
5885,100
5886,2/3
5887,4.41667
5888,320
5889,53
5890,31
5891,45
5892,41
5893,58.55
5894,2000
5895,32
5896,750
5897,14.4
5898,5460
5899,100/3
5900,3240
5901,6
5902,2750
5903,0
5904,386880
5905,182
5906,474
5907,7
5908,21
5909,7
5910,49
5911,9
5912,64
5913,33
5914,25
5915,8
5916,15/2
5917,7
5918,50
5919,28
5920,46
5921,8
5922,8
5923,32
5924,41
5925,42
5926,36
5927,10
5928,694
5929,1021
5930,5
5931,800
5932,30
5933,72
5934,42
5935,26
5936,17
5937,8
5938,6
5939,35
5940,12
5941,20
5942,20
5943,15
5944,30
5945,15
5946,10
5947,-42
5948,46
5949,56
5950,3
5951,4/5
5952,12
5953,11
5954,81
5955,42
5956,21
5957,13
5958,82
5959,44
5960,20
5961,62
5962,42
5963,36
5964,21
5965,36
5966,16
5967,53
5968,41
5969,3
5970,72
5971,53
5972,4
5973,1
5974,5
5975,6
5976,28
5977,18
5978,2
5979,13
5980,-2
5981,38
5982,9
5983,4
5984,22
5985,60
5986,9
5987,34
5988,17
5989,27
5990,10
5991,4
5992,4
5993,18
5994,18
5995,20
5996,6
5997,4
5998,8
5999,-7
6000,7
6001,21
6002,6
6003,6
6004,26
6005,47
6006,27
6007,9
6008,47
6009,81
6010,19
6011,28
6012,20
6013,-27
6014,46
6015,44
6016,27
6017,5
6018,-8
6019,25
6020,31
6021,80
6022,19
6023,42
6024,4
6025,21
6026,18
6027,13
6028,3
6029,11
6030,25
6031,66
6032,91
6033,35
6034,90
6035,56
6036,26
6037,81
6038,55
6039,6
6040,97
6041,51
6042,88
6043,16
6044,24
6045,208
6046,26
6047,-4
6048,26
6049,21
6050,20
6051,26
6052,31
6053,9
6054,15
6055,88
6056,260
6057,7
6058,16
6059,8
6060,81
6061,81
6062,37
6063,79
6064,24
6065,18
6066,23
6067,3
6068,23
6069,-42
6070,1
6071,12
6072,24
6073,80
6074,120
6075,20
6076,4
6077,20
6078,6
6079,225
6080,8
6081,6
6082,22
6083,53
6084,41
6085,37
6086,45
6087,19
6088,24
6089,31
6090,42
6091,11
6092,124
6093,40
6094,44
6095,30
6096,20
6097,35
6098,45
6099,25
6100,8
6101,12
6102,14
6103,47
6104,16
6105,72
6106,34
6107,9
6108,6
6109,18/5
6110,18
6111,4
6112,19
6113,10
6114,7
6115,7
6116,27
6117,30
6118,6
6119,40
6120,13
6121,56
6122,32
6123,18
6124,33
6125,64
6126,16
6127,24
6128,23
6129,8
6130,12
6131,8
6132,16
6133,15
6134,27
6135,14
6136,18
6137,6
6138,15
6139,-40
6140,162
6141,20
6142,82
6143,16
6144,180
6145,21
6146,-7
6147,27
6148,172
6149,
6150,
6151,4000
6152,6800
6153,26
6154,20
6155,264
6156,270
6157,139
6158,492
6159,252
6160,4
6161,40
6162,3200/3
6163,4
6164,4/5
6165,62
6166,94
6167,1791
6168,528
6169,720
6170,-121
6171,37
6172,4
6173,1620
6174,30
6175,180
6176,25
6177,2400
6178,0.6
6179,14
6180,38
6181,27
6182,528
6183,40
6184,-699
6185,-875
6186,61
6187,6320
6188,640
6189,543
6190,1683
6191,-2120
6192,450
6193,90
6194,95
6195,1880
6196,45
6197,5100
6198,1008
6199,36
6200,32/3
6201,48
6202,4
6203,72
6204,40
6205,40
6206,408
6207,9
6208,100
6209,23
6210,78
6211,-16
6212,1462
6213,148
6214,142
6215,270
6216,99
6217,3200/3
6218,16
6219,-19
6220,477
6221,696
6222,129
6223,39
6224,14
6225,9
6226,52
6227,9
6228,9
6229,72
6230,315
6231,362
6232,8
6233,220
6234,14
6235,1650
6236,98
6237,96
6238,113
6239,16
6240,360
6241,33
6242,210
6243,5
6244,6
6245,535
6246,500
6247,88
6248,395
6249,150
6250,5
6251,5
6252,88
6253,200
6254,36
6255,79
6256,78
6257,600
6258,6
6259,2250
6260,11
6261,67
6262,-119
6263,210
6264,91
6265,41
6266,7
6267,20/3
6268,728/5
6269,540
6270,4000
6271,-879
6272,400/3
6273,77
6274,41.2
6275,520
6276,8/15
6277,63
6278,250
6279,4
6280,54
6281,344
6282,186
6283,10
6284,4.2
6285,1.16
6286,2.12
6287,42
6288,210
6289,32
6290,192
6291,-479
6292,-13.84
6293,47.5
6294,174
6295,3
6296,1240
6297,75
6298,67.7
6299,56.7
6300,22.4
6301,12
6302,850
6303,285
6304,64
6305,165
6306,14910
6307,315
6308,6
6309,74
6310,157
6311,36
6312,75/2
6313,48
6314,4000
6315,720
6316,6
6317,6
6318,422500
6319,200
6320,1250
6321,2800
6322,620
6323,164/3
6324,2900
6325,72
6326,-6
6327,33740
6328,300
6329,28
6330,6120
6331,3815
6332,710
6333,13650
6334,4800
6335,696
6336,125
6337,900
6338,9
6339,40
6340,160
6341,48
6342,160
6343,600
6344,2200
6345,4
6346,6
6347,270
6348,48
6349,2
6350,20
6351,3600
6352,0
6353,7
6354,250
6355,210/13
6356,12
6357,1240
6358,-320
6359,15
6360,19
6361,570
6362,12810
6363,30
6364,24/5
6365,4/7
6366,4.8
6367,8
6368,24
6369,600
6370,30
6371,24
6372,45
6373,1/3
6374,116
6375,107
6376,714
6377,1872
6378,18
6379,12/5
6380,13
6381,20
6382,12
6383,7000
6384,12
6385,100
6386,78
6387,6000
6388,35.5
6389,2.4
6390,340
6391,5.4
6392,6
6393,12
6394,100
6395,840
6396,6720
6397,2351.49333
6398,5.3
6399,1428
6400,316
6401,800
6402,50
6403,6
6404,200
6405,240
6406,675
6407,569
6408,660
6409,20000
6410,12000
6411,7/10
6412,1000
6413,3.5
6414,10
6415,9353.04
6416,140.1
6417,63
6418,1950
6419,14
6420,540
6421,177
6422,1980
6423,45
6424,1715
6425,4/3
6426,1950
6427,180
6428,15/14
6429,32
6430,27/2
6431,32
6432,40
6433,1440
6434,145
6435,120
6436,288
6437,4050
6438,1458
6439,17
6440,1200
6441,820
6442,8
6443,1
6444,40
6445,86.1
6446,-15.3
6447,94.4
6448,6
6449,50
6450,349.44
6451,32
6452,-38
6453,25/2
6454,145/18
6455,10.8
6456,10800
6457,165
6458,300
6459,576
6460,0.12
6461,15/8
6462,40
6463,110
6464,3000
6465,-7641
6466,58
6467,30
6468,-99
6469,441/4
6470,20
6471,40
6472,38
6473,8
6474,6
6475,4
6476,33
6477,17
6478,4
6479,4
6480,48
6481,-112/15
6482,48
6483,3787
6484,12
6485,600
6486,24
6487,784
6488,144
6489,16
6490,4
6491,280
6492,72
6493,420
6494,1250
6495,1256
6496,84
6497,985.96
6498,29.8
6499,24.2
6500,44
6501,150/101
6502,20/3
6503,20/3
6504,24
6505,600
6506,139
6507,180
6508,95
6509,
6510,35
6511,140
6512,64
6513,335
6514,848
6515,1
6516,120
6517,60/17
6518,2.05
6519,3722
6520,153
6521,1568
6522,17400
6523,1.73
6524,-117
6525,48
6526,20
6527,7.875
6528,62
6529,91
6530,1050
6531,882
6532,32
6533,6
6534,9000
6535,120
6536,176
6537,54
6538,170
6539,15
6540,220
6541,400
6542,1680
6543,-221
6544,5
6545,2862
6546,2000
6547,25/6
6548,147
6549,375
6550,16
6551,1872
6552,206
6553,10
6554,-46
6555,648
6556,133
6557,6750
6558,69
6559,1849
6560,15
6561,660
6562,2.27
6563,16
6564,308
6565,35
6566,24
6567,17
6568,22875
6569,240
6570,24000
6571,45
6572,100
6573,1800
6574,25/2
6575,1908
6576,900
6577,291.6
6578,4410
6579,96
6580,40
6581,360
6582,85
6583,2520
6584,4
6585,90
6586,576
6587,36
6588,41.895
6589,9
6590,1344
6591,1330
6592,40
6593,130
6594,1800
6595,85
6596,120
6597,6.7
6598,306
6599,2730
6600,2688
6601,2250
6602,52
6603,328
6604,38
6605,215
6606,18750
6607,120
6608,18.5
6609,11/2
6610,94.2
6611,248
6612,0
6613,240
6614,312
6615,525
6616,624
6617,825
6618,37
6619,356
6620,22
6621,9
6622,4
6623,576
6624,6600
6625,6000
6626,13000
6627,557
6628,600
6629,60
6630,824
6631,13.2
6632,450
6633,38.36
6634,320
6635,6.5
6636,-90
6637,64/25
6638,24
6639,23800
6640,12
6641,500
6642,1610
6643,120
6644,552
6645,2000
6646,6700
6647,6960
6648,13870
6649,-38
6650,414
6651,48
6652,40
6653,615
6654,169
6655,-10.1
6656,23
6657,20
6658,205
6659,540
6660,25
6661,266
6662,4
6663,7
6664,285
6665,8
6666,186
6667,832
6668,7769/100
6669,267
6670,1050
6671,1872
6672,120
6673,611.5
6674,138
6675,247
6676,730
6677,379
6678,3600
6679,770
6680,60
6681,3360
6682,230
6683,30
6684,1212
6685,128
6686,525
6687,42319
6688,294
6689,732
6690,120
6691,366
6692,2.1
6693,560
6694,240
6695,56
6696,20
6697,2700
6698,1152
6699,10.3
6700,47
6701,600
6702,980
6703,349/5
6704,4840
6705,25/4
6706,45
6707,23
6708,18.72
6709,123088
6710,18000
6711,10
6712,97
6713,-7
6714,22
6715,7
6716,-4
6717,17
6718,110
6719,23
6720,85
6721,3216
6722,375
6723,125
6724,248
6725,1920
6726,80
6727,45
6728,54
6729,3/5
6730,21
6731,3
6732,8
6733,32
6734,75
6735,5
6736,52
6737,76/3
6738,38
6739,96
6740,14
6741,41
6742,-20
6743,-31
6744,-11
6745,15
6746,30
6747,-2
6748,-133/4
6749,32
6750,21
6751,-3
6752,29
6753,17
6754,36
6755,80
6756,29/7
6757,8
6758,29
6759,17
6760,35
6761,42
6762,86
6763,20
6764,4
6765,24
6766,-11
6767,30
6768,4
6769,4
6770,6
6771,6
6772,3666
6773,50
6774,20
6775,20
6776,25
6777,27
6778,-34
6779,10
6780,11
6781,17
6782,27
6783,-43
6784,-11
6785,72
6786,47/5
6787,50
6788,8
6789,59
6790,87
6791,
6792,-1
6793,-21
6794,-53
6795,10
6796,38
6797,24
6798,107
6799,54
6800,61
6801,20
6802,140
6803,22
6804,25/18
6805,104
6806,40
6807,1444
6808,10
6809,41/15
6810,37
6811,20
6812,50
6813,42
6814,33
6815,-2
6816,15
6817,25
6818,47
6819,81
6820,33
6821,11
6822,31
6823,23
6824,3
6825,21
6826,30
6827,38
6828,28
6829,28
6830,33
6831,41
6832,208
6833,14
6834,36
6835,42
6836,46
6837,16
6838,24
6839,12
6840,0
6841,35
6842,3
6843,10
6844,18
6845,12
6846,11
6847,18
6848,10
6849,18
6850,28
6851,27
6852,10
6853,4
6854,30
6855,17
6856,27
6857,8
6858,27.552
6859,178
6860,1360
6861,60
6862,100
6863,5670
6864,680
6865,12.5
6866,-1
6867,95%
6868,4592
6869,400
6870,192
6871,304
6872,-989
6873,1500
6874,3600
6875,144
6876,12
6877,130
6878,260
6879,30
6880,1200
6881,375
6882,108
6883,12/7
6884,300
6885,160
6886,160
6887,792
6888,320
6889,-9/10
6890,206
6891,72
6892,40
6893,1125
6894,0.3
6895,212
6896,32
6897,1680
6898,5652
6899,50
6900,18
6901,5
6902,18840
6903,58
6904,1
6905,374
6906,8
6907,252
6908,59
6909,625
6910,37
6911,320
6912,70
6913,96%
6914,92.7%
6915,250
6916,28.26
6917,120
6918,77.76
6919,112
6920,126
6921,7344
6922,30
6923,27
6924,605/4
6925,32
6926,14
6927,7500/11
6928,75.36
6929,1296
6930,7245
6931,3
6932,2100
6933,40
6934,3
6935,52/3
6936,27/2
6937,40
6938,13
6939,16
6940,75%
6941,3400/3
6942,51
6943,115%
6944,89
6945,44
6946,6
6947,8
6948,37
6949,-37
6950,75/2
6951,62.8
6952,360
6953,42
6954,7.525
6955,180
6956,-1250
6957,2.4
6958,9
6959,0
6960,125
6961,96
6962,7500
6963,80
6964,
6965,12.5
6966,28
6967,113.04
6968,20
6969,30
6970,20
6971,20
6972,180
6973,3
6974,144
6975,160
6976,15
6977,30
6978,96
6979,160
6980,28
6981,1500%
6982,1000
6983,6000
6984,1/3
6985,25
6986,2400
6987,420
6988,200
6989,35
6990,4500
6991,1600
6992,480
6993,25
6994,270
6995,1200
6996,3000
6997,5.28
6998,300
6999,2340
7000,26
7001,0.4
7002,3.14
7003,20
7004,32
7005,10
7006,300
7007,180
7008,133333.3%
7009,36/5
7010,168
7011,30.95914
7012,625
7013,300
7014,196
7015,936
7016,1.5
7017,12.5
7018,40.5
7019,1620
7020,50
7021,307.72
7022,100
7023,84
7024,5
7025,166
7026,180
7027,2.616
7028,-400%
7029,401920
7030,38/5
7031,27/2
7032,192
7033,75
7034,68.8%
7035,600
7036,24/5
7037,5.6%
7038,3.2
7039,717
7040,15/8
7041,780
7042,770
7043,345
7044,60
7045,81/10
7046,270
7047,96
7048,-140
7049,29
7050,15687
7051,2433.6
7052,32/9
7053,2
7054,20
7055,2400
7056,28.26
7057,156
7058,1.25
7059,28
7060,95%
7061,366
7062,22.8
7063,38.4
7064,50
7065,3.7
7066,2800
7067,1.54
7068,12
7069,151/3
7070,37.68
7071,5
7072,350
7073,25/2
7074,3%
7075,27/4
7076,660
7077,22
7078,2500
7079,6
7080,23
7081,200
7082,60
7083,1050
7084,30/13
7085,6
7086,198
7087,3.5
7088,8
7089,266
7090,96
7091,100
7092,9
7093,1944
7094,160/13
7095,
7096,1/3
7097,60
7098,157
7099,0.16
7100,41
7101,14400
7102,390
7103,0
7104,-3
7105,312
7106,471
7107,300
7108,5
7109,75
7110,1/3
7111,16
7112,626.92267
7113,0
7114,473/57
7115,60
7116,1344
7117,25120
7118,192
7119,58
7120,24/5
7121,501.9
7122,445
7123,1200
7124,32
7125,6
7126,3780
7127,84.72222
7128,-39
7129,95
7130,2
7131,4
7132,120
7133,
7134,188
7135,65
7136,320/3
7137,130
7138,125/2
7139,56
7140,2.62
7141,45.7232
7142,600
7143,900%
7144,19
7145,-4
7146,3450%
7147,25%
7148,10
7149,15/4
7150,6
7151,-15/8
7152,680
7153,7
7154,240
7155,5000
7156,385
7157,261/2
7158,46.3
7159,-18
7160,96
7161,3225
7162,7/2
7163,4
7164,192
7165,0.5
7166,1214
7167,960
7168,131.25
7169,96
7170,144
7171,79.2
7172,320
7173,48%
7174,-375%
7175,168
7176,8
7177,1000
7178,2100
7179,437
7180,157.7536
7181,522.5
7182,1400
7183,92
7184,13/5
7185,9
7186,9
7187,768
7188,48
7189,12
7190,97
7191,12/25
7192,225
7193,171040
7194,6160
7195,50.05
7196,800
7197,144
7198,-69
7199,15
7200,2
7201,6
7202,1240
7203,108
7204,6
7205,80
7206,35/8
7207,2
7208,9600
7209,426
7210,306
7211,8.18
7212,48
7213,52.8
7214,12
7215,125.6
7216,796
7217,58077.44
7218,-87.92
7219,710
7220,78
7221,2128
7222,160/11
7223,120%
7224,48
7225,2
7226,13.68
7227,70
7228,32
7229,30
7230,16%
7231,-2400
7232,300
7233,8000
7234,5/2
7235,90
7236,24.84
7237,100
7238,190
7239,3139
7240,8
7241,224
7242,10
7243,270
7244,1
7245,630
7246,73
7247,6.1
7248,168
7249,2000
7250,3000
7251,4
7252,36
7253,1.8
7254,300/301
7255,71.3
7256,234
7257,340
7258,1300
7259,184
7260,15/4
7261,3
7262,36
7263,389
7264,848
7265,252
7266,5280
7267,3200
7268,3
7269,54080/11
7270,40
7271,12.56
7272,40
7273,300
7274,19.99614
7275,105
7276,-50
7277,125
7278,1125
7279,400
7280,76
7281,-570
7282,240
7283,40%
7284,30
7285,15
7286,14.4
7287,31.5
7288,5
7289,105/2
7290,100
7291,5510
7292,22
7293,135
7294,4000
7295,59.4
7296,240
7297,96
7298,272
7299,55
7300,40
7301,73/80
7302,15
7303,1080
7304,25000
7305,240
7306,108
7307,545
7308,350
7309,748.8
7310,0.07
7311,19.73684
7312,5
7313,349
7314,109.35
7315,226.08
7316,17
7317,251.2
7318,450
7319,301.44
7320,9
7321,40
7322,-479
7323,400
7324,148.71429
7325,4
7326,2800
7327,2/5
7328,1800/7
7329,16
7330,12
7331,0
7332,1.594
7333,140
7334,825
7335,56
7336,1
7337,1004.8
7338,15
7339,123
7340,45.475
7341,2449
7342,106
7343,-24
7344,144
7345,814
7346,312.06667
7347,125
7348,25
7349,6300
7350,400
7351,28
7352,96
7353,1/5
7354,3500
7355,436
7356,39.25
7357,404/3
7358,85/21
7359,29
7360,10
7361,380
7362,778
7363,8
7364,90
7365,47
7366,4500
7367,4000/3
7368,2000
7369,72
7370,12
7371,12
7372,-479
7373,32
7374,296
7375,40/9
7376,49/60
7377,1.37821
7378,50
7379,51
7380,600
7381,26
7382,5040
7383,30
7384,5
7385,3549456
7386,80
7387,1000
7388,30.95914
7389,14.25
7390,6
7391,1500
7392,45
7393,1256
7394,240
7395,480
7396,9600
7397,76
7398,8
7399,431/6
7400,64
7401,24
7402,10
7403,40
7404,270
7405,45
7406,8.75
7407,-8
7408,0.0972
7409,50
7410,90
7411,11
7412,67
7413,125
7414,65
7415,40
7416,1.27389
7417,27.27273
7418,195
7419,2
7420,-422
7421,5.6
7422,31/4
7423,864
7424,557
7425,432
7426,45
7427,0
7428,80
7429,1200
7430,10500%
7431,480
7432,38
7433,77/6
7434,25.7
7435,200
7436,264
7437,12.6
7438,17
7439,6
7440,1920
7441,4
7442,12/5
7443,5.6
7444,700/3
7445,38.4
7446,28
7447,180
7448,7200
7449,7500
7450,1256
7451,90
7452,79/12
7453,390
7454,4
7455,8
7456,37.5%
7457,100
7458,11.5
7459,24
7460,912
7461,36000
7462,44
7463,4368
7464,10
7465,47
7466,480
7467,955.22388
7468,125
7469,180
7470,157
7471,951.25421
7472,20
7473,0.13333
7474,153
7475,7
7476,520
7477,3
7478,55
7479,32
7480,29
7481,49.5
7482,-4
7483,400
7484,15000
7485,180
7486,450
7487,33
7488,322
7489,5600
7490,15
7491,1337
7492,128
7493,80
7494,90
7495,24
7496,4.8
7497,450
7498,3.3
7499,60
7500,70.0245
7501,3
7502,9/5
7503,3/2000
7504,89
7505,173
7506,32
7507,2400
7508,700/11
7509,210
7510,12/5
7511,3240
7512,2550
7513,8
7514,550
7515,525
7516,148
7517,-44.44444
7518,30
7519,800
7520,1595
7521,3020
7522,1413
7523,16
7524,1488
7525,5
7526,5160
7527,675
7528,5/2
7529,40
7530,594
7531,33
7532,2/75
7533,1120
7534,2240
7535,457.6
7536,1978
7537,56
7538,26
7539,4.85
7540,12
7541,15.5
7542,1224
7543,160
7544,50
7545,251.2
7546,52/3
7547,19.625
7548,675
7549,141300
7550,45
7551,4
7552,115/3
7553,315
7554,5
7555,870
7556,56
7557,180
7558,40
7559,9
7560,1000/11
7561,-19
7562,300
7563,2352
7564,40
7565,480
7566,99
7567,1.25
7568,2700
7569,2700
7570,46
7571,84
7572,25.72
7573,24
7574,13800
7575,3
7576,4
7577,4
7578,72.275
7579,2/3
7580,200
7581,1512
7582,29.4
7583,135
7584,1500
7585,9000
7586,0.53333
7587,36
7588,1931/27
7589,182
7590,300/13
7591,17
7592,23
7593,10
7594,2
7595,351
7596,19
7597,36
7598,0.4
7599,18
7600,5
7601,600
7602,71.04
7603,8
7604,4
7605,80
7606,0.512
7607,125
7608,800
7609,175
7610,5175/2
7611,6.8
7612,51
7613,96
7614,101
7615,2
7616,100000
7617,12
7618,4
7619,24
7620,3
7621,1080
7622,220
7623,96
7624,0.03
7625,972/125
7626,4
7627,77.5
7628,36.55
7629,0.6
7630,3.37
7631,11
7632,294
7633,180
7634,180
7635,85%
7636,5120
7637,13.5
7638,325
7639,93
7640,-37.3
7641,498/5
7642,1/2
7643,10
7644,42
7645,20
7646,18/25
7647,648
7648,1/2
7649,1/7
7650,4480
7651,3000
7652,3
7653,0.26829
7654,36
7655,2400
7656,19/20
7657,64
7658,20
7659,1.69
7660,960
7661,31.8
7662,6/7
7663,-39
7664,2
7665,2/5
7666,1/6
7667,1750
7668,8
7669,87
7670,21
7671,62
7672,13
7673,148/5
7674,8
7675,505
7676,4
7677,2520
7678,-1/5
7679,8/5
7680,8/5
7681,3968
7682,750
7683,7
7684,20
7685,25
7686,1600
7687,1744
7688,31/35
7689,840
7690,1782
7691,6
7692,8280
7693,1
7694,3
7695,5.34
7696,-2
7697,7/9
7698,21
7699,26
7700,1
7701,3846.15385
7702,8460
7703,9.5
7704,-4.3
7705,163/100
7706,3045
7707,7/15
7708,28
7709,148
7710,72
7711,17/20
7712,32/3
7713,11/24
7714,3
7715,144/5
7716,42
7717,66.6
7718,7/24
7719,24
7720,-9
7721,47.6
7722,6125
7723,120
7724,1350
7725,-7
7726,13/10
7727,25.16
7728,222
7729,6
7730,140
7731,882
7732,4.55625
7733,10.362
7734,160
7735,67.5
7736,76.5
7737,6
7738,50/51
7739,30
7740,480
7741,135
7742,36
7743,85
7744,560
7745,80
7746,38
7747,-6
7748,-194
7749,126
7750,5/12
7751,700
7752,1.8
7753,560
7754,
7755,28.25
7756,20/3
7757,35
7758,135
7759,11/30
7760,5
7761,-3.4
7762,400
7763,288
7764,4
7765,6
7766,96
7767,25200
7768,83
7769,360
7770,122
7771,2865
7772,13/20
7773,6000
7774,72
7775,946/3
7776,1186
7777,70
7778,20
7779,60
7780,16/5
7781,600
7782,4
7783,-22
7784,220
7785,0
7786,27
7787,432
7788,18
7789,15000
7790,996.11111
7791,26
7792,186
7793,2/7
7794,10
7795,15
7796,16
7797,1/4
7798,1260
7799,560
7800,172.5
7801,60
7802,10000
7803,-1/6
7804,6/5
7805,-246/5
7806,20
7807,106
7808,822
7809,550
7810,12
7811,16
7812,2/3
7813,30
7814,1/2
7815,54
7816,4/5
7817,14
7818,80/3
7819,51/20
7820,25
7821,0
7822,5416
7823,1026
7824,1/5
7825,84.6
7826,19/2
7827,11/12
7828,64
7829,45/4
7830,72
7831,630
7832,14/3
7833,80
7834,0.93
7835,82
7836,37/40
7837,6
7838,600
7839,
7840,144
7841,17/21
7842,18
7843,50
7844,670
7845,17/108
7846,-0.75556
7847,165
7848,175/4
7849,160
7850,0
7851,-57/4
7852,870
7853,7
7854,16
7855,1/20
7856,4
7857,1.225
7858,48
7859,40
7860,1000/31
7861,80/3
7862,336
7863,3
7864,20
7865,60
7866,49/2
7867,36
7868,40/9
7869,748
7870,180
7871,3/4
7872,15
7873,63/5
7874,28
7875,2/3
7876,11/8
7877,7
7878,2/25
7879,3276
7880,1/4
7881,150
7882,125/2
7883,2/5
7884,11/60
7885,16/25
7886,96
7887,1/3
7888,12
7889,9
7890,0.71111
7891,0.75
7892,3
7893,765
7894,43
7895,131
7896,8745
7897,4
7898,24000
7899,12
7900,783
7901,-101
7902,5
7903,20
7904,5.42
7905,81/2
7906,632
7907,200
7908,24/7
7909,1/5
7910,8
7911,28/3
7912,8/35
7913,79.2
7914,2700
7915,3/16
7916,10
7917,96
7918,3/4
7919,864
7920,9/20
7921,1
7922,1
7923,1/4
7924,46/3
7925,324
7926,150
7927,900
7928,47
7929,360
7930,50
7931,110
7932,9/4
7933,576
7934,77
7935,5/8
7936,3/5
7937,5
7938,0
7939,9
7940,7
7941,78
7942,5/12
7943,3
7944,300
7945,42
7946,6.6
7947,9
7948,0
7949,80/3
7950,2/25
7951,2/25
7952,1458/23
7953,162/23
7954,643/5
7955,129
7956,56
7957,2542
7958,-23/3
7959,207/7
7960,17/30
7961,25
7962,25/3
7963,1/50
7964,7000
7965,54
7966,5
7967,960
7968,1599
7969,41
7970,1575/4
7971,-80/3
7972,624
7973,100
7974,4
7975,260
7976,120
7977,80
7978,20
7979,25
7980,48
7981,392
7982,25
7983,160
7984,640
7985,2590
7986,40/3
7987,161
7988,504
7989,144000
7990,510
7991,72
7992,3
7993,1200
7994,61
7995,-19/11
7996,195
7997,42000
7998,2/7
7999,24
