0,87.88
1,146
2,4
3,1/15
4,316
5,1290
6,600
7,3545
8,8.8
9,11
10,41
11,0.0105
12,80
13,56
14,36
15,8172
16,16
17,61.3
18,322.5
19,10
20,2700
21,35
22,100
23,68
24,300
25,50
26,19
27,32
28,0.2
29,1950
30,3.6
31,80
32,9
33,720
34,30
35,21/20
36,251
37,56
38,14/15
39,72
40,400
41,24
42,2
43,500
44,4
45,490
46,95
47,288
48,40
49,280
50,656
51,9
52,7600
53,280
54,86
55,120
56,142
57,4875
58,1248
59,9
60,66
61,1201
62,1300
63,738
64,1176
65,588
66,13198.8
67,-5390
68,3360
69,765
70,10
71,73.2
72,6600
73,5/8
74,200
75,95
76,1
77,13/20
78,24
79,194
80,3.3
81,170
82,48
83,196
84,260
85,25%
86,14
87,424
88,402
89,374
90,63/25
91,20
92,20
93,1735
94,1536
95,157
96,8
97,16
98,3
99,260
100,2288
101,2500
102,3486
103,14
104,18
105,20
106,5/9
107,427.5
108,10.9
109,6
110,7/10
111,1200
112,560
113,651
114,248
115,160
116,3015
117,623
118,192
119,124
120,0.94
121,1
122,25
123,69
124,
125,110%
126,340
127,0.66667
128,101
129,770
130,7/9
131,5791
132,10
133,-490
134,11200
135,8
136,595
137,5000
138,3/4
139,87
140,90
141,409
142,96
143,15
144,8079.2
145,356
146,20/3
147,8400
148,4800
149,9
150,2/9
151,494
152,500/7
153,490
154,8000
155,3/10
156,-75
157,600
158,74
159,8700
160,30
161,5
162,76
163,6.04246
164,42
165,1350
166,280
167,775
168,1530
169,312
170,9/80
171,7
172,280
173,144
174,11/35
175,14
176,44
177,9
178,2
179,8
180,20
181,113.04
182,12
183,27
184,20/3
185,650
186,5000
187,10
188,312
189,15
190,-784
191,122.46
192,10395
193,880
194,400
195,1000
196,704
197,56.52
198,450
199,272
200,450
201,114
202,18
203,7/20
204,
205,40
206,4/9
207,144
208,40
209,0
210,6
211,65.55
212,3081
213,1385.1
214,2
215,2500
216,64
217,17/4
218,63024
219,3200
220,-1
221,333
222,20
223,-3
224,200
225,1872
226,346
227,9
228,6/7
229,2.88
230,190
231,293
232,3300
233,207
234,684
235,3500
236,691
237,1710
238,-1/18
239,3280
240,816
241,7/9
242,1
243,375
244,432
245,3/5
246,8
247,41/24
248,240
249,100
250,3.2
251,2
252,2602.5
253,630
254,1620/19
255,6000
256,1536
257,29
258,490
259,6
260,2700
261,2880/7
262,84
263,108
264,24/5
265,34
266,11/24
267,276
268,26
269,94
270,25000
271,102300
272,750
273,12
274,520
275,1585
276,289
277,5.4
278,32
279,750
280,150.72
281,8
282,6
283,736
284,64
285,18
286,240
287,579
288,0
289,2250
290,944
291,80
292,200
293,546
294,588
295,21
296,4800
297,10
298,3
299,64
300,224
301,27/20
302,8
303,15
304,81
305,19719.2
306,9/2
307,12
308,50
309,210
310,125.6
311,450
312,16
313,2/7
314,36
315,60
316,40000/19
317,324
318,900
319,1/2
320,4
321,432
322,1/2
323,37/40
324,6/5
325,9
326,3450
327,71.25
328,890
329,60
330,10024.75
331,434000
332,16000
333,300
334,4/7
335,1344
336,81
337,486
338,6
339,10
340,10
341,90
342,21
343,1.12
344,60
345,91
346,48
347,11
348,425
349,12
350,32
351,600
352,465
353,1588
354,168
355,140
356,331
357,50
358,5/2
359,12
360,45216
361,125600
362,45
363,9
364,57/5
365,540
366,11/35
367,32
368,-23/8
369,209
370,150
371,242
372,10
373,31
374,36
375,1350
376,591
377,288
378,4429
379,30/11
380,70
381,119
382,2/5
383,6240
384,56375
385,337
386,12/5
387,15.7
388,600
389,13
390,15
391,1260
392,768
393,800
394,4710
395,35.56701
396,450
397,14.52
398,6592
399,13
400,12/5
401,136
402,864
403,20/9
404,685
405,32
406,228
407,4/15
408,115/24
409,12.56
410,12
411,161
412,-1/4
413,800
414,10
415,516
416,55
417,8
418,1320
419,20
420,2/9
421,1
422,303
423,260
424,1.12
425,15.12
426,160
427,1120
428,2291/3
429,2750
430,580
431,120
432,864
433,112
434,12960
435,31
436,544
437,44
438,51/40
439,600
440,1/4
441,19
442,410
443,175/2
444,64
445,765
446,6/5
447,0.45
448,20
449,1920
450,1036
451,68
452,3.5%
453,10
454,30
455,133
456,1080
457,3/2
458,76
459,390
460,24
461,2400
462,79
463,816
464,12
465,1710
466,750
467,246
468,21
469,35
470,12
471,16
472,-700
473,251.2
474,6
475,21
476,534
477,10
478,1152
479,231
480,45
481,533
482,1/20
483,192
484,30
485,280
486,132
487,216
488,30
489,1204
490,4
491,96
492,260
493,44.72
494,440
495,2002.43
496,144
497,360
498,80
499,1344
500,272
501,800
502,960
503,750
504,885
505,426
506,600
507,700
508,94.2
509,72
510,264000
511,14
512,17/40
513,
514,120
515,40
516,786
517,1.01911
518,1/2
519,224
520,45
521,8
522,355
523,1800
524,3/8
525,200
526,340
527,100
528,10
529,62.8
530,120
531,36
532,150
533,46.8
534,24
535,45
536,150/11
537,792
538,7
539,-48
540,270
541,2
542,216
543,600
544,44
545,-1
546,1.93333
547,84
548,0.1
549,60
550,1730
551,37994
552,48
553,5
554,1100
555,750
556,11
557,504
558,20
559,78.8768
560,0.56667
561,6
562,24/5
563,125
564,37
565,60
566,1225
567,147
568,560
569,2500
570,266
571,1.42857
572,10700
573,24
574,7500
575,27.21
576,5
577,2
578,150
579,240
580,1600
581,4
582,182.9
583,900
584,2
585,12
586,-30
587,15
588,-182
589,680
590,6
591,16
592,40
593,0.4
594,9
595,15.7
596,0.3
597,930
598,192
599,6667
600,588
601,16.66667
602,3.75
603,400/9
604,275/4
605,2/5
606,25
607,1428.57143
608,5
609,62
610,900
611,300
612,396
613,3.6
614,9.6
615,936000
616,92.3
617,10
618,3768
619,90
620,89.4
621,50
622,251.2
623,114
624,112/3
625,15
626,88
627,5e-06
628,421
629,81
630,60
631,123.83658
632,3
633,2000
634,380
635,94.7%
636,93.8%
637,57.1%
638,99%
639,60
640,2.41109
641,120/7
642,500/11
643,192
644,-900
645,44
646,4.5
647,14
648,215
649,60
650,-340/7
651,-4
652,4
653,25
654,98%
655,1
656,80
657,98%
658,2e-05
659,95%
660,103
661,4/3
662,1000
663,75%
664,102
665,1094.5
666,50
667,250
668,49/25
669,360
670,72
671,735
672,30
673,140
674,5
675,92%
676,8
677,193
678,98%
679,96%
680,10
681,23/50
682,120
683,60
684,21
685,42
686,3360
687,60
688,36
689,17/2
690,320
691,960
692,81
693,108
694,80
695,378
696,16
697,16
698,31/40
699,60
700,75
701,-24
702,5
703,30
704,20.28
705,59
706,94%
707,5/8
708,20
709,42
710,32
711,28.5
712,2400000
713,0.3
714,10%
715,1
716,240
717,0.024
718,12
719,180
720,150
721,8
722,135
723,5280
724,20
725,425
726,21250
727,117
728,10
729,160
730,360
731,100
732,144
733,100
734,295
735,0.135
736,6.73333
737,2
738,70
739,160
740,95%
741,150
742,1/4
743,5
744,300
745,
746,5/2
747,19.06667
748,39/5
749,447/4
750,720/91
751,120
752,187
753,10
754,45.86207
755,250
756,24
757,64
758,12
759,300
760,669.33333
761,3/2
762,3.14
763,360.8
764,735
765,-3200/1529
766,1944
767,2.16
768,128000/7
769,10
770,851
771,237.5
772,151
773,13.5
774,24000
775,84
776,1200
777,160
778,420
779,4
780,5
781,320
782,240
783,50
784,117
785,156
786,1/25
787,7.6
788,-135
789,96
790,98%
791,972/125
792,1225/3
793,49
794,72.09
795,244
796,20/3
797,12960
798,40/9
799,2400/19
800,16.6
801,5/3
802,150
803,24
804,102
805,-197.6
806,200
807,1344/25
808,48/5
809,15/16
810,-0.35
811,200/3
812,20
813,1256
814,25
815,4000
816,2000
817,600
818,8
819,90
820,174
821,840
822,88
823,120
824,39.4384
825,1050
826,1462
827,200/21
828,1.2
829,42
830,290
831,160
832,4500
833,142.85714
834,50
835,1280
836,180
837,4
838,192
839,80
840,20
841,15
842,8
843,2800
844,546
845,113
846,184
847,42
848,110.8871
849,12
850,740
851,2200
852,40
853,10
854,250/3
855,9/2
856,30/11
857,92
858,0
859,48
860,3500
861,300
862,26
863,2/7
864,18/5
865,18
866,-4.7
867,1235
868,40.33333
869,75
870,12
871,126
872,9
873,62
874,48
875,5
876,10500
877,87.5%
878,2.198
879,7850%
880,64
881,20/11
882,15
883,31.5
884,34
885,51
886,4680
887,4710
888,9
889,-9
890,6
891,306
892,45.18072
893,30.0
894,320
895,9
896,285
897,10
898,240000
899,60000
900,4000
901,207000
902,1360/3
903,225/2
904,-7500
905,3.33333
906,80
907,1575
908,26
909,12.56
910,15
911,-14.85
912,120
913,-1823
914,25.8
915,430
916,6280
917,0
918,188.4
919,5.4
920,200
921,0.75
922,4
923,96%
924,2
925,8/5
926,95.8%
927,260
928,3
929,50
930,140000/474981
931,262500/19
932,598/5
933,37.68
934,7.1
935,-1025
936,60
937,60
938,6.66
939,30
940,48
941,28
942,210
943,24
944,19
945,5/12
946,-176
947,9
948,90
949,48
950,0.6
951,32
952,187
953,255
954,600
955,122
956,16
957,37200/11
958,7600
959,1300
960,6
961,7
962,640
963,31050
964,16
965,100/3
966,25
967,38000
968,-180
969,1/8
970,152.4
971,18
972,3424
973,3140
974,31
975,1
976,70
977,32
978,345.4
979,910
980,182.9
981,4400
982,0.03
983,448
984,1%
985,74
986,352/25
987,10
988,7
989,220
990,-96
991,-2759
992,1859/3
993,700
994,20.0%
995,1360
996,100/101
997,90
998,72
999,1/5
1000,31.4
1001,450/7
1002,89
1003,90
1004,6
1005,10%
1006,83
1007,31
1008,14400
1009,1/4
1010,5/2
1011,163
1012,625/2
1013,96%
1014,13
1015,160
1016,15
1017,5/4
1018,85
1019,1/96
1020,9
1021,60%
1022,41.7%
1023,125.6
1024,200
1025,44080
1026,16000
1027,1
1028,304
1029,208
1030,35/3
1031,44.54545
1032,565
1033,15/11
1034,5/11
1035,270
1036,0.432
1037,30
1038,400
1039,280/19
1040,24/5
1041,2800
1042,36
1043,10.0
1044,1.675
1045,441
1046,1/36
1047,108
1048,529/24
1049,990
1050,540
1051,320000
1052,240
1053,24/19
1054,5400
1055,25/4
1056,96
1057,72
1058,9/16
1059,3.072
1060,197.8
1061,11
1062,0.32341
1063,7/2
1064,60
1065,20
1066,2
1067,4
1068,5/3
1069,90
1070,55
1071,15
1072,300
1073,428
1074,1/25
1075,4138
1076,4
1077,272
1078,24
1079,-40
1080,1200
1081,425
1082,35/12
1083,20
1084,1.3
1085,14.6
1086,9/20
1087,480
1088,36
1089,0.0144
1090,190
1091,45
1092,7395
1093,512
1094,2.84981
1095,6
1096,1440
1097,3/8
1098,270
1099,120
1100,1/7
1101,16
1102,492
1103,-9
1104,285
1105,2/5
1106,105.7
1107,12
1108,9
1109,27
1110,30
1111,3
1112,45.12
1113,200%
1114,800
1115,68
1116,6
1117,20
1118,4.8
1119,3
1120,15
1121,30
1122,18
1123,123
1124,16
1125,-8200
1126,14
1127,48
1128,100
1129,200/3
1130,-0.16
1131,21
1132,13
1133,550
1134,128
1135,67.5
1136,1.28213
1137,575
1138,480
1139,184
1140,20
1141,75/2
1142,6
1143,180
1144,15
1145,4
1146,4500/7
1147,108
1148,0
1149,19.3
1150,232
1151,100
1152,1/2
1153,770
1154,12
1155,2250/7
1156,11
1157,471/2
1158,1395
1159,2
1160,42
1161,120
1162,216
1163,45
1164,8965
1165,6
1166,18
1167,20
1168,0
1169,12
1170,-11.1%
1171,576
1172,120
1173,3400/3
1174,1500
1175,98%
1176,6000
1177,1500
1178,600
1179,64
1180,1
1181,450000
1182,18
1183,28
1184,36
1185,60
1186,3/8
1187,200
1188,19990
1189,19990
1190,1
1191,203
1192,0.27
1193,60000
1194,432
1195,95%
1196,5
1197,45
1198,270
1199,62.8
1200,486
1201,0.02778
1202,19/100000
1203,5%
1204,51
1205,10.29412
1206,18
1207,188
1208,5
1209,31
1210,600
1211,33
1212,238
1213,35%
1214,60
1215,1000
1216,90
1217,-16/5
1218,-28
1219,750
1220,26.7%
1221,30
1222,34
1223,190.8
1224,48
1225,100/3
1226,942
1227,600
1228,26
1229,375/2
1230,5/4
1231,5/4
1232,-5
1233,256
1234,270
1235,188.4
1236,154
1237,
1238,24/5
1239,144/131
1240,-60%
1241,8
1242,560/3
1243,79
1244,292/195
1245,4200
1246,85
1247,53
1248,88
1249,180
1250,33
1251,45
1252,35
1253,14
1254,36
1255,8
1256,30
1257,38
1258,24
1259,16
1260,53
1261,22
1262,4
1263,37
1264,6
1265,45
1266,9
1267,2
1268,23
1269,18
1270,85
1271,53
1272,58
1273,26
1274,46
1275,12
1276,69
1277,15/2
1278,84
1279,24
1280,72
1281,51
1282,84
1283,24
1284,54
1285,80
1286,45
1287,35
1288,27
1289,48
1290,45
1291,26
1292,44
1293,16
1294,40
1295,1505
1296,100
1297,3000
1298,8
1299,6
1300,6
1301,20
1302,6
1303,5
1304,6
1305,19
1306,4
1307,2
1308,300
1309,34
1310,392
1311,48/7
1312,4
1313,192
1314,1
1315,9
1316,13
1317,2
1318,-94
1319,384
1320,637
1321,4
1322,80
1323,31
1324,28
1325,40
1326,17
1327,7
1328,20
1329,6
1330,42
1331,486
1332,108
1333,18
1334,4
1335,2055
1336,54
1337,16
1338,90
1339,5
1340,73
1341,24
1342,6
1343,7
1344,24
1345,84
1346,31
1347,15
1348,6
1349,17
1350,23
1351,16
1352,19
1353,28
1354,9
1355,36/5
1356,294
1357,25.12
1358,160
1359,700
1360,2304
1361,4950
1362,6
1363,47
1364,3
1365,5/9
1366,-323
1367,56
1368,9600
1369,120
1370,24
1371,81
1372,335
1373,8
1374,372
1375,18/35
1376,12000
1377,128
1378,600
1379,180
1380,2.7
1381,100
1382,900
1383,140
1384,440
1385,9.225
1386,28
1387,2
1388,150
1389,4.76724
1390,28
1391,30
1392,4000
1393,255
1394,0
1395,15
1396,80
1397,60
1398,95
1399,840
1400,3
1401,180
1402,640
1403,25
1404,48
1405,9
1406,113/9
1407,49/4
1408,787
1409,125
1410,278
1411,-20
1412,100
1413,40
1414,240
1415,660
1416,90000
1417,3
1418,240
1419,31
1420,13/60
1421,30.6
1422,33.45
1423,3.33333
1424,0.008
1425,9
1426,9
1427,5
1428,504
1429,7
1430,22.5
1431,28
1432,48
1433,84
1434,2.4
1435,44.3
1436,190
1437,8.86667
1438,4.76883
1439,72
1440,16
1441,22
1442,110
1443,96/5
1444,54
1445,120/7
1446,13950
1447,3221
1448,0.65
1449,1/2
1450,44
1451,96.09
1452,180
1453,307
1454,36
1455,40
1456,-920
1457,31
1458,16
1459,9
1460,3612
1461,560
1462,156
1463,1485
1464,10
1465,290
1466,55
1467,80
1468,68
1469,1.1
1470,137
1471,144
1472,64
1473,45
1474,38
1475,8
1476,50
1477,9000
1478,18
1479,24
1480,0.6
1481,8448
1482,140
1483,3
1484,1
1485,4
1486,152/15
1487,33
1488,8
1489,56
1490,1
1491,10/3
1492,0
1493,9125
1494,32
1495,100
1496,17
1497,-18
1498,17.88
1499,2370
1500,273
1501,18/5
1502,149
1503,4
1504,371
1505,28
1506,75
1507,6
1508,18.4
1509,180
1510,945
1511,50
1512,80000
1513,180
1514,108.2
1515,520
1516,36
1517,1.55
1518,4723
1519,12
1520,90
1521,44
1522,300
1523,2500
1524,331
1525,16
1526,140
1527,15/2
1528,128/5
1529,780
1530,1005
1531,12
1532,25/13
1533,17.1875
1534,4800
1535,1/2
1536,5/2
1537,30
1538,1/21
1539,160
1540,128
1541,48
1542,23
1543,36
1544,12
1545,400
1546,400
1547,20
1548,1/16
1549,8/5
1550,39/100
1551,23/2
1552,122
1553,5330
1554,8/3
1555,904.32
1556,43.2
1557,1.5
1558,400
1559,200
1560,1000
1561,51
1562,10
1563,120
1564,630
1565,70
1566,2400
1567,8.4
1568,4800
1569,9
1570,3000
1571,4
1572,31.4
1573,8
1574,104
1575,48
1576,9420
1577,-25.85
1578,210
1579,306
1580,1.25
1581,4
1582,125
1583,160
1584,125
1585,2500
1586,27000
1587,-90
1588,82
1589,1200
1590,73
1591,288/7
1592,108
1593,175
1594,50
1595,-280
1596,5.2
1597,22.2%
1598,25
1599,37
1600,240
1601,1600
1602,15/2
1603,800
1604,-240
1605,8/5
1606,1512
1607,52
1608,8
1609,25.12
1610,20096
1611,20096
1612,8500/11
1613,53.1375
1614,24
1615,52
1616,871
1617,-3
1618,150
1619,720
1620,45
1621,450
1622,604.8
1623,120
1624,180/7
1625,374.46
1626,91
1627,25
1628,7/2
1629,240/11
1630,1600
1631,7/12
1632,15
1633,-2
1634,8.5
1635,20
1636,30
1637,54
1638,5
1639,4/5
1640,84
1641,17.16
1642,9/2
1643,720
1644,12.32
1645,50
1646,4/3
1647,0.0125
1648,3
1649,9
1650,1770
1651,50
1652,700
1653,5.91576
1654,92%
1655,200
1656,12
1657,-599
1658,930/29
1659,8040
1660,798
1661,4
1662,1/3
1663,18
1664,3.2
1665,17
1666,46/7
1667,66
1668,625
1669,0.36
1670,-3/10
1671,9450
1672,105/2
1673,30
1674,-9
1675,-244
1676,3960/37
1677,5
1678,9
1679,24500
1680,3430/3
1681,3200
1682,1750
1683,1000
1684,18/5
1685,
1686,243/2
1687,30
1688,200
1689,150
1690,1120
1691,160
1692,120
1693,1
1694,25.12
1695,1600
1696,10.4
1697,1
1698,30
1699,4
1700,39
1701,20
1702,6.86
1703,1
1704,8/3
1705,0.08333
1706,8/3
1707,6
1708,30000/7
1709,4.66667
1710,5760/7
1711,0.085
1712,0.12
1713,4050/101
1714,320/7
1715,36
1716,27
1717,400
1718,12
1719,222
1720,2/7
1721,2.7192
1722,32
1723,96/5
1724,226.08
1725,22
1726,-50/9
1727,502.4
1728,12
1729,36
1730,12/5
1731,20
1732,110
1733,33.5
1734,107
1735,144
1736,70/3
1737,130
1738,1720/7
1739,1496
1740,267
1741,60
1742,65/3
1743,1380
1744,30
1745,8
1746,80
1747,12
1748,31
1749,380
1750,-93
1751,40
1752,7
1753,1.74
1754,25
1755,45
1756,36/5
1757,600
1758,62.8
1759,167
1760,440
1761,192
1762,-32.13
1763,519
1764,232000
1765,1200
1766,98
1767,12
1768,36
1769,8
1770,34
1771,2250
1772,450
1773,2682
1774,64/5
1775,14/17
1776,3200
1777,150
1778,820
1779,1030
1780,0
1781,9
1782,1175
1783,1800
1784,67
1785,11
1786,9
1787,6
1788,952
1789,6
1790,600
1791,250
1792,20
1793,11460
1794,38/7
1795,22
1796,5
1797,640/7
1798,24
1799,500
1800,400
1801,11/15
1802,3360
1803,48/5
1804,900
1805,942
1806,7200
1807,-3
1808,500/3
1809,8
1810,660
1811,8
1812,1256
1813,150
1814,7
1815,45
1816,27
1817,20
1818,102
1819,48
1820,7040
1821,27
1822,218
1823,10
1824,18522/5
1825,1355
1826,10
1827,-1
1828,160
1829,222.94
1830,40
1831,15
1832,5
1833,5928
1834,272
1835,20
1836,13209
1837,4
1838,12
1839,8
1840,-368
1841,4500
1842,3
1843,1740
1844,280
1845,50.24
1846,900
1847,702
1848,9
1849,3000
1850,818
1851,151.8
1852,1950
1853,1035
1854,2.355
1855,12
1856,1210
1857,4000
1858,60
1859,113.04
1860,-74
1861,5.2
1862,96
1863,4
1864,48
1865,360/49
1866,1210
1867,5
1868,4032
1869,6720
1870,630
1871,2200
1872,5400
1873,8000
1874,15.7
1875,11
1876,24
1877,0
1878,126
1879,56
1880,6
1881,6.97
1882,6
1883,3888
1884,1088
1885,8
1886,20
1887,6
1888,15000
1889,3
1890,16
1891,52%
1892,-45
1893,254.34
1894,200
1895,96
1896,2/15
1897,3
1898,3
1899,40
1900,9
1901,45/2
1902,3600
1903,4.2
1904,9
1905,160/3
1906,420
1907,888
1908,27
1909,15.75
1910,150
1911,1469
1912,10
1913,9
1914,0.148
1915,108
1916,108
1917,11
1918,16
1919,96
1920,12
1921,819
1922,5
1923,5166
1924,140
1925,180
1926,10000/3
1927,72
1928,9/4
1929,1096.9344
1930,20
1931,5
1932,10
1933,2
1934,9270
1935,3
1936,720
1937,1080
1938,34
1939,40
1940,1600/3
1941,2004.25
1942,125.6
1943,4000
1944,1.49074
1945,1
1946,-38115/8
1947,175/2
1948,36
1949,1440/13
1950,25%
1951,0
1952,5
1953,25.4
1954,2
1955,4900
1956,0.7
1957,217
1958,19.625
1959,183/2
1960,16/35
1961,0.04
1962,3740
1963,40000
1964,38624
1965,90600
1966,113
1967,280
1968,1846.32
1969,74
1970,8010
1971,4.1
1972,36
1973,22.61
1974,6
1975,1040
1976,366
1977,60
1978,75
1979,7
1980,2000
1981,330
1982,14.4
1983,40
1984,576
1985,84
1986,400
1987,36/5
1988,-1080
1989,2300
1990,201
1991,4212
1992,40000.015
1993,427.5
1994,22
1995,46.05
1996,6
1997,1/4
1998,3.5
1999,1.6
2000,24
2001,168
2002,5
2003,81
2004,8
2005,65
2006,260
2007,885
2008,896
2009,621
2010,5000
2011,45
2012,2800
2013,0.05
2014,8
2015,
2016,-232
2017,5
2018,2
2019,21600
2020,70/3
2021,80
2022,1500
2023,400
2024,10
2025,12.2
2026,-350
2027,15
2028,4
2029,666.7%
2030,-2.5%
2031,175/39
2032,32
2033,56
2034,8640
2035,2300
2036,648
2037,14400
2038,384
2039,40
2040,3/2
2041,6
2042,250
2043,5000
2044,0.08333
2045,7
2046,240
2047,10
2048,100
2049,20
2050,100
2051,1159
2052,36
2053,374.4
2054,5
2055,301.44
2056,120
2057,50
2058,2.57143
2059,4750
2060,-1250
2061,42
2062,208/27
2063,16.9
2064,24
2065,150
2066,7500
2067,250
2068,2.4649
2069,315
2070,147/2
2071,270
2072,500
2073,0.25263
2074,22
2075,123
2076,4000
2077,4
2078,400
2079,2000
2080,2.9
2081,22
2082,35
2083,-24
2084,37500
2085,80
2086,189
2087,54
2088,450/7
2089,1740
2090,112
2091,108
2092,250/3
2093,900
2094,672
2095,54/5
2096,314
2097,144
2098,20/3
2099,28
2100,780
2101,775
2102,20
2103,50
2104,96
2105,260
2106,3
2107,32
2108,1560
2109,400
2110,464
2111,16
2112,16
2113,19.968
2114,46
2115,622
2116,3600
2117,850
2118,20
2119,84
2120,15
2121,88
2122,150.72
2123,4.71
2124,0.28
2125,3.14
2126,830
2127,99
2128,268
2129,32
2130,24/5
2131,300
2132,13
2133,3720
2134,7
2135,13.188
2136,22
2137,65/9
2138,182
2139,12
2140,2.5
2141,8
2142,11
2143,50
2144,0.4
2145,3
2146,1296
2147,384
2148,1/4
2149,80/11
2150,452.16
2151,93.6
2152,4
2153,125.6
2154,699
2155,64/17
2156,3
2157,120
2158,42
2159,452.16
2160,3595
2161,480
2162,1104
2163,180
2164,110
2165,0
2166,124
2167,-244
2168,72.2
2169,6480
2170,75
2171,160
2172,-160.6%
2173,454
2174,6
2175,100%
2176,65%
2177,1480
2178,999
2179,-15
2180,314
2181,120
2182,715
2183,1.14286
2184,1767
2185,1400
2186,100/3
2187,441
2188,1456
2189,0.3
2190,
2191,2
2192,0.15
2193,56
2194,2
2195,3400
2196,24
2197,0.4
2198,40
2199,12
2200,55/9
2201,464
2202,2520
2203,11400
2204,3
2205,4
2206,48
2207,-36.55
2208,4
2209,70
2210,496
2211,160
2212,725
2213,24000
2214,1.54
2215,5/9
2216,29/3
2217,776
2218,10
2219,59/3
2220,10890
2221,1245
2222,495
2223,12
2224,19.625
2225,36000
2226,4.8
2227,80
2228,18.9
2229,750
2230,1507.2
2231,18
2232,12
2233,4.5
2234,1.07
2235,0.66
2236,18
2237,61
2238,30
2239,250/9
2240,1500
2241,2250
2242,66
2243,6300
2244,45
2245,1.9
2246,42
2247,122
2248,4.5
2249,750
2250,600
2251,80
2252,114
2253,18
2254,1440
2255,9
2256,300
2257,5750
2258,32
2259,58
2260,720
2261,119%
2262,82%
2263,12.45
2264,-60
2265,100
2266,232
2267,22.5
2268,97
2269,96
2270,1
2271,80
2272,48.4
2273,16
2274,16
2275,729
2276,1053
2277,320
2278,40000
2279,4.68
2280,45
2281,1260
2282,480
2283,1190
2284,3600
2285,60
2286,200
2287,4/5
2288,12
2289,8000/27
2290,100
2291,45
2292,45
2293,40
2294,336
2295,7.28662
2296,72
2297,5
2298,0.02
2299,62.8
2300,24
2301,3
2302,10/3
2303,10
2304,31.4
2305,6.28
2306,12
2307,2398/3
2308,14
2309,25/3
2310,8
2311,5
2312,80
2313,-1650/13
2314,350
2315,6
2316,0
2317,419
2318,2
2319,48
2320,63
2321,360
2322,1392/5
2323,9
2324,75
2325,1000
2326,1537
2327,280
2328,270
2329,200
2330,375/2
2331,40
2332,5/12
2333,4200
2334,0.00272
2335,116
2336,12
2337,5
2338,695/7
2339,2
2340,2
2341,1520
2342,3.2
2343,131/5
2344,19/84
2345,-169/50
2346,52
2347,12
2348,48
2349,327
2350,1080
2351,50
2352,225
2353,4
2354,300
2355,100
2356,1872
2357,66
2358,134.85714
2359,1243
2360,41666.7%
2361,15
2362,448
2363,8.8
2364,476
2365,330
2366,288
2367,62.1
2368,8/3
2369,4
2370,100
2371,104
2372,1.44
2373,45
2374,48
2375,18
2376,36
2377,43
2378,12
2379,2.6
2380,120
2381,24
2382,20/9
2383,3231
2384,352
2385,111
2386,55
2387,930
2388,15
2389,3/4
2390,72
2391,20
2392,210
2393,15
2394,902.4
2395,25
2396,120
2397,98/5
2398,0
2399,230%
2400,5.7
2401,896/9
2402,0.002
2403,8
2404,70
2405,24
2406,17
2407,3.25
2408,11
2409,24
2410,1/6
2411,36
2412,5
2413,4
2414,3/5
2415,-75600/67
2416,12.56
2417,600
2418,80
2419,20
2420,40
2421,600
2422,6
2423,7/3
2424,3.3
2425,252
2426,20
2427,8
2428,75
2429,7.2
2430,6
2431,12
2432,10/3
2433,2/15
2434,120
2435,43200
2436,39.55
2437,125.44
2438,19
2439,8
2440,14
2441,72
2442,36
2443,7
2444,40
2445,21
2446,
2447,2275
2448,14
2449,6/95
2450,33/20
2451,30
2452,280/3
2453,238.4
2454,-112
2455,2
2456,20%
2457,176
2458,88
2459,1450
2460,-285/7
2461,6
2462,17
2463,28
2464,1700
2465,
2466,157.7536
2467,6
2468,59
2469,3200
2470,16
2471,44
2472,34
2473,120
2474,120
2475,80
2476,25
2477,5
2478,25
2479,60
2480,-12
2481,1711
2482,24
2483,8
2484,50.24
2485,600
2486,33.912
2487,208
2488,-82
2489,8
2490,8
2491,20
2492,12
2493,1
2494,7
2495,5390/9
2496,130
2497,-2400
2498,1/2
2499,-48
2500,250/19
2501,303
2502,2000
2503,90
2504,65%
2505,-10
2506,40/9
2507,22/3
2508,480
2509,240
2510,600/97
2511,-125.6
2512,7630
2513,37.68
2514,10.96
2515,220
2516,28
2517,15.072
2518,18.84
2519,3
2520,200
2521,5840
2522,38.465
2523,4
2524,18/5
2525,49
2526,36
2527,160
2528,1225
2529,66
2530,12
2531,48/7
2532,-9
2533,60
2534,15
2535,4.71
2536,80
2537,27/125
2538,22
2539,72
2540,1/2
2541,8
2542,9
2543,1
2544,300
2545,60
2546,1056
2547,200
2548,925
2549,21
2550,14
2551,5
2552,16
2553,12.5%
2554,68
2555,48.5
2556,392
2557,62.8
2558,360
2559,320
2560,36%
2561,8
2562,9.2
2563,30
2564,30
2565,653
2566,50
2567,50.24
2568,2
2569,720
2570,140
2571,42
2572,46
2573,3
2574,80
2575,60
2576,-4
2577,127.5
2578,-15.7
2579,11
2580,51.52
2581,72
2582,12
2583,-15
2584,39.25
2585,100
2586,
2587,7
2588,63/4
2589,2
2590,12.24
2591,33
2592,0
2593,
2594,240
2595,1993/10
2596,1350
2597,159/20
2598,43.2
2599,80
2600,125
2601,57600
2602,1780
2603,21.6
2604,10
2605,-51
2606,12
2607,0
2608,6.4
2609,9
2610,620/7
2611,28
2612,1364
2613,5625
2614,110
2615,1595
2616,86.4
2617,3000
2618,600
2619,9
2620,95.8%
2621,80
2622,7/11
2623,16/15
2624,4
2625,350.1527
2626,25.12
2627,36
2628,183.3%
2629,3200/19
2630,208/3
2631,60
2632,4.8
2633,74
2634,150
2635,200
2636,42
2637,1404.0
2638,20
2639,40
2640,3
2641,9
2642,60
2643,1536
2644,-24
2645,160
2646,10
2647,34
2648,400/3
2649,0.375
2650,12.56
2651,125.6
2652,12.56
2653,300
2654,597
2655,2.4
2656,5/24
2657,-30
2658,96/7
2659,21.9
2660,24
2661,20
2662,5
2663,-19
2664,78
2665,1728
2666,1728
2667,98%
2668,828/7
2669,3680/21
2670,8/19
2671,200
2672,3500
2673,38
2674,15/7
2675,35
2676,
2677,13
2678,784
2679,0.77037
2680,316
2681,80
2682,10.07
2683,30
2684,10
2685,2800
2686,5%
2687,10
2688,272
2689,597/74
2690,275
2691,5440
2692,0.7
2693,246
2694,0.95
2695,64
2696,78.5
2697,530
2698,3
2699,24
2700,11
2701,72/7
2702,1200
2703,10
2704,84
2705,200
2706,-1
2707,6
2708,6
2709,3.7
2710,113
2711,16
2712,25.25
2713,720
2714,2
2715,370
2716,288
2717,200
2718,18
2719,5/2
2720,10850
2721,1512
2722,19200
2723,2223
2724,20400
2725,18/5
2726,15
2727,15
2728,2220
2729,10
2730,696/5
2731,21
2732,24
2733,200
2734,6
2735,300
2736,9000
2737,1
2738,2205.88235
2739,22
2740,0.75
2741,75/7
2742,0
2743,595
2744,40
2745,45
2746,894/65
2747,15
2748,300
2749,320
2750,26
2751,49
2752,1000
2753,5
2754,15
2755,160
2756,1.26
2757,200
2758,180
2759,140
2760,2
2761,490/3
2762,1620
2763,432
2764,26
2765,20.8
2766,-4
2767,6.28
2768,419
2769,-5
2770,198
2771,440
2772,6
2773,-1263
2774,-22/3
2775,24
2776,5
2777,504
2778,100
2779,250
2780,4
2781,31
2782,1919/4
2783,8
2784,375
2785,8
2786,980
2787,288
2788,29/3
2789,13
2790,7
2791,1
2792,36
2793,128
2794,33
2795,100
2796,567
2797,20/9
2798,5.91447
2799,-177
2800,7/2
2801,288
2802,3
2803,100
2804,3087
2805,41/6
2806,-19
2807,15
2808,-150
2809,200
2810,4800
2811,1344
2812,17600/21
2813,12
2814,301.44
2815,4
2816,12
2817,1800
2818,784
2819,-120
2820,12.56
2821,310
2822,240
2823,98/5
2824,85/7
2825,70
2826,3520
2827,3
2828,250
2829,16
2830,255
2831,34
2832,10
2833,30
2834,348
2835,24
2836,0
2837,920
2838,-960
2839,120%
2840,280
2841,14/11
2842,29
2843,54
2844,1700
2845,75.36
2846,1/4
2847,18
2848,45
2849,846
2850,9
2851,50.24
2852,6
2853,2
2854,27/2
2855,9.1%
2856,9
2857,28
2858,6
2859,10
2860,5500
2861,308
2862,283/1443
2863,44.1
2864,16
2865,8
2866,72
2867,20
2868,10.5975
2869,1000
2870,280
2871,250
2872,1188
2873,0
2874,50.24
2875,750
2876,4
2877,80%
2878,910
2879,32
2880,6
2881,36/5
2882,96%
2883,30
2884,80
2885,6
2886,25/3
2887,1256
2888,115
2889,5024
2890,1610
2891,135
2892,6
2893,512
2894,320
2895,30%
2896,40
2897,20
2898,
2899,1375
2900,9
2901,527
2902,156
2903,10800
2904,660
2905,1584
2906,88
2907,0.6
2908,50.24
2909,320
2910,6
2911,72
2912,505
2913,66
2914,0.2
2915,3200/3
2916,15
2917,150.72
2918,55
2919,379
2920,200
2921,24
2922,32
2923,6600
2924,5/4
2925,0.08
2926,11685
2927,395/7
2928,750
2929,8
2930,110000/3
2931,157
2932,7990
2933,7/20
2934,1
2935,628
2936,100/17
2937,78.5
2938,15
2939,0.01
2940,2250
2941,326
2942,80
2943,96
2944,12
2945,240
2946,100
2947,200
2948,415/9
2949,441/22
2950,3992/121
2951,3.63
2952,36
2953,-555/2
2954,2750/3
2955,135/4
2956,38
2957,144
2958,36
2959,8
2960,144
2961,36
2962,41
2963,100
2964,16
2965,7/2
2966,20
2967,81
2968,75
2969,50
2970,12
2971,21.2
2972,
2973,14
2974,6
2975,12
2976,10
2977,200
2978,180
2979,25
2980,60/7
2981,94.6%
2982,404/7
2983,11
2984,20000
2985,70
2986,1.536
2987,11
2988,13
2989,57
2990,1.32
2991,1.32
2992,39.25
2993,55.98462
2994,1200
2995,6/5
2996,100
2997,138
2998,18
2999,42
3000,32/3
3001,137
3002,88
3003,12
3004,46.5
3005,28
3006,540
3007,19
3008,126
3009,77.76
3010,31.4
3011,22
3012,10.048
3013,1271
3014,188.4
3015,4750
3016,18
3017,600/11
3018,100
3019,45
3020,50
3021,25
3022,40
3023,400
3024,15
3025,600
3026,88/3
3027,-44799
3028,72000
3029,171.42857
3030,60
3031,742
3032,18
3033,18/5
3034,8
3035,8
3036,140
3037,-13
3038,13%
3039,1800
3040,40
3041,-19/5
3042,12
3043,3
3044,16
3045,15
3046,374/9
3047,1680
3048,8
3049,55/3
3050,3.4
3051,372
3052,12
3053,8
3054,9
3055,45/2
3056,400
3057,39
3058,600
3059,2688/5
3060,650
3061,1248
3062,50.24
3063,12
3064,82
3065,260
3066,960
3067,60
3068,140
3069,1000
3070,120
3071,7080
3072,-50%
3073,124
3074,4.3
3075,600
3076,7000
3077,8800
3078,360
3079,113
3080,190
3081,112
3082,2512
3083,0.8
3084,12
3085,108
3086,640
3087,80
3088,20/3
3089,8
3090,98%
3091,15
3092,46
3093,9
3094,1.32353
3095,112.3969
3096,0.2704
3097,1.2
3098,50
3099,3
3100,2.36
3101,10
3102,50
3103,24
3104,648
3105,4
3106,45
3107,1650
3108,530
3109,3/2
3110,4
3111,180
3112,192
3113,160
3114,470
3115,2.31333
3116,1050
3117,240
3118,31
3119,45
3120,12.56
3121,864
3122,450
3123,32
3124,20
3125,280
3126,750
3127,140
3128,2100
3129,400
3130,25000/13
3131,132/5
3132,10
3133,9.9
3134,2000
3135,78
3136,234
3137,45
3138,640
3139,8
3140,97.5%
3141,12000
3142,-5/2
3143,12
3144,2
3145,508
3146,75
3147,187.5
3148,1.1
3149,6000
3150,18
3151,12
3152,12
3153,155/2
3154,2.2
3155,12
3156,2.4
3157,1
3158,121
3159,8
3160,320
3161,70/9
3162,0.96
3163,20%
3164,1.44
3165,64
3166,45
3167,39
3168,5326
3169,400
3170,20
3171,160
3172,32
3173,15
3174,76
3175,140
3176,1791
3177,41
3178,624
3179,48
3180,2700
3181,36.3
3182,-6.4
3183,0.7
3184,720
3185,180
3186,2.23529
3187,-121
3188,807
3189,5
3190,72
3191,255
3192,322
3193,60
3194,720
3195,30
3196,52
3197,6400
3198,1800
3199,465
3200,70
3201,864
3202,3600
3203,48
3204,72
3205,2
3206,3220
3207,470
3208,93
3209,85
3210,120
3211,360
3212,72
3213,8
3214,9
3215,75
3216,600
3217,800
3218,24
3219,130
3220,11
3221,4
3222,15
3223,420
3224,360
3225,175
3226,160
3227,4
3228,30
3229,8
3230,2520
3231,384
3232,360
3233,108/41
3234,41
3235,2880
3236,936
3237,3250/3
3238,175
3239,36/19
3240,126
3241,9900
3242,1158
3243,1160
3244,1600
3245,50
3246,1820
3247,372
3248,1880
3249,3
3250,280
3251,78
3252,300
3253,1200
3254,30
3255,6
3256,25/4
3257,3
3258,8
3259,4
3260,1692
3261,8
3262,1875/2
3263,24
3264,1083/4
3265,7
3266,8
3267,510
3268,35
3269,186
3270,225
3271,24
3272,27
3273,8
3274,75
3275,336
3276,180
3277,35
3278,305
3279,625
3280,784
3281,5124
3282,6
3283,130
3284,1208
3285,5
3286,11
3287,9
3288,7632
3289,5400
3290,250
3291,218
3292,144
3293,9
3294,45
3295,29
3296,86
3297,200
3298,1000
3299,105
3300,520
3301,27
3302,228
3303,109
3304,99
3305,11
3306,447
3307,477
3308,103
3309,39
3310,112
3311,660
3312,84
3313,9
3314,31
3315,2
3316,63
3317,315
3318,362
3319,8
3320,220
3321,54
3322,605
3323,21
3324,7680
3325,60
3326,200
3327,8250
3328,1425
3329,32
3330,80
3331,90
3332,250
3333,2160
3334,420
3335,75
3336,203
3337,372
3338,448
3339,576
3340,200
3341,720
3342,95
3343,4
3344,569
3345,5
3346,100
3347,15
3348,1800
3349,180
3350,32
3351,13
3352,13
3353,48
3354,39
3355,2600
3356,784
3357,130
3358,60
3359,94
3360,550
3361,328
3362,204
3363,126
3364,1950
3365,40
3366,37
3367,300
3368,119
3369,10
3370,13500
3371,245
3372,1052
3373,330
3374,658
3375,180
3376,68
3377,910
3378,300
3379,256
3380,27
3381,1043
3382,105
3383,117
3384,1122
3385,84
3386,239
3387,15
3388,24
3389,25
3390,98
3391,432
3392,960
3393,60
3394,40
3395,130
3396,24
3397,25
3398,-60
3399,100
3400,755
3401,85
3402,1/4
3403,52
3404,-30
3405,89
3406,214
3407,200
3408,70
3409,40
3410,32
3411,450
3412,216
3413,4185
3414,467
3415,207
3416,0
3417,300/61
3418,16
3419,990
3420,52
3421,810
3422,552
3423,5014
3424,1764
3425,403
3426,6240
3427,432
3428,3
3429,25
3430,3
3431,38
3432,447/160
3433,40
3434,131
3435,67.24
3436,24
3437,18
3438,77
3439,87
3440,0.72
3441,750
3442,500/9
3443,10
3444,2015
3445,279
3446,700
3447,1
3448,15/2
3449,96
3450,1400
3451,172
3452,5200
3453,1368
3454,558
3455,143
3456,2
3457,532
3458,12
3459,8
3460,-33
3461,3
3462,15
3463,42/125
3464,48
3465,3
3466,690
3467,180
3468,57.9
3469,430
3470,2.4
3471,15
3472,16.5
3473,1000
3474,13
3475,900
3476,23
3477,25
3478,125
3479,600
3480,720
3481,7.38462
3482,100/3
3483,403.75
3484,800
3485,48/5
3486,40
3487,54/5
3488,288
3489,150
3490,20
3491,192
3492,32/3
3493,882
3494,100
3495,90
3496,-1/32
3497,648/125
3498,104.4
3499,84
3500,6
3501,16
3502,100
3503,800
3504,4
3505,3120
3506,23
3507,10
3508,275
3509,3200
3510,300
3511,420
3512,200
3513,3750
3514,21.75
3515,5760
3516,352
3517,9
3518,100
3519,3500
3520,192
3521,8
3522,24
3523,9
3524,48
3525,1500
3526,450
3527,114
3528,9/2
3529,58
3530,40
3531,75/112
3532,1.40556
3533,160
3534,1/5
3535,20
3536,9
3537,6
3538,192
3539,276
3540,50
3541,5000
3542,12180
3543,2600
3544,6
3545,405
3546,1/24
3547,1494
3548,588
3549,2000
3550,8
3551,75
3552,-15
3553,5050
3554,205
3555,720
3556,316
3557,13/5
3558,250000
3559,1480
3560,2520
3561,3120
3562,840
3563,9
3564,3800
3565,176
3566,32
3567,123
3568,1488
3569,2
3570,12
3571,6
3572,17
3573,35
3574,42
3575,8800
3576,6
3577,-42
3578,16
3579,-100/3
3580,3960
3581,80
3582,250
3583,289
3584,4050/7
3585,367/9
3586,40
3587,1209
3588,6480
3589,179/3
3590,4500
3591,56
3592,9.375
3593,14
3594,145
3595,2320
3596,175
3597,90
3598,23
3599,4
3600,114
3601,89600
3602,74
3603,817
3604,1500
3605,640
3606,40
3607,60
3608,21
3609,6
3610,-15
3611,70
3612,634.2
3613,20
3614,945
3615,8
3616,480
3617,112
3618,2560
3619,160
3620,432
3621,5
3622,450
3623,320
3624,1000
3625,2240
3626,102
3627,320
3628,1080
3629,1120
3630,1200
3631,920
3632,660
3633,13000
3634,3575
3635,125
3636,140
3637,519
3638,40
3639,300
3640,166
3641,6
3642,108
3643,3330
3644,21.45
3645,24
3646,6
3647,2450
3648,21
3649,690
3650,20
3651,3
3652,48
3653,250
3654,168
3655,54
3656,161
3657,1035
3658,70
3659,982
3660,24
3661,3600
3662,8
3663,36
3664,141/7
3665,566
3666,98
3667,112
3668,15750
3669,588
3670,2916
3671,1440
3672,13
3673,100
3674,78.5
3675,640
3676,10665
3677,359/42
3678,0
3679,5880
3680,10080
3681,880
3682,47/2
3683,6
3684,6.25
3685,272
3686,1536
3687,400
3688,1000
3689,384
3690,300
3691,5
3692,4
3693,39
3694,1118
3695,504
3696,57
3697,100
3698,7500
3699,215
3700,1632
3701,150
3702,880
3703,4
3704,1350
3705,9/2
3706,4500
3707,120
3708,378
3709,36
3710,6
3711,104
3712,18090
3713,24
3714,144
3715,570
3716,4000
3717,509
3718,260
3719,684
3720,13
3721,318
3722,655
3723,72
3724,158625
3725,558
3726,8
3727,160
3728,744
3729,150
3730,1250
3731,84
3732,5600
3733,136
3734,534
3735,800
3736,107
3737,3800
3738,640
3739,14000
3740,429
3741,600
3742,728
3743,4710
3744,140
3745,450
3746,212
3747,22/5
3748,300
3749,30
3750,2492
3751,120
3752,200
3753,288
3754,1176
3755,360
3756,44/3
3757,52
3758,3360
3759,5000
3760,279
3761,96
3762,51
3763,3
3764,0.42
3765,11
3766,20
3767,2210
3768,300
3769,0
3770,49
3771,2160
3772,108
3773,75
3774,600
3775,11
3776,20000
3777,-60
3778,76475
3779,6
3780,552
3781,15
3782,2
3783,175
3784,16
3785,80
3786,23800
3787,68
3788,414
3789,583
3790,650
3791,3430
3792,126
3793,65
3794,190
3795,93.6
3796,24
3797,18
3798,102
3799,1638
3800,1100
3801,675
3802,8130
3803,3
3804,15
3805,84
3806,1679
3807,4400
3808,54
3809,47
3810,21
3811,144
3812,60
3813,45
3814,900
3815,24
3816,667
3817,15
3818,45
3819,36
3820,10850
3821,40
3822,36
3823,20
3824,120
3825,30
3826,36
3827,215/3
3828,2880
3829,1770
3830,349
3831,43.2
3832,112000
3833,15
3834,2115
3835,45
3836,768
3837,8
3838,45
3839,990
3840,8100
3841,1232
3842,192
3843,1273
3844,6
3845,23/2
3846,7
3847,576
3848,17/18
3849,5850
3850,90
3851,256
3852,30
3853,54
3854,2520
3855,175
3856,576
3857,216
3858,455
3859,1250
3860,960
3861,96
3862,140
3863,1440
3864,468
3865,3900
3866,1680
3867,375
3868,368
3869,5000
3870,5/2
3871,80
3872,28
3873,1120
3874,27
3875,5760
3876,54
3877,120
3878,716
3879,3000
3880,10.24
3881,22
3882,-120
3883,18
3884,100
3885,972
3886,108/5
3887,480
3888,16
3889,1200
3890,144
3891,800
3892,1.46
3893,108
3894,3
3895,18
3896,270
3897,9
3898,420
3899,155
3900,7
3901,270
3902,40
3903,1600
3904,2
3905,61
3906,144
3907,168
3908,14.5
3909,0.36
3910,410
3911,6
3912,91
3913,140
3914,359
3915,5600
3916,510
3917,20
3918,3360
3919,312
3920,20/3
3921,610
3922,2100
3923,30
3924,775
3925,10/13
3926,230
3927,240
3928,225
3929,150
3930,108
3931,4.08
3932,-0.8
3933,41/3
3934,95
3935,25
3936,1680
3937,27/10
3938,651
3939,9720
3940,264
3941,1247
3942,4
3943,768
3944,12
3945,120
3946,204
3947,19/6
3948,60
3949,50/53
3950,1035
3951,420
3952,24
3953,81
3954,462
3955,1600
3956,682
3957,2
3958,6
3959,8
3960,115
3961,9
3962,144
3963,375
3964,437
3965,78/7
3966,12/11
3967,32/7
3968,96
3969,24
3970,13334
3971,80
3972,-257
3973,422
3974,60
3975,40
3976,26
3977,18.33333
3978,190
3979,500
3980,26
3981,25/2
3982,20
3983,4
3984,9
3985,300
3986,51
3987,0.375
3988,288
3989,-20
3990,1260
3991,80/53
3992,-29150
3993,69
3994,360
3995,212
3996,18
3997,46
3998,600
3999,65
4000,51
4001,-10
4002,1485
4003,2304
4004,4486
4005,160/7
4006,76
4007,-6
4008,3760/37
4009,144
4010,740
4011,3.76471
4012,107/5
4013,150
4014,135
4015,
4016,20
4017,706
4018,9.4
4019,18.4
4020,9
4021,1.28
4022,8
4023,230
4024,6
4025,-600
4026,3046
4027,-78/5
4028,400
4029,24
4030,32/5
4031,51
4032,360
4033,960
4034,17
4035,8
4036,248
4037,433.5
4038,1922
4039,252.5
4040,57.1
4041,500
4042,50
4043,800
4044,12
4045,160
4046,2400
4047,1800
4048,88
4049,120
4050,60
4051,32/3
4052,150
4053,18
4054,0.0018
4055,126
4056,12
4057,250
4058,234
4059,288
4060,240
4061,1725.5
4062,48
4063,645
4064,2
4065,410
4066,188
4067,246.85714
4068,20
4069,1008
4070,90.5
4071,500
4072,79
4073,303.6
4074,1400
4075,182
4076,30
4077,6
4078,13.25
4079,32
4080,8
4081,176
4082,965
4083,1712
4084,6
4085,980
4086,368/3
4087,1442
4088,1200
4089,10
4090,48
4091,930
4092,22
4093,20
4094,9600
4095,4940
4096,2
4097,3
4098,1981.1
4099,2040
4100,120
4101,83/3
4102,800
4103,0
4104,-540
4105,1600
4106,36
4107,576
4108,61
4109,3.3
4110,8
4111,6/5
4112,11
4113,37
4114,4060
4115,90
4116,8
4117,16
4118,12
4119,690
4120,24
4121,20
4122,44
4123,39
4124,78
4125,320
4126,30
4127,1130
4128,98
4129,75
4130,3500
4131,722
4132,1095
4133,50
4134,236
4135,15.1
4136,456
4137,5/6
4138,10
4139,
4140,50
4141,160/3
4142,115
4143,675
4144,1112
4145,215
4146,2
4147,29/3
4148,12
4149,1163
4150,202
4151,30
4152,9
4153,504
4154,837
4155,26/5
4156,-10
4157,424
4158,7
4159,7
4160,56
4161,80
4162,100
4163,-2140/11
4164,290/3
4165,1200
4166,109
4167,11
4168,224
4169,21
4170,144
4171,4704
4172,1.632
4173,14400
4174,288
4175,225
4176,28
4177,18.26909
4178,150.72
4179,7
4180,80
4181,12
4182,-104
4183,169
4184,640/3
4185,11.2
4186,70
4187,324
4188,60
4189,4
4190,16/3
4191,314
4192,40
4193,39
4194,-5%
4195,56.52
4196,1700
4197,256
4198,502.4
4199,54
4200,1296
4201,360/19
4202,2407.7%
4203,33
4204,4
4205,18750
4206,20
4207,610
4208,136
4209,20
4210,83
4211,48/5
4212,108
4213,15/2
4214,260
4215,30
4216,4
4217,23
4218,50
4219,1050
4220,100
4221,36
4222,28
4223,384
4224,15/11
4225,416
4226,-76
4227,180
4228,549
4229,60
4230,36
4231,184
4232,5
4233,87.5%
4234,62.8
4235,56
4236,29
4237,120
4238,16
4239,15
4240,300
4241,30
4242,240/7
4243,1632
4244,155
4245,1280
4246,700
4247,9
4248,1760
4249,2
4250,3/2
4251,27
4252,900
4253,5
4254,900
4255,1.96
4256,67.2
4257,0
4258,90
4259,10/3
4260,-4
4261,1644
4262,34
4263,738
4264,288
4265,8
4266,1.3
4267,56
4268,122
4269,12.85
4270,4
4271,46
4272,36
4273,151
4274,864
4275,540
4276,0
4277,140
4278,14
4279,5472
4280,306
4281,3846.5
4282,-24/17
4283,50
4284,27
4285,900
4286,68.8
4287,2700
4288,90
4289,1935
4290,160
4291,40
4292,11
4293,6291
4294,-5/2
4295,144
4296,64
4297,460
4298,554/3
4299,40
4300,7
4301,48
4302,1440
4303,5
4304,300
4305,2
4306,7/3
4307,104
4308,40/9
4309,2
4310,102
4311,1100/3
4312,30
4313,-72
4314,20%
4315,10%
4316,1176
4317,24
4318,1
4319,18
4320,187
4321,4
4322,1250
4323,16
4324,1130.4
4325,75.36
4326,51.46
4327,2.09333
4328,-7700/3
4329,-54.24
4330,4
4331,2606
4332,15
4333,288
4334,342
4335,0
4336,63/5
4337,272/3
4338,32
4339,64
4340,8%
4341,320
4342,180
4343,36000/43
4344,28
4345,9.03333
4346,40%
4347,25.4
4348,-500%
4349,224
4350,-56/15
4351,2435/4
4352,6
4353,45
4354,13/5
4355,6500
4356,50
4357,120
4358,1.82
4359,12
4360,100
4361,16/5
4362,2/5
4363,8
4364,1440
4365,8/3
4366,-540
4367,19/15
4368,3000
4369,9/8
4370,1147/8
4371,104462500
4372,24
4373,360
4374,13/3
4375,3/5
4376,76
4377,238
4378,50
4379,18
4380,6
4381,100
4382,31
4383,45
4384,284
4385,288
4386,84
4387,-8.4
4388,45
4389,95.2381
4390,-2000
4391,1176
4392,5.25
4393,3
4394,18
4395,6400
4396,6400
4397,40000/3
4398,20/3
4399,7
4400,10
4401,-60
4402,192
4403,25
4404,200
4405,20
4406,20
4407,16.8
4408,135/2
4409,
4410,46
4411,3650
4412,14
4413,1704
4414,1236
4415,40
4416,20
4417,80
4418,1000
4419,540
4420,7.1
4421,75
4422,38/3
4423,302
4424,49988/25
4425,1500
4426,6300
4427,6300
4428,36.1728
4429,12.56
4430,282.6
4431,40/3
4432,1
4433,160
4434,4
4435,180
4436,25
4437,2
4438,28.26
4439,6
4440,10
4441,1400
4442,2500%
4443,282.6
4444,28900/9
4445,135/7
4446,315/19
4447,4/5
4448,
4449,0
4450,50.24
4451,3
4452,8
4453,2
4454,450
4455,12
4456,945
4457,109/4
4458,5
4459,-70
4460,216
4461,254.34
4462,22500
4463,18.84
4464,153.86
4465,28.26
4466,12
4467,6.28
4468,800
4469,840
4470,3/4
4471,450
4472,9
4473,0.3
4474,12625
4475,150.72
4476,4
4477,17/2
4478,2
4479,120
4480,24
4481,70
4482,678.24
4483,438
4484,240
4485,216
4486,288
4487,94.2
4488,5
4489,50.24
4490,78.5
4491,2.7
4492,62.8
4493,14.5
4494,250
4495,104
4496,27.632
4497,3
4498,282.6
4499,600/11
4500,153/2
4501,2.83333
4502,3
4503,540
4504,12.56
4505,30%
4506,50.24
4507,25.12
4508,12.56
4509,4916.04938
4510,50
4511,27850/9
4512,72
4513,70
4514,117
4515,8/3
4516,62.8
4517,162/5
4518,65.94
4519,34
4520,2/9
4521,9
4522,5100
4523,34.9796
4524,12
4525,140.4
4526,1497.6
4527,800
4528,1600
4529,1000
4530,10
4531,9/2
4532,3007/2
4533,6
4534,-100
4535,22400
4536,135
4537,1/2
4538,0.5
4539,219.8
4540,2300
4541,4
4542,5024
4543,28.26
4544,188
4545,706.5
4546,480
4547,60
4548,148
4549,5143
4550,50.24
4551,20%
4552,12.56
4553,600
4554,3.2
4555,0
4556,160.14
4557,314
4558,-73
4559,30
4560,12.56
4561,21.98
4562,2.28
4563,50
4564,11/2
4565,3200
4566,1
4567,12.85
4568,314
4569,97.5%
4570,56.8
4571,43/3
4572,1.57
4573,15.7
4574,12.56
4575,4
4576,18
4577,40192
4578,1004.8
4579,18.0864
4580,20/3
4581,188.4
4582,60
4583,60.288
4584,3/40
4585,16
4586,4
4587,3/5
4588,-400
4589,1400
4590,30
4591,4
4592,53
4593,1884
4594,88/7
4595,6
4596,20/3
4597,20/3
4598,14
4599,110
4600,942
4601,125.6
4602,-90
4603,500
4604,2.512
4605,12.56
4606,11304
4607,50.24
4608,33/34
4609,110
4610,50
4611,62.8
4612,78.5
4613,50.24
4614,19.5
4615,9.42
4616,12
4617,587.0544
4618,240
4619,50.24
4620,50.24
4621,107.4%
4622,6
4623,32
4624,22.32889
4625,600
4626,12
4627,12
4628,150
4629,2500
4630,27.6
4631,1
4632,1836/25
4633,12
4634,113
4635,19
4636,24
4637,112
4638,20
4639,2
4640,126
4641,3.14
4642,24
4643,113.04
4644,7570
4645,982
4646,12.5
4647,16
4648,4
4649,198
4650,2
4651,22500
4652,800
4653,7
4654,1000
4655,0.6
4656,2030
4657,
4658,29
4659,8.4
4660,94.985
4661,1530
4662,12309
4663,705/32
4664,2
4665,28
4666,17
4667,12
4668,732
4669,7850
4670,32
4671,251.2
4672,2
4673,180/7
4674,56
4675,3
4676,394.384
4677,16%
4678,92.15
4679,703.36
4680,60
4681,33/56
4682,75%
4683,18
4684,270
4685,21.83803
4686,2
4687,200
4688,900
4689,13/25
4690,1.73333
4691,10
4692,75
4693,314
4694,36.4
4695,48
4696,70
4697,0.8
4698,3.375
4699,100
4700,942
4701,32
4702,100
4703,100/9
4704,100/9
4705,-90/7
4706,750
4707,7
4708,469
4709,76
4710,120%
4711,756
4712,15072
4713,112
4714,113.04
4715,1.224
4716,1.63694
4717,28.26
4718,720
4719,5.04762
4720,1/5
4721,562
4722,894
4723,20998
4724,36
4725,29
4726,27
4727,15.7
4728,314
4729,60
4730,1.11465
4731,210
4732,650
4733,36
4734,11200
4735,100.48
4736,208
4737,85
4738,3/20
4739,1600
4740,25.12
4741,61.23
4742,443.1
4743,10.048
4744,668
4745,200
4746,15
4747,42
4748,251.2
4749,125.6
4750,5677/10
4751,40
4752,0.38061
4753,360
4754,194400/13
4755,2400
4756,62.8
4757,680
4758,243/10
4759,40000/3
4760,50.24
4761,5/48
4762,3.8
4763,2
4764,22.5
4765,45/2
4766,1507200
4767,1256
4768,10
4769,803.84
4770,200.96
4771,24
4772,12.597
4773,108
4774,-847.6
4775,80/3
4776,62.8
4777,9.375
4778,12.5%
4779,72
4780,30
4781,18.84
4782,62.8
4783,1728
4784,564
4785,25000
4786,600
4787,100/51
4788,13
4789,9.8596
4790,30
4791,4770
4792,61.6225
4793,1256
4794,72
4795,50.24
4796,706.5
4797,9/10
4798,210
4799,56.52
4800,8560
4801,1256
4802,4.48551
4803,0.07962
4804,125
4805,552.64
4806,201
4807,450
4808,376.8
4809,102400
4810,
4811,1884
4812,126
4813,1000
4814,3/2
4815,480
4816,23.4%
4817,31/40
4818,910
4819,307/119
4820,24
4821,36
4822,6.84
4823,0.95316
4824,104.4
4825,79
4826,5.14286
4827,7.5
4828,0.10467
4829,810
4830,54000
4831,2826
4832,352
4833,5
4834,785
4835,60
4836,22.4
4837,20.396
4838,157
4839,18.84
4840,31.4
4841,2
4842,108/5
4843,49.88095
4844,3600
4845,136
4846,16
4847,2
4848,696
4849,160
4850,16
4851,-10
4852,45
4853,353
4854,8/15
4855,-30
4856,45
4857,6
4858,-26/3
4859,1/30
4860,11/12
4861,25
4862,5
4863,2/5
4864,4/7
4865,125.6
4866,3125/3
4867,15
4868,70/3
4869,85
4870,60
4871,40/9
4872,50
4873,150720
4874,754
4875,40
4876,200
4877,40
4878,24/5
4879,240%
4880,12
4881,1
4882,60/7
4883,5
4884,15
4885,168
4886,96/11
4887,3/2
4888,114
4889,14/5
4890,3
4891,350/11
4892,20/3
4893,2200
4894,9990
4895,16
4896,125/2
4897,35/43
4898,60/11
4899,15/8
4900,160
4901,19/2
4902,9
4903,-868
4904,50.24
4905,50.24
4906,20
4907,2
4908,800
4909,120
4910,2
4911,100.48
4912,0
4913,3
4914,2
4915,57
4916,109/129
4917,12
4918,36/7
4919,75/2
4920,200
4921,-15
4922,28
4923,3
4924,12/11
4925,9
4926,1000
4927,1530
4928,28.8
4929,3
4930,3125
4931,900
4932,300
4933,8
4934,31.5
4935,9/80
4936,38
4937,6
4938,14/17
4939,40/9
4940,-56/5
4941,70
4942,4.2
4943,80
4944,20.83333
4945,20/7
4946,2
4947,2464.9
4948,-7.39281
4949,7.10072
4950,72
4951,-11
4952,15
4953,93
4954,640
4955,1/5
4956,52
4957,196
4958,36
4959,16
4960,12
4961,120
4962,84%
4963,30/13
4964,0.82759
4965,12/5
4966,83
4967,94
4968,108
4969,62
4970,68
4971,45
4972,68
4973,43
4974,18
4975,63
4976,21
4977,18
4978,25
4979,-7
4980,56
4981,9
4982,84
4983,56
4984,24
4985,18
4986,16
4987,144
4988,27
4989,36
4990,35
4991,18
4992,4
4993,5
4994,2
4995,28
4996,4
4997,24
4998,94
4999,12
5000,36
5001,27
5002,32
5003,60
5004,78
5005,125
5006,34
5007,23
5008,8
5009,-48
5010,61
5011,47
5012,8
5013,5
5014,7
5015,48
5016,6
5017,6
5018,26
5019,8
5020,8
5021,28
5022,47
5023,27
5024,9
5025,47
5026,81
5027,19
5028,28
5029,20
5030,20
5031,22
5032,44
5033,27
5034,17
5035,10
5036,-2
5037,0
5038,56
5039,41
5040,6
5041,4
5042,25
5043,31
5044,80
5045,19
5046,12
5047,3
5048,14
5049,18
5050,13
5051,3
5052,11
5053,25
5054,-18
5055,91
5056,35
5057,90
5058,56
5059,26
5060,81
5061,4
5062,55
5063,55
5064,6
5065,18
5066,-50
5067,89
5068,97
5069,80
5070,3
5071,51
5072,88
5073,16
5074,24
5075,57
5076,26
5077,6
5078,42
5079,7
5080,27
5081,30
5082,17/5
5083,16
5084,6
5085,56
5086,56
5087,24
5088,18
5089,33
5090,32
5091,16
5092,24
5093,23
5094,8
5095,6
5096,8
5097,16
5098,15
5099,18
5100,18
5101,18
5102,6
5103,15
5104,40
5105,54
5106,33
5107,7
5108,19
5109,55
5110,180
5111,21
5112,-7
5113,-2
5114,88
5115,332000
5116,16
5117,70
5118,703.36
5119,8
5120,16
5121,-160
5122,1800
5123,6
5124,8860/3
5125,52
5126,8
5127,12
5128,700
5129,1
5130,
5131,15
5132,266
5133,12
5134,45
5135,135
5136,42
5137,18
5138,15
5139,94.2
5140,62.8
5141,6.28
5142,39/4
5143,1791
5144,3
5145,6
5146,40
5147,125
5148,76800
5149,48
5150,1232
5151,41
5152,-1500/17
5153,120
5154,78.732
5155,3380
5156,69.5
5157,1
5158,21500
5159,240
5160,40
5161,255
5162,43200
5163,362/3
5164,4000
5165,13
5166,24
5167,512/5
5168,90
5169,615.44
5170,344
5171,25.12
5172,1.008
5173,2700
5174,30
5175,-46
5176,120
5177,12
5178,15.7
5179,45
5180,28
5181,2
5182,5000
5183,60
5184,50/9
5185,2
5186,1450
5187,1408
5188,14
5189,20
5190,3
5191,16
5192,12
5193,8
5194,70
5195,24
5196,18
5197,18
5198,46
5199,3.645
5200,
5201,0.048
5202,333
5203,14
5204,9
5205,36.3
5206,26
5207,500
5208,30/7
5209,2.98
5210,240/241
5211,96/17
5212,2374
5213,20
5214,45
5215,-6.5625
5216,54/5
5217,56.52
5218,66
5219,15.7
5220,280
5221,4
5222,3600
5223,20
5224,25600/3
5225,36
5226,20
5227,7
5228,72
5229,-5999
5230,-6
5231,12
5232,1750/11
5233,21
5234,3360
5235,900
5236,987.2
5237,12.56
5238,42
5239,12
5240,-8.15
5241,2500
5242,300
5243,314
5244,32
5245,64
5246,45
5247,39
5248,5326
5249,970
5250,58
5251,20
5252,160
5253,32
5254,15
5255,76
5256,-6.4
5257,-11
5258,25
5259,35/2
5260,33
5261,57894.73684
5262,280
5263,10100
5264,-3.76667
5265,10
5266,48
5267,116.25
5268,4235
5269,21
5270,4
5271,14
5272,9
5273,35
5274,250
5275,12/7
5276,5000/83
5277,0.7392
5278,3600%
5279,12160
5280,296
5281,0.32
5282,72
5283,1210
5284,
5285,252
5286,100.48
5287,62.8
5288,200/3
5289,10
5290,108
5291,300/23
5292,-7712
5293,2501
5294,100000
5295,384
5296,0
5297,36/5
5298,27/2
5299,-214/5
5300,252/5
5301,800
5302,60
5303,-16400/83
5304,47
5305,396
5306,33
5307,-20
5308,4000
5309,400
5310,231/2
5311,8.64
5312,24
5313,292/5
5314,215
5315,279.11111
5316,1071/4
5317,220
5318,160
5319,3200
5320,2900/11
5321,11.25
5322,48
5323,3.125
5324,21.98
5325,165
5326,375/8
5327,45/2
5328,24
5329,123359.17313
5330,1000
5331,14382
5332,1/16
5333,2400
5334,36
5335,6400
5336,36/25
5337,5040/23
5338,51
5339,48
5340,5640
5341,2000
5342,45
5343,384
5344,75.36
5345,72
5346,10
5347,-101
5348,14
5349,250
5350,1920
5351,-13200
5352,327
5353,2600
5354,106
5355,80/21
5356,20
5357,480
5358,65/3
5359,20
5360,15700
5361,5/2
5362,7
5363,3920
5364,10
5365,50
5366,800
5367,1.875
5368,640
5369,6.912
5370,516
5371,21600/17
5372,-7500
5373,-405
5374,104
5375,25
5376,-60
5377,5000
5378,2565
5379,200
5380,2.5
5381,1
5382,12
5383,264
5384,315/13
5385,100/3
5386,
5387,800
5388,59
5389,8
5390,47/7
5391,1092000000
5392,50.4
5393,33
5394,3/4
5395,8/5
5396,500
5397,2888
5398,140
5399,28/3
5400,455
5401,15000/7
5402,6
5403,527/100
5404,15
5405,55.296
5406,304
5407,1636
5408,21
5409,315
5410,30
5411,80
5412,14.4
5413,89
5414,125
5415,212.04
5416,50/7
5417,126
5418,480
5419,3600
5420,1200
5421,25/6
5422,10
5423,90
5424,0.8096
5425,15/4
5426,2500
5427,3/2
5428,60
5429,900
5430,48
5431,50
5432,50
5433,145
5434,10
5435,2
5436,36
5437,5
5438,1752
5439,90
5440,8/3
5441,144
5442,162/11
5443,138
5444,48
5445,0.2
5446,38
5447,2.9
5448,2.7
5449,0.5
5450,0.5
5451,13
5452,180
5453,900
5454,16
5455,24
5456,4/5
5457,784
5458,100
5459,125
5460,60/11
5461,6
5462,6
5463,-552
5464,5
5465,5
5466,10
5467,100
5468,1.7
5469,25.9
5470,200
5471,-4375
5472,18
5473,6
5474,130
5475,3
5476,10/3
5477,20
5478,105
5479,18000
5480,4800
5481,8
5482,-1080
5483,1.07143
5484,
5485,13.5
5486,2e-05
5487,201
5488,110
5489,6
5490,47
5491,34
5492,44
5493,53
5494,20000%
5495,700
5496,20
5497,3
5498,793
5499,3750
5500,6.63548
5501,52
5502,9
5503,3720
5504,88/9
5505,525/4
5506,0
5507,450
5508,305
5509,100
5510,33
5511,1400
5512,32
5513,75
5514,190
5515,5/4
5516,1218
5517,1200
5518,2705/199
5519,810
5520,32
5521,288
5522,42
5523,2080
5524,60
5525,40/7
5526,420
5527,110
5528,34.3
5529,-1922
5530,325/9
5531,2200
5532,270
5533,48
5534,7
5535,8.2425
5536,5400
5537,189
5538,1.3
5539,120
5540,88
5541,90
5542,63
5543,428
5544,9
5545,120/7
5546,29.3
5547,-57
5548,-25/4
5549,540
5550,1800
5551,47355
5552,72/7
5553,40/3
5554,40/9
5555,600
5556,96
5557,-41
5558,
5559,300/11
5560,2.4
5561,300
5562,13200
5563,760
5564,12
5565,30
5566,4.72581
5567,45
5568,4/5
5569,57
5570,6/5
5571,7840
5572,208
5573,12210
5574,178.66667
5575,11/3
5576,35
5577,154.2564
5578,7.75
5579,140
5580,3.52941
5581,32
5582,449.28
5583,1120
5584,120
5585,12
5586,65/2
5587,420
5588,360
5589,38
5590,3
5591,3600
5592,195
5593,1080
5594,625
5595,29
5596,442.5
5597,1407/17
5598,636
5599,1650
5600,480
5601,-3500/3
5602,144
5603,20.57143
5604,32/5
5605,505/2
5606,20360
5607,24
5608,13200/101
5609,2000
5610,86.4
5611,-104
5612,21000
5613,0.00319
5614,113
5615,60
5616,6
5617,6720
5618,13376
5619,107.1
5620,1.95
5621,6280
5622,94.2
5623,2
5624,48
5625,3500
5626,10
5627,280
5628,120
5629,240
5630,250
5631,1153
5632,44
5633,810
5634,320
5635,94.2
5636,872/3
5637,18369/5
5638,42
5639,0
5640,5
5641,101.2
5642,2592
5643,48
5644,10
5645,150
5646,28
5647,28.26
5648,315/8
5649,120
5650,40
5651,28.26
5652,480
5653,375
5654,5/2
5655,105/4
5656,500
5657,3
5658,1080
5659,435/8
5660,240
5661,9
5662,80
5663,25/8
5664,4
5665,128
5666,30
5667,210
5668,255/2
5669,0
5670,500
5671,0.198
5672,3000
5673,60
5674,4000
5675,157
5676,21025
5677,22
5678,62
5679,1500
5680,500
5681,675000
5682,1971.92
5683,6.28
5684,600
5685,18
5686,25
5687,696
5688,3120
5689,45/2
5690,25
5691,2000
5692,22
5693,57
5694,270
5695,250
5696,525
5697,1600
5698,24
5699,336/5
5700,50.24
5701,20
5702,40
5703,1/4
5704,154
5705,80
5706,252
5707,12600
5708,23.22222
5709,13900
5710,1107
5711,23
5712,128
5713,400
5714,-1.1
5715,109.9
5716,113
5717,8
5718,192
5719,2
5720,945
5721,37.68
5722,20
5723,5
5724,-120
5725,105
5726,11.7
5727,600
5728,8
5729,8
5730,7
5731,1400
5732,992
5733,204
5734,5702
5735,-95
5736,4.0192
5737,400
5738,3430
5739,45
5740,8
5741,19.2
5742,288
5743,60
5744,600
5745,52
5746,3200
5747,16
5748,2000
5749,236.6304
5750,702
5751,83/100
5752,143.2
5753,285
5754,297
5755,-90
5756,142
5757,93
5758,33
5759,18
5760,50
5761,3/4
5762,210
5763,98
5764,45
5765,160
5766,1680
5767,144/5
5768,1920
5769,260
5770,0
5771,800
5772,375/17
5773,74
5774,75/2
5775,32000/3
5776,50
5777,-2400/7
5778,24
5779,10
5780,56
5781,-2.6775
5782,192
5783,6
5784,20
5785,10000
5786,870
5787,44
5788,112750
5789,1000
5790,110
5791,21
5792,28800
5793,9020
5794,40
5795,1458
5796,420
5797,6
5798,38.46154
5799,5.832
5800,648
5801,72
5802,250
5803,544.32
5804,
5805,100/7
5806,1600
5807,-350
5808,60
5809,391/5
5810,108
5811,239/318
5812,28
5813,2000
5814,764
5815,81/4
5816,81
5817,88
5818,2
5819,375
5820,5.4
5821,36
5822,12
5823,38
5824,50
5825,39
5826,40/501
5827,7650
5828,20
5829,23810
5830,2550
5831,80
5832,2225
5833,8
5834,13768.11594
5835,1083/5
5836,6280
5837,2.5
5838,15.47957
5839,18.84
5840,28
5841,16
5842,150
5843,12
5844,811/3
5845,93
5846,470
5847,4000
5848,275/6
5849,144
5850,18.4
5851,62.4
5852,25
5853,8640
5854,4
5855,19600
5856,9000
5857,-4000
5858,2940
5859,24
5860,-12
5861,0.8
5862,126.7
5863,209
5864,42
5865,1.16
5866,30
5867,3
5868,10
5869,207.52
5870,15
5871,11
5872,1292/3
5873,
5874,120
5875,2560
5876,16
5877,72
5878,1/10
5879,288
5880,2
5881,501
5882,16.5
5883,998
5884,-24
5885,100
5886,20/9
5887,1.91667
5888,1/40
5889,53
5890,44
5891,45
5892,40
5893,58.55
5894,2000
5895,32
5896,750
5897,1.11642
5898,5460
5899,50
5900,3240
5901,6
5902,20/11
5903,5.0625
5904,145040
5905,182
5906,234
5907,7
5908,21
5909,7
5910,49
5911,9
5912,64
5913,33
5914,25
5915,8
5916,3
5917,7
5918,50
5919,60
5920,46
5921,8
5922,8
5923,18
5924,41
5925,42
5926,36
5927,10
5928,694
5929,1021
5930,5
5931,800
5932,6
5933,72
5934,42
5935,26
5936,72
5937,8
5938,6
5939,35
5940,12
5941,20
5942,10
5943,15
5944,10
5945,10
5946,10
5947,12
5948,46
5949,56
5950,3
5951,2
5952,12
5953,11
5954,5
5955,42
5956,21
5957,13
5958,82
5959,44
5960,20
5961,50
5962,18
5963,36
5964,15
5965,24
5966,16
5967,53
5968,26
5969,3
5970,72
5971,53
5972,4
5973,1
5974,5
5975,2
5976,28
5977,4
5978,8/3
5979,12
5980,3
5981,38
5982,9
5983,4
5984,22
5985,60
5986,9
5987,34
5988,17
5989,27
5990,10
5991,4
5992,4
5993,-1
5994,18
5995,20
5996,6
5997,4
5998,8
5999,5
6000,7
6001,21
6002,6
6003,6
6004,50
6005,47
6006,27
6007,9
6008,65
6009,81
6010,19
6011,28
6012,20
6013,20
6014,22
6015,44
6016,27
6017,6
6018,4
6019,25
6020,31
6021,80
6022,19
6023,12
6024,3
6025,14
6026,18
6027,13
6028,3
6029,11
6030,25
6031,31
6032,91
6033,35
6034,90
6035,56
6036,26
6037,81
6038,55
6039,6
6040,97
6041,51
6042,88
6043,16
6044,24
6045,57
6046,26
6047,6
6048,26
6049,21
6050,20
6051,26
6052,31
6053,27
6054,15
6055,88
6056,94
6057,7
6058,16
6059,8
6060,81
6061,81
6062,37
6063,79
6064,24
6065,18
6066,23
6067,27
6068,23
6069,12
6070,19
6071,6
6072,24
6073,80
6074,5
6075,20
6076,4
6077,20
6078,3
6079,25
6080,8
6081,6
6082,22
6083,53
6084,41
6085,37
6086,45
6087,19
6088,24
6089,31
6090,42
6091,11
6092,84
6093,40
6094,44
6095,30
6096,20
6097,35
6098,45
6099,25
6100,8
6101,8
6102,14
6103,40
6104,10
6105,72
6106,34
6107,225/7
6108,6
6109,3
6110,48
6111,4
6112,19
6113,10
6114,6
6115,7
6116,27
6117,30
6118,17/5
6119,16
6120,6
6121,56
6122,56
6123,18
6124,33
6125,32
6126,16
6127,24
6128,23
6129,8
6130,6
6131,8
6132,16
6133,15
6134,18
6135,18
6136,18
6137,6
6138,15
6139,40
6140,54
6141,55
6142,70
6143,16
6144,27
6145,21
6146,-7
6147,-2
6148,88
6149,-4
6150,27
6151,80
6152,68
6153,20/7
6154,20
6155,45
6156,270
6157,139
6158,492
6159,252
6160,4
6161,40
6162,3200/3
6163,0
6164,4/5
6165,19
6166,837
6167,1791
6168,528
6169,720
6170,-121
6171,49
6172,4
6173,924
6174,30
6175,33
6176,175/12
6177,2400
6178,0.6
6179,3.5
6180,38
6181,27
6182,352
6183,40
6184,1000
6185,1215
6186,61
6187,6320
6188,560
6189,543
6190,253
6191,-2120
6192,450
6193,90
6194,95
6195,-2279
6196,240
6197,5100
6198,1008
6199,36
6200,4
6201,48
6202,4
6203,18
6204,40
6205,40
6206,72
6207,9
6208,100
6209,23
6210,78
6211,364
6212,358
6213,148
6214,142
6215,270
6216,99
6217,200/3
6218,24
6219,-307
6220,477
6221,696
6222,306
6223,39
6224,14
6225,132
6226,52
6227,9
6228,9
6229,72
6230,315
6231,362
6232,8
6233,220
6234,14
6235,1650
6236,98
6237,96
6238,113
6239,16
6240,360
6241,33
6242,210
6243,125
6244,6
6245,535
6246,278
6247,88
6248,395
6249,150
6250,5
6251,2
6252,156
6253,200
6254,36
6255,54
6256,78
6257,-400
6258,6
6259,2250
6260,11
6261,73
6262,238
6263,968
6264,91
6265,41
6266,621/20
6267,40
6268,21
6269,540
6270,4000
6271,-879
6272,1400/3
6273,77
6274,41.2
6275,-600
6276,80
6277,63
6278,250
6279,4
6280,5/4
6281,344
6282,186
6283,10
6284,4.2
6285,1.04
6286,2.12
6287,21
6288,210
6289,32
6290,24
6291,154
6292,-13.84
6293,47.5
6294,87
6295,264
6296,1240
6297,75
6298,98.3
6299,56.7
6300,22.4
6301,12
6302,850
6303,1110
6304,64
6305,165
6306,14910
6307,315
6308,6
6309,74
6310,157
6311,84
6312,75/2
6313,40
6314,140
6315,270
6316,6
6317,45
6318,3900
6319,1200
6320,15/2
6321,600/7
6322,1110
6323,308
6324,6025
6325,72
6326,1419
6327,-27860
6328,250
6329,147/50
6330,6120
6331,7280
6332,710
6333,13650
6334,4800
6335,696
6336,125
6337,900
6338,9
6339,40
6340,160
6341,48
6342,160
6343,600
6344,2200
6345,4
6346,6
6347,300
6348,48
6349,2
6350,20
6351,3600
6352,13
6353,7
6354,40
6355,210/13
6356,12
6357,3720
6358,16
6359,15
6360,19
6361,130
6362,14945
6363,29
6364,24/5
6365,225
6366,4.8
6367,8
6368,-2899
6369,600
6370,30
6371,24
6372,45
6373,1/3
6374,116
6375,107
6376,2414
6377,1872
6378,18
6379,5
6380,14
6381,20
6382,12
6383,24500
6384,2
6385,100
6386,78
6387,6000
6388,17.5
6389,1.8
6390,340
6391,-1.32632
6392,4
6393,12
6394,100
6395,35
6396,6720
6397,630.59643
6398,5.4
6399,1428
6400,316
6401,512
6402,50
6403,6
6404,200
6405,240
6406,675
6407,569
6408,660
6409,20000
6410,12000
6411,7/10
6412,1000
6413,3.5
6414,5
6415,158.78
6416,140.1
6417,63
6418,1950
6419,30/7
6420,540
6421,708
6422,1980
6423,45
6424,245/36
6425,3/7
6426,750
6427,810
6428,1050
6429,32
6430,27/2
6431,32
6432,64
6433,120
6434,145
6435,80
6436,288
6437,4050
6438,18
6439,17
6440,1200
6441,85/3
6442,8
6443,2
6444,40
6445,86.1
6446,9.42
6447,188.8
6448,6
6449,50
6450,43.68
6451,32
6452,38
6453,36
6454,1420
6455,10.8
6456,90
6457,165
6458,19
6459,648
6460,0.2
6461,75/4
6462,40
6463,110
6464,3000
6465,-101
6466,16
6467,30
6468,-99
6469,441/4
6470,20
6471,
6472,38
6473,8
6474,-1
6475,4
6476,33
6477,9
6478,4
6479,4
6480,48
6481,-112/15
6482,48
6483,4723
6484,12
6485,300
6486,28
6487,784
6488,375
6489,16
6490,4
6491,140
6492,1800
6493,47
6494,25/13
6495,125.6
6496,84
6497,314
6498,29.8
6499,29.8
6500,18
6501,6/5
6502,20/3
6503,20/3
6504,24
6505,600
6506,278
6507,180
6508,95
6509,15
6510,35
6511,140
6512,64
6513,335
6514,368
6515,5
6516,60
6517,180/17
6518,8.95
6519,122
6520,102
6521,1568
6522,5
6523,1.45
6524,11
6525,48
6526,720/11
6527,31.5
6528,62
6529,91
6530,1050
6531,882
6532,32
6533,6
6534,9000
6535,30
6536,176
6537,27
6538,170
6539,15
6540,160
6541,25
6542,1680
6543,222
6544,5
6545,860
6546,400
6547,200
6548,147
6549,375
6550,16
6551,1872
6552,206
6553,1
6554,4
6555,648
6556,133
6557,3375/2
6558,69
6559,3
6560,15
6561,660
6562,2.27
6563,16
6564,88
6565,35
6566,24
6567,17
6568,22875
6569,80
6570,160
6571,45
6572,1800
6573,1800
6574,25/2
6575,1908
6576,900
6577,170.1
6578,4410
6579,9
6580,40
6581,360
6582,85
6583,2520
6584,4
6585,18
6586,576
6587,36
6588,41.895
6589,78
6590,1344
6591,1330
6592,40
6593,310
6594,900
6595,85
6596,120
6597,1.34
6598,306
6599,2730
6600,2688
6601,2250
6602,52
6603,328
6604,38
6605,215
6606,18750
6607,120
6608,18.5
6609,6
6610,180
6611,248
6612,216
6613,240
6614,336
6615,525
6616,624
6617,825
6618,37
6619,356
6620,38
6621,9
6622,4
6623,576
6624,1320
6625,6000
6626,13000
6627,557
6628,600
6629,60
6630,824
6631,13.2
6632,270
6633,38.36
6634,160
6635,6.5
6636,15
6637,1
6638,24
6639,23800
6640,15/8
6641,2000
6642,1610
6643,120
6644,552
6645,2000
6646,6700
6647,6960
6648,13870
6649,33
6650,306
6651,304
6652,40
6653,615
6654,211
6655,-10.1
6656,23
6657,20
6658,205
6659,540
6660,25
6661,266
6662,4
6663,7
6664,285
6665,8
6666,186
6667,832
6668,4200/8417
6669,267
6670,1050
6671,1872
6672,60
6673,611.5
6674,138
6675,162
6676,285
6677,379
6678,3600
6679,770
6680,70
6681,1714.28571
6682,972
6683,22
6684,1212
6685,210
6686,525
6687,319
6688,29400
6689,732
6690,45
6691,366/7
6692,2.1
6693,560
6694,240
6695,56
6696,20
6697,1215
6698,1152
6699,10.3
6700,47
6701,600
6702,980
6703,349
6704,4840
6705,25/6
6706,45
6707,62
6708,18.72
6709,123088
6710,18000
6711,10
6712,97
6713,8
6714,3
6715,7
6716,-9
6717,19
6718,18
6719,23
6720,85
6721,3216
6722,375
6723,125
6724,248
6725,2880
6726,80
6727,45
6728,18
6729,3/5
6730,37
6731,3
6732,8
6733,12
6734,615
6735,6
6736,52
6737,73
6738,38
6739,88
6740,10
6741,0
6742,21
6743,32
6744,-11
6745,15
6746,7
6747,-2
6748,-30
6749,32
6750,21
6751,4
6752,29
6753,35
6754,36
6755,80
6756,37
6757,8
6758,29
6759,17
6760,35
6761,45
6762,6
6763,20
6764,4
6765,48
6766,-15
6767,30
6768,4
6769,4
6770,-6
6771,-6
6772,2223
6773,320
6774,20
6775,6
6776,50
6777,38
6778,12
6779,16
6780,11
6781,17
6782,324
6783,-3
6784,-11
6785,-8
6786,2/5
6787,50
6788,8
6789,59
6790,87
6791,76/5
6792,10/9
6793,58
6794,-53
6795,10
6796,38
6797,66
6798,35
6799,39
6800,61
6801,20
6802,140
6803,22
6804,14
6805,78
6806,50
6807,100
6808,10
6809,27
6810,37
6811,-34
6812,50
6813,42
6814,33
6815,-2
6816,6
6817,25
6818,65
6819,81
6820,33
6821,11
6822,31
6823,23
6824,3
6825,15
6826,30
6827,38
6828,28
6829,28
6830,33
6831,119
6832,57
6833,14
6834,36
6835,42
6836,22
6837,16
6838,24
6839,12
6840,0
6841,35
6842,9
6843,10
6844,19
6845,12
6846,8
6847,2
6848,16
6849,18
6850,28
6851,11
6852,6
6853,1/10
6854,24
6855,17
6856,27
6857,8
6858,33.6
6859,178
6860,1360
6861,60
6862,75
6863,5670
6864,680
6865,17.85714
6866,48
6867,95%
6868,2800
6869,1800
6870,-160
6871,304
6872,-989
6873,1500
6874,3600
6875,144
6876,12
6877,6
6878,260
6879,
6880,1200
6881,375
6882,108
6883,36
6884,300
6885,160
6886,160
6887,792
6888,240
6889,-9/10
6890,250
6891,48
6892,40
6893,45/4
6894,6
6895,232
6896,24
6897,1680
6898,56.52
6899,750
6900,18
6901,5
6902,18840
6903,58
6904,1
6905,102
6906,8
6907,49
6908,59
6909,625/16
6910,37
6911,320
6912,70
6913,96%
6914,92.7%
6915,1/5
6916,157.7536
6917,15/2
6918,1.728
6919,108
6920,42
6921,7344
6922,1
6923,27
6924,484/5
6925,32
6926,14
6927,1500
6928,50.24
6929,1296
6930,7245
6931,3
6932,2100
6933,40
6934,3
6935,13
6936,18
6937,40
6938,13
6939,16
6940,25%
6941,3400/3
6942,-289
6943,115%
6944,89
6945,28
6946,6
6947,2
6948,350
6949,43
6950,75/2
6951,31.4
6952,3600
6953,63/2
6954,7.525
6955,180
6956,-1250
6957,1.8
6958,9
6959,0
6960,125
6961,96
6962,7500
6963,480
6964,5
6965,-80
6966,28
6967,50.24
6968,-64
6969,30
6970,20
6971,5
6972,144
6973,2365
6974,-36
6975,160
6976,15
6977,16
6978,96
6979,160
6980,0
6981,200%
6982,950
6983,6000
6984,675
6985,2
6986,48
6987,420
6988,200
6989,35
6990,4500
6991,1600
6992,480
6993,25
6994,270
6995,1200
6996,3000
6997,5.28
6998,300
6999,2340
7000,71
7001,0.4
7002,3.14
7003,20
7004,32
7005,10
7006,600
7007,180
7008,1333.3%
7009,36/5
7010,156
7011,4.9298
7012,625
7013,150
7014,25
7015,144
7016,1.5
7017,25.12
7018,25.2
7019,1620
7020,50
7021,448
7022,100
7023,84
7024,5
7025,1440
7026,180
7027,2.624
7028,400%
7029,401920
7030,190
7031,15/2
7032,192
7033,50
7034,25%
7035,24
7036,24/5
7037,62.9%
7038,0.512
7039,717
7040,10/3
7041,780
7042,770
7043,345
7044,60
7045,81/10
7046,270
7047,96
7048,60
7049,15
7050,15813
7051,1560
7052,48/5
7053,2
7054,16
7055,80
7056,28.26
7057,5/2
7058,18
7059,42
7060,95%
7061,3900
7062,22.8
7063,38.4
7064,50
7065,3.7
7066,2800
7067,1.925
7068,12
7069,56/3
7070,1.5
7071,45
7072,350
7073,25/2
7074,20%
7075,45/11
7076,-125
7077,60
7078,2500
7079,3/8
7080,23
7081,200
7082,900/7
7083,1050
7084,15
7085,-3/4
7086,198
7087,5.73
7088,4
7089,154
7090,96
7091,100
7092,9
7093,1296/25
7094,160/7
7095,
7096,32
7097,1200
7098,773.9786
7099,0.08
7100,41
7101,3200
7102,580
7103,3
7104,3
7105,975/2
7106,50
7107,5000
7108,5
7109,75
7110,1/3
7111,235
7112,28.26
7113,999/4
7114,57/5
7115,40
7116,864
7117,25120
7118,-155
7119,58
7120,24/5
7121,501.9
7122,445
7123,596
7124,32
7125,10
7126,540
7127,84.72222
7128,-39
7129,95
7130,9.8596
7131,14
7132,120
7133,401
7134,188
7135,-13
7136,480
7137,310
7138,125/2
7139,4.96
7140,2.62
7141,0.68
7142,600
7143,112.5%
7144,19
7145,-4
7146,92%
7147,-150%
7148,10
7149,-15
7150,6
7151,300/17
7152,255
7153,7
7154,120
7155,16000
7156,385
7157,261
7158,107.1
7159,2.25
7160,12
7161,3125
7162,7/2
7163,4
7164,254
7165,0.5
7166,1214
7167,960
7168,131.25
7169,8
7170,144
7171,79.2
7172,64/5
7173,57.6%
7174,1%
7175,840
7176,8
7177,1000
7178,2100
7179,780
7180,157.7536
7181,522.5
7182,1400
7183,98
7184,2
7185,72
7186,9
7187,768
7188,48
7189,12
7190,97
7191,12/25
7192,225
7193,91040
7194,6160
7195,3.95
7196,3200
7197,144
7198,17
7199,15
7200,2
7201,6
7202,1240
7203,108
7204,0
7205,80
7206,35/8
7207,1
7208,9600
7209,426
7210,306
7211,13.5
7212,48
7213,12.6
7214,7/300
7215,125.6
7216,796
7217,22155.84
7218,87.92
7219,1420
7220,78
7221,2128
7222,15
7223,120%
7224,300
7225,1350
7226,13.68
7227,34
7228,-128
7229,-70
7230,16%
7231,71937/140
7232,300
7233,1500
7234,5/2
7235,90
7236,28.75
7237,100
7238,10
7239,3139
7240,8
7241,224
7242,13
7243,1920
7244,-11
7245,630
7246,73
7247,-6.4
7248,168
7249,2000
7250,3000
7251,7
7252,36
7253,1.8
7254,12/43
7255,83.8
7256,117
7257,340
7258,1300
7259,184
7260,15
7261,9
7262,6
7263,219
7264,848
7265,252
7266,5280
7267,3200
7268,3
7269,54080/11
7270,80
7271,4.18667
7272,4
7273,40
7274,19.99614
7275,1620
7276,-50
7277,125
7278,750
7279,400
7280,56
7281,90
7282,240
7283,90%
7284,30
7285,15
7286,14.4
7287,9
7288,5
7289,120
7290,864
7291,-4749
7292,35
7293,135
7294,4000
7295,59.4
7296,240
7297,150
7298,272
7299,55
7300,40
7301,73/80
7302,15
7303,120
7304,25000
7305,30
7306,900
7307,13636
7308,139
7309,1.3
7310,0.07
7311,20.27027
7312,18.75
7313,349
7314,109.35
7315,14
7316,7
7317,251.2
7318,450
7319,301.44
7320,-340
7321,40
7322,-479
7323,800/3
7324,103.3
7325,4.5
7326,2800
7327,2/5
7328,7200
7329,16
7330,12
7331,0
7332,19.625
7333,500
7334,4800
7335,56
7336,5040
7337,1280
7338,15
7339,124
7340,45.475
7341,42
7342,75
7343,1/12
7344,576
7345,10
7346,13.975
7347,250
7348,62.8
7349,5040
7350,-900
7351,48
7352,80
7353,1125
7354,933
7355,218
7356,78.5
7357,523/5
7358,75/11
7359,26
7360,10
7361,940
7362,1674
7363,8
7364,30
7365,47
7366,4500
7367,4000/3
7368,1000
7369,72
7370,12
7371,1.08696
7372,-479
7373,32
7374,5
7375,40/9
7376,49/60
7377,4.3
7378,50
7379,26
7380,2200
7381,8
7382,5040
7383,30
7384,-5
7385,6250
7386,3200
7387,1000
7388,0.10467
7389,14.25
7390,6
7391,500/17
7392,36
7393,1256
7394,240
7395,240
7396,9600
7397,112
7398,36/5
7399,60
7400,64
7401,30
7402,10
7403,40
7404,30
7405,60
7406,14
7407,9
7408,9611.2
7409,185
7410,90
7411,11
7412,25
7413,125
7414,65
7415,32
7416,4
7417,27.27273
7418,195
7419,2
7420,98
7421,5.6
7422,9
7423,648
7424,304
7425,450
7426,45
7427,1616
7428,80
7429,4000
7430,90%
7431,480
7432,37
7433,40/3
7434,45.9
7435,200
7436,264
7437,12.6
7438,17
7439,6
7440,1920
7441,4
7442,12/5
7443,0.8
7444,700/3
7445,0.8
7446,28
7447,180
7448,7200
7449,7500
7450,1256
7451,190
7452,790/21
7453,25
7454,4
7455,4
7456,37.5%
7457,80
7458,12
7459,24/5
7460,243
7461,360
7462,44
7463,4368
7464,10
7465,26
7466,360
7467,
7468,125
7469,180
7470,78.5
7471,1981.38522
7472,20
7473,1.25
7474,153
7475,9
7476,520
7477,3
7478,55
7479,22.4
7480,29
7481,49.5
7482,400
7483,400
7484,30000
7485,156
7486,450
7487,33
7488,100/19
7489,5600
7490,15
7491,399
7492,128
7493,80
7494,90
7495,24
7496,3
7497,450
7498,3.3
7499,60
7500,70.0245
7501,-39.69038
7502,16000/3
7503,3/5
7504,118
7505,97
7506,32
7507,4920
7508,1400
7509,210
7510,12/5
7511,3240
7512,2550
7513,8
7514,474
7515,2786
7516,143
7517,45
7518,1/2
7519,1600/13
7520,1120
7521,66/5
7522,1413
7523,16
7524,744
7525,4
7526,5160
7527,675
7528,5/2
7529,40
7530,514
7531,95
7532,5/12
7533,320
7534,2240
7535,457.6
7536,595/9
7537,56
7538,3
7539,4.85
7540,39
7541,15.5
7542,612
7543,160
7544,150
7545,160
7546,14
7547,31.4
7548,675
7549,0.471
7550,45
7551,6280
7552,675
7553,1.02857
7554,0
7555,870
7556,4
7557,180
7558,20
7559,9
7560,1000
7561,3
7562,300
7563,56
7564,125/27
7565,1800
7566,99
7567,1.25
7568,2700
7569,2700
7570,46
7571,28
7572,25.72
7573,3
7574,2760
7575,3
7576,4
7577,25.12
7578,72.275
7579,2
7580,200
7581,504
7582,29.4
7583,-216
7584,1500
7585,9000
7586,4/5
7587,36
7588,40
7589,182
7590,4
7591,17
7592,840
7593,10
7594,0
7595,702
7596,80
7597,36
7598,55.8
7599,90
7600,360/13
7601,600
7602,426.24
7603,8
7604,4
7605,50
7606,0.512
7607,125
7608,480
7609,175
7610,24
7611,6.8
7612,34
7613,60
7614,1
7615,2
7616,10
7617,8
7618,18
7619,16
7620,20
7621,24
7622,280
7623,12
7624,0.4
7625,648
7626,4
7627,32.5
7628,36.55
7629,0.6
7630,3.37
7631,3.8
7632,294
7633,180
7634,180
7635,85%
7636,512
7637,13.5
7638,200
7639,69
7640,-1.62
7641,498/5
7642,1/2
7643,3
7644,42
7645,20
7646,18/25
7647,9/2
7648,1/2
7649,1/7
7650,2240
7651,3000
7652,3
7653,2.73333
7654,36
7655,2400
7656,19/20
7657,64
7658,20
7659,10.4
7660,960
7661,31.8
7662,2/7
7663,27/40
7664,2
7665,2/5
7666,1/6
7667,7200
7668,37/4
7669,441
7670,42
7671,62
7672,43
7673,-111/2
7674,8
7675,505
7676,4
7677,2520
7678,1/4
7679,8/5
7680,8/5
7681,3968
7682,750
7683,7
7684,8
7685,25
7686,800
7687,1744
7688,31/35
7689,35
7690,1782
7691,1
7692,8280
7693,14
7694,3
7695,5.34
7696,-2
7697,12
7698,-1
7699,26
7700,-11
7701,38.46154
7702,8460
7703,10.1
7704,90.5
7705,167/100
7706,3045
7707,60
7708,28
7709,148
7710,72
7711,11/20
7712,3/8
7713,11/24
7714,3
7715,144/5
7716,42
7717,6.66
7718,7/24
7719,60
7720,73
7721,47.6
7722,56
7723,120
7724,1350
7725,8/9
7726,13/10
7727,10.16
7728,222
7729,6
7730,140
7731,882
7732,5.75
7733,6.6
7734,720
7735,67.5
7736,42.5
7737,6
7738,100
7739,119/6
7740,110
7741,135
7742,36
7743,85
7744,560
7745,6
7746,38
7747,9
7748,-194
7749,705
7750,10
7751,700
7752,1.8
7753,5680/13
7754,80
7755,0.28
7756,40/19
7757,35
7758,135
7759,11/30
7760,5
7761,2.2
7762,400
7763,144/7
7764,4
7765,6
7766,16
7767,32800
7768,83
7769,2912
7770,230
7771,1125250
7772,13/20
7773,200
7774,48
7775,473/10
7776,1186
7777,70
7778,20
7779,225
7780,16/5
7781,360
7782,4
7783,-22
7784,220
7785,0
7786,19
7787,2160
7788,1800
7789,15000
7790,996.11111
7791,26
7792,250
7793,2/7
7794,10
7795,15
7796,16
7797,9/20
7798,1260
7799,144000
7800,
7801,60
7802,10000
7803,7/10
7804,15/4
7805,-246/5
7806,20
7807,106
7808,822
7809,576
7810,5.6
7811,240
7812,3/2
7813,30
7814,5/11
7815,249
7816,4/5
7817,14
7818,240
7819,255
7820,25
7821,0
7822,5416
7823,1026
7824,1/5
7825,18
7826,11/12
7827,2/3
7828,16/25
7829,36/5
7830,72
7831,630
7832,3/7
7833,20
7834,10
7835,82
7836,37/40
7837,3
7838,600
7839,52/17
7840,256
7841,32/21
7842,18
7843,63
7844,10
7845,17/3
7846,-1.7
7847,135
7848,290
7849,-56
7850,-3
7851,41/60
7852,900
7853,7
7854,200/3
7855,1/20
7856,4
7857,15/8
7858,48
7859,80
7860,1000/31
7861,4/15
7862,336
7863,3
7864,20
7865,690/17
7866,69/20
7867,9
7868,40/9
7869,13
7870,180
7871,3/4
7872,15
7873,63/5
7874,28/3
7875,1/2
7876,1
7877,0
7878,1
7879,2
7880,1/4
7881,150
7882,-375/2
7883,3/5
7884,11/60
7885,3/5
7886,96
7887,1/3
7888,12
7889,9
7890,8
7891,1.375
7892,3
7893,765
7894,27
7895,131
7896,945859.2
7897,-1159/400
7898,300
7899,3
7900,784
7901,115
7902,
7903,20
7904,5.42
7905,3
7906,107
7907,200
7908,24/7
7909,-1/20
7910,8
7911,50/9
7912,375
7913,79.2
7914,2700
7915,3/16
7916,10
7917,96
7918,3/4
7919,864
7920,9/20
7921,8
7922,1
7923,1/4
7924,26/3
7925,324
7926,150
7927,900
7928,47
7929,2800
7930,50
7931,4525/6
7932,9/5
7933,32/3
7934,77
7935,5/8
7936,-2/5
7937,2/3
7938,10
7939,4
7940,7
7941,85
7942,5/12
7943,8/3
7944,300
7945,108
7946,11.1
7947,84
7948,22
7949,80/3
7950,2/25
7951,2/25
7952,-42/37
7953,-42/37
7954,643/5
7955,86
7956,52
7957,2542
7958,-17/15
7959,230
7960,16/15
7961,1.25
7962,-100/3
7963,1/20
7964,7000
7965,54
7966,5
7967,5
7968,1710
7969,41
7970,11025/16
7971,1
7972,624
7973,100
7974,4
7975,130
7976,120
7977,80
7978,20
7979,1/25
7980,42
7981,392
7982,163/7
7983,4000
7984,274
7985,2590
7986,40/3
7987,225
7988,504
7989,144000
7990,170/3
7991,72
7992,6
7993,1200
7994,193
7995,-5
7996,360
7997,670
7998,5/7
7999,1
