0,16.05109
1,146
2,4
3,-525
4,9
5,1290
6,600
7,60
8,8.8
9,45
10,41
11,9523.80952
12,80
13,56
14,246
15,8172
16,16
17,1.87
18,322.5
19,10
20,2700
21,245
22,100
23,68
24,438
25,1
26,19
27,16
28,0.628
29,1950
30,3.6
31,48
32,9
33,720
34,90
35,29/20
36,251
37,39
38,3/4
39,72
40,400
41,24
42,41
43,400
44,4
45,6
46,95
47,288
48,40
49,280
50,656
51,210
52,7600
53,280
54,778
55,120
56,598
57,4875
58,1248
59,6
60,66
61,1201
62,1300
63,738
64,1176
65,588
66,13198.8
67,-5390
68,3360
69,765
70,10
71,73.2
72,6600
73,5/8
74,200
75,3.8
76,20
77,13/20
78,24
79,194
80,3.3
81,179
82,64
83,392
84,260
85,20%
86,15
87,203
88,402
89,374
90,27/250
91,20/3
92,20
93,1735
94,1536
95,31.4
96,8
97,16
98,3
99,260
100,2288
101,4
102,3486
103,14
104,5
105,20
106,5/9
107,0.04809
108,114.7
109,6
110,7/10
111,1200
112,560
113,651
114,136
115,1900
116,4090
117,623
118,192
119,124
120,1.98
121,22
122,25
123,69
124,10.125
125,110%
126,162
127,0.3787
128,176
129,770
130,7/9
131,4191
132,10
133,9
134,11200
135,1
136,595
137,8000000
138,24
139,87
140,90
141,261
142,96
143,15
144,126.72
145,356
146,20/3
147,8400
148,4800
149,9
150,-2/9
151,494
152,17.85714
153,1090
154,8000
155,3/10
156,35/2
157,600
158,73
159,45
160,30
161,5
162,76
163,6.04246
164,42
165,1350
166,336
167,775
168,6
169,312
170,9/200
171,7
172,280
173,144
174,11/35
175,38
176,44
177,300
178,64
179,8
180,20
181,28.26
182,12
183,27
184,20/3
185,650
186,5000
187,30
188,312
189,15
190,-782
191,-122.46
192,10395
193,880
194,400
195,-31.4
196,704
197,28.26
198,450
199,272
200,450
201,114
202,18
203,7/20
204,5
205,40
206,2/3
207,144
208,40
209,63426
210,6
211,65.55
212,3081
213,1461
214,192
215,2500
216,800
217,17/4
218,63024
219,3200
220,235
221,333
222,20
223,16
224,200
225,1872
226,346
227,9
228,6/7
229,201.6
230,190
231,717
232,3300
233,207
234,684
235,3500
236,691
237,1710
238,-1/18
239,3280
240,816
241,1386/5
242,1
243,5375
244,972
245,3/5
246,28.12
247,41/24
248,240
249,104
250,3.2
251,2
252,162
253,1260
254,75
255,6000
256,1536
257,15
258,490
259,45
260,2700
261,40
262,84
263,75
264,24/5
265,20
266,11/24
267,844
268,26
269,94
270,25000
271,12300
272,750
273,12
274,520
275,1585
276,-288
277,5.4
278,32
279,750
280,502.4
281,8
282,6
283,736
284,64
285,18
286,240
287,579
288,216
289,2250
290,944
291,10
292,15
293,468
294,16
295,21
296,4800
297,95/7
298,4
299,91
300,336
301,27/20
302,8
303,9
304,81
305,5024
306,72
307,20
308,50
309,210
310,125.6
311,450
312,95
313,2/7
314,36
315,60
316,100
317,324
318,900
319,1/2
320,3.84
321,432
322,1/2
323,37/40
324,6/5
325,7
326,3450
327,71.25
328,890
329,144
330,12475
331,285440
332,16000
333,300
334,4/7
335,1344
336,26
337,486
338,6
339,10
340,492
341,90
342,503
343,0.02286
344,60
345,91
346,48
347,5
348,425
349,12
350,32
351,360
352,1740
353,1588
354,168
355,-43
356,637.55556
357,25
358,5/2
359,12
360,45216
361,25120
362,45
363,9
364,5/12
365,540
366,11/35
367,32
368,-13/24
369,209
370,150
371,242
372,10
373,7
374,36
375,1350
376,591
377,904.32
378,4429
379,30
380,70
381,38
382,2/5
383,6240
384,56375
385,91
386,12
387,
388,100
389,13
390,1500
391,1260
392,768
393,800
394,376.8
395,35.56701
396,450
397,11
398,6592
399,13
400,102
401,136
402,864
403,20/9
404,885
405,32
406,550
407,4/15
408,115/24
409,12.56
410,12
411,11
412,-3/8
413,800
414,10
415,516
416,55
417,8
418,1320
419,15
420,2/9
421,1000
422,3
423,105
424,1.12
425,15.12
426,25
427,1120
428,127
429,2750
430,580
431,120
432,384
433,112
434,12960
435,31
436,408
437,44
438,17/25
439,24
440,1/4
441,-16
442,410
443,175/2
444,64
445,765
446,3/5
447,0.45
448,20
449,1920
450,1036
451,68
452,33333.3%
453,10
454,30
455,133
456,1080
457,60
458,76
459,390
460,24
461,2400
462,33
463,816
464,12
465,1710
466,780
467,246
468,21
469,30
470,12
471,16
472,-700
473,251.2
474,6
475,126
476,-436
477,10
478,1152
479,231
480,400
481,533
482,1/20
483,80/3
484,30
485,280
486,132
487,216
488,31
489,1204
490,4
491,96
492,260
493,44.72
494,440
495,2092.34
496,36000
497,1440
498,80
499,1344
500,271
501,1550
502,960
503,750
504,885
505,426
506,120
507,700
508,94.2
509,84
510,66000
511,14
512,17/40
513,
514,1160
515,58
516,786
517,0.98125
518,1/2
519,224
520,45
521,90
522,605
523,1800
524,3/8
525,200
526,340
527,100
528,24
529,62.8
530,80
531,-18
532,150
533,46.8
534,24
535,45
536,150/11
537,792
538,7
539,-48
540,680
541,100
542,216
543,600
544,44
545,120
546,28.26
547,84
548,10
549,60
550,1730
551,78.5
552,48
553,
554,1100
555,750
556,11
557,504
558,314
559,50.24
560,0.56667
561,6
562,24/5
563,110
564,59
565,60
566,-980
567,147
568,1008/5
569,2500
570,2793/20
571,31.2
572,10700
573,24
574,7500
575,27.21
576,2
577,2
578,150
579,240
580,8000/3
581,4
582,348.6
583,150
584,8
585,12
586,43
587,37
588,-38
589,240
590,88
591,16
592,20
593,0.2
594,33/2
595,15.7
596,0.5
597,930
598,192
599,2857
600,11172
601,5.5
602,3
603,400/9
604,115
605,2/5
606,50000
607,12
608,5
609,159
610,900
611,23030
612,696
613,0.6506
614,9.6
615,93600
616,100.55
617,99999999999.99998
618,3768
619,22000
620,89.4
621,50
622,251.2
623,114
624,392
625,15
626,2200
627,18
628,421
629,90
630,60/7
631,30.95914
632,3
633,2000
634,74.4
635,95%
636,100%
637,57.1%
638,99%
639,60
640,6.31579
641,-120
642,5
643,192
644,
645,44
646,1.5
647,14
648,215
649,-60
650,-68
651,26
652,27/2
653,25
654,98%
655,49
656,
657,98%
658,12
659,95.2%
660,103
661,4/3
662,950
663,42.9%
664,96
665,1094.5
666,50
667,1/10
668,20/39
669,43.2
670,100/3
671,980
672,90
673,160
674,5
675,92%
676,8
677,227
678,98%
679,96%
680,1/4000
681,46000
682,120
683,60
684,-42/5
685,42
686,3360
687,60
688,36
689,34
690,320
691,960
692,81
693,99/10
694,3840
695,1800
696,16
697,1
698,47/40
699,60
700,75
701,16
702,5
703,7.5
704,2.11111
705,15
706,94%
707,5/8
708,20
709,28
710,2.56
711,-1.08571
712,4
713,0.3
714,10%
715,1
716,240
717,2400
718,22
719,330
720,150
721,120
722,135
723,-146
724,16
725,425
726,21250
727,117
728,10
729,160
730,360
731,60
732,96
733,100
734,295
735,0.135
736,28.28
737,80
738,70
739,160
740,95%
741,150
742,1/4
743,5
744,300
745,600
746,10
747,19.06667
748,26/3
749,840
750,3/2
751,144
752,280
753,9/2
754,553.5
755,250
756,24
757,64
758,25
759,46
760,264.96
761,0.15
762,
763,18.84
764,63
765,-2000
766,1944
767,1.08
768,320000/7
769,40
770,851
771,0.14
772,18
773,22.5
774,1125
775,72
776,36
777,96
778,420
779,4
780,5
781,2000
782,2000
783,98
784,117
785,156
786,25.12
787,4.25
788,170
789,210
790,49.5%
791,27
792,2450/9
793,56
794,72.09
795,650
796,360/23
797,225
798,40/9
799,780
800,16.6
801,5/3
802,48
803,38.18182
804,35/8
805,15.36
806,200
807,120
808,418/3
809,10
810,1.60345
811,51/10
812,20
813,2260.8
814,25
815,4000
816,2000
817,22
818,8
819,90
820,174
821,384
822,176
823,200
824,50.24
825,1050
826,1462
827,10
828,1.2
829,42
830,290
831,160
832,4500
833,600
834,
835,80
836,260
837,256
838,-4
839,6
840,11
841,225
842,8
843,1568/5
844,546
845,148/7
846,-4339
847,42
848,-110/3
849,4
850,12/25
851,594
852,21
853,16
854,2/3
855,-780/7
856,2/25
857,-1
858,85.5
859,72
860,42
861,200
862,32
863,2/7
864,
865,18
866,15.5
867,99
868,33.9
869,100
870,13.2
871,189
872,28
873,62
874,48
875,2
876,10500
877,87.5%
878,18.084
879,7850%
880,64
881,80/11
882,150/7
883,14
884,17
885,21
886,2340/31
887,70.65
888,39/35
889,-28
890,15/2
891,18
892,40
893,100.0
894,80
895,6
896,285
897,10
898,800
899,0.6
900,4000
901,207000
902,16/9
903,-69
904,38
905,15.02
906,118.4
907,420
908,25
909,12.56
910,-15
911,3.45
912,30/17
913,11
914,5.16
915,425
916,11304
917,401.92
918,188.4
919,5.4
920,200
921,1.875
922,1
923,96%
924,134
925,-192/43
926,95.8%
927,1415/4
928,3
929,50
930,2500
931,35000/27
932,48
933,24
934,8.75
935,-1025
936,60
937,228
938,6.66
939,70200
940,48
941,273
942,210
943,24
944,19
945,5/12
946,239
947,4
948,-540
949,48
950,0.6
951,80
952,192
953,27/4
954,594
955,122
956,16
957,1200
958,7600
959,78/5
960,6
961,276
962,640
963,31050
964,16
965,120/11
966,25
967,30
968,180/7
969,3/8
970,152.4
971,231
972,3424
973,314
974,31
975,3
976,70
977,16
978,690.8
979,910
980,182.9
981,1188
982,0.03
983,448
984,103.9%
985,74
986,-341/14
987,10
988,27
989,95
990,24
991,2760
992,581
993,700
994,130.8%
995,1360
996,100/101
997,53/5
998,72
999,1/5
1000,10
1001,450/7
1002,89
1003,90
1004,6
1005,90%
1006,250
1007,31
1008,2.4
1009,1/4
1010,5/2
1011,163
1012,1250
1013,96%
1014,13
1015,20
1016,15
1017,5/4
1018,80
1019,5/3
1020,9
1021,40%
1022,41.7%
1023,251.2
1024,1620
1025,44080
1026,16000
1027,1
1028,482
1029,36
1030,15
1031,181.6
1032,289
1033,6
1034,-112/3
1035,270
1036,0.432
1037,30
1038,400
1039,280/19
1040,8/5
1041,0
1042,60/37
1043,31.4
1044,0.02
1045,294
1046,36
1047,81/4
1048,529/12000
1049,412.5
1050,15
1051,50
1052,240
1053,120/97
1054,628
1055,25/4
1056,16
1057,18
1058,5/8
1059,0.512
1060,146.66667
1061,11
1062,2.95
1063,9/2
1064,36
1065,140/3
1066,-4/3
1067,3/2
1068,250
1069,225
1070,55
1071,5.35714
1072,72
1073,428
1074,1/25
1075,4138
1076,4
1077,204
1078,12
1079,60
1080,200
1081,294
1082,175/2
1083,20
1084,1.3
1085,19.6
1086,9/20
1087,480
1088,36
1089,0.48
1090,165
1091,45
1092,-2325
1093,32/3
1094,5696/119
1095,18
1096,1440
1097,3/8
1098,144
1099,120
1100,1/7
1101,16
1102,984
1103,5
1104,285
1105,2/5
1106,181.5
1107,12
1108,12
1109,20
1110,27
1111,3
1112,45.12
1113,33.3%
1114,800
1115,68
1116,6000
1117,380
1118,4.8
1119,3
1120,15
1121,30
1122,81
1123,10
1124,16
1125,2310
1126,72
1127,0.38314
1128,1000
1129,200/3
1130,0.66
1131,32
1132,90
1133,550
1134,128
1135,30
1136,19.232
1137,575
1138,480
1139,46
1140,18000
1141,150
1142,6
1143,45
1144,250
1145,4
1146,300
1147,341
1148,2
1149,19.3
1150,232
1151,100
1152,1/2
1153,770
1154,12
1155,900/13
1156,-7
1157,15
1158,1154
1159,5/2
1160,126
1161,72
1162,120
1163,72
1164,8965
1165,6
1166,12
1167,-5
1168,158.4
1169,135/4
1170,-11.1%
1171,576
1172,120
1173,-170
1174,1500
1175,49.5%
1176,60
1177,60
1178,2600
1179,63
1180,8
1181,2
1182,108
1183,37
1184,-71
1185,1497/5
1186,10/7
1187,201
1188,402
1189,406
1190,-5/11
1191,14
1192,0.27
1193,60000
1194,972
1195,95%
1196,1500
1197,125/3
1198,1188
1199,62.8
1200,486
1201,25
1202,19
1203,25%
1204,51
1205,14
1206,19
1207,189
1208,12
1209,210
1210,216
1211,33
1212,119/2
1213,140%
1214,15/2
1215,2000
1216,30
1217,-42
1218,4
1219,750
1220,26.7%
1221,40
1222,15
1223,190.8
1224,48
1225,100/3
1226,314
1227,100
1228,49
1229,375/2
1230,16/5
1231,16/5
1232,54
1233,256
1234,3600
1235,94.2
1236,154/5
1237,135
1238,9
1239,415/19
1240,-160%
1241,8
1242,160
1243,-12
1244,477
1245,4200
1246,85
1247,53
1248,56
1249,180
1250,33
1251,45
1252,35
1253,14
1254,36
1255,8
1256,30
1257,38
1258,36
1259,16
1260,56
1261,22
1262,4
1263,37
1264,6
1265,45
1266,2/3
1267,1265/16
1268,18
1269,18
1270,35
1271,53
1272,146
1273,86
1274,118
1275,12
1276,69
1277,8/15
1278,84
1279,24
1280,81
1281,51
1282,84
1283,72
1284,84
1285,56
1286,45
1287,35
1288,27
1289,48
1290,45
1291,26
1292,26
1293,28
1294,21
1295,1505
1296,100
1297,3000
1298,8
1299,6
1300,8
1301,20
1302,6
1303,6
1304,6
1305,8
1306,4
1307,2
1308,8
1309,19
1310,7
1311,96/7
1312,4
1313,32
1314,61
1315,9
1316,13
1317,6
1318,-44
1319,6
1320,7
1321,48/5
1322,80
1323,287
1324,28
1325,80
1326,17
1327,11/3
1328,20
1329,6
1330,42
1331,486
1332,76
1333,22
1334,4
1335,2055
1336,54
1337,64
1338,54
1339,5
1340,73
1341,24
1342,6
1343,7
1344,24
1345,84
1346,31
1347,15
1348,6
1349,17
1350,23
1351,16
1352,19
1353,28
1354,9
1355,27/8
1356,2352
1357,904.32
1358,160
1359,700
1360,192
1361,12150
1362,6
1363,11/18
1364,0.09
1365,21/4
1366,48
1367,3
1368,30144
1369,29
1370,64
1371,81
1372,335
1373,8
1374,104.4
1375,18/35
1376,750
1377,128
1378,600
1379,720
1380,2.7
1381,1256
1382,1499
1383,168
1384,5760/11
1385,9.225
1386,28/5
1387,2
1388,150
1389,10.34
1390,21
1391,30
1392,48000
1393,117
1394,0
1395,16
1396,100
1397,60
1398,365
1399,840
1400,-3
1401,180
1402,640
1403,20
1404,240
1405,21
1406,113/2
1407,10
1408,787
1409,125
1410,139
1411,4000
1412,16
1413,320
1414,240
1415,180
1416,900
1417,3
1418,240
1419,62
1420,4/5
1421,23.4
1422,33.45
1423,9.73333
1424,0.16
1425,9
1426,9
1427,4
1428,504
1429,150
1430,22.5
1431,28
1432,24
1433,84
1434,2.4
1435,44.3
1436,190
1437,33.792
1438,37.01667
1439,72
1440,16
1441,22
1442,110
1443,1296
1444,54
1445,120/7
1446,13950
1447,106
1448,0
1449,1/5
1450,44
1451,48.6
1452,180
1453,307
1454,36
1455,40
1456,338
1457,31
1458,90
1459,9
1460,3612
1461,560
1462,4.01235
1463,855
1464,10
1465,290
1466,2/9
1467,280
1468,68
1469,1.1
1470,137
1471,366
1472,6400/9
1473,18
1474,26
1475,8
1476,50
1477,9000
1478,18.225
1479,23
1480,0.6
1481,8448
1482,15
1483,3
1484,119/48
1485,4
1486,152/15
1487,84
1488,8
1489,56
1490,32.45455
1491,23
1492,20
1493,9125
1494,32
1495,500000
1496,76
1497,32
1498,17.88
1499,2370
1500,91
1501,18/5
1502,149
1503,6
1504,535
1505,28
1506,45
1507,8
1508,18.4
1509,180
1510,945
1511,50
1512,96/5
1513,30
1514,49.44
1515,520
1516,36
1517,1.55
1518,34084
1519,10
1520,90
1521,44
1522,300
1523,1320000
1524,331
1525,10
1526,280
1527,15/2
1528,1/4
1529,780
1530,1005
1531,84/5
1532,1250
1533,1050
1534,4800
1535,1/2
1536,5/2
1537,30
1538,1/21
1539,160
1540,128
1541,96
1542,23
1543,90
1544,12
1545,400
1546,650
1547,20
1548,1/4
1549,9
1550,39/100
1551,40
1552,-550
1553,5470
1554,15
1555,904.32
1556,22.608
1557,14.13
1558,400
1559,200
1560,16000/99
1561,51
1562,10
1563,120
1564,75
1565,180
1566,60
1567,8.4
1568,4800
1569,9
1570,750
1571,20
1572,31.4
1573,17/32
1574,24
1575,62
1576,9420
1577,26.3
1578,210
1579,288
1580,1.25
1581,4
1582,125
1583,160
1584,126
1585,4900/3
1586,2160
1587,17/2
1588,82
1589,0.012
1590,73
1591,30
1592,108
1593,175
1594,50
1595,2520
1596,5.2
1597,22.2%
1598,16
1599,175
1600,120
1601,
1602,35
1603,800
1604,60
1605,7/400
1606,1512
1607,93
1608,56
1609,25.12
1610,200.96
1611,10048
1612,8500/11
1613,85.02
1614,37.68
1615,52
1616,225
1617,18
1618,150
1619,384
1620,45
1621,390
1622,60.48
1623,120
1624,40
1625,35.55
1626,28
1627,25
1628,5/4
1629,803/40
1630,1600
1631,36
1632,15
1633,-2
1634,8.5
1635,20
1636,7
1637,81
1638,5
1639,4/5
1640,84
1641,168.24
1642,64
1643,720
1644,12.32
1645,201
1646,25.12
1647,0.0125
1648,36
1649,162/23
1650,1770
1651,50
1652,700
1653,6.57307
1654,1080%
1655,314
1656,259
1657,-599
1658,45
1659,8040
1660,1995
1661,6
1662,6
1663,10
1664,3.2
1665,3
1666,648
1667,11
1668,1600
1669,0.36
1670,9/50
1671,0.945
1672,4960
1673,30
1674,160
1675,-406
1676,27/4
1677,5
1678,9
1679,49/5
1680,0
1681,9600/31
1682,0
1683,-300
1684,9/5
1685,80/3
1686,150
1687,630
1688,100000
1689,216
1690,1120
1691,1600000000000
1692,1200000000000
1693,0.8
1694,36
1695,1600
1696,11.04
1697,314
1698,30
1699,52
1700,52
1701,6
1702,6.86
1703,1
1704,8/3
1705,0.25
1706,72
1707,9
1708,800
1709,9.66667
1710,3840/7
1711,0.085
1712,12000
1713,40/101
1714,
1715,34
1716,17
1717,400
1718,15/2
1719,720
1720,1/10
1721,53.56
1722,48
1723,24
1724,113.04
1725,176/7
1726,360
1727,12.56
1728,12
1729,180
1730,12/5
1731,10/13
1732,110
1733,71
1734,16
1735,85.71429
1736,315/2
1737,130
1738,1720/7
1739,
1740,267
1741,60
1742,20
1743,1380
1744,75
1745,40
1746,80
1747,50.24
1748,8
1749,19200
1750,-113
1751,500
1752,7
1753,1.74
1754,77
1755,45
1756,5/12
1757,60000
1758,94.2
1759,
1760,17
1761,192
1762,-32.13
1763,494
1764,15
1765,41.85714
1766,51
1767,21
1768,36
1769,8
1770,256/363
1771,1800
1772,300
1773,2682
1774,64/5
1775,-8000/31
1776,160
1777,250
1778,6560
1779,1030
1780,4
1781,9
1782,1175
1783,1800
1784,67
1785,27
1786,9
1787,51
1788,952
1789,204
1790,600
1791,250
1792,20
1793,60
1794,38/7
1795,22
1796,5
1797,65
1798,24
1799,500
1800,400
1801,11/15
1802,3360
1803,72
1804,900/7
1805,942
1806,7200
1807,4
1808,500/3
1809,8
1810,660
1811,-8
1812,1256
1813,150
1814,8
1815,72
1816,280
1817,20
1818,102
1819,48
1820,640
1821,27
1822,
1823,10
1824,100000/21
1825,1355
1826,125/2
1827,
1828,0
1829,350.0158
1830,40
1831,15
1832,5
1833,5928
1834,272
1835,113.04
1836,1480/17
1837,19
1838,400
1839,4
1840,120
1841,3
1842,12
1843,4
1844,70
1845,50.24
1846,900
1847,702
1848,9
1849,3000
1850,818
1851,151.8
1852,1950
1853,1035
1854,28.26
1855,12
1856,2880
1857,560/9
1858,60
1859,26.28
1860,-74
1861,1004.8
1862,96
1863,12
1864,9
1865,49/20
1866,1210
1867,5
1868,2016
1869,6720
1870,4410
1871,46
1872,5400
1873,8000
1874,0.5
1875,11
1876,24
1877,29
1878,36
1879,46
1880,12.56
1881,7.35
1882,6
1883,3888
1884,1088
1885,9
1886,20
1887,6
1888,24
1889,3
1890,16
1891,100%
1892,54
1893,0.785
1894,299
1895,256
1896,15/2
1897,3
1898,4/5
1899,40
1900,28
1901,360
1902,3600
1903,4.2
1904,9/2
1905,
1906,420
1907,888
1908,27
1909,15.75
1910,3375
1911,1469
1912,0
1913,9
1914,0.852
1915,108
1916,54
1917,11
1918,16
1919,96
1920,12
1921,1
1922,1
1923,5166
1924,12
1925,360
1926,12
1927,20
1928,9/4
1929,198.72
1930,20
1931,5
1932,40
1933,900
1934,-28600
1935,3
1936,720
1937,339.12
1938,34
1939,40
1940,1600/3
1941,4.2
1942,1256
1943,2000
1944,
1945,2
1946,5509/8
1947,350
1948,12
1949,600/7
1950,83.3%
1951,270
1952,5
1953,2.43077
1954,8
1955,4900
1956,0.7
1957,217
1958,19.625
1959,366
1960,32
1961,0.36
1962,3740
1963,32000
1964,38624
1965,604/211
1966,113
1967,280
1968,3802.6656
1969,12
1970,1627
1971,11.9
1972,36
1973,7.18
1974,6
1975,47
1976,-117.33656
1977,60
1978,75
1979,7
1980,1750
1981,11/3
1982,14.4
1983,10.84
1984,12
1985,24
1986,200
1987,4/25
1988,-193.84615
1989,2098
1990,201
1991,13
1992,2426.01942
1993,427.5
1994,22
1995,460.5
1996,4
1997,1/4
1998,3.5
1999,1.6
2000,2
2001,168
2002,5
2003,81
2004,8
2005,65
2006,260
2007,885
2008,896
2009,621
2010,5000
2011,45
2012,2800
2013,0.05
2014,12
2015,108/7
2016,14
2017,4.8
2018,5/4
2019,21600
2020,-26
2021,576/5
2022,2.29706
2023,400
2024,30
2025,12.2
2026,11210/3
2027,15
2028,4
2029,115%
2030,-4000%
2031,175/39
2032,63
2033,56
2034,4320
2035,2300
2036,648
2037,360
2038,384
2039,-180
2040,3/2
2041,113.04
2042,78.5
2043,4
2044,
2045,-51
2046,240
2047,10
2048,5
2049,10
2050,1
2051,1159
2052,216
2053,748.8
2054,80
2055,3617.28
2056,57
2057,125
2058,0.36
2059,4750
2060,-10000/13
2061,42
2062,208/9
2063,37.4
2064,24
2065,95190
2066,7500
2067,16
2068,2.4649
2069,315
2070,56
2071,270
2072,3
2073,0.24
2074,880
2075,1368
2076,800
2077,4
2078,1024
2079,2000
2080,5.8
2081,22
2082,35
2083,24/5
2084,37515
2085,80
2086,189
2087,54
2088,900/7
2089,1740
2090,112
2091,108
2092,5072
2093,900
2094,96
2095,942
2096,314
2097,180
2098,12/5
2099,28
2100,780
2101,775
2102,20
2103,25
2104,96
2105,195
2106,79
2107,100.48
2108,1560
2109,25600
2110,2000
2111,16
2112,16
2113,19.968
2114,8
2115,622
2116,6
2117,2000
2118,157
2119,84
2120,15
2121,88
2122,56.52
2123,2.355
2124,2.6
2125,18.84
2126,830
2127,99
2128,1024
2129,288
2130,24/5
2131,300
2132,15
2133,3720
2134,7
2135,164.85
2136,22
2137,585
2138,174
2139,48
2140,3
2141,8
2142,18
2143,55
2144,0.2
2145,9
2146,1296
2147,960000
2148,17/12
2149,10
2150,452.16
2151,57.148
2152,7
2153,62.8
2154,934
2155,0
2156,3
2157,120
2158,27
2159,361.728
2160,3575/9
2161,480
2162,1452
2163,768
2164,50
2165,34
2166,124
2167,3130
2168,363
2169,162/25
2170,25
2171,4
2172,57%
2173,11183
2174,6
2175,89.3%
2176,65%
2177,790/9
2178,1333
2179,24
2180,985.96
2181,120
2182,720
2183,3.35714
2184,1767
2185,1400
2186,110/3
2187,441
2188,1456
2189,3000.3
2190,69230.76923
2191,36
2192,375
2193,56
2194,2
2195,3400
2196,24
2197,0.4
2198,25.12
2199,12
2200,7
2201,464
2202,2520
2203,11400
2204,3
2205,28/9
2206,12
2207,
2208,16
2209,210
2210,496
2211,157
2212,910
2213,300
2214,1.54
2215,24/5
2216,87
2217,572
2218,10
2219,59/3
2220,10890
2221,1245
2222,0
2223,13
2224,4.90625
2225,1200
2226,0.1
2227,80
2228,88.2026
2229,252
2230,90.432
2231,4
2232,64/3
2233,55.125
2234,1.07
2235,2.04
2236,18
2237,14
2238,36
2239,3740/3
2240,3000
2241,38.7931
2242,-143
2243,6300
2244,45
2245,1.8
2246,7
2247,972
2248,4.5
2249,1920
2250,471
2251,80
2252,114
2253,18
2254,1440
2255,9
2256,300
2257,5750
2258,32
2259,64/5
2260,480
2261,86.2%
2262,416.7%
2263,24.75
2264,-60
2265,100
2266,232
2267,49.5
2268,84
2269,8
2270,1
2271,-25/54
2272,48.4
2273,33
2274,21
2275,729
2276,1053
2277,320
2278,100
2279,-27.71875
2280,180
2281,2940
2282,1680
2283,1190
2284,3600
2285,60
2286,200
2287,2
2288,5
2289,100/9
2290,100
2291,45
2292,45
2293,40
2294,28/3
2295,12.56
2296,72
2297,-11.39355
2298,1.413
2299,125.6
2300,24
2301,
2302,300
2303,10
2304,209.752
2305,6.28
2306,13
2307,103
2308,18
2309,25/3
2310,12
2311,1
2312,80/23
2313,1650/13
2314,350
2315,6
2316,1872
2317,420
2318,40/9
2319,96
2320,12.85714
2321,360
2322,264
2323,35
2324,75
2325,1000
2326,1537
2327,284
2328,270
2329,14
2330,1125/4
2331,130
2332,60
2333,4200
2334,0.0624
2335,80
2336,12
2337,5
2338,757
2339,2
2340,2
2341,1520
2342,5.8
2343,133/2
2344,19/84
2345,520/21
2346,52
2347,144
2348,48
2349,327
2350,1080
2351,782/9
2352,225/11
2353,12
2354,180
2355,400
2356,684
2357,303
2358,172.57143
2359,1243
2360,65000%
2361,14
2362,448
2363,22
2364,476
2365,330
2366,288
2367,77.9976
2368,20
2369,120
2370,200
2371,67
2372,4.5216
2373,27
2374,240
2375,40
2376,32
2377,43
2378,104
2379,20.675
2380,180
2381,24
2382,11
2383,3231
2384,352
2385,222
2386,56
2387,930
2388,15
2389,3/4
2390,360
2391,20
2392,210
2393,15
2394,27.8
2395,5
2396,428
2397,49
2398,22
2399,66.7%
2400,2.4
2401,7/2
2402,25/9
2403,8
2404,70
2405,
2406,36
2407,3.81111
2408,11
2409,27
2410,1
2411,102.73578
2412,5
2413,4
2414,5
2415,75600/67
2416,12.56
2417,600
2418,80
2419,20
2420,3.14
2421,600
2422,8/3
2423,7
2424,8.8
2425,252
2426,-8
2427,44
2428,75
2429,7.2
2430,47
2431,90/13
2432,
2433,8/45
2434,6.25
2435,240
2436,58.95
2437,268.8
2438,19
2439,40/3
2440,34
2441,83
2442,36
2443,13.72
2444,40
2445,14
2446,150
2447,4270
2448,14
2449,26/375
2450,33/20
2451,30
2452,60
2453,198.4
2454,438
2455,5
2456,20%
2457,176
2458,88
2459,2826
2460,345/7
2461,6
2462,76
2463,28
2464,5.338
2465,18
2466,200.96
2467,6
2468,325/6
2469,64
2470,16
2471,44
2472,2
2473,120
2474,1200000000000
2475,80
2476,25
2477,8
2478,25
2479,60
2480,-539
2481,1710
2482,24
2483,8
2484,50.24
2485,600
2486,762.71186
2487,111
2488,30
2489,8
2490,8
2491,-2
2492,12
2493,192
2494,7
2495,1078/5
2496,50
2497,10600
2498,1/2
2499,-6
2500,3256
2501,252
2502,2000
2503,45
2504,65%
2505,10
2506,40/9
2507,210
2508,384
2509,-239
2510,-294
2511,78.5
2512,7630
2513,37.68
2514,-42.54
2515,-560
2516,-28.63636
2517,18.84
2518,94.2
2519,18/5
2520,391/2
2521,5840
2522,38.465
2523,4
2524,9
2525,576
2526,48
2527,1200/29
2528,640
2529,66
2530,12
2531,
2532,-24
2533,120
2534,15
2535,4.71
2536,320
2537,216
2538,0.99
2539,72
2540,18
2541,8
2542,9
2543,1
2544,300
2545,7
2546,1056
2547,200
2548,725
2549,21
2550,14
2551,5
2552,960
2553,12.5%
2554,2
2555,3.57216
2556,392
2557,31.4
2558,3
2559,960
2560,36%
2561,120
2562,9.2
2563,30
2564,30
2565,653
2566,
2567,12.56
2568,6
2569,720
2570,140
2571,2842
2572,0
2573,3
2574,80
2575,36
2576,25
2577,10.40816
2578,153.86
2579,603
2580,-184
2581,1
2582,13
2583,18
2584,25
2585,100
2586,
2587,106
2588,21
2589,3
2590,12.24
2591,33
2592,45
2593,51
2594,240
2595,-400
2596,200
2597,212/15
2598,43.2
2599,80
2600,125
2601,3360
2602,1820
2603,4.90909
2604,16
2605,-4
2606,42
2607,0
2608,40
2609,240
2610,540
2611,24.5
2612,1364
2613,5625
2614,390/7
2615,673
2616,102.4
2617,6750
2618,600
2619,135
2620,4%
2621,1/5
2622,39/8
2623,4
2624,8
2625,25.12
2626,301.44
2627,36
2628,110%
2629,760
2630,
2631,3
2632,0.07
2633,74
2634,1200
2635,200
2636,64
2637,18.8
2638,20
2639,-15
2640,3
2641,240/7
2642,70
2643,328
2644,9
2645,128
2646,10
2647,10/3
2648,80
2649,60.75
2650,4
2651,40
2652,4
2653,0
2654,-260
2655,2.4
2656,375/8
2657,4
2658,9/2
2659,105
2660,37.68
2661,50/3
2662,1004/5
2663,2
2664,90
2665,1728
2666,1
2667,4802%
2668,69
2669,92
2670,152
2671,300
2672,350
2673,-12
2674,-21
2675,35
2676,24
2677,18
2678,672
2679,255.6
2680,79
2681,2
2682,157.14286
2683,30
2684,10
2685,2800
2686,15%
2687,0.0005
2688,272
2689,552
2690,396
2691,5440
2692,-96
2693,246
2694,-0.8
2695,64
2696,7.96178
2697,530
2698,3
2699,24
2700,11
2701,36
2702,1200
2703,1000
2704,84
2705,200
2706,5
2707,6
2708,100
2709,3.7
2710,92
2711,13
2712,8
2713,720
2714,2
2715,370
2716,90.432
2717,300
2718,18
2719,5/2
2720,10850
2721,1512
2722,19200
2723,2223
2724,20400
2725,18
2726,15
2727,43
2728,2220
2729,10
2730,696/5
2731,3800
2732,4/3
2733,200
2734,6
2735,-0.25
2736,3600
2737,1000
2738,7.0251
2739,-55
2740,4.5
2741,75/7
2742,9250
2743,623
2744,8
2745,45
2746,279/65
2747,21
2748,-300
2749,320
2750,26
2751,16
2752,1000
2753,80
2754,15/4
2755,160
2756,1.26
2757,200
2758,18
2759,140
2760,2
2761,735/8
2762,80
2763,432
2764,116
2765,9.2
2766,75
2767,1.91083
2768,989
2769,5/12
2770,100
2771,440
2772,6
2773,30
2774,59/2
2775,24
2776,5
2777,504
2778,100
2779,250
2780,13
2781,220
2782,909/4
2783,7/15
2784,375
2785,8
2786,980
2787,288
2788,-29/3
2789,13
2790,7
2791,81/400
2792,36
2793,1200
2794,50
2795,100
2796,59.7
2797,20/3
2798,5.91447
2799,-119
2800,2
2801,432
2802,8
2803,100
2804,3087
2805,41/6
2806,-39
2807,15
2808,90
2809,37
2810,150.72
2811,1344
2812,5635/8
2813,8
2814,15.072
2815,0.25
2816,6
2817,9/10
2818,70
2819,0
2820,3.14
2821,55
2822,200
2823,49
2824,
2825,70
2826,3520
2827,278/79
2828,250
2829,144
2830,840
2831,17
2832,10
2833,48
2834,348
2835,66
2836,21
2837,680
2838,2400/11
2839,70%
2840,80
2841,241/5
2842,29
2843,36
2844,40
2845,75.36
2846,1/4
2847,18
2848,141.3
2849,846
2850,54
2851,50.24
2852,216/7
2853,10
2854,6
2855,9.1%
2856,58
2857,28
2858,846
2859,72
2860,5500
2861,308
2862,94/3
2863,44.1
2864,224
2865,16
2866,32
2867,40
2868,14.13
2869,1000
2870,280
2871,
2872,1188
2873,4
2874,100.48
2875,750
2876,4
2877,117%
2878,910
2879,32
2880,6
2881,7200
2882,96%
2883,30
2884,80
2885,54/5
2886,10
2887,1256
2888,16560
2889,251.2
2890,1610
2891,135
2892,6
2893,8
2894,350
2895,50%
2896,1
2897,3
2898,2430
2899,1375
2900,2
2901,527
2902,53
2903,9
2904,30
2905,132
2906,172
2907,40
2908,100.48
2909,120
2910,8
2911,8
2912,505
2913,2070
2914,12.56
2915,12800
2916,11
2917,12
2918,55
2919,379
2920,200
2921,24
2922,32
2923,6600
2924,5/4
2925,2
2926,11685
2927,6
2928,624
2929,8
2930,3600
2931,100
2932,7990
2933,61/10
2934,616
2935,12.56
2936,15/17
2937,78.5
2938,100
2939,172.7
2940,2250
2941,326
2942,1256
2943,108
2944,12
2945,720
2946,3313
2947,200
2948,420
2949,462
2950,125/4
2951,3.63
2952,-36
2953,555/7
2954,11500/7
2955,675/4
2956,53
2957,14
2958,36
2959,10
2960,-143
2961,343
2962,41
2963,-38
2964,50.24
2965,96/7
2966,
2967,81
2968,45
2969,150
2970,24
2971,13.49091
2972,80
2973,27/40
2974,4.8
2975,12
2976,51.2
2977,125.6
2978,180
2979,25
2980,101
2981,5.4%
2982,110/7
2983,191
2984,381
2985,304
2986,3.87072
2987,6
2988,378
2989,229
2990,35.16
2991,10.16
2992,0.49298
2993,95.05
2994,1400
2995,-16
2996,100
2997,138
2998,18
2999,30/13
3000,200/7
3001,-239
3002,88
3003,0.942
3004,
3005,15
3006,405
3007,13
3008,1260
3009,135.648
3010,81.64
3011,1.98
3012,10.048
3013,1271
3014,12.56
3015,-1250
3016,18
3017,600/11
3018,56
3019,540
3020,40
3021,500/3
3022,1040
3023,2400
3024,15
3025,96/25
3026,26
3027,26122
3028,40
3029,1600
3030,90
3031,742
3032,54/5
3033,18/5
3034,8
3035,5100
3036,140
3037,5
3038,87%
3039,4
3040,1519.76
3041,3/4
3042,12
3043,180
3044,24
3045,15
3046,935/2
3047,1680
3048,8
3049,55/3
3050,4.6
3051,78
3052,15
3053,2
3054,19
3055,33/2
3056,400
3057,60
3058,292
3059,2688/5
3060,650
3061,576
3062,12.56
3063,56.52
3064,36
3065,345
3066,900
3067,252
3068,140
3069,1000
3070,120
3071,118
3072,-75%
3073,54
3074,4.3
3075,300
3076,1500
3077,100480
3078,360
3079,113
3080,143
3081,104
3082,100480
3083,0.5
3084,12
3085,108
3086,1050
3087,100
3088,-80/3
3089,40
3090,2%
3091,124/5
3092,2646/5
3093,72
3094,5.37897
3095,415.87302
3096,200
3097,1.2
3098,1570
3099,3
3100,2.36
3101,314
3102,48
3103,97
3104,9
3105,120
3106,144/5
3107,1650
3108,530
3109,2
3110,4
3111,180
3112,192
3113,160
3114,240
3115,9.34
3116,1050
3117,162
3118,46
3119,45
3120,334
3121,864
3122,450
3123,3
3124,3/4
3125,160
3126,750
3127,112/125
3128,260
3129,400
3130,3250
3131,51
3132,10
3133,9.9
3134,2000
3135,78
3136,132.665
3137,95
3138,640
3139,7
3140,97.5%
3141,12000
3142,-5/2
3143,5/36
3144,125
3145,-31
3146,4
3147,187.5
3148,1.1
3149,1400
3150,11
3151,99
3152,18
3153,315/2
3154,9.2
3155,1.8
3156,1.2
3157,6
3158,121
3159,12
3160,32000
3161,35/4
3162,96
3163,20%
3164,1.44
3165,64
3166,45
3167,26
3168,1
3169,8
3170,20
3171,80
3172,32
3173,15
3174,76
3175,140
3176,1791
3177,656
3178,624
3179,48
3180,2700
3181,60.1
3182,11.4
3183,0.7
3184,720
3185,186
3186,5.5
3187,-121
3188,807
3189,5
3190,72
3191,1105
3192,713
3193,60
3194,720
3195,30
3196,52
3197,6400
3198,1800
3199,-1215
3200,70
3201,96
3202,900
3203,4500
3204,613/2
3205,0
3206,1400
3207,94
3208,52543/279
3209,85
3210,120
3211,10.2
3212,72
3213,8
3214,9
3215,75
3216,600
3217,800
3218,24
3219,130
3220,11
3221,4
3222,15
3223,420
3224,360
3225,175
3226,160
3227,7/4
3228,60
3229,80
3230,2520
3231,384
3232,360
3233,123/5
3234,26
3235,2880
3236,864
3237,3250/3
3238,175
3239,85
3240,252
3241,9900
3242,1158
3243,1160
3244,1600
3245,50
3246,1820
3247,93/4
3248,1880
3249,2100
3250,280
3251,78
3252,300
3253,1200
3254,30
3255,6
3256,25/16
3257,3
3258,8
3259,4
3260,1692
3261,8
3262,200
3263,24
3264,19/4
3265,7
3266,-7/6
3267,1980
3268,35
3269,186
3270,225
3271,24
3272,27
3273,8
3274,75
3275,336
3276,180
3277,35
3278,305
3279,625
3280,784
3281,5124
3282,6
3283,130
3284,1208
3285,329
3286,11
3287,9
3288,7632
3289,5400
3290,250
3291,218
3292,12
3293,9
3294,45
3295,29
3296,86
3297,200
3298,1000
3299,105
3300,520
3301,27
3302,228
3303,109
3304,99
3305,11
3306,447
3307,477
3308,103
3309,39
3310,112
3311,660
3312,84
3313,9
3314,31
3315,7
3316,63
3317,315
3318,362
3319,8
3320,220
3321,54
3322,605
3323,21
3324,7680
3325,60
3326,200
3327,8250
3328,1425
3329,32
3330,80
3331,90
3332,250
3333,720
3334,420
3335,45
3336,203
3337,155
3338,448
3339,576
3340,200
3341,720
3342,95
3343,4
3344,569
3345,5
3346,100
3347,15
3348,600
3349,180
3350,32
3351,13
3352,13
3353,48
3354,39
3355,2600
3356,784
3357,130
3358,60
3359,5640
3360,550
3361,328
3362,204
3363,126
3364,1950
3365,118
3366,518
3367,300
3368,119
3369,10
3370,13500
3371,67
3372,5888
3373,1320
3374,658
3375,180
3376,101
3377,910
3378,300
3379,256
3380,27
3381,1043
3382,105
3383,117
3384,1240
3385,84
3386,239
3387,15
3388,24
3389,25
3390,98
3391,48
3392,960
3393,60
3394,10
3395,130
3396,24
3397,25
3398,220
3399,55
3400,845
3401,90
3402,45
3403,52
3404,-30
3405,178
3406,242
3407,200
3408,4
3409,40
3410,125
3411,6
3412,216
3413,4185
3414,1000
3415,207
3416,0
3417,300/61
3418,16
3419,1530
3420,52
3421,57
3422,552
3423,5014
3424,1764
3425,-3
3426,6240
3427,432
3428,240
3429,25
3430,3
3431,38
3432,400
3433,10/9
3434,131
3435,67.24
3436,24
3437,27
3438,109
3439,87
3440,2.24
3441,480
3442,4
3443,22
3444,2015
3445,279
3446,700
3447,1/400
3448,15/2
3449,96
3450,1400
3451,172
3452,5200
3453,1824
3454,30
3455,128
3456,350/3
3457,551
3458,1200
3459,8
3460,-33
3461,0
3462,15
3463,336
3464,32
3465,1
3466,690
3467,180
3468,57.9
3469,430
3470,21.6
3471,15
3472,13.35
3473,1000
3474,26
3475,250
3476,20
3477,25
3478,200
3479,600
3480,645
3481,4.57143
3482,100/3
3483,551.25
3484,800
3485,12
3486,-100
3487,54/5
3488,288
3489,150
3490,20
3491,192
3492,32/3
3493,84
3494,100
3495,30
3496,5/24
3497,648/125
3498,104.4
3499,35
3500,6
3501,16
3502,100
3503,800
3504,48
3505,3120
3506,25/2
3507,10
3508,275
3509,64
3510,300
3511,420
3512,3
3513,7500
3514,21.75
3515,5760
3516,352
3517,18
3518,8
3519,3500
3520,192
3521,8
3522,0
3523,8
3524,36
3525,1125
3526,1080/7
3527,114
3528,9/2
3529,-56
3530,40
3531,3
3532,28.11111
3533,160
3534,1/5
3535,5
3536,156
3537,6
3538,192
3539,276
3540,50
3541,2400
3542,12180
3543,2600
3544,6
3545,324
3546,1/6
3547,1494
3548,735
3549,2000
3550,8
3551,75
3552,15/4
3553,5050
3554,205
3555,720
3556,316
3557,403/2
3558,250000
3559,740
3560,428
3561,3440
3562,840
3563,9
3564,380
3565,349
3566,32
3567,123
3568,1488
3569,2
3570,12
3571,6
3572,9
3573,35
3574,42
3575,16000
3576,26
3577,152
3578,16
3579,50/3
3580,3960
3581,80
3582,73
3583,858
3584,9720
3585,3312
3586,0
3587,1209
3588,6480
3589,365
3590,5625
3591,74
3592,45
3593,-3
3594,145
3595,2000
3596,175
3597,0
3598,23
3599,17
3600,194
3601,89600
3602,74
3603,817
3604,1500
3605,640
3606,40
3607,60
3608,21
3609,6
3610,30/11
3611,10
3612,655.2
3613,20
3614,945
3615,8
3616,480
3617,112
3618,2560
3619,160
3620,432
3621,240
3622,450
3623,181
3624,1
3625,2240
3626,102
3627,80
3628,1080
3629,0
3630,1200
3631,920
3632,660
3633,13000
3634,3575
3635,125
3636,140
3637,519
3638,37
3639,300
3640,166
3641,6
3642,108
3643,3330
3644,21.45
3645,24
3646,4
3647,2450
3648,21
3649,690
3650,20
3651,3
3652,48
3653,250
3654,168
3655,54
3656,161
3657,1035
3658,70
3659,982
3660,24
3661,3600
3662,8
3663,144
3664,12/7
3665,566
3666,98
3667,570
3668,90/7
3669,588
3670,2916
3671,1440
3672,106
3673,100
3674,14.5
3675,640
3676,8795
3677,359/42
3678,0.90476
3679,5880
3680,10080
3681,1380
3682,172/5
3683,3000
3684,6.25
3685,8
3686,1536
3687,400
3688,1000
3689,384
3690,375
3691,5
3692,81
3693,39
3694,1118
3695,504
3696,2109
3697,78
3698,7500
3699,214
3700,1632
3701,150
3702,880
3703,4
3704,1350
3705,5
3706,4500
3707,168
3708,1014
3709,20
3710,6
3711,104
3712,18090
3713,8
3714,11
3715,570
3716,10000
3717,509
3718,-12
3719,684
3720,65/4
3721,318
3722,655
3723,54
3724,158625
3725,558
3726,24
3727,200
3728,20
3729,100
3730,1250
3731,84
3732,600
3733,136
3734,534
3735,150
3736,107
3737,3800
3738,640
3739,14000
3740,429
3741,600
3742,728
3743,4710
3744,140
3745,450
3746,212
3747,32/5
3748,300
3749,-170
3750,2492
3751,45
3752,200
3753,288
3754,378
3755,360
3756,171
3757,52
3758,3360
3759,5000
3760,828
3761,96
3762,274
3763,4
3764,0.42
3765,11
3766,9
3767,2210
3768,300
3769,8
3770,49
3771,2160
3772,108
3773,106/7
3774,600
3775,12
3776,20000
3777,6000
3778,380
3779,6/7
3780,552
3781,15
3782,2
3783,175
3784,20
3785,80
3786,26100
3787,-43
3788,414
3789,576
3790,13/20
3791,3430
3792,126
3793,65
3794,190
3795,93.6
3796,24
3797,18
3798,84
3799,91
3800,1100
3801,9
3802,8130
3803,3
3804,9
3805,84
3806,1679
3807,4400
3808,54
3809,84
3810,-15
3811,144
3812,60
3813,105
3814,900
3815,24
3816,667
3817,180
3818,45
3819,36
3820,10850
3821,40
3822,36
3823,20
3824,120
3825,2100
3826,36
3827,27
3828,3456
3829,1770
3830,349/2
3831,7.2
3832,112000
3833,11
3834,9/2
3835,360
3836,768
3837,8
3838,45
3839,2970
3840,8.1
3841,1232
3842,192
3843,3308
3844,6
3845,40
3846,7
3847,576
3848,15
3849,5850
3850,90
3851,256
3852,75
3853,54
3854,2520
3855,175
3856,3456
3857,216
3858,455
3859,265
3860,960
3861,96
3862,140
3863,1440
3864,468
3865,3900
3866,1680
3867,375
3868,368
3869,5000
3870,-11/3
3871,40
3872,7
3873,1120
3874,27
3875,5760
3876,34
3877,120
3878,586
3879,3000
3880,10.24
3881,-110
3882,-30
3883,47
3884,14
3885,4
3886,864
3887,100
3888,80
3889,7200
3890,144
3891,156
3892,1.86
3893,108
3894,4
3895,24
3896,270
3897,9
3898,19
3899,150/7
3900,51/2
3901,45/2
3902,16
3903,2800
3904,2
3905,627
3906,144
3907,168
3908,14.5
3909,3.6
3910,410
3911,12
3912,91
3913,140
3914,18414
3915,3641
3916,450
3917,20
3918,3360
3919,312
3920,6
3921,610
3922,2100
3923,30
3924,775
3925,10/13
3926,365
3927,240
3928,225
3929,150
3930,24
3931,4.08
3932,-0.53333
3933,451/2
3934,95
3935,25
3936,1104
3937,81/7
3938,651
3939,9720
3940,396
3941,1247
3942,11
3943,768
3944,12
3945,3
3946,204
3947,19/6
3948,60
3949,50/53
3950,1035
3951,420
3952,81/2
3953,324
3954,462
3955,1600
3956,682
3957,63
3958,6
3959,12
3960,8
3961,81
3962,64
3963,375
3964,437
3965,156
3966,5
3967,-100/3
3968,384
3969,24/7
3970,900
3971,80
3972,655
3973,422
3974,60
3975,40
3976,178
3977,5
3978,72
3979,200
3980,10
3981,250
3982,9
3983,4
3984,210/31
3985,460
3986,51
3987,1
3988,160
3989,20
3990,1260
3991,160/11
3992,30700
3993,69
3994,144
3995,212
3996,18
3997,46
3998,600
3999,4
4000,52
4001,33.6
4002,1485
4003,1744
4004,4720
4005,
4006,76
4007,25/3
4008,10/11
4009,144
4010,1000
4011,3.76471
4012,2260
4013,298
4014,135
4015,-2.27273
4016,20
4017,756
4018,6.3
4019,12.2
4020,9
4021,0.5
4022,8
4023,230
4024,8
4025,-600
4026,3046
4027,-432/7
4028,400
4029,3.0303
4030,40
4031,18
4032,125
4033,960
4034,17
4035,8
4036,264
4037,151
4038,40
4039,99
4040,64.5
4041,500
4042,-280
4043,800
4044,12
4045,400
4046,2400
4047,-1500
4048,88
4049,72
4050,48
4051,1
4052,150
4053,18
4054,106666.66667
4055,126
4056,12
4057,250
4058,234
4059,288
4060,240
4061,1725.5
4062,48
4063,645
4064,6
4065,87/5
4066,152
4067,-1408
4068,20
4069,1008
4070,90.5
4071,500
4072,79
4073,193.6
4074,1400
4075,56
4076,30
4077,6
4078,13.25
4079,4000
4080,8
4081,32
4082,965
4083,1712
4084,6
4085,600
4086,368/3
4087,1442
4088,1200
4089,11
4090,48
4091,930
4092,22
4093,20
4094,9600
4095,3284
4096,3/2
4097,3
4098,2200
4099,2040
4100,150
4101,35
4102,800
4103,36000
4104,1800
4105,1600
4106,11
4107,576
4108,61
4109,3.96
4110,8
4111,6/5
4112,10
4113,37
4114,4060
4115,90
4116,15
4117,16
4118,12
4119,690
4120,24
4121,22
4122,26
4123,-35
4124,8
4125,70
4126,5000
4127,1130
4128,98
4129,75
4130,224
4131,722
4132,1095
4133,26.2
4134,1634
4135,18
4136,456
4137,5/4
4138,41/3
4139,1
4140,50
4141,400/3
4142,960
4143,810
4144,1112
4145,-740
4146,58
4147,17
4148,12
4149,1163
4150,202
4151,30
4152,74
4153,504
4154,568
4155,26/5
4156,340
4157,424
4158,13.72
4159,492
4160,4480
4161,40
4162,3140
4163,16692/5
4164,870
4165,300
4166,114
4167,22
4168,1696
4169,
4170,144
4171,4704
4172,4.70588
4173,160
4174,72
4175,225/4
4176,28
4177,50.24
4178,12.56
4179,3
4180,20040000
4181,12
4182,4
4183,169
4184,128
4185,17.5
4186,10
4187,144
4188,60
4189,4
4190,8/3
4191,49.298
4192,40
4193,9
4194,-85%
4195,18.84
4196,100
4197,64
4198,100.48
4199,27
4200,3888
4201,861/4
4202,175%
4203,40
4204,4
4205,18750
4206,16
4207,609
4208,136
4209,780
4210,83
4211,80
4212,108
4213,-30
4214,260
4215,30
4216,4
4217,1
4218,21
4219,1050
4220,100
4221,36
4222,21
4223,384
4224,360/53
4225,326.56
4226,83
4227,180
4228,7
4229,188.4
4230,36
4231,60
4232,16/3
4233,12.5%
4234,16.56
4235,70
4236,30
4237,108
4238,16
4239,81
4240,66.66667
4241,30
4242,24
4243,850/3
4244,60
4245,1280
4246,700
4247,9
4248,440
4249,10/3
4250,6
4251,86
4252,900
4253,6.45
4254,13.09091
4255,3045
4256,67.2
4257,20
4258,825
4259,5
4260,12
4261,822
4262,34
4263,738
4264,288
4265,8
4266,1.3
4267,56
4268,40
4269,36.4
4270,4
4271,74
4272,84
4273,259
4274,32
4275,540
4276,0
4277,140
4278,14
4279,5472
4280,306
4281,-122.46
4282,24/17
4283,50
4284,27
4285,900
4286,79.8
4287,2700
4288,90
4289,11520/43
4290,16
4291,9
4292,11
4293,5855
4294,227
4295,144
4296,64
4297,-413
4298,1768
4299,40
4300,7
4301,10/13
4302,1440
4303,5
4304,60
4305,301/2
4306,62
4307,22
4308,40/9
4309,200
4310,15/7
4311,29000/7
4312,-29
4313,-144
4314,20%
4315,10%
4316,2646
4317,105/4
4318,48
4319,18
4320,187
4321,4
4322,1
4323,32
4324,18
4325,2.09333
4326,51.46
4327,1.04667
4328,60
4329,6.86
4330,256
4331,2606
4332,6
4333,288
4334,351
4335,-64
4336,63/2
4337,272/3
4338,8
4339,64
4340,8%
4341,780
4342,3.2
4343,1500
4344,-4
4345,54.2
4346,40%
4347,34.6
4348,-500%
4349,224
4350,38/5
4351,1920
4352,6
4353,16
4354,840
4355,150
4356,75/2
4357,24
4358,1.82
4359,18
4360,100
4361,2001/25
4362,4/5
4363,
4364,1440
4365,8/3
4366,60
4367,4/5
4368,1504
4369,18/29
4370,571/4
4371,68500
4372,24
4373,134/3
4374,26
4375,3/5
4376,76
4377,1
4378,50
4379,27
4380,3.14
4381,100
4382,10
4383,45
4384,271
4385,120
4386,140
4387,1.66667
4388,45
4389,3/20
4390,-2000
4391,840
4392,
4393,3
4394,18
4395,6400
4396,6400
4397,20/3
4398,20/3
4399,7
4400,34
4401,40/3
4402,192
4403,25
4404,72
4405,53
4406,80
4407,16.8
4408,45/2
4409,981/164
4410,33
4411,31
4412,5.04
4413,852
4414,1236
4415,40
4416,85
4417,80
4418,1000
4419,1710/11
4420,6.08571
4421,75
4422,38/3
4423,150
4424,183.43949
4425,60
4426,4200
4427,155.55556
4428,150.72
4429,12.56
4430,282.6
4431,400
4432,12/11
4433,160
4434,4
4435,400/3
4436,19.625
4437,1985/48
4438,6.28
4439,6
4440,10
4441,2000
4442,2500%
4443,188400
4444,340
4445,450
4446,90/7
4447,144
4448,80.384
4449,2826
4450,28.26
4451,28.26
4452,25.12
4453,40
4454,144
4455,12
4456,945
4457,109/4
4458,5
4459,-70
4460,180
4461,254.34
4462,15000
4463,38
4464,197.82
4465,28.26
4466,12
4467,1.57
4468,18
4469,840
4470,66
4471,450
4472,254.34
4473,0.3
4474,5485
4475,150.72
4476,12
4477,7
4478,200
4479,120
4480,24
4481,700
4482,678.24
4483,657
4484,240
4485,216
4486,256
4487,235.5
4488,5
4489,3.14
4490,78.5
4491,1.35
4492,62.8
4493,-41.5
4494,-25/2
4495,104
4496,14.42765
4497,27
4498,145.6
4499,600
4500,153/2
4501,170
4502,572
4503,5400
4504,6.28
4505,60%
4506,50.24
4507,50.24
4508,50.24
4509,1791.9
4510,65
4511,8000/11
4512,28
4513,700000000000
4514,134
4515,48/5
4516,62.8
4517,254.34
4518,65.94
4519,34
4520,2/9
4521,0.36
4522,5100
4523,-10.8016
4524,12.56
4525,1368
4526,-391.872
4527,5
4528,-320
4529,2250
4530,3/2
4531,-75
4532,5000
4533,167/8
4534,-100
4535,6400
4536,91
4537,1/2
4538,0.5
4539,219.8
4540,2300
4541,4
4542,251.2
4543,28.26
4544,19
4545,706.5
4546,480
4547,
4548,-16/3
4549,4200
4550,50.24
4551,400%
4552,50.24
4553,600
4554,3.2
4555,252
4556,160.14
4557,706.5
4558,-915
4559,30
4560,12.56
4561,27
4562,0.6
4563,25
4564,50/11
4565,3200
4566,1
4567,12.85
4568,314
4569,49.4%
4570,56.8
4571,2.09333
4572,0.73364
4573,15.7
4574,12.56
4575,4
4576,2
4577,4019.2
4578,1004.8
4579,18.0864
4580,20/3
4581,188.4
4582,60
4583,361.728
4584,20/3
4585,6.28
4586,47.1
4587,1413/500
4588,-76
4589,1400
4590,0
4591,4
4592,96
4593,1884
4594,0
4595,6
4596,20/3
4597,20/3
4598,392
4599,1881/10
4600,1884
4601,125.6
4602,
4603,140
4604,2.512
4605,12.56
4606,11304
4607,67.31108
4608,360
4609,2649
4610,30
4611,62.8
4612,78.5
4613,50.24
4614,19.5
4615,-4.71
4616,0.075
4617,116.0544
4618,240
4619,254.34
4620,50.24
4621,2590.7%
4622,12
4623,32
4624,9.42
4625,240
4626,5
4627,28.26
4628,144
4629,15
4630,27.6
4631,1
4632,1836/25
4633,12
4634,-20
4635,19
4636,48
4637,42
4638,-2
4639,7
4640,9
4641,3.14
4642,29.12
4643,3.14
4644,7570
4645,707/55
4646,12.5
4647,32
4648,776
4649,201
4650,4.90625
4651,9000
4652,800
4653,26
4654,1000
4655,15.7
4656,4060
4657,113.04
4658,65
4659,33.6
4660,28.26
4661,1530
4662,123
4663,65.94
4664,1.79429
4665,126
4666,44
4667,113.04
4668,1
4669,7850
4670,33
4671,502.4
4672,102
4673,180/11
4674,31
4675,3
4676,314
4677,84%
4678,92.15
4679,1099
4680,60
4681,33/56
4682,75%
4683,16
4684,314
4685,21.83803
4686,1
4687,16
4688,900
4689,13/25
4690,2.88
4691,25/6
4692,26.5
4693,62.8
4694,12.85
4695,-87.92
4696,550/7
4697,0.448
4698,25.875
4699,314
4700,53.5
4701,11
4702,100
4703,100/9
4704,35/23
4705,18.84
4706,750
4707,252
4708,469
4709,76
4710,24%
4711,441
4712,57
4713,112
4714,28.26
4715,2.832
4716,16.82777
4717,28.26
4718,720
4719,10.6
4720,1/5
4721,562
4722,894
4723,21000
4724,113.04
4725,3
4726,27
4727,20
4728,314
4729,60
4730,2.07006
4731,210
4732,3000
4733,36
4734,11200
4735,16
4736,200
4737,-5039
4738,1500
4739,1600
4740,8
4741,40.82
4742,184.632
4743,2.0096
4744,698
4745,785
4746,700
4747,42
4748,251.2
4749,628
4750,3528
4751,24
4752,92.03822
4753,361
4754,194400/17
4755,2000
4756,31.4
4757,68
4758,270
4759,40000/3
4760,50.24
4761,5/8
4762,3.8
4763,2
4764,22500
4765,45/23
4766,1507.2
4767,1256
4768,10
4769,75.36
4770,62.8
4771,200.96
4772,12.597
4773,108
4774,5.75385
4775,80/3
4776,43.018
4777,29.4375
4778,-22.5%
4779,30
4780,62.8
4781,278.6323
4782,31.4
4783,1728
4784,564
4785,7850
4786,480
4787,3
4788,14
4789,1.57
4790,30
4791,4770
4792,24.649
4793,1256
4794,72
4795,3.14
4796,706.5
4797,0.00431
4798,45/52
4799,56.52
4800,785
4801,12.56
4802,4.48551
4803,7.96178
4804,535
4805,552.64
4806,670
4807,1884
4808,188.4
4809,480
4810,452.16
4811,942
4812,126
4813,500
4814,1900
4815,384
4816,90%
4817,31/40
4818,176
4819,66500/27
4820,56
4821,7.065
4822,6.012
4823,20/421
4824,40
4825,100
4826,2.4
4827,60
4828,113.04
4829,282.6
4830,5/12
4831,2826
4832,352
4833,5
4834,3925
4835,360
4836,2.3
4837,35.168
4838,39.25
4839,56.52
4840,5
4841,20000000000
4842,21600
4843,-56.11905
4844,295
4845,208
4846,12
4847,295
4848,696
4849,352/3
4850,16/45
4851,180/11
4852,20/3
4853,353
4854,8/15
4855,6
4856,45
4857,7500
4858,215/2
4859,1/30
4860,12
4861,157
4862,31.4
4863,5
4864,15/8
4865,12.56
4866,125/3
4867,60/53
4868,2100
4869,225
4870,60
4871,40/9
4872,50
4873,502.4
4874,301
4875,314
4876,628
4877,125.6
4878,24/5
4879,240%
4880,37.68
4881,8
4882,60/7
4883,1/5
4884,240
4885,168
4886,48
4887,6
4888,53
4889,12
4890,6
4891,175/8
4892,20/3
4893,2200
4894,9990
4895,6
4896,125/2
4897,5
4898,-60
4899,15/8
4900,213.33333
4901,12/19
4902,11/5
4903,1008/5
4904,3.14
4905,3.14
4906,20
4907,2
4908,990
4909,100
4910,3
4911,3.14
4912,17997/5
4913,3
4914,2
4915,7
4916,387/5
4917,12
4918,36/7
4919,
4920,200
4921,184
4922,4
4923,10/9
4924,60/19
4925,108
4926,1000
4927,1530
4928,-50
4929,7
4930,-25
4931,18
4932,3000000000000
4933,0.8
4934,31.5
4935,27/40
4936,38
4937,-15
4938,14/17
4939,40/9
4940,44.88571
4941,7
4942,168/5
4943,-3479
4944,67.5
4945,5/3
4946,72/7
4947,1227.45
4948,7.95
4949,7.39286
4950,13
4951,1
4952,105
4953,2
4954,384
4955,1/5
4956,52
4957,25
4958,24
4959,50.24
4960,37.68
4961,120
4962,14%
4963,15/8
4964,4
4965,11
4966,96
4967,94
4968,108
4969,62
4970,36
4971,45
4972,68
4973,43
4974,18
4975,63
4976,3
4977,18
4978,17
4979,-7
4980,56
4981,9
4982,84
4983,56
4984,63
4985,12
4986,16
4987,136
4988,36
4989,12
4990,35
4991,18
4992,4
4993,5
4994,6
4995,28
4996,32
4997,24
4998,94
4999,30
5000,36
5001,27
5002,32
5003,60
5004,78
5005,195
5006,44
5007,23
5008,5
5009,960
5010,61
5011,47
5012,8
5013,-7
5014,7
5015,20
5016,6
5017,6
5018,45/32
5019,8
5020,8
5021,28
5022,63
5023,12
5024,9
5025,47
5026,81
5027,19
5028,28
5029,20
5030,30
5031,34
5032,44
5033,117
5034,17
5035,10
5036,2
5037,11
5038,38
5039,50
5040,8
5041,19
5042,20
5043,31
5044,414
5045,19
5046,4/7
5047,3
5048,6
5049,18
5050,13
5051,3
5052,16
5053,25
5054,17
5055,91
5056,35
5057,90
5058,56
5059,26
5060,81
5061,4
5062,55
5063,55
5064,6
5065,18
5066,30
5067,89
5068,74
5069,80
5070,-2
5071,51
5072,88
5073,16
5074,24
5075,57
5076,26
5077,12
5078,42
5079,7
5080,27
5081,30
5082,6
5083,40
5084,-13
5085,70
5086,32
5087,24
5088,18
5089,33
5090,32
5091,16
5092,24
5093,23
5094,8
5095,6
5096,8
5097,16
5098,90
5099,18
5100,8
5101,18
5102,6
5103,15
5104,40
5105,18
5106,33
5107,7
5108,19
5109,20
5110,125
5111,21
5112,400
5113,27
5114,172
5115,176
5116,24
5117,70
5118,703.36
5119,32
5120,35/3
5121,51200/9
5122,1800
5123,6
5124,8860/3
5125,52
5126,8
5127,11
5128,700
5129,1/60
5130,-50/119
5131,37501/500
5132,266
5133,12
5134,15/8
5135,30
5136,21
5137,6
5138,15
5139,94.2
5140,125.6
5141,6.28
5142,39/4
5143,1791
5144,11
5145,32/3
5146,560/3
5147,166
5148,1004.8
5149,15
5150,1232
5151,656
5152,-7500
5153,195
5154,14.58
5155,3380
5156,94.2
5157,120
5158,2150/17
5159,240
5160,40
5161,255
5162,140
5163,-1448/3
5164,4000
5165,-18
5166,300
5167,2880
5168,36
5169,314
5170,344
5171,25.12
5172,1.008
5173,600
5174,6
5175,74
5176,120
5177,12
5178,5
5179,45
5180,70
5181,1
5182,5000
5183,120
5184,50
5185,2
5186,1450
5187,350
5188,140
5189,800
5190,3
5191,8/5
5192,12
5193,10
5194,70/9
5195,150
5196,8
5197,22
5198,42
5199,3.645
5200,1440
5201,0.048
5202,27/4
5203,14
5204,18
5205,60.1
5206,26
5207,500
5208,5
5209,2.56
5210,48000/221
5211,-12/17
5212,2222
5213,10
5214,45
5215,-350
5216,42/55
5217,63.585
5218,74
5219,101.736
5220,-160/37
5221,7
5222,3600
5223,120
5224,25600
5225,36
5226,50
5227,49
5228,42
5229,261
5230,7.536
5231,12
5232,273/10
5233,60
5234,3360
5235,12600
5236,1616
5237,3.14
5238,42
5239,27
5240,6.114
5241,2300
5242,600
5243,314
5244,160/7
5245,64
5246,45
5247,26
5248,1
5249,10
5250,8
5251,20
5252,80
5253,32
5254,15
5255,76
5256,11.4
5257,18
5258,25
5259,35/3
5260,33
5261,3666666.66667
5262,168
5263,106/5
5264,6.3
5265,21
5266,312
5267,116.25
5268,3060
5269,342
5270,30
5271,12
5272,10
5273,35
5274,135
5275,84
5276,-300
5277,8867.2
5278,4800%
5279,3040
5280,172
5281,0.32
5282,72
5283,
5284,
5285,131.88
5286,50.24
5287,31.4
5288,-75/2
5289,30
5290,108
5291,300/23
5292,25688
5293,901
5294,200
5295,384
5296,11
5297,6
5298,27/2
5299,100
5300,112
5301,800
5302,4
5303,600/83
5304,47
5305,396
5306,14
5307,56/3
5308,10
5309,400
5310,231/2
5311,21.6
5312,6
5313,240/7
5314,418/5
5315,62.8
5316,1071/4
5317,-150
5318,160
5319,2000
5320,2900
5321,12
5322,48
5323,3.925
5324,38.465
5325,110
5326,
5327,135
5328,24
5329,123359.17313
5330,1000
5331,14
5332,625
5333,1
5334,36
5335,6400
5336,900
5337,5040/23
5338,51
5339,100/3
5340,423
5341,2000
5342,45
5343,256
5344,75.36
5345,226.08
5346,10
5347,108
5348,50
5349,250
5350,1920
5351,-13200
5352,216
5353,2600
5354,212/7
5355,320
5356,16
5357,640
5358,100/3
5359,20
5360,6280
5361,60/7
5362,7
5363,3920
5364,10
5365,50
5366,800
5367,5
5368,238.64
5369,0
5370,516
5371,120
5372,10000
5373,1620
5374,50
5375,124
5376,-45/7
5377,105
5378,2430
5379,200
5380,0.5
5381,45
5382,-200/7
5383,5126/29
5384,105
5385,100/3
5386,14
5387,800
5388,9
5389,59
5390,25/7
5391,0
5392,4.2
5393,9
5394,8
5395,8/5
5396,200
5397,2888
5398,140
5399,70
5400,2275
5401,1000
5402,6
5403,
5404,15
5405,0.006
5406,60
5407,286
5408,21
5409,12
5410,30
5411,376/3
5412,12
5413,89
5414,78.5
5415,47.12
5416,50/7
5417,1016
5418,480
5419,3600
5420,3600
5421,25/6
5422,10
5423,45
5424,2.56
5425,15/4
5426,1250
5427,3/2
5428,60
5429,900
5430,48
5431,10
5432,480
5433,435/2
5434,
5435,900
5436,72/5
5437,18/5
5438,1800
5439,200
5440,512
5441,36
5442,60
5443,48
5444,11520/11
5445,0.3125
5446,38
5447,2.9
5448,2.7
5449,0.5
5450,0.5
5451,8
5452,1404
5453,900
5454,16
5455,36
5456,2/25
5457,140
5458,314
5459,125
5460,120/7
5461,3.14
5462,4
5463,92
5464,4
5465,5
5466,40
5467,100
5468,1.7
5469,25.9
5470,50
5471,9949/85
5472,1800
5473,18
5474,89/2
5475,341
5476,72
5477,160
5478,840/13
5479,18000
5480,4800
5481,8
5482,20
5483,-1.69492
5484,-1.69492
5485,4.16667
5486,0.0034
5487,346
5488,110
5489,6
5490,65
5491,84
5492,44
5493,56
5494,437.1%
5495,42
5496,1620
5497,22
5498,1315
5499,3750
5500,7.09032
5501,52
5502,44100
5503,345
5504,530
5505,-7/3
5506,18
5507,450
5508,305
5509,100
5510,33
5511,1120/13
5512,32
5513,129
5514,190
5515,5/4
5516,882
5517,1200
5518,500/11
5519,769.5
5520,32
5521,288
5522,42
5523,2080
5524,45
5525,4
5526,420
5527,440
5528,9.644
5529,220
5530,52
5531,2200
5532,5270
5533,48
5534,5
5535,8.2425
5536,3456
5537,630
5538,5.915
5539,720
5540,150
5541,90
5542,63
5543,428
5544,4
5545,120/7
5546,30.68889
5547,73
5548,83/32
5549,120
5550,1800
5551,47355
5552,72/7
5553,120
5554,40
5555,1650
5556,96
5557,11049.25
5558,
5559,300/11
5560,2.4
5561,300
5562,13200
5563,760
5564,12
5565,32
5566,-3.7
5567,45
5568,32
5569,40
5570,506/5
5571,1734/5
5572,260
5573,12210
5574,552
5575,14
5576,5/3
5577,37.26
5578,7.75
5579,140
5580,8.16
5581,32
5582,71.76
5583,1260
5584,120
5585,12
5586,65
5587,420
5588,360
5589,38
5590,3
5591,1600
5592,195
5593,1080
5594,250
5595,72
5596,21.5
5597,1407/17
5598,3
5599,27
5600,480
5601,875/3
5602,216
5603,11.52
5604,64
5605,185/2
5606,6348
5607,44
5608,
5609,2000
5610,100.8
5611,137
5612,116/3
5613,640188.23529
5614,492
5615,376.8
5616,3.14
5617,19215
5618,3/10
5619,6.67
5620,4.3
5621,12560
5622,26.16667
5623,2
5624,8
5625,6
5626,60480
5627,280
5628,12/5
5629,4
5630,250
5631,738
5632,44
5633,1215
5634,320
5635,94.2
5636,156
5637,28260
5638,36
5639,0
5640,3
5641,101.2
5642,2592
5643,96
5644,10
5645,150
5646,37/9
5647,28.26
5648,105
5649,120
5650,120
5651,28.26
5652,480
5653,375
5654,1/8
5655,105/4
5656,1700
5657,3
5658,-28
5659,-200/3
5660,360
5661,0
5662,80
5663,10
5664,1.33333
5665,
5666,30
5667,126
5668,30
5669,3
5670,500
5671,0.484
5672,3000
5673,60
5674,1000
5675,3925
5676,31537.5
5677,18
5678,62
5679,1500
5680,500
5681,496.125
5682,1971.92
5683,6.28
5684,600
5685,5.652
5686,25
5687,407
5688,502.4
5689,1350
5690,25
5691,2000
5692,22
5693,53
5694,36
5695,-220
5696,525
5697,1600
5698,24/5
5699,504
5700,54.24
5701,20
5702,40
5703,5
5704,385/2
5705,80
5706,52.5
5707,-54
5708,2.21111
5709,13900
5710,1107
5711,40
5712,320
5713,400
5714,1.1
5715,219.8
5716,113
5717,8
5718,192
5719,46/3
5720,945
5721,37.68
5722,20
5723,20
5724,516
5725,60
5726,15.2
5727,276
5728,144
5729,16
5730,7
5731,504
5732,992
5733,167.2
5734,5702
5735,57/5
5736,56.52
5737,525
5738,3430
5739,3027
5740,8
5741,24
5742,8
5743,90
5744,600
5745,40
5746,160
5747,17
5748,174000/113
5749,12.56
5750,702
5751,83/175
5752,143.2
5753,285
5754,1132
5755,
5756,142
5757,93
5758,20/11
5759,90
5760,50/3
5761,3/4
5762,300
5763,4471/20
5764,2
5765,176
5766,1792
5767,144/5
5768,2280
5769,260
5770,50
5771,-40
5772,8121.01911
5773,25/2
5774,75/2
5775,32000/7
5776,50
5777,-2400/7
5778,24
5779,11
5780,88
5781,0.94737
5782,192
5783,6
5784,125
5785,2500
5786,435/2
5787,44
5788,112750
5789,1000
5790,1100
5791,6
5792,28800
5793,9020
5794,40
5795,81
5796,420
5797,6
5798,2/5
5799,6.9984
5800,648
5801,8
5802,250
5803,38.4
5804,8
5805,2
5806,800
5807,1510
5808,500/3
5809,391/5
5810,12
5811,25/9
5812,22
5813,-5
5814,227
5815,2916
5816,135/2
5817,121
5818,2
5819,15
5820,8.36
5821,36
5822,5
5823,38
5824,42
5825,-15
5826,500/501
5827,153/100
5828,160/3
5829,23810
5830,2550
5831,400
5832,35000
5833,8
5834,361/5
5835,1083/5
5836,125.6
5837,2.5
5838,24.649
5839,37.68
5840,32
5841,32
5842,100
5843,6
5844,0
5845,279
5846,94
5847,1600
5848,140
5849,112
5850,12.6
5851,62.4
5852,67/3
5853,8640
5854,3520
5855,14550
5856,9000
5857,4000
5858,2940
5859,24
5860,99
5861,0.8
5862,126.7
5863,251
5864,42
5865,1.1
5866,150
5867,3
5868,20/9
5869,212.29
5870,15
5871,12
5872,108
5873,8.0384
5874,120
5875,51
5876,48
5877,72
5878,3
5879,450
5880,13
5881,501
5882,16.5
5883,2495
5884,24/5
5885,100
5886,75
5887,7.01667
5888,850
5889,53
5890,88
5891,90
5892,41
5893,60.82143
5894,2000
5895,32
5896,750
5897,0.32353
5898,5460
5899,100/3
5900,3240
5901,6
5902,11/3
5903,2.5
5904,-108
5905,182
5906,234
5907,7/8
5908,21
5909,7
5910,95
5911,9
5912,16
5913,33
5914,25
5915,42
5916,3
5917,7
5918,50
5919,28
5920,46
5921,8
5922,8
5923,18
5924,41
5925,42
5926,36
5927,10
5928,694
5929,1021
5930,5
5931,800
5932,12
5933,72
5934,42
5935,26
5936,33
5937,8
5938,6
5939,35
5940,12
5941,20
5942,20
5943,15
5944,15
5945,15
5946,50
5947,12
5948,46
5949,56
5950,3
5951,4
5952,64
5953,11
5954,81
5955,42
5956,21
5957,13
5958,54
5959,44
5960,20
5961,62
5962,36
5963,36
5964,15
5965,36
5966,16
5967,56
5968,41
5969,9
5970,72
5971,53
5972,4
5973,24
5974,5
5975,6
5976,28
5977,32
5978,2
5979,12
5980,3
5981,34
5982,9
5983,4
5984,22
5985,60
5986,9
5987,34
5988,17
5989,-22
5990,10
5991,4
5992,4
5993,18
5994,18
5995,20
5996,6
5997,4
5998,8
5999,-7
6000,7
6001,21
6002,6
6003,6
6004,66
6005,63
6006,12
6007,9
6008,65
6009,81
6010,19
6011,28
6012,20
6013,30
6014,34
6015,44
6016,27
6017,8
6018,19
6019,20
6020,31
6021,414
6022,19
6023,4/7
6024,3
6025,6
6026,18
6027,13
6028,3
6029,16
6030,25
6031,15
6032,91
6033,35
6034,90
6035,56
6036,26
6037,81
6038,55
6039,6
6040,97
6041,51
6042,88
6043,16
6044,24
6045,57
6046,26
6047,12
6048,26
6049,21
6050,20
6051,26
6052,40
6053,27
6054,15
6055,88
6056,47/4
6057,7
6058,16
6059,8
6060,81
6061,81
6062,385
6063,181
6064,24
6065,44
6066,23
6067,30
6068,23
6069,12
6070,7/2
6071,9
6072,24
6073,80
6074,471
6075,20
6076,8
6077,20
6078,3
6079,25
6080,8
6081,6
6082,22
6083,56
6084,26
6085,37
6086,45
6087,19
6088,24
6089,31
6090,42
6091,11
6092,124
6093,40
6094,72
6095,30
6096,20
6097,35
6098,45
6099,25
6100,8
6101,8
6102,14
6103,47
6104,70
6105,72
6106,34
6107,9
6108,1/7
6109,3/4
6110,18
6111,9
6112,19
6113,10
6114,7
6115,7
6116,27
6117,30
6118,6
6119,40
6120,-13
6121,70
6122,32
6123,18
6124,33
6125,32
6126,16
6127,24
6128,23
6129,8
6130,6
6131,8
6132,16
6133,90
6134,18
6135,8
6136,18
6137,6
6138,15
6139,40
6140,18
6141,20
6142,98
6143,16
6144,-27
6145,21
6146,400
6147,27
6148,172
6149,-4
6150,4/3
6151,80
6152,68
6153,26
6154,20
6155,45
6156,270
6157,139
6158,492
6159,798
6160,9
6161,40
6162,300
6163,5
6164,4/5
6165,40
6166,1
6167,1791
6168,528
6169,720
6170,-121
6171,101
6172,144
6173,1440
6174,30
6175,45
6176,455/8
6177,2400
6178,-1.2
6179,7
6180,38
6181,27
6182,264
6183,118
6184,2500
6185,3280
6186,61
6187,6320
6188,560
6189,1213
6190,1571
6191,85
6192,450
6193,90
6194,95
6195,-679
6196,240
6197,5100
6198,1008
6199,36
6200,28
6201,192
6202,4
6203,24
6204,40
6205,40
6206,96
6207,9
6208,100
6209,23
6210,78
6211,4560
6212,358
6213,148
6214,142
6215,270
6216,99
6217,200/3
6218,24
6219,5
6220,477
6221,342
6222,306
6223,39
6224,20
6225,132
6226,52
6227,9
6228,9
6229,72
6230,315
6231,362
6232,8
6233,220
6234,14
6235,1650
6236,98
6237,96
6238,113
6239,16
6240,360
6241,33
6242,210
6243,125
6244,6
6245,535
6246,278
6247,88
6248,395
6249,150
6250,5
6251,8
6252,176
6253,300
6254,36
6255,50
6256,78
6257,100
6258,6
6259,2250
6260,11
6261,12
6262,-200
6263,968
6264,91
6265,19
6266,
6267,20/3
6268,21
6269,540
6270,4000
6271,120
6272,0
6273,77
6274,41.2
6275,-600
6276,80
6277,63
6278,250
6279,4
6280,5
6281,344
6282,186
6283,10
6284,15
6285,1.16
6286,2.12
6287,42
6288,210
6289,32
6290,48
6291,149
6292,1.08
6293,47.5
6294,174
6295,3
6296,1240
6297,75
6298,73.22
6299,56.7
6300,22.4
6301,12
6302,850
6303,1110
6304,64
6305,165
6306,14910
6307,315
6308,6
6309,86
6310,157
6311,128
6312,675/4
6313,32
6314,80
6315,180
6316,48
6317,48
6318,2600
6319,298
6320,1750
6321,600
6322,55800
6323,236
6324,2900
6325,72
6326,480
6327,59460
6328,500
6329,2940
6330,6120
6331,7280
6332,710
6333,13650
6334,4800
6335,696
6336,125
6337,900
6338,9
6339,40
6340,160
6341,48
6342,160
6343,600
6344,2200
6345,4
6346,6
6347,18
6348,48
6349,2
6350,20
6351,3600
6352,13
6353,7
6354,250
6355,42
6356,12
6357,345
6358,16
6359,15
6360,19
6361,130
6362,6405
6363,30
6364,24/5
6365,300/227
6366,3.84
6367,32
6368,0
6369,600
6370,30
6371,24
6372,45
6373,1/3
6374,8
6375,107
6376,714
6377,1872
6378,27
6379,10
6380,14
6381,20
6382,12
6383,7000
6384,2
6385,100
6386,78
6387,6000
6388,38.5
6389,2.76923
6390,340
6391,0.6
6392,3
6393,12
6394,100
6395,35
6396,6720
6397,2346.02667
6398,5.3
6399,1428
6400,158
6401,64
6402,50
6403,6
6404,200
6405,240
6406,675
6407,833
6408,660
6409,20000
6410,12000
6411,7/10
6412,1000
6413,3.5
6414,100
6415,8688.78
6416,140.1
6417,63
6418,1950
6419,4
6420,540
6421,812
6422,1980
6423,45
6424,1470
6425,3
6426,1375
6427,162
6428,150/7
6429,52
6430,27/2
6431,8
6432,40
6433,4320
6434,145
6435,80
6436,288
6437,4050
6438,126
6439,17
6440,1200
6441,5100
6442,800
6443,5
6444,40
6445,153.4
6446,9.42
6447,194.4
6448,48
6449,5/18
6450,349.44
6451,32
6452,26
6453,245/6
6454,29/6
6455,122.4
6456,90
6457,77.2
6458,300
6459,576
6460,0.12
6461,120
6462,40
6463,110
6464,3000
6465,-80
6466,90
6467,45/2
6468,-99
6469,441/4
6470,20
6471,40
6472,26
6473,8
6474,60
6475,4
6476,43
6477,9
6478,4
6479,6
6480,48
6481,-25/7
6482,48
6483,34084
6484,12
6485,300
6486,8
6487,49
6488,90
6489,40
6490,4
6491,280
6492,300
6493,420
6494,1250
6495,125.6
6496,84
6497,392.5
6498,29.8
6499,24.2
6500,44
6501,2
6502,20/3
6503,20/3
6504,8
6505,600
6506,367
6507,180
6508,550
6509,1
6510,35
6511,140
6512,64
6513,335
6514,592.2
6515,5
6516,242
6517,154
6518,8.95
6519,-550
6520,51
6521,1568
6522,5
6523,1.53
6524,-117
6525,28
6526,24/11
6527,29.25
6528,62
6529,91
6530,1050
6531,882
6532,32
6533,6
6534,9000
6535,270
6536,176
6537,54
6538,170
6539,15
6540,160
6541,25
6542,1680
6543,222
6544,25
6545,645
6546,400
6547,200
6548,203
6549,375
6550,16
6551,1872
6552,206
6553,10
6554,4
6555,648
6556,133
6557,6750
6558,69
6559,7998
6560,15
6561,660
6562,0.6
6563,16
6564,616
6565,35
6566,78
6567,17
6568,22875
6569,180
6570,375/76
6571,45
6572,1800
6573,1800
6574,25/2
6575,10176
6576,900
6577,88.9
6578,4410
6579,48
6580,40
6581,360
6582,85
6583,2520
6584,4
6585,45/2
6586,576
6587,36
6588,41.895
6589,78
6590,1344
6591,1330
6592,40
6593,55
6594,900
6595,85
6596,120
6597,6.7
6598,306
6599,2730
6600,5376
6601,2250
6602,52
6603,328
6604,37
6605,215
6606,18750
6607,120
6608,6.5
6609,6
6610,180
6611,248
6612,41
6613,144
6614,336
6615,525
6616,624
6617,825
6618,37
6619,356
6620,30
6621,9
6622,4
6623,576
6624,1320
6625,6000
6626,13000
6627,557
6628,600
6629,60
6630,824
6631,13.2
6632,270
6633,1.26
6634,160
6635,6.5
6636,285
6637,6/25
6638,24
6639,23800
6640,450
6641,0.8
6642,1610
6643,120
6644,552
6645,2000
6646,6800
6647,6960
6648,13870
6649,24
6650,414
6651,144
6652,10
6653,615
6654,160
6655,-10.1
6656,23
6657,20
6658,205
6659,540
6660,25
6661,266
6662,4
6663,7
6664,285
6665,8
6666,126
6667,832
6668,500
6669,267
6670,1050
6671,1872
6672,60
6673,1786.5
6674,138
6675,94
6676,875
6677,379
6678,3600
6679,770
6680,60
6681,2400
6682,462
6683,22
6684,1212
6685,105
6686,525
6687,420
6688,600
6689,732
6690,0.2
6691,2562
6692,2.1
6693,560
6694,240
6695,56
6696,20
6697,2700
6698,1152
6699,0.3
6700,103
6701,600
6702,980
6703,349
6704,4840
6705,25/6
6706,45
6707,360
6708,18.72
6709,1230.88
6710,18000
6711,10
6712,104
6713,-59
6714,9
6715,7
6716,16
6717,20/17
6718,18
6719,22
6720,85
6721,3216
6722,60
6723,-125
6724,248
6725,1920
6726,80
6727,1
6728,108
6729,3/5
6730,37
6731,42
6732,8
6733,40
6734,75
6735,6
6736,52
6737,73
6738,38
6739,92
6740,12
6741,41
6742,21
6743,32
6744,12
6745,15
6746,2
6747,-2
6748,30
6749,32
6750,21
6751,4
6752,29
6753,17
6754,36
6755,80
6756,37
6757,8
6758,29
6759,17
6760,35
6761,45
6762,86
6763,20
6764,12
6765,36
6766,4
6767,30
6768,-4
6769,-4
6770,-6
6771,-6
6772,1521
6773,50
6774,20
6775,20
6776,26
6777,26
6778,10
6779,17
6780,11
6781,17
6782,45
6783,43
6784,-11
6785,45
6786,2/5
6787,50
6788,8
6789,59
6790,87
6791,38/3
6792,20
6793,58
6794,54
6795,10
6796,38
6797,24
6798,35
6799,30
6800,61
6801,55
6802,140
6803,22
6804,39
6805,104
6806,50
6807,100
6808,72
6809,35
6810,179
6811,66
6812,50
6813,42
6814,33
6815,22
6816,11
6817,25
6818,65
6819,81
6820,33
6821,11
6822,31
6823,23
6824,3
6825,15
6826,30
6827,38
6828,28
6829,28
6830,33
6831,119
6832,48
6833,14
6834,76
6835,42
6836,34
6837,16
6838,24
6839,12
6840,7
6841,35
6842,7
6843,10
6844,19
6845,12
6846,8
6847,29
6848,13
6849,18
6850,28
6851,17
6852,259
6853,3/2
6854,24
6855,23
6856,9
6857,8
6858,40.32
6859,178
6860,1360
6861,60
6862,150
6863,4860
6864,680
6865,-62.5
6866,0
6867,95%
6868,87/2
6869,400
6870,128
6871,304
6872,3290
6873,1500
6874,3600
6875,144
6876,12
6877,6
6878,260
6879,60
6880,1200
6881,375
6882,108
6883,48
6884,-300
6885,160
6886,160
6887,792
6888,240
6889,-19/10
6890,70
6891,48
6892,140/9
6893,825
6894,8
6895,207
6896,32
6897,1680
6898,5652
6899,70
6900,28.26
6901,5
6902,376.8
6903,58
6904,11
6905,85
6906,8
6907,441
6908,59
6909,625
6910,37
6911,405
6912,250
6913,96%
6914,93.2%
6915,1/2
6916,2
6917,100
6918,4.608
6919,16.2
6920,84
6921,7344
6922,30
6923,27
6924,605/2
6925,32
6926,14
6927,27500/3
6928,50.24
6929,1296
6930,7245
6931,3
6932,2100
6933,40
6934,-0.2
6935,13
6936,54/5
6937,40
6938,8
6939,16
6940,25%
6941,3400/3
6942,68
6943,115%
6944,112359.55056
6945,40
6946,4.28571
6947,4
6948,53
6949,263
6950,77/2
6951,62.8
6952,360
6953,42
6954,0.21212
6955,-180
6956,-80
6957,2.76923
6958,9
6959,-43.96
6960,125
6961,2304
6962,7500
6963,480
6964,5
6965,9.088
6966,28
6967,18.84
6968,3
6969,30
6970,20
6971,17/6
6972,168
6973,4
6974,144
6975,160
6976,15
6977,16
6978,96
6979,160
6980,28
6981,875%
6982,400
6983,6000
6984,15
6985,19
6986,2319
6987,420
6988,200
6989,35
6990,4500
6991,1600
6992,480
6993,25
6994,270
6995,-1200
6996,3000
6997,2.34667
6998,300
6999,3900
7000,52
7001,1.37667
7002,1.57
7003,20/3
7004,32
7005,10
7006,200
7007,180
7008,1600%
7009,20
7010,435
7011,19.7192
7012,625
7013,300
7014,1539/55
7015,8424
7016,15
7017,15.7
7018,25.2
7019,1620
7020,50
7021,-401.92
7022,100
7023,204
7024,5/4
7025,200
7026,180
7027,2.616
7028,10%
7029,401.92
7030,190
7031,27/2
7032,1440
7033,-16
7034,25%
7035,600
7036,24/5
7037,0%
7038,0.512
7039,717
7040,15/8
7041,780
7042,770
7043,345
7044,60
7045,81/10
7046,270
7047,96
7048,60
7049,5
7050,1575
7051,1560
7052,16/3
7053,2
7054,16
7055,2400
7056,28.26
7057,5/2
7058,2.88
7059,28
7060,95%
7061,0
7062,22.8
7063,38.4
7064,13.25
7065,3.7
7066,2800
7067,-3.86
7068,12
7069,130/3
7070,34.82904
7071,-1
7072,350
7073,5/2
7074,12%
7075,54/5
7076,2405
7077,10
7078,2500
7079,6
7080,23
7081,200
7082,60
7083,1050
7084,
7085,2/3
7086,198
7087,3.5
7088,8
7089,182
7090,96
7091,100
7092,9
7093,108
7094,160/7
7095,480
7096,12
7097,1200
7098,25.50465
7099,0.08
7100,41
7101,8000/9
7102,390
7103,0
7104,3
7105,975/2
7106,314
7107,62500
7108,20
7109,75
7110,1/3
7111,159
7112,2072.47162
7113,4995
7114,57/5
7115,60
7116,864
7117,251.2
7118,1830
7119,245/4
7120,24/5
7121,501.9
7122,445
7123,600
7124,32
7125,8
7126,540
7127,84.72222
7128,-39
7129,95
7130,19.7192
7131,14.1
7132,120
7133,
7134,188
7135,65
7136,-320
7137,460
7138,125/2
7139,1.02857
7140,3.97
7141,45.7232
7142,600
7143,1125%
7144,19
7145,36
7146,460%
7147,50%
7148,10
7149,15/4
7150,6
7151,69/5
7152,2040
7153,15
7154,20
7155,5333
7156,385
7157,29
7158,123
7159,4.13333
7160,12
7161,3175
7162,7/2
7163,4
7164,36
7165,0.5
7166,364
7167,-704
7168,131.25
7169,73/3
7170,2
7171,179
7172,896
7173,32.4%
7174,20%
7175,840
7176,105
7177,1000
7178,2100
7179,437
7180,2.93458
7181,522.5
7182,1400
7183,93
7184,13/5
7185,36
7186,9
7187,768
7188,2
7189,453
7190,97
7191,12/25
7192,225
7193,91400
7194,560
7195,4.9375
7196,8400
7197,144
7198,17
7199,15
7200,12
7201,2
7202,5760
7203,108
7204,23
7205,80
7206,35/6
7207,74
7208,9600
7209,426
7210,306
7211,36.04
7212,48
7213,5.6
7214,525
7215,125.6
7216,12
7217,251.2
7218,-87.92
7219,710
7220,78
7221,2128
7222,15
7223,-600%
7224,33
7225,13.5
7226,13.68
7227,45
7228,32
7229,30
7230,16%
7231,1440
7232,300
7233,48000
7234,5/2
7235,90
7236,18.05
7237,100
7238,1/2
7239,3213/10
7240,8
7241,224
7242,13
7243,60
7244,25
7245,630
7246,73
7247,2.57143
7248,168
7249,2000
7250,3000
7251,4
7252,36
7253,18
7254,1140
7255,71.3
7256,2/13
7257,340
7258,1300
7259,184
7260,15/2
7261,3
7262,36
7263,659
7264,848
7265,13
7266,5280
7267,200
7268,3
7269,-55/2
7270,8
7271,12.56
7272,8
7273,100
7274,19.99614
7275,3827/8
7276,2.13523
7277,125
7278,1125
7279,400
7280,-140
7281,90
7282,240
7283,10%
7284,30
7285,15
7286,14.4
7287,13.5
7288,5
7289,120
7290,18
7291,-3299
7292,35
7293,90
7294,4000
7295,152.28
7296,240
7297,96
7298,272
7299,51.4
7300,40
7301,87/80
7302,15
7303,1080
7304,25000
7305,40
7306,675
7307,2727
7308,12500
7309,31.2
7310,0.07
7311,20.27027
7312,150
7313,-720
7314,164.025
7315,226.08
7316,-1
7317,251.2
7318,1134
7319,376.8
7320,9
7321,90
7322,149
7323,600
7324,103.3
7325,3
7326,2800
7327,2/5
7328,1800/11
7329,16
7330,12
7331,640
7332,16.485
7333,7203/20
7334,825
7335,325
7336,5040
7337,4019.2
7338,15
7339,-1
7340,45.475
7341,110
7342,83
7343,5/6
7344,108
7345,319
7346,90.6
7347,187.5
7348,31.4
7349,1945
7350,400
7351,28
7352,96
7353,14/25
7354,3500
7355,2112
7356,193.49465
7357,48
7358,
7359,29
7360,10
7361,940
7362,778
7363,8
7364,90
7365,47
7366,2020
7367,4000/3
7368,2000
7369,72
7370,38.4
7371,38.4
7372,-479
7373,48
7374,-95
7375,40/9
7376,49/60
7377,53.664
7378,50
7379,151
7380,2400
7381,2
7382,5040
7383,30
7384,-5
7385,376.8
7386,160
7387,1000
7388,2.7004
7389,14.25
7390,6
7391,520/17
7392,36
7393,1256
7394,240
7395,480
7396,9600
7397,76
7398,8
7399,60
7400,64
7401,48/5
7402,10
7403,40
7404,-4
7405,900
7406,3.88889
7407,48
7408,956.8
7409,50
7410,90
7411,11
7412,67
7413,125
7414,65
7415,48
7416,1.27389
7417,7.95
7418,195
7419,2
7420,98
7421,14
7422,9
7423,648
7424,557
7425,469/26
7426,45
7427,7290
7428,0.74074
7429,1800
7430,2%
7431,480
7432,42
7433,40/3
7434,25.7
7435,14400/17
7436,160
7437,56.7
7438,17
7439,6
7440,2880
7441,4
7442,12/5
7443,0.06667
7444,700/3
7445,1.6
7446,28
7447,180
7448,7200
7449,7500
7450,1256
7451,190
7452,395
7453,390
7454,4
7455,0.785
7456,37.5%
7457,600/11
7458,3.44
7459,24/5
7460,29
7461,3600
7462,44
7463,4368
7464,7.7
7465,65
7466,520
7467,9.6
7468,125
7469,180
7470,157
7471,19.7192
7472,15
7473,1.875
7474,144
7475,9
7476,520
7477,5
7478,55
7479,6.4192
7480,29
7481,75
7482,76
7483,400
7484,30000
7485,204
7486,450
7487,33
7488,7761/2
7489,1600
7490,15
7491,1337
7492,112
7493,80
7494,90
7495,24
7496,3
7497,450
7498,3.3
7499,12
7500,70.0245
7501,3.57692
7502,80/9
7503,3/1000
7504,89
7505,35/9
7506,32
7507,2400
7508,350
7509,210
7510,12/5
7511,3240
7512,2550
7513,8
7514,456
7515,4286
7516,97
7517,130
7518,1/2
7519,
7520,1595
7521,1500
7522,1413
7523,16
7524,992
7525,173
7526,5190
7527,675
7528,5/2
7529,40
7530,432
7531,11
7532,12
7533,1040
7534,2240
7535,457.6
7536,1559
7537,48
7538,104
7539,4.73333
7540,11
7541,15.5
7542,612
7543,160
7544,44.44444
7545,376.8
7546,17/3
7547,19.625
7548,675
7549,353.25
7550,45
7551,7850
7552,1215
7553,252
7554,59
7555,870
7556,38
7557,180
7558,20
7559,9
7560,1000/11
7561,180
7562,300
7563,280/3
7564,170/3
7565,800/3
7566,99
7567,1.5
7568,2700
7569,2700
7570,16
7571,1.94444
7572,25.72
7573,24
7574,2760
7575,3
7576,4
7577,31.4
7578,35
7579,3/2
7580,200
7581,504
7582,20.41667
7583,135
7584,1500
7585,9000
7586,26.66667
7587,36
7588,40
7589,182
7590,75/22
7591,17
7592,980
7593,10
7594,380
7595,40
7596,8
7597,36
7598,1.44
7599,1
7600,5
7601,1250
7602,384
7603,8
7604,4
7605,80
7606,2.56
7607,125
7608,80
7609,36
7610,75
7611,6.8
7612,34
7613,20
7614,20
7615,12
7616,4
7617,200
7618,5
7619,24
7620,3
7621,6
7622,280
7623,24
7624,0.1
7625,54
7626,128
7627,32.5
7628,36.55
7629,0.6
7630,3.37
7631,11
7632,196
7633,
7634,90
7635,85%
7636,512
7637,13.5
7638,500
7639,69
7640,2.7
7641,3/5
7642,5/8
7643,-10
7644,42
7645,20
7646,3649/50
7647,18
7648,1/18
7649,1/35
7650,2240
7651,3000
7652,100
7653,0.57895
7654,36
7655,2400
7656,19/20
7657,64
7658,20
7659,0.4225
7660,960
7661,31.8
7662,5/49
7663,-3/5
7664,2
7665,2/5
7666,1/6
7667,17500
7668,64/7
7669,87
7670,21
7671,31
7672,33
7673,-111/2
7674,8
7675,505
7676,4
7677,2520
7678,10/9
7679,131/50
7680,131/50
7681,3968
7682,48000
7683,7
7684,30
7685,65
7686,800
7687,872
7688,31/35
7689,168
7690,1782
7691,64
7692,8280
7693,1
7694,3
7695,534
7696,39/5
7697,9/7
7698,18
7699,54
7700,-26
7701,38.46154
7702,1296
7703,9.5
7704,4.75
7705,41/25
7706,3045
7707,400/7
7708,28
7709,148
7710,72
7711,17/20
7712,39/200
7713,13/12
7714,3
7715,79/5
7716,42
7717,6.66
7718,7/24
7719,120
7720,81
7721,47.6
7722,56
7723,120
7724,1350
7725,16/9
7726,13/10
7727,5/2
7728,222
7729,6
7730,140
7731,882
7732,17.77778
7733,6.6
7734,240
7735,337.5
7736,81.5
7737,13
7738,100
7739,20
7740,34
7741,135
7742,36
7743,85
7744,560
7745,50
7746,38
7747,4.5
7748,-194
7749,385
7750,-5
7751,700
7752,1.8
7753,6280/13
7754,0
7755,4
7756,-160
7757,100
7758,135
7759,11/30
7760,5
7761,10
7762,400
7763,6
7764,4
7765,6
7766,6
7767,37600
7768,83
7769,6272
7770,115
7771,1125250
7772,21/20
7773,8400
7774,-10
7775,4257/10
7776,18000
7777,110
7778,20/9
7779,225
7780,16/5
7781,150
7782,1534
7783,-22
7784,220
7785,0
7786,23
7787,2160
7788,1800
7789,1500
7790,199.22222
7791,26
7792,300
7793,2/7
7794,10
7795,15
7796,16
7797,1/4
7798,1260
7799,4800
7800,
7801,57
7802,625
7803,1/2
7804,-12/5
7805,-30
7806,25/3
7807,222
7808,707/4
7809,184
7810,2.8
7811,192/5
7812,6
7813,30
7814,60/13
7815,54
7816,4/5
7817,134
7818,240
7819,51/20
7820,25
7821,0
7822,5416
7823,1026
7824,1/5
7825,47.5
7826,59/6
7827,11/12
7828,64
7829,36/5
7830,72
7831,630
7832,4/3
7833,16
7834,115.6203
7835,-2
7836,5/8
7837,9
7838,600
7839,52/17
7840,344
7841,32/21
7842,3
7843,50
7844,10
7845,11/15
7846,-1.7
7847,450
7848,28
7849,320
7850,-3
7851,41/60
7852,570
7853,52
7854,200
7855,1/20
7856,4
7857,51/20
7858,48
7859,40
7860,938
7861,15/4
7862,144
7863,3
7864,30.3
7865,-30
7866,39
7867,45
7868,40/9
7869,5
7870,180
7871,3/4
7872,6000
7873,27/5
7874,28
7875,12/5
7876,
7877,7
7878,8
7879,11
7880,1/4
7881,4
7882,125/2
7883,2/5
7884,11/60
7885,3/5
7886,96
7887,5/9
7888,12
7889,9
7890,0.71111
7891,3.5875
7892,6
7893,1080
7894,309
7895,176
7896,99693
7897,1881/400
7898,3.75
7899,60
7900,20
7901,26
7902,5
7903,20
7904,5.42
7905,10/3
7906,87
7907,200
7908,24/7
7909,21/20
7910,8
7911,21/50
7912,192/5
7913,79.2
7914,2700
7915,3/16
7916,7
7917,96
7918,4/5
7919,864
7920,9/20
7921,2
7922,1/2
7923,1/4
7924,340
7925,324
7926,90
7927,9/100
7928,242
7929,360
7930,50
7931,810
7932,9/4
7933,4
7934,77
7935,5/8
7936,2/5
7937,2/5
7938,3
7939,8
7940,7
7941,73
7942,5/12
7943,8/3
7944,300
7945,42
7946,6.6
7947,28
7948,10
7949,80/3
7950,2/25
7951,2/25
7952,18/23
7953,81/16
7954,643/5
7955,86
7956,16
7957,2542
7958,-11/5
7959,230
7960,17/30
7961,2.5
7962,25/3
7963,12
7964,7000
7965,54
7966,5
7967,960
7968,1710
7969,41
7970,42
7971,9/20
7972,624
7973,100
7974,24
7975,7
7976,45
7977,8000
7978,20
7979,1/25
7980,48
7981,200
7982,25
7983,400
7984,43/3
7985,2590
7986,40/3
7987,0
7988,504
7989,144000
7990,118
7991,72
7992,6
7993,1200
7994,193
7995,5/12
7996,360
7997,70
7998,77/40
7999,1
