0,-7.056
1,738
2,10
3,1/4
4,38
5,1290
6,600
7,5045
8,8.8
9,63
10,41
11,0.0001
12,80
13,56
14,9
15,8172
16,16
17,-18.61
18,322.5
19,10
20,2700
21,2
22,100
23,68
24,600
25,1
26,8
27,32
28,1.884
29,1950
30,3.6
31,80
32,9
33,720
34,72
35,21/20
36,251
37,6
38,14/15
39,72
40,400
41,24
42,41
43,500
44,4
45,95
46,95
47,288
48,40
49,280
50,656
51,67
52,7600
53,288
54,86
55,120
56,142
57,4875
58,1248
59,9
60,66
61,1201
62,1300
63,738
64,1176
65,588
66,13198.8
67,-5594
68,3360
69,765
70,10.4
71,73.2
72,6600
73,7/8
74,200
75,3.8
76,20
77,13/20
78,24
79,194
80,3.3
81,170
82,8
83,56
84,260
85,25%
86,15
87,424
88,402
89,374
90,63/500
91,460
92,20
93,1735
94,1536
95,78.5
96,8
97,16
98,7/9
99,260
100,2288
101,2500
102,3486
103,14
104,5
105,2352/85
106,5/9
107,0.02138
108,114.7
109,6
110,7/10
111,900
112,560
113,651
114,56
115,160
116,6915
117,623
118,12
119,124
120,2.14
121,32
122,25
123,70
124,20000
125,110%
126,360
127,0.67188
128,124
129,770
130,7/9
131,1133
132,10
133,107
134,11200
135,8
136,595
137,4
138,24
139,87
140,90
141,-83
142,96
143,15
144,8158.4
145,356
146,20/3
147,8400
148,4800
149,9
150,-2/9
151,494
152,20/7
153,490
154,8000
155,3/10
156,1.25
157,600
158,18
159,4
160,30
161,80
162,5
163,0.08887
164,70
165,1350
166,336
167,775
168,15
169,312
170,32/9
171,7
172,280
173,144
174,11/35
175,14
176,44
177,9
178,4
179,8
180,20
181,28.26
182,12
183,27
184,11/20
185,650
186,5000
187,10
188,312
189,15
190,-3768
191,-122.46
192,10395
193,880
194,12400
195,1049.07
196,704
197,28.26
198,450
199,272
200,450
201,114
202,18
203,7/20
204,50
205,24
206,4/9
207,37
208,40
209,8137
210,6
211,65.55
212,3081
213,3.3645
214,66
215,612500
216,32
217,17/4
218,63024
219,800
220,7644
221,210
222,20
223,16
224,200
225,1872
226,378
227,9
228,6/7
229,201.6
230,190
231,293
232,3300
233,207
234,684
235,3500
236,691
237,1710
238,1/18
239,790/3
240,816
241,5929/30
242,5/2
243,5375
244,432
245,3/5
246,75.36
247,7/8
248,240
249,9
250,3.2
251,2
252,3202.5
253,630
254,18/17
255,6000
256,1536
257,26
258,490
259,6
260,2700
261,960
262,84
263,108
264,24/5
265,28
266,11/24
267,276
268,26
269,94
270,25000
271,123000
272,750
273,12
274,520
275,1585
276,-803
277,5.4
278,32
279,750
280,502.4
281,15
282,6
283,736
284,64
285,18
286,240
287,579
288,152.72727
289,2250
290,944
291,18
292,-10
293,546
294,16
295,21
296,480
297,10
298,4
299,64
300,224
301,27/20
302,8
303,9
304,81
305,251.2
306,72
307,20
308,50
309,4
310,125.6
311,450
312,1
313,2/7
314,36
315,60
316,100
317,324
318,900
319,1/2
320,4
321,432
322,1/2
323,37/40
324,3/5
325,-1
326,3450
327,71.25
328,890
329,60
330,12475
331,434000
332,16000
333,300
334,4/7
335,1344
336,15
337,486
338,6
339,10000
340,25/4
341,90
342,118
343,151.2
344,60
345,110
346,48
347,5
348,425
349,12
350,32
351,600
352,465
353,1588
354,168
355,140
356,169.94444
357,50
358,5/2
359,8
360,22608
361,7536
362,45
363,9
364,35/2
365,540
366,11/35
367,32
368,1/2
369,209
370,150
371,242
372,10
373,13
374,36
375,1350
376,591
377,72345.6
378,4429
379,30/11
380,70
381,15
382,2/5
383,6240
384,56375
385,91
386,12/5
387,3095.9144
388,600
389,13
390,15
391,1180
392,768
393,800
394,94.2
395,100.48544
396,450
397,11
398,6400
399,13
400,72/23
401,136
402,864
403,36
404,685
405,32
406,100/23
407,4/15
408,115/24
409,123.83658
410,12
411,33
412,-1/4
413,25600
414,10
415,516
416,55
417,8
418,1320
419,20
420,2/9
421,1000
422,303
423,0.5
424,1.12
425,15.12
426,180
427,480
428,127
429,2750
430,580
431,420
432,384
433,112
434,12960
435,31
436,544
437,44
438,51/40
439,3000
440,1/4
441,608
442,410
443,175/2
444,64
445,765
446,3/5
447,0.45
448,20
449,1920
450,1036
451,68
452,-5220%
453,30
454,30
455,133
456,1080
457,60
458,76
459,390
460,24
461,2400
462,33
463,816
464,12
465,1710
466,420
467,246
468,21
469,35
470,12
471,16
472,700
473,251.2
474,6
475,21
476,534
477,10
478,1152
479,231
480,320
481,533
482,1/20
483,192
484,30
485,280
486,132
487,288
488,15
489,1204
490,5
491,96
492,260
493,44.72
494,440
495,2097.2
496,17280
497,1440
498,80
499,1344
500,277
501,1550
502,800
503,750
504,885
505,639
506,30
507,3500
508,94.2
509,66
510,1600
511,14
512,17/40
513,7/2
514,120
515,58
516,793
517,0.25
518,1/2
519,220
520,45
521,8
522,355
523,1800
524,3/8
525,200
526,340
527,510/7
528,4
529,62.8
530,120
531,27/4
532,150
533,52.65
534,24
535,45000
536,144
537,22
538,7
539,86.4
540,270
541,100
542,216
543,600
544,6
545,120
546,1
547,84
548,10
549,60
550,1730
551,56.52
552,48
553,-2.25
554,685/2
555,750
556,11
557,63
558,15.7
559,18.7492
560,0.56667
561,6
562,288/19
563,125
564,59
565,150
566,-588
567,147
568,560
569,2500
570,0
571,16.8
572,10700
573,24
574,56500
575,27.21
576,3
577,2
578,100
579,240
580,1600
581,-405
582,182.9
583,900
584,2
585,12
586,53
587,37
588,39
589,28800
590,64
591,16
592,84/5
593,0.2
594,-28/5
595,15.7
596,0.9
597,940
598,192
599,-19999
600,980
601,12.5
602,3
603,400/9
604,60
605,2/5
606,50000
607,-15/4
608,4
609,378
610,900
611,12
612,693
613,2.7
614,9.6
615,936000
616,67.55
617,125
618,47.1
619,30/41
620,89.4
621,50
622,251.2
623,114
624,-196
625,15
626,2200/9
627,0.00018
628,421
629,27
630,60
631,314
632,3
633,2000
634,404
635,5%
636,93.8%
637,57.1%
638,99%
639,60
640,2.75862
641,240
642,500/9
643,88
644,-675
645,44
646,1.2
647,14
648,215
649,-50
650,340
651,120
652,9
653,25
654,98%
655,49
656,80
657,98%
658,0.00096
659,95%
660,103
661,360000
662,1000
663,57.1%
664,96
665,1094.5
666,50
667,250
668,5
669,1130.4
670,40
671,490
672,30
673,120
674,0
675,92%
676,8
677,193
678,98%
679,96%
680,501/50
681,23/50
682,120
683,450
684,-21
685,42
686,3000
687,60
688,36
689,51/2
690,320
691,960
692,81
693,90
694,30
695,1296
696,16
697,16
698,31/40
699,60
700,75
701,24
702,5
703,4800
704,8.33333
705,-11
706,94%
707,5/8
708,20
709,-23
710,2.56
711,28.5
712,24000
713,0.3
714,10%
715,100
716,240
717,19200
718,12
719,-6
720,150
721,62.8
722,135
723,3520
724,24
725,425
726,42.5
727,117
728,1
729,160
730,360
731,30
732,72
733,100
734,155
735,0.135
736,166.4
737,20
738,70
739,160
740,95%
741,150
742,3/4
743,5
744,2000/3
745,2560/3
746,4
747,19.06667
748,3
749,399
750,-12
751,-3532
752,280
753,12
754,1.39286
755,250
756,34/5
757,64
758,1
759,
760,2430.16667
761,45/2
762,3.14
763,188.4
764,252
765,
766,2.1944
767,2.16
768,32000/7
769,33
770,851
771,30
772,187
773,62
774,200
775,336
776,180
777,40
778,420
779,4
780,5
781,8000
782,24000
783,50
784,117
785,156
786,25.12
787,14/3
788,75
789,192
790,100%
791,216
792,1225/3
793,15
794,72.09
795,244
796,-20
797,40
798,4/9
799,40
800,28.6
801,100
802,48
803,48
804,114
805,40.26667
806,1250
807,104
808,16
809,1872
810,-30
811,60
812,20
813,785
814,25
815,4000
816,2000
817,59
818,8
819,90
820,174
821,840
822,88
823,120
824,50.24
825,1050
826,1462
827,10
828,1.2
829,42
830,290
831,160
832,512/5
833,-6
834,64
835,880
836,40
837,256
838,-4
839,5
840,-6
841,15/2
842,8
843,85/2
844,546
845,43
846,-1
847,42
848,109.2
849,3
850,760
851,3300
852,25
853,30
854,3/4
855,193/16
856,12
857,43
858,-102.66667
859,104
860,236
861,300
862,32
863,2/7
864,15000
865,18
866,54.5
867,1235
868,326.7
869,4/3
870,16.5
871,252
872,9
873,62
874,48
875,17
876,10500
877,14.3%
878,4.396
879,7850%
880,64
881,
882,40/3
883,31.5
884,30
885,11
886,636
887,31400
888,39
889,92
890,18
891,306
892,19.84
893,37.5
894,60
895,9
896,285
897,10
898,4800
899,24
900,4000
901,207000
902,16/3
903,5775
904,44
905,50
906,0
907,420
908,26
909,6.28
910,15
911,52.8
912,600
913,51
914,-11.45
915,385
916,628
917,78.5
918,188.4
919,5.4
920,200
921,1.5
922,6
923,96%
924,2
925,192
926,96%
927,5120/3
928,2
929,50
930,4375/2
931,35000/11
932,48
933,37.68
934,7.15
935,890
936,90
937,-240
938,6.66
939,-4
940,52
941,19
942,210
943,24
944,19
945,5/12
946,-66
947,6
948,90
949,48
950,0.6
951,73
952,10
953,27/4
954,594
955,122
956,16
957,1200
958,7600
959,13/10
960,6
961,7
962,640
963,31050
964,16
965,115/4
966,25
967,19
968,10
969,1/8
970,152.4
971,60
972,3392
973,157
974,41
975,9
976,70
977,32
978,345.4
979,910
980,131.5
981,13200
982,0.06
983,60
984,44.8%
985,74
986,-0.19231
987,10
988,7
989,350
990,64/3
991,-8279
992,581
993,700
994,700.0%
995,14960
996,100/101
997,90
998,72
999,1/5
1000,19.7192
1001,2520
1002,89
1003,45
1004,6
1005,10%
1006,1500
1007,31
1008,48
1009,1/4
1010,1/4
1011,163
1012,625/2
1013,96%
1014,46
1015,160
1016,15
1017,24
1018,78
1019,-1/288
1020,9
1021,40%
1022,41.7%
1023,251.2
1024,200
1025,44080
1026,16000
1027,0
1028,214
1029,88
1030,20
1031,21.56
1032,6
1033,6
1034,224/13
1035,270
1036,0.108
1037,30
1038,160
1039,280/19
1040,4
1041,90000
1042,9
1043,31.4
1044,32.54
1045,441
1046,9/4
1047,81/4
1048,529/24
1049,412.5
1050,15
1051,12800
1052,240
1053,40
1054,
1055,25/4
1056,128
1057,216
1058,-3/8
1059,0.512
1060,594
1061,10.6
1062,-0.23
1063,3
1064,60
1065,20
1066,-68
1067,12
1068,90
1069,45
1070,55
1071,15
1072,114
1073,142
1074,1/25
1075,4138
1076,7
1077,272
1078,15
1079,40
1080,70
1081,105
1082,350/3
1083,20
1084,0.65
1085,7.2
1086,9/20
1087,480
1088,36
1089,0.0009
1090,110
1091,45
1092,4875
1093,2048
1094,356/9
1095,18
1096,1440
1097,3/8
1098,68
1099,120
1100,1/7
1101,16
1102,492
1103,30
1104,285
1105,2/5
1106,105.7
1107,12
1108,9
1109,67
1110,27
1111,3
1112,45.12
1113,33.3%
1114,4000
1115,68
1116,0.006
1117,380
1118,4.8
1119,3
1120,15
1121,30
1122,18
1123,10
1124,66
1125,1377
1126,4
1127,0.78
1128,2
1129,200/3
1130,-0.116
1131,27
1132,94.2
1133,240
1134,128
1135,30
1136,24.04
1137,575
1138,480
1139,200
1140,18000
1141,75
1142,6
1143,180
1144,15
1145,4
1146,4500/7
1147,518
1148,24
1149,19.3
1150,232
1151,100
1152,1/2
1153,770
1154,12
1155,75
1156,-7
1157,15
1158,1154
1159,2
1160,126
1161,-8
1162,180
1163,45
1164,8965
1165,20/3
1166,12
1167,-25
1168,240
1169,15
1170,-11.1%
1171,576
1172,120
1173,30
1174,150
1175,50.5%
1176,72
1177,60
1178,60000
1179,64
1180,0
1181,450000
1182,72
1183,222
1184,437
1185,120
1186,-1/2
1187,201
1188,20000/1999
1189,2199/199
1190,120
1191,180
1192,0.27
1193,60000
1194,972
1195,-90%
1196,4500
1197,25
1198,396
1199,50.24
1200,486
1201,0
1202,19
1203,15%
1204,449
1205,-0.09492
1206,18
1207,60
1208,-4
1209,3
1210,33750
1211,33
1212,8
1213,46.7%
1214,300
1215,80
1216,90
1217,54/5
1218,-126
1219,750
1220,73.3%
1221,-18000/133
1222,3
1223,190.8
1224,48
1225,100/3
1226,94.2
1227,400
1228,49
1229,150
1230,16/5
1231,16/5
1232,54
1233,64
1234,120
1235,1413
1236,5929/2
1237,170
1238,59
1239,26
1240,0%
1241,8
1242,5/2
1243,-39
1244,1866
1245,4200
1246,85
1247,53
1248,56
1249,180
1250,63
1251,45
1252,35
1253,14
1254,36
1255,8
1256,30
1257,38
1258,24
1259,16
1260,53
1261,22
1262,4
1263,37
1264,6
1265,45
1266,6
1267,-13
1268,23
1269,18
1270,55
1271,53
1272,146
1273,26
1274,81
1275,12
1276,162
1277,8
1278,84
1279,30
1280,81
1281,51
1282,84
1283,36
1284,84
1285,56
1286,45
1287,35
1288,27
1289,48
1290,9
1291,26
1292,44
1293,10
1294,40
1295,8
1296,100
1297,3000
1298,8
1299,96
1300,6
1301,20
1302,6
1303,5
1304,6
1305,6
1306,4
1307,0
1308,300
1309,34
1310,392
1311,48/7
1312,4
1313,32
1314,4
1315,9
1316,13
1317,287
1318,-8
1319,6
1320,9
1321,144
1322,80
1323,31
1324,28
1325,48
1326,17
1327,-11/3
1328,20
1329,6
1330,42
1331,6
1332,68
1333,7
1334,4
1335,25
1336,54
1337,64
1338,30
1339,5
1340,73
1341,24
1342,6
1343,7
1344,24
1345,84
1346,31
1347,15
1348,6
1349,17
1350,23
1351,16
1352,19
1353,28
1354,9
1355,540
1356,98
1357,37.68
1358,160
1359,700
1360,2304
1361,2100
1362,6
1363,7/2
1364,2.999
1365,5/9
1366,-37
1367,-17
1368,4019.2
1369,0
1370,16
1371,8100
1372,450
1373,12
1374,30
1375,18/35
1376,500
1377,732
1378,20000
1379,720
1380,2.7
1381,314
1382,18750
1383,17/3
1384,440
1385,23.0625
1386,28
1387,2
1388,150
1389,8.71667
1390,21
1391,30
1392,48000
1393,51300003/2
1394,0
1395,15
1396,240
1397,120
1398,95
1399,840
1400,6
1401,18
1402,640
1403,25
1404,4
1405,11
1406,1102
1407,98
1408,787
1409,125
1410,139
1411,4000
1412,128
1413,40
1414,96
1415,288
1416,120000
1417,3
1418,240
1419,31
1420,13/60
1421,30.6
1422,33.45
1423,3.6
1424,0.008
1425,9
1426,9
1427,4
1428,504
1429,90
1430,22.5
1431,28
1432,48
1433,336
1434,2.4
1435,44.3
1436,190
1437,271.32
1438,25.5
1439,72000
1440,64
1441,11
1442,110
1443,1080
1444,54
1445,120/7
1446,13950
1447,266
1448,-0.075
1449,4
1450,44
1451,48.6
1452,216
1453,307
1454,360/7
1455,40
1456,320
1457,31
1458,58
1459,9
1460,3612
1461,3920
1462,86.66667
1463,172
1464,10
1465,290
1466,55
1467,320
1468,85
1469,0.78571
1470,137
1471,144
1472,64
1473,45
1474,26
1475,8
1476,50
1477,9000
1478,1620
1479,96
1480,0.6
1481,8448
1482,15
1483,3
1484,119
1485,4
1486,76/225
1487,33
1488,8
1489,56
1490,255
1491,17
1492,0
1493,2125
1494,32
1495,0
1496,72
1497,4
1498,15.8
1499,2370
1500,109.2
1501,18/5
1502,149
1503,4
1504,371
1505,28
1506,40
1507,160
1508,18.4
1509,180
1510,945
1511,50
1512,3100
1513,180
1514,70
1515,520
1516,24
1517,1.55
1518,32455
1519,6
1520,90
1521,44
1522,300
1523,82
1524,781
1525,360
1526,280
1527,15
1528,128/5
1529,780
1530,995
1531,156
1532,25
1533,1.96429
1534,4800
1535,1/2
1536,5/2
1537,30
1538,1/21
1539,160
1540,128
1541,50.24
1542,143
1543,90
1544,12
1545,400
1546,650
1547,20
1548,1/4
1549,9
1550,39/100
1551,56
1552,3050
1553,50
1554,32
1555,753.6
1556,22.608
1557,28.26
1558,400
1559,200
1560,-4000
1561,102
1562,10
1563,60
1564,840
1565,10
1566,960
1567,8.4
1568,4800
1569,9999/10
1570,1385
1571,20
1572,31.4
1573,15/2
1574,12
1575,30
1576,9420
1577,39991.95
1578,210
1579,306
1580,12.5
1581,4
1582,125
1583,250
1584,126
1585,4900/3
1586,135
1587,25/4
1588,82
1589,6
1590,73
1591,8/7
1592,72
1593,175
1594,50
1595,2520
1596,5.2
1597,-22.2%
1598,64
1599,37
1600,240
1601,1600/33
1602,20
1603,800
1604,30
1605,-350/3
1606,1512
1607,1
1608,44
1609,25.12
1610,502.4
1611,7.536
1612,8500/11
1613,139.52
1614,37.68
1615,52
1616,897
1617,14
1618,150
1619,384
1620,45
1621,35
1622,60.48
1623,120
1624,40
1625,374.46
1626,64
1627,25
1628,1/4
1629,100/23
1630,1600
1631,7
1632,15
1633,-2
1634,8.5
1635,20
1636,1001
1637,54
1638,8
1639,125
1640,24
1641,17.16
1642,384
1643,810
1644,12.32
1645,50
1646,6.28
1647,0.0125
1648,12/5
1649,648/7
1650,1770
1651,50
1652,175/3
1653,7.536
1654,7.2%
1655,628
1656,0
1657,1200
1658,297/5
1659,8040
1660,1995
1661,4
1662,1/12
1663,20
1664,3.2
1665,-1
1666,13/9
1667,770
1668,625
1669,54.5
1670,1/2
1671,9450
1672,
1673,8
1674,-9
1675,54
1676,1080/7
1677,5
1678,36
1679,49000
1680,244/9
1681,9600
1682,500
1683,1000
1684,18/5
1685,100
1686,150
1687,30
1688,1000
1689,150
1690,1120
1691,160
1692,120
1693,6
1694,50.24
1695,600
1696,10.4
1697,1
1698,150
1699,8
1700,63
1701,20
1702,3.43
1703,1
1704,2/15
1705,0.25
1706,8/9
1707,9
1708,40
1709,7
1710,1152
1711,34000
1712,66000
1713,2030/101
1714,640/7
1715,9
1716,17
1717,400
1718,15
1719,1120
1720,2/5
1721,64.8076
1722,5/3
1723,768
1724,1064.8368
1725,44
1726,400
1727,4
1728,16
1729,45
1730,12/5
1731,20
1732,110
1733,37.5
1734,64
1735,200
1736,105
1737,130
1738,1720
1739,0
1740,267
1741,120
1742,20
1743,1380
1744,216
1745,8
1746,80
1747,36
1748,128
1749,3/4
1750,-113
1751,6800
1752,7
1753,1.74
1754,25
1755,45
1756,-72/5
1757,50
1758,5
1759,1
1760,17
1761,192
1762,-32.13
1763,-22
1764,6000
1765,175
1766,51
1767,13
1768,36
1769,8
1770,2.25
1771,8
1772,
1773,2682
1774,64/5
1775,3200/693
1776,3200
1777,-149
1778,22960
1779,1030
1780,0
1781,9
1782,1175
1783,1800
1784,67
1785,16
1786,10
1787,48
1788,952
1789,160
1790,600
1791,250
1792,20
1793,11460
1794,38/7
1795,22
1796,5
1797,50
1798,24
1799,500
1800,40000
1801,11/4
1802,3360
1803,24/5
1804,900/7
1805,942
1806,7200
1807,64
1808,500/3
1809,9
1810,660
1811,8
1812,314
1813,9375
1814,14
1815,72
1816,50
1817,20
1818,102
1819,48
1820,7040
1821,27
1822,109
1823,10
1824,18522/5
1825,1355
1826,100
1827,5
1828,64
1829,3.14
1830,40
1831,9
1832,5
1833,5928
1834,272
1835,314
1836,2745
1837,4
1838,12
1839,8
1840,
1841,2500
1842,3
1843,4
1844,280
1845,100.48
1846,-1200
1847,702
1848,9
1849,3000
1850,818
1851,151.8
1852,35
1853,1035
1854,
1855,12
1856,4000
1857,350
1858,60
1859,44
1860,3/4
1861,52.0
1862,96
1863,12
1864,216
1865,-51/10
1866,1210
1867,5
1868,1008
1869,6720
1870,630
1871,30
1872,5400
1873,8000
1874,0.5
1875,11
1876,24
1877,6
1878,126
1879,46
1880,5
1881,7.35
1882,6
1883,3888
1884,17
1885,5
1886,20
1887,6
1888,960
1889,3
1890,25
1891,52%
1892,54
1893,3.14
1894,125
1895,96
1896,2/15
1897,3
1898,1
1899,40
1900,9
1901,45/7
1902,3600
1903,4.2
1904,54
1905,
1906,420
1907,888
1908,27
1909,15.75
1910,9000
1911,1469
1912,5
1913,9
1914,0.148
1915,108
1916,108
1917,11
1918,16
1919,6
1920,600000
1921,104
1922,2
1923,5166
1924,547
1925,360
1926,120
1927,259.2
1928,9/4
1929,349.34217
1930,20
1931,5
1932,20
1933,
1934,28600
1935,3
1936,720
1937,54
1938,34
1939,40
1940,1600/3
1941,4000
1942,125.6
1943,100
1944,44.34
1945,2
1946,2445/2
1947,-70/69
1948,12
1949,1440/13
1950,25%
1951,-200
1952,5
1953,3.2
1954,2
1955,4900
1956,-1.82609
1957,217
1958,19.625
1959,91
1960,4/15
1961,0.04
1962,3740
1963,80000000
1964,38624
1965,4
1966,565
1967,280
1968,78.5
1969,76/3
1970,89
1971,4.1
1972,36
1973,2.27
1974,6
1975,42
1976,-45/4
1977,60
1978,75
1979,7
1980,1750
1981,320
1982,14.4
1983,25
1984,192
1985,108
1986,40
1987,65/6
1988,720
1989,2398
1990,213
1991,115/9
1992,0
1993,427.5
1994,22
1995,460.5
1996,452
1997,1
1998,3.5
1999,1.6
2000,100
2001,168
2002,5
2003,81
2004,32
2005,45
2006,260
2007,2360
2008,896
2009,621
2010,5000
2011,45
2012,2800
2013,0.05
2014,12
2015,-162/29
2016,625
2017,4
2018,5/2
2019,21600
2020,200/3
2021,576/5
2022,800/3
2023,400
2024,90
2025,12.2
2026,82
2027,15
2028,4
2029,0%
2030,20%
2031,175/39
2032,375
2033,56
2034,4320
2035,2300
2036,648
2037,360
2038,384
2039,3/2
2040,3/2
2041,113.04
2042,78.5
2043,1
2044,
2045,9
2046,960
2047,10
2048,0
2049,20
2050,566
2051,1159
2052,180
2053,374.4
2054,80
2055,301.44
2056,414
2057,50
2058,0.08
2059,4750
2060,10000/3
2061,42
2062,65/2
2063,121.68
2064,24
2065,150
2066,7500
2067,1
2068,0.785
2069,346
2070,56
2071,270
2072,3
2073,0.25263
2074,880
2075,16
2076,100
2077,4
2078,400
2079,2000
2080,-87.53
2081,22
2082,35
2083,48/5
2084,6250000
2085,5
2086,189
2087,54
2088,900/7
2089,1740
2090,112
2091,108
2092,10000/9
2093,900
2094,672
2095,715.92
2096,62.8
2097,144
2098,120/31
2099,28
2100,780
2101,775
2102,20
2103,50
2104,96
2105,650
2106,0
2107,50.24
2108,1560
2109,2472
2110,200
2111,4
2112,64
2113,51.9168
2114,28
2115,622
2116,-300/499
2117,2000
2118,125.6
2119,84
2120,15
2121,88
2122,56.52
2123,7.065
2124,2.6
2125,3.14
2126,830
2127,81
2128,268
2129,18
2130,24/5
2131,300
2132,13
2133,3720
2134,-6
2135,1318.8
2136,22
2137,65/9
2138,9
2139,12
2140,2.5
2141,4
2142,13
2143,55
2144,0.2
2145,9
2146,1296
2147,1200
2148,9/8
2149,80/17
2150,565.2
2151,195.936
2152,10
2153,125.6
2154,699
2155,-5/4
2156,3
2157,120
2158,27
2159,45.216
2160,711/4
2161,480
2162,732
2163,24
2164,111
2165,34
2166,11780
2167,200
2168,28.8
2169,6480
2170,75
2171,3
2172,-32.5%
2173,513
2174,6
2175,100%
2176,65%
2177,4/15
2178,-2
2179,40
2180,31400
2181,120
2182,710
2183,1.14286
2184,1710
2185,1040
2186,27
2187,441
2188,1456
2189,0.3
2190,2700/7
2191,36
2192,16
2193,56
2194,2
2195,3400
2196,24
2197,0.4
2198,40
2199,12
2200,1100
2201,344
2202,2520
2203,11400
2204,3
2205,4
2206,48
2207,2520
2208,16
2209,210
2210,496
2211,160
2212,725
2213,30000
2214,1.54
2215,-72/5
2216,29/3
2217,286
2218,10
2219,59/3
2220,10890
2221,1245
2222,495
2223,17
2224,4.90625
2225,36000
2226,4.8
2227,80
2228,12.64013
2229,3250
2230,75.36
2231,4
2232,15/16
2233,4.5
2234,1.07
2235,1.32
2236,18
2237,30
2238,36
2239,334
2240,3000
2241,2250
2242,-138
2243,5909
2244,45
2245,1.89
2246,14
2247,486
2248,4.5
2249,1920
2250,6.28
2251,80
2252,114
2253,18
2254,1440
2255,9
2256,300
2257,5750
2258,32
2259,131
2260,360
2261,84%
2262,78%
2263,12.45
2264,-60
2265,100
2266,232
2267,22.5
2268,51
2269,24
2270,1
2271,-25/54
2272,48.4
2273,11
2274,16
2275,729
2276,1053
2277,320
2278,100
2279,0.08
2280,51
2281,2940
2282,4200
2283,1190
2284,3600
2285,60
2286,-176
2287,-30
2288,3
2289,140
2290,100
2291,45
2292,45
2293,40
2294,336
2295,1981.38522
2296,72
2297,5
2298,0.02
2299,62.8
2300,24
2301,3
2302,300
2303,10
2304,1877.72
2305,4.71
2306,13
2307,3611/11
2308,14
2309,25/3
2310,8/3
2311,5
2312,80
2313,-3300/23
2314,5250
2315,6
2316,-936
2317,4200
2318,36
2319,120
2320,18
2321,360
2322,-264/5
2323,188
2324,75
2325,1000
2326,399
2327,280
2328,270
2329,200
2330,150
2331,-39
2332,5
2333,4200
2334,0.468
2335,200
2336,12
2337,5
2338,751
2339,2
2340,2
2341,1520
2342,7.2
2343,53
2344,1003/1008
2345,130/7
2346,52
2347,432
2348,48
2349,327
2350,1080
2351,1197/20
2352,-80
2353,48
2354,300
2355,400
2356,6
2357,66
2358,5.16667
2359,1243
2360,99.8%
2361,11
2362,448
2363,22
2364,476
2365,330
2366,40
2367,21.83389
2368,48
2369,4
2370,200
2371,240
2372,11.83152
2373,27
2374,23
2375,40
2376,15
2377,43
2378,44
2379,-0.89655
2380,60
2381,24
2382,20
2383,3231
2384,352
2385,222
2386,112
2387,930
2388,15
2389,3/4
2390,-360
2391,20
2392,210
2393,15
2394,27.8
2395,6
2396,83
2397,49
2398,1281
2399,55.6%
2400,2.4
2401,56/3
2402,1.996
2403,8
2404,70
2405,16
2406,36
2407,2.3
2408,11
2409,28.26
2410,4
2411,36
2412,5
2413,4
2414,3
2415,10500/37
2416,28.26
2417,700
2418,22
2419,20
2420,45
2421,600
2422,6
2423,7/4
2424,1.1
2425,252
2426,128/5
2427,8
2428,75
2429,7.2
2430,70
2431,100/3
2432,24/5
2433,25/8
2434,120
2435,120
2436,39.55
2437,716.8
2438,19
2439,40/3
2440,319/20
2441,351
2442,36
2443,336
2444,40
2445,4
2446,150
2447,4270
2448,7/2
2449,26160
2450,33/20
2451,30
2452,30
2453,198.4
2454,50
2455,4
2456,20%
2457,1408
2458,22
2459,20096
2460,30/7
2461,6
2462,-3
2463,2.5
2464,106.76
2465,15
2466,25.12
2467,6
2468,109/2
2469,1600
2470,16
2471,44
2472,3
2473,120
2474,300
2475,80
2476,25
2477,35
2478,25
2479,100
2480,-14
2481,252
2482,24
2483,8
2484,50.24
2485,600
2486,-21/10
2487,464
2488,-82
2489,8
2490,12
2491,10
2492,12
2493,18
2494,7
2495,98
2496,50
2497,8100
2498,2
2499,-104
2500,78
2501,0
2502,2000
2503,46.1
2504,65%
2505,-10
2506,40/9
2507,46/3
2508,64
2509,-239
2510,9
2511,39.25
2512,7630
2513,18.84
2514,0.15
2515,160/3
2516,5.5
2517,1.5072
2518,37.68
2519,3
2520,391/2
2521,5840
2522,42.04462
2523,4
2524,9/2
2525,52
2526,48
2527,720
2528,490
2529,66
2530,12
2531,192/35
2532,25
2533,120
2534,12
2535,4.71
2536,400
2537,216
2538,0.44
2539,72
2540,-60/11
2541,9
2542,9
2543,2
2544,300
2545,60
2546,1056
2547,200
2548,2200
2549,21
2550,4
2551,5
2552,200/19
2553,87.5%
2554,-19
2555,4.2732
2556,49/2
2557,200.96
2558,3
2559,240
2560,36%
2561,120
2562,9.2
2563,30
2564,7199/360
2565,12
2566,64
2567,6.28
2568,2
2569,720
2570,140
2571,7000
2572,46
2573,3
2574,80
2575,60
2576,16
2577,595
2578,28.26
2579,528
2580,172.5
2581,72
2582,12
2583,108
2584,2
2585,400
2586,
2587,7
2588,42
2589,12
2590,12.24
2591,57
2592,45
2593,220
2594,240
2595,200
2596,729
2597,159/20
2598,43.2
2599,80
2600,125
2601,1920
2602,675
2603,57.6
2604,16
2605,20.5098
2606,21
2607,400000000
2608,6.4
2609,120
2610,80/7
2611,38.465
2612,1364
2613,5625
2614,-430
2615,7540
2616,52.2
2617,1500
2618,600
2619,0
2620,96%
2621,1/5
2622,11/7
2623,4
2624,1
2625,50.24
2626,100.48
2627,36
2628,44%
2629,3040/21
2630,-78
2631,0.003
2632,4.8
2633,3
2634,1500
2635,100
2636,23/2
2637,2449.2
2638,20
2639,0
2640,9
2641,9
2642,110/7
2643,128000
2644,5
2645,128
2646,10
2647,1
2648,400
2649,0.75
2650,2
2651,20
2652,2
2653,300
2654,15
2655,2.4
2656,5/3
2657,1
2658,96
2659,-329.83
2660,75.36
2661,50/3
2662,2965/7
2663,46
2664,36
2665,1728
2666,1
2667,98%
2668,230
2669,368
2670,361
2671,1000
2672,350
2673,48
2674,15
2675,35
2676,24
2677,13
2678,168
2679,60
2680,75
2681,130
2682,10.07
2683,30
2684,10
2685,2800
2686,15%
2687,10
2688,272
2689,460/13
2690,275
2691,5440
2692,384
2693,246
2694,8.2
2695,64
2696,78.5
2697,530
2698,3
2699,24
2700,11
2701,14
2702,1200
2703,1000
2704,84
2705,200
2706,7
2707,6
2708,8
2709,3.7
2710,100
2711,13
2712,10.5
2713,720
2714,2
2715,370
2716,1507.2
2717,3000
2718,18
2719,5/2
2720,10850
2721,1512
2722,19200
2723,2223
2724,20400
2725,18
2726,75
2727,56
2728,2220
2729,10
2730,696/5
2731,21/10
2732,8
2733,0
2734,6
2735,-100
2736,9000
2737,1
2738,7.0251
2739,22
2740,0.75
2741,75/7
2742,
2743,833
2744,40
2745,15
2746,-76
2747,9
2748,300
2749,320
2750,31
2751,16
2752,1000
2753,4
2754,15
2755,160
2756,1.26
2757,200
2758,180
2759,28
2760,2
2761,50
2762,40
2763,432
2764,116
2765,20.8
2766,
2767,3
2768,989
2769,5/2
2770,0
2771,87920
2772,6
2773,30
2774,25
2775,18
2776,5
2777,504
2778,100
2779,250
2780,35/3
2781,220
2782,91/20
2783,8
2784,375
2785,8
2786,1460
2787,144
2788,-8
2789,13
2790,7
2791,0
2792,36
2793,192
2794,67
2795,100
2796,53.7
2797,
2798,0.05914
2799,6
2800,735/23
2801,432
2802,7
2803,100
2804,441
2805,246
2806,3
2807,15
2808,90
2809,225
2810,150.72
2811,1344
2812,1600/17
2813,4
2814,150.72
2815,0.25
2816,12
2817,4000
2818,700
2819,-120
2820,3.14
2821,130
2822,240
2823,49
2824,125/11
2825,70
2826,3520
2827,255/79
2828,250
2829,96
2830,5000/61
2831,17
2832,10
2833,30
2834,348
2835,24
2836,19
2837,340
2838,2400/11
2839,16.7%
2840,3/7
2841,-207
2842,30
2843,237/20
2844,340
2845,263.76
2846,15
2847,18
2848,94.2
2849,846
2850,81
2851,50.24
2852,6
2853,4000
2854,54/5
2855,9.1%
2856,10
2857,28
2858,2
2859,10
2860,5500
2861,308
2862,234
2863,44.1
2864,56
2865,16
2866,10
2867,180
2868,9.42
2869,1000
2870,280
2871,30000
2872,1188
2873,4
2874,100.48
2875,750
2876,10
2877,0.8%
2878,6370
2879,32
2880,7
2881,7200
2882,96%
2883,30
2884,80
2885,36/5
2886,10
2887,1256
2888,1380
2889,5024
2890,1610
2891,270
2892,12
2893,8
2894,320
2895,133.3%
2896,40
2897,321
2898,12310
2899,1375
2900,19
2901,527
2902,53/20
2903,108
2904,15
2905,132
2906,69
2907,60
2908,50.24
2909,180
2910,5
2911,98
2912,505
2913,0
2914,2
2915,160
2916,1
2917,3617.28
2918,55
2919,379
2920,200
2921,24
2922,16
2923,6600
2924,5/4
2925,0.4
2926,11685
2927,12/5
2928,606
2929,8
2930,132000
2931,50
2932,1185/4
2933,61/10
2934,102
2935,5.024
2936,61/10
2937,78.5
2938,5
2939,0.001
2940,2250
2941,326
2942,1256
2943,96
2944,12
2945,4800
2946,3000
2947,200
2948,415
2949,442
2950,36
2951,3.267
2952,48
2953,735
2954,4500/7
2955,16875
2956,48
2957,18
2958,36
2959,10
2960,4
2961,72
2962,41
2963,100
2964,50.24
2965,44/7
2966,10
2967,81
2968,0
2969,-14
2970,24
2971,18.51875
2972,60
2973,36/5
2974,6
2975,12
2976,0.2439
2977,125.6
2978,180
2979,25
2980,303/7
2981,5.4%
2982,220/7
2983,1600
2984,400
2985,295
2986,4.224
2987,88
2988,111
2989,18
2990,34.68
2991,-9.84
2992,113.04
2993,12.66857
2994,300
2995,16
2996,100
2997,115
2998,18
2999,35
3000,-200/3
3001,137
3002,88
3003,188.4
3004,0.45
3005,10/3
3006,27
3007,19
3008,126
3009,67.824
3010,78.5
3011,3.6
3012,10.048
3013,1271
3014,6.28
3015,250/3
3016,9/2
3017,600
3018,100
3019,360
3020,40
3021,200/7
3022,-40
3023,1800
3024,15
3025,600
3026,44
3027,800
3028,600
3029,100
3030,90
3031,742
3032,54/5
3033,18
3034,8
3035,
3036,140
3037,5
3038,15%
3039,1800
3040,314
3041,1/2
3042,1
3043,72/5
3044,800/3
3045,15
3046,88
3047,1680
3048,8
3049,22
3050,3.4
3051,384
3052,20
3053,34
3054,19
3055,11
3056,400
3057,28
3058,148
3059,2688/5
3060,650
3061,1248
3062,100.48
3063,28.26
3064,-27
3065,260
3066,960
3067,60
3068,140
3069,-12413
3070,120
3071,7080
3072,0%
3073,124
3074,4.3
3075,2000
3076,25
3077,52752
3078,360
3079,113
3080,143
3081,112
3082,2512
3083,-0.16
3084,12
3085,108
3086,1050
3087,20
3088,6
3089,20
3090,98%
3091,160/3
3092,46
3093,180
3094,90.35
3095,113.26
3096,
3097,1.2
3098,314
3099,3
3100,2.36
3101,314
3102,98
3103,53
3104,9
3105,120
3106,45
3107,300
3108,530
3109,48
3110,4
3111,180
3112,192
3113,160
3114,2350
3115,1.7
3116,-2100
3117,240
3118,27
3119,45
3120,12.56
3121,174
3122,450
3123,24
3124,4
3125,160
3126,750
3127,112/125
3128,30
3129,
3130,5750
3131,27
3132,10
3133,9.9
3134,1000
3135,5
3136,1538.0976
3137,21
3138,640
3139,-7
3140,97.5%
3141,12000
3142,-15
3143,50
3144,2000
3145,508
3146,4
3147,2250
3148,1.1
3149,40
3150,11
3151,12
3152,12
3153,635/2
3154,2.2
3155,1.2
3156,2.4
3157,3.32308
3158,121
3159,8
3160,128000
3161,70/9
3162,2000
3163,20%
3164,1.44
3165,64
3166,45
3167,20
3168,94
3169,8
3170,192
3171,40
3172,32
3173,15
3174,151/2
3175,140
3176,1791
3177,41
3178,624
3179,48
3180,2700
3181,36.3
3182,5.6
3183,0.7
3184,720
3185,180
3186,5.5
3187,-121
3188,807
3189,15
3190,72
3191,850
3192,460
3193,60
3194,720
3195,30
3196,52
3197,6400
3198,1800
3199,465
3200,70
3201,96
3202,3600
3203,4800
3204,305
3205,120
3206,1050
3207,94
3208,188/279
3209,85
3210,120
3211,120
3212,72
3213,8
3214,9
3215,75
3216,600
3217,800
3218,24
3219,130
3220,11
3221,4
3222,15
3223,420
3224,360
3225,175
3226,160
3227,9
3228,30
3229,8
3230,2520
3231,384
3232,360
3233,185/3
3234,680
3235,2880
3236,864
3237,3250
3238,175
3239,85
3240,126
3241,9900
3242,1158
3243,1160
3244,1600
3245,50
3246,1820
3247,372
3248,1880
3249,2100
3250,280
3251,78
3252,300
3253,1200
3254,30
3255,6
3256,25
3257,3
3258,8
3259,4
3260,1692
3261,8
3262,200
3263,24
3264,285/4
3265,7
3266,320
3267,1980
3268,35
3269,186
3270,225
3271,24
3272,27
3273,8
3274,75
3275,336
3276,180
3277,35
3278,305
3279,625
3280,784
3281,5124
3282,6
3283,130
3284,1208
3285,1/5
3286,11
3287,9
3288,53
3289,5400
3290,250
3291,232
3292,8640
3293,9
3294,45
3295,29
3296,86
3297,200
3298,1000
3299,105
3300,4433/20
3301,27
3302,228
3303,109
3304,99
3305,11
3306,447
3307,477
3308,103
3309,39
3310,112
3311,660
3312,84
3313,9
3314,31
3315,7
3316,63
3317,315
3318,362
3319,8
3320,220
3321,54
3322,605
3323,21
3324,7680
3325,60
3326,200
3327,8250
3328,1425
3329,32
3330,80
3331,90
3332,250
3333,726
3334,525
3335,90
3336,203
3337,31
3338,448
3339,576
3340,200
3341,720
3342,95
3343,4
3344,569
3345,5
3346,100
3347,15
3348,1800
3349,180
3350,32
3351,13
3352,13
3353,48
3354,39
3355,2600
3356,784
3357,130
3358,60
3359,26
3360,550
3361,2600
3362,204
3363,504
3364,35
3365,298
3366,37
3367,300
3368,119
3369,10
3370,13500
3371,245
3372,1052
3373,1320
3374,658
3375,3600
3376,169
3377,910
3378,300
3379,256
3380,27
3381,835
3382,105
3383,-116
3384,178
3385,84
3386,239
3387,15
3388,24
3389,25
3390,98
3391,432
3392,960
3393,60
3394,40
3395,130
3396,24
3397,25
3398,-60
3399,100
3400,845
3401,85
3402,5
3403,52
3404,-30
3405,46
3406,214
3407,200
3408,70
3409,40
3410,500
3411,6
3412,96
3413,4185
3414,9734
3415,252
3416,1
3417,300/61
3418,16
3419,990
3420,52
3421,111
3422,552
3423,8010
3424,1764
3425,7
3426,6240
3427,432
3428,1
3429,25
3430,3
3431,38
3432,1907
3433,-6
3434,131
3435,8.2
3436,120
3437,39/2
3438,92
3439,87
3440,0.72
3441,180
3442,4
3443,-5
3444,2015
3445,279
3446,700
3447,0
3448,120
3449,96
3450,1400
3451,172
3452,5200
3453,19/2
3454,558
3455,98
3456,110/7
3457,
3458,-80
3459,8
3460,33
3461,4
3462,15
3463,336
3464,48
3465,10
3466,690
3467,180
3468,57.9
3469,430
3470,21.6
3471,15
3472,1
3473,1000
3474,13
3475,6
3476,90
3477,25
3478,0
3479,600
3480,360
3481,4.57143
3482,100/3
3483,157.5
3484,800
3485,16
3486,30
3487,16
3488,288
3489,150
3490,20
3491,192
3492,32/3
3493,126/5
3494,100
3495,30
3496,-32
3497,648/125
3498,2
3499,60
3500,6
3501,16
3502,100
3503,800
3504,400000000
3505,3120
3506,24
3507,10
3508,275
3509,12800
3510,300
3511,420
3512,200
3513,3750
3514,-56.25
3515,5760
3516,352
3517,12
3518,12
3519,3500
3520,192
3521,8
3522,24
3523,5
3524,144
3525,1500
3526,150
3527,228
3528,9/2
3529,114
3530,40
3531,-55/14
3532,2.3
3533,12160
3534,1/5
3535,200
3536,156
3537,6
3538,192
3539,252
3540,50
3541,2400
3542,12180
3543,2600
3544,6
3545,5
3546,-108
3547,1494
3548,588
3549,2000
3550,140
3551,75
3552,15
3553,5050
3554,205
3555,720
3556,316
3557,2957/5
3558,250000
3559,419
3560,428
3561,3120
3562,840
3563,8
3564,380
3565,175
3566,32
3567,123.05556
3568,1488
3569,2000
3570,12
3571,6
3572,-3
3573,35
3574,42
3575,8800
3576,9
3577,21
3578,24
3579,100/3
3580,3960
3581,80
3582,74
3583,30
3584,675/2
3585,124/3
3586,80/9
3587,2604
3588,6480
3589,5475
3590,1200
3591,74
3592,36.17333
3593,38
3594,145
3595,16000
3596,175
3597,6
3598,23
3599,77/3
3600,194
3601,1400
3602,74
3603,50450
3604,1500
3605,640
3606,40
3607,78
3608,21
3609,30/13
3610,60/11
3611,20
3612,634.2
3613,80
3614,945
3615,8
3616,480
3617,151
3618,2560
3619,160
3620,48
3621,25
3622,450
3623,2
3624,5
3625,2490
3626,102
3627,160
3628,1080
3629,96
3630,1200
3631,920
3632,660
3633,13000
3634,1375
3635,125
3636,140
3637,519
3638,108
3639,300
3640,166
3641,6
3642,108
3643,29970
3644,21.45
3645,24
3646,6
3647,2450
3648,28
3649,690
3650,20
3651,3
3652,48
3653,250
3654,168
3655,54
3656,161
3657,1035
3658,70
3659,982
3660,30
3661,3600
3662,5
3663,51
3664,80/7
3665,566
3666,98
3667,45
3668,50
3669,588
3670,2916
3671,1440
3672,50
3673,100
3674,13.3
3675,640
3676,8795
3677,359/42
3678,-0.95
3679,5880
3680,10080
3681,880
3682,13/2
3683,1/6
3684,6.25
3685,272
3686,1536
3687,400
3688,1000
3689,384
3690,525
3691,9.57447
3692,1
3693,39
3694,1118
3695,504
3696,1
3697,100
3698,7500
3699,79/4
3700,1632
3701,390
3702,880
3703,4
3704,1350
3705,17/4
3706,4500
3707,168
3708,-16
3709,36
3710,6
3711,104
3712,18090
3713,20
3714,600
3715,570
3716,10000
3717,509
3718,12
3719,684
3720,65/4
3721,318
3722,655
3723,72
3724,158625
3725,7
3726,-16
3727,400
3728,16
3729,29
3730,1250
3731,84
3732,11200
3733,30
3734,534
3735,800
3736,107
3737,3800
3738,640
3739,14000
3740,429
3741,600
3742,728
3743,4710
3744,140
3745,450
3746,212
3747,46/5
3748,100
3749,30
3750,2536
3751,30
3752,200
3753,288
3754,1176
3755,1080
3756,13/3
3757,52
3758,3360
3759,5000
3760,252
3761,96
3762,204
3763,3
3764,0.42
3765,11
3766,4
3767,2210
3768,300
3769,8
3770,49
3771,2160
3772,108
3773,-200/89
3774,600
3775,20
3776,20000
3777,-40
3778,76475
3779,12
3780,552
3781,15
3782,2
3783,175
3784,20
3785,5
3786,26100
3787,85
3788,552
3789,569
3790,650
3791,3430
3792,126
3793,65
3794,188
3795,93.6
3796,24
3797,18
3798,102
3799,1638
3800,1100
3801,27
3802,7650
3803,3
3804,-599/200
3805,84
3806,1679
3807,4400
3808,54
3809,41
3810,180
3811,144
3812,60
3813,45
3814,900
3815,24
3816,667
3817,15
3818,45
3819,36
3820,10850
3821,40
3822,36
3823,20
3824,120
3825,910
3826,36
3827,205
3828,864
3829,1770
3830,8
3831,43.2
3832,112000
3833,88
3834,-10
3835,540
3836,768
3837,8
3838,45
3839,2970
3840,8100
3841,1232
3842,192
3843,2462
3844,6
3845,-45/8
3846,7
3847,576
3848,15
3849,5850
3850,90
3851,256
3852,35
3853,54
3854,2520
3855,175
3856,3456
3857,216
3858,455
3859,250
3860,960
3861,96
3862,140
3863,1440
3864,468
3865,3900
3866,1680
3867,375
3868,368
3869,5000
3870,4
3871,40
3872,28
3873,1120
3874,27
3875,5760
3876,54
3877,120
3878,716
3879,3000
3880,10.24
3881,22
3882,-120
3883,-311
3884,29
3885,4
3886,216
3887,80
3888,100
3889,1200
3890,144
3891,39
3892,1.46
3893,108
3894,-7
3895,24
3896,270
3897,2916
3898,11
3899,7
3900,105/2
3901,32
3902,40
3903,2800
3904,2
3905,3
3906,144
3907,168
3908,14.5
3909,3.6
3910,410
3911,0
3912,91
3913,480
3914,15438
3915,2820
3916,450
3917,20
3918,3360
3919,312
3920,140
3921,610
3922,2100
3923,9
3924,775
3925,10
3926,4
3927,720
3928,225
3929,2250
3930,56
3931,4.08
3932,-0.8
3933,2952/25
3934,95
3935,25
3936,1680
3937,27/10
3938,651
3939,9720
3940,396
3941,1247
3942,1
3943,768
3944,12
3945,48
3946,153
3947,19/6
3948,60
3949,645/53
3950,1035
3951,420
3952,296/3
3953,218.7
3954,462
3955,1600
3956,682
3957,1
3958,6
3959,6/5
3960,115
3961,81
3962,36
3963,375
3964,437
3965,78/5
3966,5760
3967,17/6
3968,384
3969,24
3970,1
3971,80
3972,45
3973,422
3974,60
3975,40
3976,-26
3977,0.07895
3978,127/3
3979,
3980,10
3981,25
3982,4
3983,14400
3984,-1
3985,2400
3986,51
3987,0.37736
3988,480
3989,1.6
3990,2100
3991,25/4
3992,-10625/33
3993,69
3994,6
3995,13
3996,90
3997,46
3998,600
3999,0
4000,51
4001,19
4002,1440
4003,2304
4004,2142
4005,672
4006,228/5
4007,31
4008,2330/19
4009,72
4010,-50
4011,2.048
4012,112
4013,75/4
4014,135
4015,-4.81818
4016,20
4017,94
4018,9.4
4019,18.4
4020,9
4021,1.5
4022,8
4023,230
4024,19
4025,-600
4026,3046
4027,648/5
4028,400
4029,1.51515
4030,40
4031,18
4032,80
4033,960
4034,17
4035,8
4036,264
4037,624
4038,1840
4039,-47.8
4040,35.2
4041,500
4042,50
4043,800
4044,12
4045,160
4046,2400
4047,1800
4048,88
4049,240
4050,72/5
4051,2/27
4052,150
4053,-17
4054,2400
4055,126
4056,12
4057,250
4058,234
4059,288
4060,240
4061,3080
4062,48
4063,645
4064,109/4
4065,405
4066,152
4067,3240
4068,20
4069,1008
4070,93
4071,1875
4072,1530
4073,110
4074,1400
4075,182
4076,30
4077,6
4078,13.25
4079,7
4080,8
4081,176
4082,965
4083,1712
4084,10
4085,600
4086,368/3
4087,1442
4088,19200
4089,11
4090,48
4091,930
4092,22
4093,20
4094,9600
4095,3342
4096,1
4097,3
4098,10.89
4099,2040
4100,60
4101,80
4102,800
4103,1200
4104,-69
4105,1600
4106,10
4107,576
4108,61
4109,29.7
4110,8
4111,6/5
4112,5
4113,31
4114,4060
4115,90
4116,8
4117,4
4118,12
4119,690
4120,24
4121,40
4122,44
4123,8
4124,11
4125,80
4126,300000
4127,1130
4128,98
4129,75
4130,1
4131,722
4132,1095
4133,2.4
4134,640000/43
4135,1.7
4136,456
4137,1/72
4138,8
4139,36/25
4140,50
4141,160/3
4142,11520
4143,279
4144,1112
4145,430
4146,38
4147,7
4148,32
4149,1163
4150,202
4151,30
4152,75
4153,504
4154,837
4155,26/5
4156,2100
4157,424
4158,336
4159,39
4160,1
4161,40
4162,314
4163,100
4164,870
4165,400
4166,109
4167,8000
4168,224
4169,1
4170,144
4171,4704
4172,4.53333
4173,660
4174,4
4175,400
4176,28
4177,314
4178,192
4179,-7
4180,80
4181,2000/167
4182,-8
4183,169
4184,2560/3
4185,5.7
4186,10
4187,324
4188,
4189,4
4190,18
4191,502.4
4192,100
4193,9
4194,55%
4195,6
4196,100
4197,96
4198,12560
4199,27
4200,1440
4201,270
4202,135%
4203,40
4204,3.14
4205,18750
4206,9
4207,611
4208,271/2
4209,20
4210,83
4211,64
4212,216
4213,15/2
4214,260
4215,30
4216,4
4217,10
4218,21
4219,1050
4220,0
4221,100
4222,21
4223,384
4224,80/3
4225,100.48
4226,-76
4227,180
4228,35
4229,188.4
4230,36
4231,504
4232,9.42
4233,12.5%
4234,1384.74
4235,56
4236,29
4237,48
4238,4
4239,40
4240,60
4241,30
4242,120
4243,850/3
4244,60
4245,2560
4246,700
4247,9
4248,440
4249,300
4250,20
4251,41
4252,900
4253,6.45
4254,360000000
4255,1.96
4256,16.8
4257,17
4258,1410
4259,
4260,18
4261,1644
4262,154
4263,738
4264,288
4265,2
4266,0.9
4267,56
4268,116
4269,12.85
4270,4
4271,46
4272,36
4273,151
4274,288
4275,540
4276,480
4277,140
4278,30
4279,5472
4280,306
4281,53.38
4282,4/3
4283,50
4284,27
4285,900
4286,33
4287,2700
4288,90
4289,495360
4290,160
4291,9/160
4292,11
4293,5855
4294,115
4295,144
4296,64
4297,-413
4298,273
4299,40
4300,7
4301,60
4302,1440
4303,1
4304,240
4305,-200
4306,66
4307,20
4308,-80
4309,2
4310,32.5
4311,1100/3
4312,30
4313,-72
4314,20%
4315,10%
4316,2646
4317,3
4318,190
4319,18
4320,187
4321,4
4322,0
4323,0
4324,18
4325,2.09333
4326,319.052
4327,0.33333
4328,60
4329,2.96
4330,160
4331,2606
4332,14.84
4333,288
4334,342
4335,1000
4336,75/2
4337,442/5
4338,32
4339,64
4340,8%
4341,400
4342,2160
4343,1500
4344,16
4345,3.252
4346,40%
4347,5.9
4348,0%
4349,28/5
4350,-7/10
4351,3075/4
4352,6
4353,4
4354,13/5
4355,10/13
4356,10
4357,-142
4358,1.82
4359,18
4360,250
4361,384/5
4362,0
4363,12
4364,1125/2
4365,8/3
4366,558
4367,83/45
4368,675/14
4369,18/29
4370,84
4371,2740
4372,348
4373,
4374,22
4375,3/5
4376,
4377,238
4378,50
4379,18
4380,18.84
4381,100
4382,10
4383,45
4384,306
4385,120
4386,1050
4387,1.66667
4388,56
4389,1
4390,2000
4391,1120
4392,19.6
4393,3
4394,18
4395,6400
4396,400
4397,120000
4398,20/3
4399,7
4400,25
4401,-440
4402,384
4403,25
4404,72
4405,53
4406,53
4407,21007
4408,12
4409,5
4410,52
4411,2449
4412,1.44
4413,2157
4414,1236
4415,40
4416,-10
4417,80
4418,1000
4419,270
4420,8.52
4421,75
4422,38/3
4423,503/3
4424,1.5700000000000002e+40
4425,60
4426,27
4427,13.5
4428,150.72
4429,12.56
4430,28.26
4431,20
4432,2/3
4433,160
4434,4
4435,50/3
4436,19.625
4437,20/11
4438,14.13
4439,28.26
4440,10
4441,2000
4442,100%
4443,9.42
4444,2465/3
4445,15/2
4446,7
4447,90
4448,1268.08654
4449,1224.6
4450,50.24
4451,4
4452,50.24
4453,2
4454,1440
4455,12
4456,315
4457,13
4458,5
4459,168/25
4460,216
4461,11304
4462,21600
4463,24.608
4464,28.26
4465,28.26
4466,50.24
4467,6.28
4468,160
4469,840
4470,12
4471,450
4472,254.34
4473,0.3
4474,459
4475,50.24
4476,8
4477,85/2
4478,240
4479,120
4480,6
4481,70
4482,678.24
4483,438
4484,240
4485,53
4486,256
4487,109.9
4488,5
4489,50.24
4490,78.5
4491,0.9
4492,125.6
4493,-2
4494,16800
4495,72
4496,100.48
4497,28
4498,314
4499,-55
4500,153/2
4501,170
4502,2
4503,360
4504,6.28
4505,70%
4506,50.24
4507,12.56
4508,1.57
4509,491.60494
4510,25
4511,27100/11
4512,24
4513,70
4514,-11
4515,32/5
4516,62.8
4517,1017.36
4518,65.94
4519,34
4520,2/9
4521,0.36
4522,5100
4523,0.64609
4524,8/625
4525,360
4526,391.872
4527,69
4528,1600
4529,1800
4530,3/5
4531,150
4532,5000
4533,6
4534,-100
4535,45714.28571
4536,90
4537,1296
4538,25547.0
4539,219.8
4540,2300
4541,9
4542,5024
4543,28.26
4544,19
4545,141.3
4546,480
4547,5
4548,-56
4549,602
4550,50.24
4551,5%
4552,50.24
4553,120
4554,3.2
4555,36
4556,160.14
4557,70.65
4558,-73
4559,30
4560,2
4561,21.98
4562,1.68
4563,30
4564,101/2
4565,3000
4566,1
4567,12.85
4568,314
4569,97.5%
4570,56.8
4571,43/3
4572,0.5
4573,188.4
4574,125.6
4575,4
4576,-22
4577,4019.2
4578,1004.8
4579,18.0864
4580,20/3
4581,18.84
4582,60
4583,361.728
4584,4/15
4585,10.28
4586,47.1
4587,157/250
4588,-400
4589,1400
4590,
4591,4
4592,96
4593,314
4594,-77/15
4595,6
4596,20/3
4597,20/3
4598,14
4599,11/9
4600,314
4601,125.6
4602,90
4603,-250/7
4604,50.24
4605,12.56
4606,900
4607,100.48
4608,330
4609,530
4610,50
4611,6.28
4612,78.5
4613,50.24
4614,19.5
4615,25.12
4616,0.15
4617,37.68
4618,240
4619,1962.5
4620,50.24
4621,44000%
4622,12
4623,280
4624,188.4
4625,600
4626,14
4627,28.26
4628,150
4629,1130
4630,14.8
4631,1
4632,1564/25
4633,12
4634,8
4635,19
4636,219/2
4637,44
4638,20
4639,28
4640,9
4641,1.57
4642,100.48
4643,113.04
4644,7570
4645,1084
4646,12.5
4647,16
4648,21
4649,198
4650,28.26
4651,3
4652,800
4653,56.5
4654,1000
4655,
4656,1960
4657,452.16
4658,16
4659,12
4660,94.985
4661,1530
4662,5275
4663,15.12739
4664,6
4665,126
4666,3
4667,3.14
4668,
4669,1962.5
4670,31
4671,253.2
4672,143
4673,180/7
4674,875/64
4675,3
4676,295788
4677,16%
4678,24.3
4679,703.36
4680,54
4681,33/56
4682,25%
4683,16
4684,314
4685,21.83803
4686,0
4687,225
4688,900
4689,13/25
4690,2.88
4691,5/8
4692,75
4693,301.44
4694,31.4
4695,50.24
4696,70
4697,0.0032
4698,24
4699,78.5
4700,314
4701,51
4702,0.157
4703,100/9
4704,100
4705,5
4706,47
4707,63
4708,469
4709,-63
4710,16.7%
4711,316
4712,5652
4713,112
4714,4069.44
4715,2.22
4716,25.12
4717,28.26
4718,720
4719,22.26
4720,8
4721,562
4722,894
4723,21/40
4724,9.42
4725,19
4726,27
4727,20
4728,314
4729,60
4730,207.00637
4731,20
4732,650
4733,36
4734,11200
4735,3.14
4736,200
4737,-519
4738,3/20
4739,1600
4740,25.12
4741,7.065
4742,0.0002
4743,31.4
4744,668
4745,7.85
4746,30
4747,42
4748,251.2
4749,502.4
4750,315
4751,60
4752,6.28
4753,361
4754,194400/13
4755,2000
4756,62.8
4757,40
4758,3000
4759,40000/3
4760,50.24
4761,-48/5
4762,6.84
4763,2
4764,59.6
4765,90
4766,1884
4767,125.6
4768,10
4769,100.48
4770,78.5
4771,28.26
4772,12.597
4773,1.62
4774,20.25
4775,80/3
4776,314
4777,23.55
4778,-1.1%
4779,36
4780,30
4781,37.68
4782,62.8
4783,
4784,2256
4785,78500
4786,600
4787,300
4788,280
4789,4.9298
4790,30
4791,2385
4792,23.55
4793,1256
4794,72
4795,50.24
4796,706.5
4797,113.04
4798,30
4799,56.52
4800,785
4801,1256
4802,222.94
4803,125.6
4804,125
4805,552.64
4806,6311
4807,942
4808,70.65
4809,321536
4810,113.04
4811,1884
4812,126
4813,
4814,0
4815,320
4816,66.6%
4817,31/40
4818,440
4819,-2076.22869
4820,24
4821,803.84
4822,12.56
4823,5/3
4824,40
4825,141
4826,0.04
4827,180
4828,0.00044
4829,144
4830,360
4831,2826
4832,352
4833,5
4834,78.5
4835,80
4836,44.8
4837,89.6
4838,314
4839,84.78
4840,10
4841,2
4842,21600
4843,-44.46667
4844,7500
4845,136
4846,16
4847,39
4848,696
4849,384
4850,16
4851,9
4852,90/23
4853,353
4854,8/5
4855,30
4856,144
4857,1100
4858,99/2
4859,1
4860,-5/3
4861,78.5
4862,15.77536
4863,6
4864,20/27
4865,12.56
4866,15
4867,5/4
4868,18
4869,85
4870,224
4871,40/9
4872,50
4873,150720
4874,1507
4875,125.6
4876,628
4877,125.6
4878,4800
4879,9600%
4880,37.68
4881,8
4882,60/7
4883,45
4884,864000
4885,5880
4886,24
4887,6
4888,59
4889,14
4890,6
4891,350/11
4892,40
4893,2200
4894,25
4895,12
4896,125/2
4897,5
4898,-36
4899,-15/2
4900,1152
4901,19/3
4902,12992/27
4903,1568
4904,50.24
4905,50.24
4906,96/5
4907,2
4908,38
4909,120
4910,2
4911,200.96
4912,17997
4913,3
4914,600
4915,4
4916,567/5
4917,12
4918,36
4919,5
4920,200
4921,15
4922,11.2
4923,3/2
4924,40/19
4925,108
4926,1000
4927,1530
4928,24
4929,7
4930,-25
4931,18
4932,5
4933,0.8
4934,31.5
4935,13/4
4936,38
4937,10/3
4938,14/17
4939,3/20
4940,0.36694
4941,7
4942,0.2
4943,60
4944,67.5
4945,-20
4946,5/3
4947,78.5
4948,6.3
4949,7.5
4950,19
4951,87
4952,2
4953,7
4954,1280
4955,1/5
4956,156
4957,196
4958,24
4959,50.24
4960,37.68
4961,240
4962,14%
4963,5/2
4964,2.4
4965,11
4966,83
4967,172
4968,-400
4969,62
4970,68
4971,45
4972,68
4973,43
4974,18
4975,63
4976,21
4977,18
4978,17
4979,-7
4980,56
4981,9
4982,84
4983,56
4984,24
4985,9
4986,16
4987,24
4988,27
4989,24
4990,35
4991,18
4992,4
4993,5
4994,6
4995,28
4996,1152
4997,24
4998,94
4999,10
5000,36
5001,27
5002,32
5003,60
5004,78
5005,125
5006,74
5007,23
5008,8
5009,-48
5010,61
5011,47
5012,8
5013,5
5014,7
5015,1
5016,6
5017,6
5018,26
5019,8
5020,8
5021,28
5022,47
5023,27
5024,9
5025,47
5026,81
5027,19
5028,28
5029,20
5030,20
5031,22
5032,44
5033,27
5034,17
5035,10
5036,-304
5037,11
5038,38
5039,78
5040,8
5041,217/15
5042,25
5043,31
5044,40
5045,19
5046,15
5047,4
5048,36
5049,18
5050,13
5051,3
5052,11
5053,25
5054,31
5055,91
5056,35
5057,90
5058,56
5059,26
5060,81
5061,4
5062,55
5063,55
5064,6
5065,18
5066,30
5067,89
5068,97
5069,80
5070,-2
5071,51
5072,88
5073,16
5074,24
5075,39
5076,26
5077,8
5078,42
5079,7
5080,81
5081,30
5082,155
5083,16
5084,-32
5085,56
5086,32
5087,24
5088,18
5089,33
5090,32
5091,16
5092,24
5093,23
5094,8
5095,6
5096,8
5097,16
5098,15
5099,18
5100,4
5101,18
5102,24
5103,15
5104,40
5105,18
5106,33
5107,7
5108,2/3
5109,20
5110,180
5111,21
5112,8
5113,27
5114,80
5115,23
5116,49825
5117,70
5118,703.36
5119,-7
5120,170/29
5121,1440
5122,1152
5123,6
5124,8800/3
5125,52
5126,8
5127,18
5128,700
5129,-120
5130,25
5131,1/374
5132,266
5133,12
5134,16
5135,30
5136,210
5137,26
5138,15
5139,94.2
5140,12.56
5141,2
5142,273/80
5143,1791
5144,12
5145,6
5146,40
5147,7500
5148,29491200
5149,55
5150,3696
5151,41
5152,-300/17
5153,377
5154,14.58
5155,3380
5156,314
5157,18
5158,1/10
5159,240
5160,40
5161,255
5162,480
5163,905
5164,1600
5165,4
5166,-24
5167,240/11
5168,72
5169,314
5170,215
5171,25.12
5172,1.008
5173,170
5174,30
5175,44
5176,120
5177,12
5178,0.20096
5179,450
5180,70
5181,632
5182,5000
5183,60
5184,50
5185,2
5186,1450
5187,1690
5188,49
5189,30
5190,99/2
5191,16
5192,12
5193,12
5194,-7/24
5195,36
5196,17
5197,22
5198,-15
5199,36.45
5200,959
5201,0.048
5202,27/4
5203,14
5204,27/2
5205,36.3
5206,12
5207,500
5208,15/4
5209,11.33333
5210,16
5211,24
5212,2190
5213,20
5214,45
5215,7.5
5216,162/23
5217,0.00424
5218,86
5219,49.298
5220,130
5221,7
5222,450
5223,80
5224,76800
5225,36
5226,125
5227,7
5228,60
5229,2000
5230,4.71
5231,12
5232,273/10
5233,60
5234,3360
5235,3600
5236,987.2
5237,3.14
5238,42
5239,144
5240,6.094
5241,2300
5242,600
5243,314
5244,48
5245,64
5246,45
5247,20
5248,94
5249,10
5250,8
5251,192
5252,160
5253,32
5254,15
5255,151/2
5256,5.6
5257,-109
5258,25
5259,45/2
5260,63
5261,814.61368
5262,560/3
5263,500
5264,0.7
5265,21
5266,23
5267,116.25
5268,3060
5269,14
5270,2
5271,24
5272,9
5273,35
5274,-600
5275,12/7
5276,100
5277,6400
5278,-106.7%
5279,3040
5280,5
5281,0.32
5282,72
5283,1248
5284,-200
5285,94.2
5286,25.12
5287,31.4
5288,12
5289,-30
5290,108
5291,120
5292,-1069.75
5293,901
5294,100
5295,384
5296,11
5297,9
5298,27/2
5299,900
5300,1008/5
5301,800
5302,36
5303,600/203
5304,0
5305,1320
5306,60
5307,92
5308,4000
5309,400
5310,231/2
5311,8.64
5312,6
5313,15
5314,129/5
5315,125.6
5316,357/4
5317,220
5318,160
5319,4960
5320,2900/9
5321,48
5322,48
5323,122.65625
5324,3.14
5325,160
5326,50
5327,15
5328,20
5329,28488.845
5330,600
5331,-2592
5332,625
5333,957
5334,36
5335,7200
5336,48
5337,5040/23
5338,51
5339,50
5340,141/1250
5341,1700
5342,45
5343,384
5344,75.36
5345,1774.728
5346,10
5347,108
5348,14
5349,250
5350,1920
5351,4400/3
5352,334
5353,2600
5354,210
5355,320
5356,96000
5357,480
5358,
5359,20
5360,15700
5361,24
5362,7
5363,40
5364,10
5365,10
5366,1.6
5367,1.875
5368,200.96
5369,4.5216
5370,516
5371,3
5372,10000
5373,122.72727
5374,52
5375,-500
5376,90
5377,6
5378,2673
5379,200
5380,90
5381,180
5382,200/3
5383,880
5384,90
5385,400/19
5386,14
5387,800
5388,3
5389,32
5390,82/7
5391,3
5392,100.8
5393,7
5394,3/4
5395,8/5
5396,200
5397,2888
5398,140
5399,70/3
5400,2275
5401,1500
5402,12
5403,-17/300
5404,15
5405,0.03
5406,60
5407,400
5408,21
5409,12
5410,30
5411,80
5412,12
5413,89
5414,62.8
5415,29160
5416,30
5417,1176
5418,480
5419,4800
5420,4800
5421,5/2
5422,10
5423,45
5424,2.56
5425,15/4
5426,18750
5427,1
5428,60
5429,900
5430,48
5431,50
5432,1600
5433,435/2
5434,20
5435,2000
5436,-27
5437,108000
5438,264
5439,20
5440,8/3
5441,6
5442,24
5443,48
5444,64
5445,20
5446,38
5447,2.9
5448,2.7
5449,0.5
5450,0.5
5451,20
5452,180
5453,1200
5454,64
5455,24
5456,2/25
5457,3500
5458,314
5459,125
5460,60/11
5461,3.14
5462,30
5463,1035
5464,5
5465,40
5466,500
5467,2
5468,1.7
5469,-7.4
5470,300
5471,80
5472,1800
5473,180
5474,1360/11
5475,87
5476,180
5477,120
5478,150
5479,18000
5480,4800
5481,8
5482,16.66667
5483,0.45
5484,-2.1
5485,5800
5486,23680
5487,150
5488,90
5489,60
5490,35
5491,48
5492,44
5493,53
5494,853.8%
5495,42
5496,20
5497,2
5498,775
5499,3750
5500,7.09032
5501,92
5502,9
5503,3720
5504,880
5505,525/4
5506,-3
5507,1650
5508,305
5509,100
5510,9
5511,2240
5512,32
5513,12
5514,190
5515,5/4
5516,882
5517,19200
5518,490/11
5519,810
5520,32
5521,288
5522,42
5523,2080
5524,45
5525,4
5526,420
5527,110
5528,27.4
5529,1193
5530,52
5531,820
5532,5337.5
5533,48
5534,5
5535,28.97
5536,5400
5537,855/4
5538,1.3
5539,120
5540,150
5541,90
5542,63
5543,428
5544,4
5545,36
5546,35.2
5547,73
5548,20
5549,120
5550,1800
5551,384
5552,72/7
5553,5/2
5554,20000/9
5555,6600
5556,96
5557,205
5558,5/24
5559,300/11
5560,2.4
5561,300
5562,13200
5563,760
5564,12
5565,30
5566,4.5
5567,45
5568,4/5
5569,86
5570,-30
5571,17499/50
5572,221
5573,92840
5574,166.66667
5575,14
5576,35
5577,49.12624
5578,7.75
5579,140
5580,40.8
5581,32
5582,24.4
5583,1183/16
5584,120
5585,24
5586,39
5587,1470
5588,360
5589,4
5590,3
5591,2250
5592,195
5593,1080
5594,250
5595,12
5596,442.5
5597,1407/17
5598,75
5599,5400
5600,480
5601,800
5602,2160
5603,165
5604,320
5605,185/2
5606,-4240
5607,7
5608,120
5609,4000
5610,35.91
5611,19
5612,21000
5613,4171800
5614,-72
5615,376.8
5616,7.065
5617,2700
5618,
5619,0.6
5620,18
5621,12560
5622,62.8
5623,2
5624,12
5625,-77.5
5626,50400
5627,280
5628,1200
5629,240
5630,250
5631,1153
5632,44
5633,8100
5634,200/21
5635,94.2
5636,15
5637,157/50
5638,216
5639,2
5640,123/25
5641,101.2
5642,46656
5643,200
5644,10
5645,96
5646,37/9
5647,28.26
5648,105
5649,120
5650,120
5651,28.26
5652,625
5653,375
5654,20/13
5655,105
5656,2500
5657,3
5658,-28/3
5659,-50/3
5660,240
5661,20
5662,80
5663,5/8
5664,2.4
5665,128
5666,30
5667,1400
5668,30
5669,3
5670,500
5671,2.42
5672,3000
5673,60
5674,7997/5
5675,157
5676,326.25
5677,26
5678,20
5679,1500
5680,500
5681,252.75
5682,1971.92
5683,0.04
5684,600
5685,56.52
5686,100
5687,698
5688,195.936
5689,2250
5690,25
5691,2000
5692,25
5693,72
5694,1
5695,250
5696,1575
5697,1600
5698,24
5699,84
5700,50.24
5701,20
5702,40
5703,120
5704,385/2
5705,80
5706,110.25
5707,-57
5708,229.9
5709,13900
5710,1107
5711,23
5712,960
5713,800
5714,1.1
5715,109.9
5716,113
5717,4
5718,192
5719,34
5720,945
5721,18.84
5722,20
5723,5
5724,945
5725,105
5726,11.7
5727,74
5728,3600
5729,16
5730,18
5731,1400
5732,992
5733,15.2
5734,5702
5735,3
5736,0
5737,400
5738,3430
5739,45
5740,12
5741,36000
5742,0
5743,60
5744,1545/4
5745,-359
5746,192000
5747,17
5748,2000
5749,113.04
5750,702
5751,1068
5752,143.2
5753,285
5754,711
5755,90
5756,142
5757,27
5758,20/11
5759,18
5760,150
5761,3/4
5762,300
5763,98
5764,1250
5765,26
5766,2100
5767,144/5
5768,720
5769,260
5770,50
5771,80
5772,375/2
5773,-96
5774,24
5775,4000/9
5776,50
5777,285
5778,24
5779,-11
5780,88
5781,9.11765
5782,192
5783,723/128
5784,20
5785,120
5786,580
5787,44
5788,112750
5789,200
5790,10999/10
5791,6
5792,320000
5793,9020
5794,40
5795,324
5796,525
5797,6
5798,2/5
5799,5.832
5800,648
5801,8
5802,250
5803,45.48
5804,3
5805,15/2
5806,1440
5807,2415
5808,60
5809,391/5
5810,18
5811,49/12
5812,27
5813,2000
5814,227
5815,81/4
5816,405/7
5817,484
5818,2
5819,30
5820,9
5821,36
5822,4
5823,38
5824,30
5825,15
5826,20
5827,3
5828,40
5829,23810
5830,2550
5831,400
5832,2225
5833,4
5834,361/5
5835,1083/5
5836,6280
5837,2.5
5838,3.925
5839,18.84
5840,32
5841,8
5842,100
5843,16/5
5844,106
5845,188/279
5846,94
5847,1600
5848,90
5849,288
5850,9.4
5851,62.4
5852,25
5853,8640
5854,3520
5855,19600
5856,20400
5857,4000
5858,2940
5859,24
5860,-12
5861,0.8
5862,126.7
5863,251
5864,42
5865,1.1
5866,18
5867,3
5868,5
5869,2.48
5870,15
5871,12
5872,120
5873,0.22857
5874,120
5875,6
5876,32
5877,16
5878,1/20
5879,450
5880,8
5881,501
5882,18
5883,499
5884,96
5885,100
5886,20/9
5887,22.25
5888,10
5889,53
5890,88
5891,45
5892,41
5893,30.55
5894,2000
5895,180
5896,750
5897,-25
5898,5460
5899,-40/3
5900,648/25
5901,6
5902,55
5903,1.875
5904,27000
5905,182
5906,594
5907,300
5908,21
5909,7
5910,49
5911,9
5912,16
5913,33
5914,25
5915,8
5916,3
5917,7
5918,50
5919,28
5920,46
5921,8
5922,8
5923,18
5924,41
5925,42
5926,36
5927,10
5928,420
5929,1021
5930,5
5931,800
5932,21
5933,72
5934,42
5935,26
5936,33
5937,8
5938,6
5939,35
5940,12
5941,20
5942,20
5943,15
5944,25
5945,10
5946,10
5947,-42
5948,46
5949,56
5950,3
5951,4
5952,12
5953,11
5954,81
5955,42
5956,21
5957,13
5958,82
5959,44
5960,20
5961,50
5962,18
5963,36
5964,15
5965,24
5966,16
5967,53
5968,41
5969,3
5970,72
5971,53
5972,4
5973,12
5974,5
5975,6
5976,28
5977,1152
5978,2
5979,12
5980,-2
5981,38
5982,9
5983,4
5984,22
5985,60
5986,9
5987,34
5988,17
5989,-22
5990,10
5991,4
5992,4
5993,18
5994,18
5995,20
5996,6
5997,4
5998,8
5999,5
6000,7
6001,21
6002,96
6003,6
6004,26
6005,47
6006,27
6007,9
6008,47
6009,81
6010,19
6011,28
6012,20
6013,20
6014,22
6015,44
6016,27
6017,8
6018,217/15
6019,25
6020,31
6021,40
6022,19
6023,15
6024,4
6025,36
6026,18
6027,13
6028,3
6029,11
6030,25
6031,31
6032,91
6033,35
6034,90
6035,56
6036,26
6037,81
6038,55
6039,6
6040,97
6041,51
6042,88
6043,16
6044,24
6045,39
6046,26
6047,8
6048,26
6049,21
6050,20
6051,26
6052,31
6053,27
6054,15
6055,88
6056,47
6057,7
6058,16
6059,8
6060,81
6061,81
6062,37
6063,79
6064,24
6065,18
6066,23
6067,27
6068,23
6069,30
6070,7
6071,6
6072,24
6073,80
6074,26
6075,20
6076,4
6077,20
6078,1
6079,25
6080,37
6081,6
6082,14
6083,53
6084,41
6085,37
6086,45
6087,19
6088,24
6089,31
6090,42
6091,11
6092,84
6093,40
6094,44
6095,30
6096,20
6097,35
6098,45
6099,25
6100,8
6101,16
6102,14
6103,47
6104,10
6105,72
6106,3
6107,45
6108,6
6109,3
6110,18
6111,4
6112,2/3
6113,10
6114,1
6115,7
6116,81
6117,30
6118,35
6119,16
6120,-32
6121,56
6122,32
6123,18
6124,33
6125,32
6126,16
6127,24
6128,23
6129,8
6130,6
6131,8
6132,16
6133,15
6134,18
6135,4
6136,18
6137,24
6138,15
6139,40
6140,18
6141,20
6142,180
6143,16
6144,129
6145,21
6146,8
6147,27
6148,80
6149,3/2
6150,3/2
6151,80
6152,68
6153,26
6154,192
6155,45
6156,270
6157,139
6158,492
6159,261
6160,4
6161,40
6162,300
6163,5
6164,4/5
6165,33
6166,94
6167,1791
6168,528
6169,720
6170,-121
6171,49
6172,4
6173,720
6174,30
6175,15
6176,175/9
6177,2400
6178,4.2
6179,7
6180,38
6181,27
6182,176
6183,298
6184,-849
6185,-400
6186,61
6187,4360
6188,560
6189,543
6190,253
6191,85
6192,450
6193,90
6194,95
6195,3920
6196,240
6197,5100
6198,1008
6199,36
6200,32
6201,144
6202,14/5
6203,18
6204,40
6205,40
6206,136
6207,9
6208,100
6209,23
6210,78
6211,136
6212,358
6213,148
6214,142
6215,270
6216,99
6217,50
6218,32
6219,5
6220,477
6221,104
6222,138
6223,39
6224,14
6225,9
6226,52
6227,9
6228,9
6229,72
6230,315
6231,362
6232,8
6233,220
6234,14
6235,1650
6236,98
6237,96
6238,113
6239,16
6240,360
6241,33
6242,210
6243,125
6244,6
6245,535
6246,278
6247,88
6248,395
6249,150
6250,5
6251,5
6252,116
6253,200
6254,36
6255,54
6256,78
6257,300
6258,6
6259,2250
6260,11
6261,67
6262,-119
6263,492
6264,91
6265,41
6266,7.8
6267,40
6268,21
6269,540
6270,4000
6271,120
6272,-400/3
6273,77
6274,41.2
6275,-600
6276,4
6277,63
6278,250
6279,4
6280,35/2
6281,344
6282,186
6283,10
6284,6.6
6285,0.86
6286,2.12
6287,42
6288,210
6289,32
6290,32
6291,496
6292,-13.84
6293,47.5
6294,87
6295,90
6296,1240
6297,75
6298,63.28
6299,56.7
6300,22.4
6301,72
6302,332
6303,1110
6304,64
6305,165
6306,1488
6307,315
6308,6
6309,74
6310,157
6311,173
6312,75/2
6313,32
6314,140
6315,90
6316,3
6317,56
6318,422500
6319,298
6320,-245
6321,600
6322,53400
6323,308
6324,6025
6325,72
6326,-72
6327,2440
6328,500
6329,2940
6330,6120
6331,7280
6332,710
6333,13650
6334,4800
6335,696
6336,125
6337,900
6338,9
6339,40
6340,160
6341,48
6342,160
6343,420
6344,2200
6345,4
6346,6
6347,30
6348,48
6349,2
6350,20
6351,3600
6352,12
6353,7
6354,40
6355,5
6356,12
6357,3720
6358,16
6359,15
6360,19
6361,130
6362,14945
6363,30
6364,24/5
6365,-150
6366,4.8
6367,8
6368,25
6369,600
6370,30
6371,24
6372,45
6373,40
6374,103
6375,107
6376,714
6377,1872
6378,18
6379,10
6380,14
6381,20
6382,12
6383,7000
6384,2
6385,100
6386,78
6387,3750
6388,17.5
6389,1.8
6390,60
6391,0.6
6392,4
6393,12
6394,100
6395,35
6396,6720
6397,1859.4
6398,5.3
6399,1428
6400,316
6401,10
6402,50
6403,6
6404,200
6405,240
6406,675
6407,688
6408,660
6409,20000
6410,12000
6411,7/10
6412,1000
6413,35
6414,400
6415,194.58
6416,140.1
6417,51.4
6418,1950
6419,-8
6420,540
6421,2832
6422,1980
6423,60
6424,210
6425,36
6426,125
6427,1620
6428,1
6429,44
6430,27/2
6431,8
6432,22
6433,120
6434,145
6435,160
6436,288
6437,4050
6438,18
6439,17
6440,1200
6441,814
6442,800
6443,16
6444,40
6445,86.1
6446,3.14
6447,194.4
6448,48
6449,1/8
6450,174.72
6451,32
6452,38
6453,25/2
6454,1420
6455,10.8
6456,90
6457,1.65
6458,200
6459,72
6460,0.12
6461,15/2
6462,40
6463,110
6464,1920
6465,-21
6466,58
6467,5
6468,-99
6469,441/4
6470,20
6471,40
6472,26
6473,8
6474,23
6475,4
6476,33
6477,9
6478,4
6479,4
6480,48
6481,-1615/113
6482,48
6483,3602
6484,12
6485,300
6486,8
6487,49
6488,192
6489,360
6490,4
6491,280
6492,1500
6493,420
6494,25
6495,125.6
6496,336
6497,23663.04
6498,29.8
6499,24.2
6500,44
6501,400/99
6502,20/3
6503,20/3
6504,24
6505,600
6506,139
6507,18
6508,95
6509,15
6510,35
6511,140
6512,64
6513,450
6514,368
6515,4
6516,60
6517,4080
6518,8.95
6519,3050
6520,102
6521,1568
6522,0
6523,1.73
6524,-117
6525,8
6526,264
6527,31.5
6528,62
6529,91
6530,1050
6531,882
6532,32
6533,6
6534,9600
6535,351
6536,176
6537,54
6538,170
6539,15
6540,160
6541,25
6542,1680
6543,222
6544,5
6545,860
6546,2000
6547,200
6548,147
6549,375
6550,16
6551,1872
6552,206
6553,10
6554,4
6555,648
6556,133
6557,27500
6558,69
6559,4
6560,15
6561,660
6562,2.27
6563,15
6564,88
6565,35
6566,24
6567,17
6568,22875
6569,720
6570,375/76
6571,45
6572,6/5
6573,1800
6574,25/2
6575,1908
6576,900
6577,121.5
6578,4410
6579,9
6580,40
6581,360
6582,85
6583,2520
6584,4
6585,9
6586,576
6587,36
6588,28.35
6589,78
6590,672
6591,1330
6592,40
6593,130
6594,900
6595,85
6596,100
6597,6.7
6598,306
6599,2730
6600,1344
6601,2250
6602,206
6603,328
6604,38
6605,215
6606,18750
6607,120
6608,18.5
6609,6
6610,30
6611,248
6612,4
6613,144
6614,289
6615,525
6616,624
6617,825
6618,37
6619,356
6620,24
6621,9
6622,4
6623,576
6624,1320
6625,6000
6626,13000
6627,557
6628,600
6629,60
6630,824
6631,13.2
6632,72
6633,69.5
6634,640
6635,6.5
6636,135
6637,4/5
6638,24
6639,23800
6640,15/8
6641,1000
6642,1610
6643,120
6644,552
6645,2000
6646,6700
6647,6960
6648,13870
6649,-38
6650,414
6651,48
6652,40
6653,615
6654,131
6655,-10.1
6656,23
6657,20
6658,205
6659,540
6660,25
6661,266
6662,4
6663,7
6664,285
6665,8
6666,186
6667,832
6668,500
6669,267
6670,1050
6671,1872
6672,36
6673,611.5
6674,828
6675,158
6676,28
6677,257
6678,3600
6679,5390
6680,60
6681,3360
6682,472
6683,29
6684,1188
6685,128
6686,525
6687,21/5
6688,294
6689,732
6690,4
6691,366/7
6692,2.1
6693,560
6694,240
6695,56
6696,20
6697,155
6698,1152
6699,-10.3
6700,47
6701,288
6702,980
6703,13
6704,4840
6705,25/4
6706,45
6707,62
6708,18.72
6709,1318.8
6710,18000
6711,10
6712,67
6713,-7
6714,22
6715,7
6716,16
6717,23/2
6718,18
6719,23
6720,82
6721,3216
6722,375
6723,125
6724,248
6725,2440
6726,80
6727,-4
6728,54
6729,3/5
6730,21
6731,42
6732,8
6733,12
6734,19
6735,80
6736,52
6737,79
6738,38
6739,96
6740,10
6741,41
6742,21
6743,32
6744,12
6745,-14
6746,2
6747,3
6748,30
6749,46
6750,21
6751,4
6752,29
6753,35
6754,36
6755,80
6756,37
6757,8
6758,29
6759,17
6760,35
6761,45
6762,6
6763,20
6764,16
6765,48
6766,-15
6767,30
6768,-4
6769,4
6770,6
6771,-6
6772,42
6773,60
6774,20
6775,6
6776,48
6777,27
6778,-28
6779,16
6780,-8
6781,17
6782,45
6783,43
6784,27
6785,72
6786,-35
6787,50
6788,8
6789,59
6790,87
6791,6
6792,-18
6793,-21
6794,54
6795,10
6796,38
6797,24
6798,35
6799,39
6800,61
6801,20
6802,-20
6803,22
6804,14
6805,78
6806,40
6807,100
6808,10
6809,34
6810,37
6811,34
6812,50
6813,-69
6814,33
6815,47
6816,21
6817,25
6818,47
6819,81
6820,37
6821,11
6822,31
6823,23
6824,-144
6825,15
6826,30
6827,38
6828,12
6829,28
6830,33
6831,119
6832,39
6833,14
6834,36
6835,42
6836,22
6837,16
6838,24
6839,12
6840,0
6841,35
6842,7
6843,6
6844,19
6845,12
6846,6
6847,18
6848,13
6849,18
6850,28
6851,15
6852,6
6853,80
6854,72
6855,17
6856,9
6857,8
6858,27.552
6859,178
6860,1360
6861,60
6862,75
6863,5670
6864,680
6865,-12.5
6866,-1
6867,95%
6868,2800
6869,400
6870,1200
6871,304
6872,-5749
6873,1500
6874,3600
6875,144
6876,12
6877,27
6878,260
6879,140/3
6880,40
6881,300000
6882,108
6883,36/7
6884,600
6885,160
6886,160
6887,792
6888,240
6889,8
6890,250
6891,72
6892,20
6893,1650
6894,2.4
6895,1160
6896,16
6897,1680
6898,5652
6899,600
6900,113.04
6901,5
6902,188.4
6903,58
6904,1
6905,204
6906,8
6907,63
6908,59
6909,625/16
6910,37
6911,632.8125
6912,125
6913,96%
6914,93.2%
6915,1/5
6916,30.95914
6917,120
6918,1.728
6919,2.16
6920,63
6921,12
6922,45
6923,27
6924,2420
6925,32
6926,14
6927,1875/2
6928,50.24
6929,1296
6930,7245
6931,27
6932,2100
6933,40
6934,3
6935,13
6936,12
6937,40
6938,7
6939,16
6940,300%
6941,3400/3
6942,51
6943,115%
6944,89
6945,28
6946,5.625
6947,2
6948,53
6949,-37
6950,75/2
6951,31.4
6952,2160
6953,70/3
6954,0.5
6955,225/4
6956,10
6957,1.8
6958,9
6959,0
6960,125
6961,96
6962,7500
6963,320
6964,315/73
6965,240
6966,28
6967,75.36
6968,44
6969,30
6970,20
6971,20
6972,144
6973,4
6974,144
6975,160
6976,15
6977,44
6978,96
6979,160
6980,28
6981,16.7%
6982,-675
6983,6000
6984,15
6985,18
6986,2319
6987,420
6988,200
6989,35
6990,4500
6991,1600
6992,480
6993,25
6994,270
6995,396
6996,280
6997,5.28
6998,300
6999,3900
7000,4
7001,0.4
7002,0.5
7003,20
7004,16
7005,10
7006,150
7007,180
7008,6400%
7009,24/5
7010,280
7011,2.4649
7012,625
7013,300
7014,25
7015,704
7016,1.5
7017,0
7018,25.2
7019,1620
7020,50
7021,153.86
7022,100
7023,84
7024,5
7025,150
7026,180
7027,2.552
7028,25%
7029,401920
7030,190
7031,20
7032,1440
7033,0
7034,25%
7035,480
7036,24/5
7037,-0.6%
7038,3.84
7039,717
7040,10/3
7041,780
7042,490
7043,345
7044,60
7045,81/10
7046,270
7047,96
7048,60
7049,7
7050,15813/100
7051,2000
7052,6
7053,2
7054,16
7055,1920
7056,28.26
7057,5/2
7058,8.16
7059,28
7060,95.2%
7061,30
7062,2.4
7063,38.4
7064,50
7065,3.7
7066,2800
7067,1.96667
7068,12
7069,151/3
7070,21.09285
7071,-1
7072,350
7073,25/2
7074,17000%
7075,15
7076,26460
7077,12
7078,2500
7079,3/2
7080,23
7081,200
7082,3420
7083,1050
7084,15
7085,1
7086,198
7087,3.5
7088,4
7089,35
7090,96
7091,100
7092,9
7093,324
7094,160/7
7095,
7096,192
7097,3600/79
7098,3140
7099,0.01
7100,41
7101,8000
7102,975
7103,3
7104,3
7105,312
7106,785
7107,300
7108,20
7109,75
7110,-1/3
7111,235
7112,63.585
7113,4995
7114,-10/3
7115,60
7116,864
7117,251.2
7118,188
7119,58
7120,24/5
7121,573.6
7122,445
7123,26
7124,32
7125,8
7126,540
7127,84.72222
7128,200
7129,95
7130,1
7131,4
7132,40/3
7133,
7134,188
7135,-13
7136,60
7137,660
7138,125/2
7139,1.02857
7140,2.62
7141,0.68293
7142,600
7143,12.5%
7144,6
7145,1
7146,92%
7147,50%
7148,10
7149,-15
7150,6
7151,80
7152,850
7153,69/2
7154,80
7155,3200
7156,110
7157,261
7158,46.3
7159,21.6
7160,12
7161,525
7162,7/2
7163,4
7164,128
7165,0.5
7166,1214
7167,352
7168,93.75
7169,96
7170,72
7171,1.6
7172,40
7173,48%
7174,-25%
7175,672
7176,8
7177,1000
7178,2100
7179,437
7180,62.8
7181,522.5
7182,1400
7183,42
7184,2
7185,16
7186,9
7187,768
7188,48
7189,12
7190,97
7191,12/25
7192,225
7193,89936
7194,6160
7195,3.95
7196,800
7197,144
7198,17
7199,15
7200,2
7201,6
7202,6840
7203,108
7204,44
7205,360
7206,280/3
7207,36
7208,9600
7209,426
7210,306
7211,13.5
7212,48
7213,4.26667
7214,2.1875
7215,251.2
7216,796
7217,251.2
7218,87.92
7219,710
7220,
7221,2128
7222,15
7223,20%
7224,600
7225,135
7226,13.68
7227,58
7228,32
7229,10
7230,16%
7231,-2400
7232,300
7233,48000
7234,5/2
7235,90
7236,24.84
7237,100
7238,100
7239,3500
7240,8
7241,224
7242,13
7243,1920
7244,4
7245,630
7246,73
7247,4.8
7248,168
7249,2000
7250,3000
7251,4
7252,36
7253,108
7254,12/43
7255,71.3
7256,16250
7257,340
7258,1300
7259,184
7260,15/4
7261,16.875
7262,36
7263,29
7264,848
7265,625
7266,5280
7267,320
7268,3
7269,-26000/47
7270,8
7271,4
7272,40
7273,100
7274,19.99614
7275,105
7276,-50
7277,125
7278,600
7279,400
7280,76
7281,90
7282,240
7283,91%
7284,30
7285,15
7286,14.4
7287,0
7288,5
7289,85
7290,1
7291,30
7292,58
7293,135
7294,4000
7295,59.4
7296,240
7297,96
7298,272
7299,55
7300,40
7301,73/80
7302,15
7303,120
7304,26250
7305,93/2
7306,300
7307,91
7308,350
7309,1.3
7310,0.07
7311,20.27027
7312,150
7313,768
7314,1476.225
7315,648
7316,-50
7317,251.2
7318,3336
7319,1507.2
7320,9
7321,90
7322,386
7323,1000/3
7324,103.3
7325,4
7326,2800
7327,2/5
7328,3000
7329,16
7330,12
7331,-719
7332,20.06679
7333,-6840
7334,-3100
7335,30
7336,5040
7337,4019.2
7338,15
7339,5086/23
7340,45.475
7341,110
7342,106
7343,5/2
7344,144
7345,7
7346,57.4
7347,500
7348,20
7349,-3498
7350,400
7351,48
7352,96
7353,15
7354,3500
7355,2112
7356,39.25
7357,108
7358,4
7359,33
7360,10
7361,940
7362,778
7363,8
7364,251/5
7365,45
7366,67500
7367,4000/3
7368,5/3
7369,72
7370,12
7371,45.6
7372,720
7373,48
7374,39
7375,40/9
7376,9/20
7377,1.45116
7378,50
7379,340
7380,1100
7381,12500
7382,5040
7383,30
7384,5
7385,502.4
7386,320
7387,1125/2
7388,0.25
7389,14.25
7390,6
7391,1530
7392,9/2
7393,1256
7394,240
7395,480
7396,9600
7397,112
7398,16
7399,60
7400,64
7401,8
7402,10
7403,40
7404,0
7405,-540
7406,7
7407,-8
7408,43.2
7409,7500
7410,90
7411,11
7412,100
7413,125
7414,65
7415,32
7416,1.27389
7417,27.27273
7418,195
7419,2
7420,514/5
7421,5.6
7422,9
7423,648
7424,115
7425,36
7426,45
7427,1616
7428,0.0008
7429,360
7430,18.2%
7431,480
7432,42
7433,20
7434,410.7
7435,200
7436,264
7437,12.6
7438,17
7439,6
7440,1920
7441,4
7442,12/5
7443,0.8
7444,50/3
7445,0.8
7446,7
7447,180
7448,7200
7449,7500
7450,125.6
7451,190
7452,7
7453,95
7454,4
7455,32
7456,37.5%
7457,20
7458,3.14
7459,24/5
7460,24
7461,36000
7462,44
7463,4368
7464,7.7
7465,225
7466,420
7467,384000
7468,125
7469,180
7470,78.5
7471,18.7492
7472,30
7473,-0.1
7474,135
7475,3
7476,520
7477,3
7478,55
7479,11.52
7480,29
7481,49.5
7482,76
7483,400
7484,11995
7485,204
7486,450
7487,33
7488,3800
7489,4800
7490,15
7491,399
7492,112
7493,80
7494,90
7495,24
7496,3
7497,450
7498,3.3
7499,60
7500,70.0245
7501,3
7502,80
7503,30
7504,26
7505,173
7506,32
7507,2400
7508,700/9
7509,210
7510,4/5
7511,3240
7512,2550
7513,8
7514,114
7515,525
7516,143
7517,585
7518,1800
7519,400
7520,1595
7521,86/5
7522,1413
7523,16
7524,744
7525,5
7526,24080
7527,675
7528,5/2
7529,40
7530,1800
7531,33
7532,-2/3
7533,800
7534,2240
7535,457.6
7536,88/3
7537,56
7538,74
7539,29.8
7540,31
7541,15.5
7542,1224
7543,160
7544,150
7545,251.2
7546,24
7547,19.625
7548,675
7549,141300
7550,80
7551,628
7552,115
7553,-43
7554,5
7555,870
7556,
7557,180
7558,20
7559,9
7560,55/2
7561,-2
7562,300
7563,28
7564,40
7565,480
7566,99
7567,1.25
7568,1080
7569,2700
7570,50/3
7571,32/3
7572,1.44
7573,24
7574,2760
7575,3
7576,4
7577,16
7578,27.45
7579,2
7580,200
7581,504
7582,29.4
7583,135
7584,1500
7585,9000
7586,583.33333
7587,36
7588,40
7589,182
7590,4
7591,17
7592,840
7593,10
7594,4
7595,351
7596,21
7597,36
7598,200
7599,5
7600,5
7601,1247.5
7602,71.04
7603,72
7604,4
7605,40
7606,0.512
7607,125
7608,160
7609,175
7610,24
7611,6.8
7612,34
7613,20
7614,1
7615,3
7616,2
7617,50
7618,6
7619,100
7620,18
7621,72
7622,12
7623,60
7624,0.03
7625,7776
7626,16
7627,32.5
7628,36.55
7629,0.6
7630,3.37
7631,3.8
7632,294
7633,80
7634,90
7635,85%
7636,512
7637,13.5
7638,7200
7639,69
7640,-1.2042
7641,0
7642,1/2
7643,5
7644,42
7645,20
7646,63/100
7647,18
7648,1/2
7649,5/7
7650,2240
7651,3000
7652,0.03
7653,0.55
7654,36
7655,2400
7656,19/20
7657,64
7658,20
7659,10.4
7660,960
7661,31.8
7662,2/7
7663,-17/8
7664,2
7665,2/5
7666,1/6
7667,210000
7668,64/7
7669,49
7670,42
7671,31
7672,13
7673,37/2
7674,8
7675,505
7676,12/7
7677,2520
7678,23/40
7679,8/5
7680,8/5
7681,3968
7682,48000
7683,7
7684,50
7685,-24
7686,800
7687,872
7688,31/35
7689,120
7690,1782
7691,64
7692,8280
7693,8
7694,3
7695,5.34
7696,32/5
7697,10/9
7698,-3
7699,26
7700,7
7701,38.46154
7702,6
7703,9.5
7704,4.75
7705,167/100
7706,3045
7707,
7708,28
7709,148
7710,96
7711,11/20
7712,25
7713,19/24
7714,3
7715,48
7716,42
7717,66.6
7718,7/24
7719,60
7720,41
7721,47.6
7722,0
7723,120
7724,1350
7725,620/27
7726,9/10
7727,95.8
7728,222
7729,6
7730,140
7731,882
7732,-0.0375
7733,3.3
7734,160
7735,1250
7736,437.5
7737,12
7738,4
7739,200/3
7740,32
7741,135
7742,36
7743,85
7744,560
7745,400
7746,38
7747,4.5
7748,-194
7749,267
7750,-9/2
7751,700
7752,1.8
7753,7526/13
7754,180
7755,60
7756,160/19
7757,100
7758,135
7759,11/30
7760,5
7761,-3.4
7762,400
7763,96
7764,4
7765,6
7766,6
7767,37600
7768,83
7769,96
7770,230
7771,2865
7772,7/10
7773,7200
7774,30
7775,472
7776,1500
7777,30
7778,20
7779,900
7780,16/5
7781,1800
7782,0
7783,-22
7784,-57
7785,0
7786,19
7787,432
7788,450
7789,1500000
7790,99.61111
7791,26
7792,250
7793,2/7
7794,10
7795,15
7796,16
7797,1/4
7798,1260
7799,144000
7800,70
7801,178/3
7802,10000
7803,1
7804,24/11
7805,-30
7806,100
7807,106
7808,899/3
7809,1
7810,2.8
7811,16
7812,10
7813,30
7814,20/3
7815,87
7816,80
7817,2000
7818,60
7819,51/20
7820,50
7821,0
7822,5416
7823,1026
7824,1/5
7825,27.5
7826,-100
7827,-199
7828,80000
7829,45/4
7830,72
7831,630
7832,18
7833,19
7834,0.0093
7835,82
7836,37/40
7837,13
7838,16800
7839,8
7840,744
7841,32/21
7842,6
7843,63
7844,
7845,2/135
7846,0.81111
7847,435
7848,-8
7849,417
7850,51
7851,-57/4
7852,570
7853,7
7854,24
7855,1/20
7856,4
7857,1.225
7858,48
7859,3000
7860,907
7861,3/20
7862,144
7863,3
7864,20
7865,-30
7866,-550
7867,45
7868,40/9
7869,-119
7870,90
7871,3/4
7872,36000
7873,63/5
7874,111/4
7875,20/21
7876,-12
7877,7
7878,8
7879,576
7880,1/4
7881,150
7882,125/2
7883,2/5
7884,1/60
7885,16/25
7886,96
7887,1/2
7888,12
7889,9/10
7890,14.4
7891,2
7892,6
7893,765
7894,310
7895,131
7896,87.30769
7897,156
7898,40
7899,6
7900,90
7901,26
7902,124
7903,20
7904,6.02
7905,3
7906,5056
7907,200
7908,24/7
7909,-1/20
7910,8
7911,68/5
7912,1000
7913,79.2
7914,2700
7915,1/80
7916,10
7917,96
7918,3/4
7919,864
7920,9/20
7921,2
7922,4/3
7923,1/4
7924,-180/7
7925,324
7926,150
7927,900
7928,47
7929,360
7930,50
7931,460
7932,9/4
7933,16
7934,77
7935,5/8
7936,3/5
7937,2/5
7938,5
7939,8
7940,7
7941,78
7942,5/12
7943,3
7944,300
7945,108
7946,-0.6
7947,504
7948,8
7949,15
7950,1/25
7951,48/7
7952,162/17
7953,1458/23
7954,643/5
7955,86
7956,51
7957,2542
7958,-2.16667
7959,230
7960,17/30
7961,1.25
7962,40/3
7963,20
7964,7000
7965,54
7966,5
7967,960
7968,1710
7969,6
7970,525
7971,-40/3
7972,624
7973,100
7974,4
7975,600
7976,160
7977,80
7978,20
7979,1/25
7980,42
7981,392
7982,25
7983,4000
7984,-43/3
7985,70
7986,120/7
7987,75
7988,144
7989,144000
7990,510
7991,72
7992,6
7993,1200
7994,193
7995,5/12
7996,12
7997,2326
7998,2/7
7999,12
