0,6.35263
1,36
2,4
3,103/15
4,445
5,1290
6,600
7,0
8,8.8
9,45/2
10,405
11,0.105
12,80
13,56
14,486
15,8172
16,16
17,-5.2
18,322.5
19,10
20,675/4
21,9
22,6
23,68
24,552
25,50
26,19
27,32
28,0.314
29,1950
30,3.6
31,20
32,9
33,720
34,20
35,19/20
36,251
37,9
38,3/4
39,72
40,400
41,24
42,428
43,500
44,4
45,17
46,95
47,288
48,40
49,280
50,656
51,6
52,7600
53,280
54,86
55,120
56,142
57,4875
58,1248
59,3
60,33
61,1201
62,1300
63,738
64,1176
65,588
66,13198.8
67,50
68,3360
69,765
70,10
71,73.2
72,6600
73,5/8
74,200
75,3.8
76,4
77,13/20
78,24
79,194
80,3.1
81,170
82,464
83,392
84,260
85,25%
86,15
87,-37
88,402
89,374
90,189/1250
91,480
92,20
93,1735
94,1536
95,78.5
96,8
97,16
98,49
99,260
100,2288
101,2500
102,3486
103,14
104,15/2
105,20
106,5/9
107,19999.97862
108,10.9
109,6
110,1/2
111,900
112,560
113,756
114,49/17
115,160
116,3015
117,623
118,192
119,124
120,0.94
121,7
122,25
123,69
124,10.125
125,110%
126,540
127,
128,49/2
129,360
130,7/9
131,4191
132,10
133,191
134,11200
135,8
136,595
137,50
138,24
139,87
140,90
141,337
142,96
143,15
144,126.72
145,356
146,20/3
147,8400
148,4800
149,9
150,2/9
151,494
152,100/7
153,710
154,8000
155,3/10
156,75
157,600
158,74
159,8700
160,30
161,5
162,76
163,10500
164,7/36
165,1350
166,258
167,775
168,25
169,312
170,0
171,7
172,280
173,144
174,11/35
175,14
176,44
177,9
178,4
179,11
180,20
181,452.16
182,12
183,27
184,17/20
185,650
186,5000
187,10
188,312
189,15
190,-782
191,-122.46
192,10395
193,880
194,3100
195,1000
196,704
197,113.04
198,450
199,272
200,450
201,114
202,18
203,7/20
204,1
205,24
206,4/9
207,144
208,2
209,31
210,6
211,65.55
212,3081
213,1385.1
214,4
215,3625
216,64
217,17/4
218,63024
219,3200
220,-157
221,333
222,20
223,-3
224,200
225,1872
226,32
227,9
228,6/7
229,201.6
230,190
231,293
232,3300
233,207
234,684
235,3500
236,691
237,1710
238,11/18
239,3280
240,816
241,1386/5
242,1
243,5375
244,340
245,3/5
246,25.12
247,41/24
248,240
249,100
250,3.2
251,50
252,162
253,1260
254,
255,6000
256,1536
257,15
258,490
259,228
260,2700
261,2880/7
262,84
263,400/3
264,24/5
265,24
266,11/24
267,276
268,26
269,19
270,25000
271,2300
272,750
273,12
274,325
275,1585
276,-288
277,5.4
278,32
279,1100
280,602.88
281,1
282,6
283,736
284,64
285,18
286,240
287,579
288,0
289,2250
290,944
291,18
292,20
293,546
294,392
295,2940
296,4800
297,3
298,4
299,64
300,6650
301,27/20
302,8
303,12
304,81
305,5024
306,9/2
307,20
308,50
309,48
310,31.4
311,450
312,16
313,2/7
314,36
315,60
316,100
317,324
318,900
319,1/2
320,4
321,432
322,1/2
323,37/40
324,3/5
325,46
326,3450
327,71.25
328,890
329,300
330,12475
331,434000
332,16000
333,300
334,9/7
335,1344
336,22
337,486
338,6
339,10
340,10
341,90
342,106
343,1.12
344,60
345,1
346,48
347,5
348,425
349,12
350,32
351,600
352,445
353,1588
354,168
355,692
356,163.83333
357,50
358,5/2
359,12
360,376.8
361,1256
362,45
363,9
364,11/24
365,540
366,11/35
367,32
368,5/12
369,209
370,150
371,242
372,10
373,31
374,36
375,1350
376,591
377,904.32
378,4429
379,30/11
380,70
381,74
382,2/5
383,6240
384,56375
385,91
386,36/5
387,3095.9144
388,600
389,13
390,15
391,1260
392,768
393,800
394,117.75
395,1.06701
396,450
397,11
398,6592
399,48
400,12/5
401,136
402,864
403,6.97778
404,685
405,32
406,53/11
407,4/15
408,115/24
409,12.56
410,59
411,1
412,-1/4
413,800
414,10
415,516
416,55
417,8
418,1320
419,20
420,2/9
421,1
422,3
423,115
424,1.12
425,151.2
426,480
427,1120
428,127
429,2750
430,580
431,120
432,240
433,112
434,12960
435,31
436,544
437,44
438,51/40
439,8800
440,1/4
441,68
442,410
443,175/2
444,64
445,765
446,3/5
447,0.45
448,20
449,1920
450,1036
451,68
452,116007%
453,10
454,30
455,133
456,12960
457,3/2
458,76
459,390
460,24
461,2400
462,39
463,816
464,12
465,1710
466,600
467,246
468,21
469,35
470,12
471,16
472,-700
473,125.6
474,6
475,21
476,534
477,0.1
478,1152
479,231
480,360
481,533
482,1/20
483,192
484,30
485,280
486,132
487,216
488,30
489,1204
490,4
491,96
492,260
493,44.72
494,440
495,2092.34
496,17280
497,1080
498,80
499,1344
500,272
501,555
502,960
503,750
504,885
505,639
506,150
507,700
508,9420
509,78
510,264000
511,14
512,17/40
513,7/34
514,1160
515,2800
516,697
517,1.01911
518,1/2
519,225
520,42
521,8
522,355
523,1800
524,3/8
525,200
526,340
527,100
528,120
529,62.8
530,120
531,36
532,150
533,52.65
534,24
535,45
536,36/25
537,22
538,7
539,216
540,270
541,2000
542,216
543,600
544,-3200
545,24
546,92.87743
547,48
548,10
549,60
550,1730
551,1130.4
552,48
553,6
554,1100
555,750
556,11
557,56
558,1962.5
559,12.56
560,0.56667
561,6
562,24/5
563,100
564,59
565,60
566,980
567,20/3
568,560
569,2500
570,266
571,8.4
572,10700
573,24
574,7500
575,2.99
576,243
577,2
578,150
579,240
580,1600
581,4
582,182.9
583,900
584,7
585,12
586,-30
587,37
588,1
589,680
590,25
591,16
592,30
593,0.4
594,2/3
595,15.7
596,1
597,930
598,192
599,2609
600,2744
601,16.66667
602,3
603,500
604,60
605,2/5
606,16
607,300
608,26
609,62
610,900
611,2
612,1392
613,1
614,9.6
615,1800
616,50.8
617,10
618,3768
619,90
620,89.4
621,50
622,251.2
623,38/303
624,196/3
625,15
626,88
627,5e-06
628,421
629,81
630,60
631,314
632,3
633,2000
634,407
635,94.7%
636,93.8%
637,57.1%
638,99%
639,
640,2.75862
641,280/13
642,500/11
643,192
644,675/7
645,44
646,4.5
647,10/3
648,215
649,-60
650,340
651,34
652,9
653,16
654,102.1%
655,49
656,-80
657,98%
658,2e-05
659,95%
660,103
661,800
662,1000
663,25%
664,102
665,1094.5
666,50
667,250
668,49
669,1130.4
670,55
671,980
672,90
673,120
674,5
675,92%
676,8
677,713
678,98%
679,96%
680,140000
681,23/50
682,120
683,450
684,-42/5
685,42
686,3360
687,50
688,36
689,51/2
690,320
691,960
692,81
693,108
694,400
695,15138
696,16
697,16
698,31/40
699,60
700,75
701,576
702,5
703,30
704,32.48
705,59
706,94%
707,5/8
708,20
709,66
710,160
711,28.5
712,2
713,0.3
714,10%
715,1
716,240
717,96
718,24
719,180
720,150
721,376.8
722,135
723,
724,84
725,425
726,42.5
727,117
728,24
729,160
730,360
731,30
732,36
733,100
734,295
735,0.135
736,16.2
737,20
738,70
739,160
740,95%
741,150
742,3/4
743,5
744,4800/7
745,2560/3
746,80/3
747,190.66667
748,20
749,419/4
750,-336/5
751,144
752,47
753,12
754,89.36364
755,250
756,-72
757,64
758,12
759,360
760,1388.66667
761,0.15
762,3.14
763,372.8
764,210
765,-2000/1529
766,1944
767,2.16
768,-104000/3
769,10
770,851
771,20
772,205
773,51.25
774,600
775,72
776,628
777,24
778,420
779,4
780,5
781,32000
782,24000
783,50
784,117
785,156
786,12.56
787,2.71429
788,170
789,24
790,98%
791,162/25
792,1225/3
793,23
794,72.09
795,244
796,2
797,240
798,40/3
799,60
800,197.75
801,100
802,-300
803,336
804,102
805,60.4
806,200
807,120
808,3/5
809,15/22
810,3.3
811,61/4
812,20
813,200.96
814,25
815,4000
816,2000
817,13
818,8
819,90
820,174
821,384
822,88
823,25/2
824,50.24
825,1050
826,1462
827,100/3
828,1.2
829,42
830,290
831,160
832,276/5
833,-60
834,31
835,10560
836,360
837,64
838,20
839,5
840,1
841,15
842,8
843,2800
844,546
845,-150/7
846,36
847,42
848,10920
849,3
850,720
851,1650
852,25
853,100
854,6
855,123
856,24
857,56
858,-10.5
859,216
860,23
861,300
862,32
863,2/7
864,3/2
865,18
866,0.5
867,1235
868,40.33333
869,225
870,13.2
871,252
872,9
873,62
874,48
875,17
876,10500
877,14.3%
878,21.98
879,1570%
880,64
881,300/29
882,-250
883,150
884,30
885,6
886,3232/5
887,4710
888,13
889,5
890,1/12
891,306
892,300
893,297.0
894,400
895,9
896,285
897,10
898,0.12
899,1.5
900,4000
901,207000
902,16/3
903,225
904,-3
905,150
906,162.8
907,1575
908,26
909,2.09333
910,6
911,216.8
912,75
913,88
914,147.6
915,430
916,6280
917,62.8
918,188.4
919,5.4
920,200
921,1.8
922,-85
923,96%
924,134
925,288/5
926,95.8%
927,260
928,30
929,50
930,500000/57
931,105000/11
932,48
933,18.84
934,8.2
935,0
936,60
937,192
938,6.66
939,70200
940,296
941,-2824
942,210
943,24
944,8
945,5/12
946,171
947,4
948,90
949,48
950,0.6
951,243
952,-114
953,255
954,120
955,122
956,16
957,36/25
958,7600
959,1300
960,6
961,7
962,640
963,31050
964,16
965,105/2
966,25
967,10000
968,-450
969,24
970,152.4
971,18
972,3424
973,3140
974,67
975,226
976,70
977,8
978,34540
979,910
980,182.9
981,4400
982,3
983,448
984,2039330%
985,74
986,207
987,10
988,3
989,330
990,-120
991,8280
992,5461
993,700
994,700.0%
995,17000
996,1/101
997,90
998,72
999,1/5
1000,31.4
1001,450/7
1002,89
1003,270
1004,6
1005,10%
1006,0
1007,31
1008,288
1009,1/4
1010,30
1011,163
1012,1250
1013,96%
1014,6
1015,160
1016,15
1017,30/7
1018,20
1019,5/2
1020,9
1021,40%
1022,41.7%
1023,125.6
1024,200
1025,44080
1026,16000
1027,700
1028,34977
1029,88
1030,15
1031,21.56
1032,675
1033,30/17
1034,1
1035,270
1036,1.08
1037,30
1038,400
1039,155/14
1040,24/5
1041,4500
1042,24
1043,31.4
1044,2.325
1045,441
1046,9/16
1047,36
1048,529
1049,412.5
1050,15
1051,3900
1052,240
1053,120/103
1054,5
1055,100
1056,17/2
1057,12
1058,9/16
1059,0.512
1060,10.362
1061,11
1062,6.31
1063,7
1064,60
1065,100/3
1066,4
1067,6
1068,90
1069,225
1070,55
1071,21.42857
1072,40
1073,428
1074,1/25
1075,4138
1076,15
1077,204
1078,3/4
1079,60
1080,1200
1081,425
1082,25
1083,20
1084,1.3
1085,7.4
1086,9/20
1087,480
1088,4/9
1089,0.0144
1090,110
1091,45
1092,-2325
1093,128/3
1094,289.39355
1095,18
1096,1440
1097,3/8
1098,1
1099,120
1100,1/7
1101,16
1102,492
1103,-24
1104,285
1105,3/5
1106,105.7
1107,12
1108,9
1109,27
1110,27
1111,15/4
1112,45.12
1113,33.3%
1114,800
1115,68
1116,72000
1117,20
1118,8.57143
1119,3
1120,15
1121,30
1122,18
1123,10
1124,16
1125,1822
1126,504
1127,5/12
1128,31400
1129,200/3
1130,0.644
1131,-6
1132,6.28
1133,110000
1134,128
1135,30
1136,30.05
1137,575/6
1138,480
1139,184
1140,18000
1141,225/16
1142,6
1143,180
1144,15
1145,4
1146,3000/7
1147,518
1148,7
1149,19.3
1150,232
1151,200
1152,1/2
1153,770
1154,12
1155,450/13
1156,-3
1157,157/5
1158,1421
1159,2
1160,84
1161,120
1162,216
1163,45
1164,8965
1165,12
1166,12
1167,20
1168,60
1169,12
1170,-11.1%
1171,576
1172,360
1173,-40
1174,1500
1175,2%
1176,9/500
1177,30
1178,60000
1179,128
1180,3
1181,450000
1182,72
1183,222
1184,121
1185,120
1186,216
1187,201
1188,402
1189,402
1190,12
1191,36
1192,0.27
1193,60000
1194,864
1195,100%
1196,150
1197,125/3
1198,270
1199,62.8
1200,486
1201,2.77778
1202,19/100000
1203,15%
1204,51
1205,5.6
1206,18
1207,188
1208,0
1209,8
1210,314
1211,300/11
1212,952
1213,45%
1214,100
1215,1000
1216,
1217,48/5
1218,21/2
1219,750
1220,26.7%
1221,45
1222,-2
1223,190.8
1224,48
1225,100/3
1226,314
1227,400
1228,0
1229,375/2
1230,16/5
1231,16/5
1232,54
1233,256
1234,-3915
1235,23.55
1236,5929/2
1237,-70/3
1238,15
1239,-238
1240,-80%
1241,8
1242,90
1243,133
1244,487
1245,4200
1246,85
1247,53
1248,56
1249,180
1250,33
1251,45
1252,35
1253,14
1254,36
1255,8
1256,30
1257,38
1258,24
1259,16
1260,53
1261,22
1262,4
1263,37
1264,6
1265,45
1266,4/3
1267,20
1268,23
1269,18
1270,55
1271,53
1272,30
1273,86
1274,1647
1275,12
1276,69
1277,-1/3
1278,84
1279,60
1280,72
1281,13
1282,84
1283,24
1284,54
1285,56
1286,45
1287,35
1288,27
1289,48
1290,45
1291,30
1292,26
1293,10
1294,40
1295,1
1296,12/7
1297,0
1298,8
1299,6
1300,6
1301,60
1302,6
1303,5
1304,6
1305,6
1306,0
1307,1
1308,300
1309,34
1310,441
1311,48/7
1312,4
1313,32
1314,13
1315,9
1316,13
1317,5
1318,44
1319,6
1320,7
1321,144
1322,80
1323,31
1324,28
1325,36
1326,17
1327,35/4
1328,20
1329,6
1330,42
1331,6
1332,90
1333,18
1334,4
1335,135
1336,162
1337,64
1338,48
1339,5
1340,73
1341,24
1342,6
1343,7
1344,24
1345,84
1346,31
1347,15
1348,6
1349,17
1350,23
1351,16
1352,19
1353,28
1354,9
1355,72
1356,98
1357,24
1358,160
1359,-700
1360,1152
1361,12006
1362,60000
1363,25/3
1364,9000.025
1365,1/4
1366,-9
1367,43
1368,30144
1369,53
1370,192
1371,81
1372,335
1373,4
1374,76.5
1375,18/35
1376,12000
1377,128
1378,900
1379,720
1380,2.7
1381,314
1382,1500
1383,34/3
1384,440
1385,10.66474
1386,3
1387,2
1388,150
1389,8.71667
1390,21
1391,30
1392,48000
1393,251
1394,25
1395,16
1396,640
1397,120
1398,95
1399,840
1400,6
1401,1800
1402,640
1403,20
1404,48
1405,9
1406,15
1407,45/4
1408,787
1409,125
1410,139
1411,
1412,100
1413,40
1414,240
1415,8
1416,31500
1417,3
1418,240
1419,31
1420,7/15
1421,30.6
1422,33.45
1423,3.6
1424,0.008
1425,9
1426,9
1427,-6
1428,504
1429,18
1430,22.5
1431,28
1432,48
1433,84
1434,-1.86667
1435,44.3
1436,190
1437,271.32
1438,13.24675
1439,72000
1440,80
1441,11
1442,110
1443,288/5
1444,54
1445,15
1446,13950
1447,53
1448,0.15
1449,4
1450,44
1451,132
1452,180
1453,307
1454,36
1455,40
1456,169
1457,31
1458,58
1459,9
1460,3612
1461,3920
1462,20
1463,-165
1464,10
1465,290
1466,7/2
1467,280
1468,0.1445
1469,1.1
1470,137
1471,144
1472,320000
1473,45
1474,26
1475,8
1476,50
1477,9000
1478,18
1479,48
1480,0.6
1481,8448
1482,-14
1483,3
1484,-23/48
1485,100
1486,304/15
1487,33
1488,8
1489,56
1490,3.5
1491,129/2
1492,0
1493,2125
1494,32
1495,500000
1496,72
1497,-4
1498,8.08
1499,2370
1500,91
1501,18/5
1502,149
1503,2
1504,371
1505,10
1506,40
1507,48
1508,18.4
1509,180
1510,945
1511,1/16
1512,160000
1513,180
1514,120
1515,520
1516,36
1517,1.55
1518,6555
1519,144
1520,90
1521,44
1522,300
1523,820000
1524,331
1525,16
1526,280
1527,15
1528,2.56
1529,780
1530,414/5
1531,12
1532,25
1533,-47.5
1534,4800
1535,1/2
1536,5/2
1537,-5
1538,1/21
1539,160
1540,256
1541,150.72
1542,65
1543,1440
1544,12
1545,400
1546,400
1547,20
1548,1/16
1549,2
1550,1300
1551,40
1552,-3600
1553,50
1554,64
1555,753.6
1556,22.608
1557,1
1558,400
1559,200
1560,64000/19
1561,102
1562,10
1563,120
1564,1
1565,-600
1566,2400
1567,4.75
1568,4800
1569,1
1570,3000
1571,-64/5
1572,31.4
1573,15/4
1574,520/7
1575,90
1576,235.5
1577,-2.50211
1578,210
1579,288
1580,15.625
1581,4
1582,125
1583,160
1584,125
1585,100/3
1586,2160
1587,-114
1588,82
1589,0.12
1590,73
1591,288/7
1592,144
1593,175
1594,50
1595,2520
1596,5.2
1597,22.2%
1598,100
1599,37
1600,120
1601,
1602,15/2
1603,1600
1604,30
1605,350/3
1606,1512
1607,135
1608,5
1609,50.24
1610,251.2
1611,251.2
1612,8500/11
1613,5/16
1614,37.68
1615,52
1616,871
1617,13
1618,40/3
1619,480
1620,45
1621,450
1622,604.8
1623,120
1624,660/89
1625,166.42667
1626,28
1627,25
1628,3/2
1629,8/11
1630,1600
1631,7/12
1632,15
1633,47/15
1634,8.5
1635,20
1636,8
1637,54
1638,5
1639,1/5
1640,84
1641,17.16
1642,64
1643,780
1644,12.32
1645,5000
1646,25.12
1647,0.0125
1648,12
1649,3645
1650,1770
1651,50
1652,26250
1653,3.18052
1654,193.3%
1655,628
1656,149
1657,1200
1658,31/3
1659,8040
1660,1600
1661,4
1662,6
1663,20
1664,3.2
1665,17
1666,46/3
1667,121/10
1668,625
1669,36.33
1670,16/25
1671,109450
1672,225/2
1673,28
1674,89
1675,18
1676,3465/433
1677,5
1678,54
1679,24500
1680,-147
1681,3200
1682,500
1683,1000
1684,18/5
1685,40/3
1686,150
1687,30
1688,62800
1689,150
1690,1120
1691,160
1692,120
1693,45
1694,50.24
1695,1600
1696,2.08
1697,19720
1698,30
1699,12
1700,51
1701,-7
1702,6.86
1703,3.4
1704,8/3
1705,5
1706,8/9
1707,68/3
1708,6000
1709,-2.83333
1710,768
1711,0.034
1712,120
1713,4050/101
1714,
1715,9
1716,9
1717,400
1718,15
1719,720
1720,2/7
1721,64.8076
1722,1
1723,48/5
1724,0.16667
1725,22
1726,320
1727,502.4
1728,8
1729,360
1730,12/5
1731,-120
1732,110
1733,33.5
1734,25
1735,640
1736,315
1737,470/3
1738,1720/7
1739,-236
1740,267
1741,60
1742,65/3
1743,1380
1744,75
1745,160
1746,80
1747,36
1748,16
1749,320
1750,-113
1751,
1752,7
1753,1.74
1754,25
1755,45
1756,
1757,300
1758,62.8
1759,27
1760,-352
1761,192
1762,-32.13
1763,415
1764,-180
1765,131.25
1766,102
1767,30
1768,36
1769,8
1770,201
1771,1800
1772,450
1773,2682
1774,64/5
1775,1600/7
1776,3200
1777,650
1778,22960
1779,1030
1780,33333
1781,9
1782,1175
1783,1800
1784,67
1785,128
1786,765
1787,2
1788,952
1789,160
1790,600
1791,250
1792,20
1793,11460
1794,38/7
1795,0
1796,1
1797,80/3
1798,24
1799,500
1800,400
1801,10
1802,3360
1803,24/5
1804,150
1805,942
1806,7200
1807,44
1808,500/3
1809,8
1810,660
1811,8
1812,1256
1813,75/2
1814,15
1815,72
1816,1
1817,20
1818,102
1819,48
1820,640
1821,27
1822,218
1823,10
1824,1323
1825,1355
1826,100
1827,62
1828,160
1829,1560.58
1830,40
1831,15
1832,5
1833,5928
1834,272
1835,125.6
1836,13209
1837,65
1838,8
1839,8
1840,120
1841,750000
1842,24
1843,4
1844,280
1845,50.24
1846,225/2
1847,702
1848,9
1849,3000
1850,818
1851,151.8
1852,295
1853,1035
1854,59.1576
1855,12
1856,4000
1857,4500
1858,60
1859,20
1860,-74
1861,1004.8
1862,96
1863,12
1864,42
1865,31/3
1866,1210
1867,79
1868,761/189
1869,6720
1870,5670
1871,280
1872,5400
1873,8000
1874,0.5
1875,11
1876,24
1877,7
1878,126
1879,216
1880,12.56
1881,6.97
1882,6
1883,3888
1884,1088
1885,-11
1886,20
1887,6
1888,1920
1889,3
1890,16
1891,100%
1892,-18
1893,50.24
1894,100
1895,64
1896,2/15
1897,3
1898,1/6
1899,40
1900,9
1901,180
1902,3600
1903,2.4
1904,9
1905,480
1906,840
1907,888
1908,27
1909,15.75
1910,33750
1911,1469
1912,5
1913,9
1914,0.148
1915,108
1916,12
1917,11
1918,6881
1919,96
1920,12
1921,
1922,11
1923,5166
1924,42
1925,180
1926,1000/3
1927,72
1928,66
1929,1039.968
1930,20
1931,175.84
1932,20
1933,6
1934,321750
1935,2/5
1936,720
1937,339.12
1938,20
1939,4000
1940,1600/3
1941,3.2
1942,125.6
1943,2000
1944,15.6
1945,1
1946,5445/4
1947,350
1948,12
1949,39/1600
1950,80%
1951,270
1952,5
1953,39
1954,4
1955,4900
1956,0.7
1957,217
1958,78.5
1959,186
1960,
1961,0.16
1962,3740
1963,16
1964,38624
1965,4
1966,565
1967,280
1968,31.4
1969,12
1970,89
1971,4.1
1972,36
1973,314.0
1974,6
1975,42
1976,4956
1977,60
1978,75
1979,7
1980,-1995
1981,66
1982,14.4
1983,25
1984,12
1985,84
1986,250
1987,72/5
1988,68.57143
1989,2300
1990,201
1991,4212
1992,5999.9889
1993,427.5
1994,22
1995,92.1
1996,18
1997,1/2
1998,3.5
1999,1.6
2000,24
2001,168
2002,5
2003,81
2004,8
2005,45
2006,260
2007,885
2008,896
2009,621
2010,1
2011,45
2012,2800
2013,0.05
2014,12
2015,5
2016,
2017,5
2018,75/2
2019,21600
2020,25
2021,576/5
2022,4300/3
2023,400
2024,25
2025,12.2
2026,-1300
2027,15
2028,4
2029,-15%
2030,-2.5%
2031,175/39
2032,3
2033,56
2034,8640
2035,2300
2036,648
2037,43200
2038,384
2039,3/20
2040,1.7
2041,452.16
2042,157000
2043,1714
2044,1.60714
2045,7
2046,240
2047,10
2048,200
2049,20
2050,101
2051,1159
2052,432
2053,748.8
2054,5
2055,301.44
2056,423
2057,41
2058,0.08
2059,4750
2060,5000/3
2061,42
2062,208/9
2063,16.9
2064,24
2065,150
2066,7500
2067,1
2068,3.14
2069,315
2070,63/2
2071,270
2072,18000
2073,0.24
2074,880
2075,123/2
2076,1000
2077,4
2078,240
2079,2000
2080,-2.9
2081,22
2082,35
2083,24/5
2084,3750000
2085,80
2086,942
2087,54
2088,900/7
2089,1740
2090,112
2091,108
2092,72
2093,900
2094,672
2095,6.594
2096,62.8
2097,3
2098,6/5
2099,28
2100,780
2101,20
2102,20
2103,2.512
2104,96
2105,195
2106,126
2107,100.48
2108,1560
2109,2464
2110,833
2111,16
2112,16
2113,19.968
2114,24
2115,622
2116,6
2117,185.79235
2118,628
2119,84
2120,60
2121,88
2122,3215.36
2123,29.5788
2124,35.5
2125,3.14
2126,830
2127,121
2128,268
2129,76
2130,24/5
2131,300
2132,15
2133,3720
2134,7
2135,13.188
2136,22
2137,65/9
2138,6
2139,12
2140,2.5
2141,8
2142,11
2143,6
2144,0.4
2145,268
2146,1296
2147,28800
2148,1/4
2149,80/11
2150,452.16
2151,489.84
2152,-41
2153,62.8
2154,699
2155,64/25
2156,3
2157,120
2158,42
2159,45.216
2160,3595
2161,480
2162,1092
2163,180
2164,110
2165,34
2166,124
2167,3320
2168,181.5
2169,6480
2170,2250
2171,720
2172,
2173,11183
2174,6
2175,3%
2176,65%
2177,316/3
2178,-2
2179,-30
2180,985.96
2181,120
2182,715
2183,36
2184,1710
2185,1040
2186,33
2187,441
2188,1456
2189,0.3
2190,2700/13
2191,36
2192,4.5
2193,56
2194,2
2195,3400
2196,24
2197,0.4
2198,100
2199,12
2200,55/9
2201,464
2202,2520
2203,11400
2204,5
2205,4
2206,48
2207,0.22857
2208,16
2209,210
2210,496
2211,628
2212,25
2213,600
2214,1.3
2215,24/5
2216,87
2217,496
2218,10
2219,354
2220,10890
2221,1245
2222,495
2223,13
2224,0.23687
2225,36000
2226,4.8
2227,80
2228,6.3
2229,750
2230,75.36
2231,4
2232,6
2233,4.5
2234,1.07
2235,2.04
2236,18
2237,31
2238,74
2239,500/3
2240,3000
2241,2250
2242,1920
2243,6300
2244,45
2245,1.1
2246,7
2247,486
2248,4.5
2249,1920
2250,471
2251,240
2252,114
2253,18
2254,8640
2255,9
2256,300
2257,5750
2258,32
2259,58
2260,720
2261,84%
2262,18%
2263,49.8
2264,-60
2265,100
2266,232
2267,22.5
2268,44
2269,24
2270,1
2271,80
2272,48.4
2273,184/5
2274,4
2275,729
2276,1053
2277,320
2278,300
2279,46
2280,45
2281,1260
2282,3000
2283,1190
2284,3600
2285,60
2286,2200
2287,18
2288,13
2289,14000
2290,100
2291,45
2292,45
2293,40
2294,336
2295,1981.38522
2296,72
2297,5
2298,0.02
2299,62.8
2300,24
2301,3
2302,300
2303,10
2304,62.8
2305,12.56
2306,13
2307,0
2308,14
2309,25/3
2310,24
2311,66
2312,8
2313,250/9
2314,1225
2315,6
2316,1872
2317,420
2318,6/5
2319,9
2320,18
2321,360
2322,48011/100
2323,7.2
2324,75
2325,1000
2326,1537
2327,1120
2328,2
2329,200
2330,375
2331,-45
2332,60/7
2333,4200
2334,1.56
2335,80
2336,12
2337,5
2338,757
2339,2
2340,2
2341,95
2342,9.6
2343,347/81
2344,5/84
2345,39/5
2346,52
2347,432
2348,48
2349,327
2350,1080
2351,50
2352,90
2353,4
2354,300
2355,400
2356,14107
2357,66
2358,122.375
2359,1243
2360,80000%
2361,12
2362,448
2363,105.6
2364,476
2365,330
2366,5400
2367,12.56
2368,8/3
2369,4
2370,600/13
2371,7
2372,7.536
2373,45
2374,125.6
2375,40
2376,16
2377,43
2378,48
2379,12.1
2380,120
2381,24
2382,12
2383,3231
2384,352
2385,222
2386,56
2387,930
2388,15
2389,3/4
2390,-360
2391,20
2392,210
2393,15
2394,27.8
2395,12
2396,191
2397,98/3
2398,0
2399,277.8%
2400,4.8
2401,56/3
2402,0.002
2403,8
2404,70
2405,32/3
2406,-11
2407,58.5
2408,11
2409,81.52866
2410,4
2411,24
2412,17/2
2413,4
2414,40/3
2415,2800
2416,28.26
2417,875
2418,80
2419,50
2420,-28.43
2421,600
2422,6
2423,7/6
2424,3.3
2425,252
2426,16
2427,8
2428,75
2429,7.2
2430,1
2431,60/7
2432,
2433,4/15
2434,120
2435,120
2436,39.55
2437,89.6
2438,37
2439,8
2440,34
2441,1
2442,36
2443,25
2444,40
2445,320
2446,150
2447,2275
2448,14
2449,41618
2450,33/20
2451,30
2452,
2453,193.4
2454,233
2455,0
2456,20%
2457,176
2458,1
2459,94.2
2460,
2461,11
2462,1
2463,28
2464,5338
2465,135
2466,25.12
2467,6
2468,44
2469,3200
2470,16
2471,44
2472,38
2473,120
2474,120
2475,80
2476,25
2477,35
2478,25
2479,60
2480,44
2481,8
2482,24
2483,8
2484,28.26
2485,600
2486,500
2487,206
2488,-26
2489,8
2490,4
2491,-1
2492,402
2493,28600
2494,7
2495,1078/5
2496,25
2497,10800
2498,3/4
2499,-56
2500,1500/13
2501,-202
2502,2000
2503,47.1
2504,65%
2505,10
2506,40/9
2507,14/5
2508,480
2509,240
2510,6
2511,376.8
2512,7630
2513,18.84
2514,-5.54
2515,120
2516,3
2517,7.536
2518,56.52
2519,-36
2520,529/2
2521,5840
2522,153.86
2523,4
2524,14
2525,784
2526,48
2527,60
2528,40
2529,66
2530,18
2531,80/9
2532,875
2533,60
2534,15
2535,1.5
2536,32
2537,216
2538,0.2
2539,108
2540,6
2541,47
2542,12
2543,1/2
2544,300
2545,60
2546,1056
2547,200
2548,950
2549,21
2550,4
2551,5
2552,30/19
2553,12.5%
2554,121
2555,294.5
2556,16
2557,314
2558,9/2
2559,6400/3
2560,36%
2561,120
2562,9.2
2563,30
2564,30
2565,8
2566,31
2567,6.28
2568,2
2569,720
2570,140
2571,2842
2572,1
2573,3
2574,80
2575,40
2576,4
2577,42.5
2578,-15.7
2579,166
2580,18.4
2581,72
2582,12
2583,36
2584,25
2585,1600
2586,72
2587,3
2588,42
2589,5
2590,12.24
2591,33
2592,0
2593,20
2594,150
2595,-1/50
2596,270
2597,159/20
2598,43.2
2599,80
2600,125
2601,3360
2602,2400
2603,12.6
2604,16
2605,-4
2606,5
2607,0.00027
2608,6.4
2609,4
2610,280
2611,49
2612,1364
2613,5625
2614,-290
2615,1430
2616,12.2
2617,6750
2618,600
2619,6480
2620,96%
2621,1/5
2622,-2
2623,15
2624,56
2625,50.24
2626,12.56
2627,36
2628,84%
2629,160
2630,819/10
2631,600
2632,0.00048
2633,74
2634,942/5
2635,200/3
2636,42
2637,2449.2
2638,20
2639,2
2640,3
2641,9
2642,10
2643,480
2644,8
2645,160
2646,10
2647,14
2648,640
2649,60
2650,25.12
2651,20
2652,4
2653,300
2654,1800/13
2655,2.4
2656,5/6
2657,-6
2658,3
2659,20.85
2660,37.68
2661,250/3
2662,3000/7
2663,-1
2664,90
2665,1728
2666,44
2667,98%
2668,345
2669,184/3
2670,8/19
2671,600
2672,3500
2673,48
2674,12/5
2675,35
2676,
2677,14
2678,784
2679,78.4
2680,316
2681,12
2682,285.71429
2683,60000
2684,10000
2685,2800
2686,75%
2687,10000
2688,2448
2689,-75
2690,264
2691,5440
2692,-960
2693,246
2694,4.9
2695,64
2696,94.2
2697,530
2698,210
2699,24
2700,12
2701,96/7
2702,3600
2703,8
2704,84
2705,20
2706,5
2707,6
2708,21
2709,3.7
2710,91
2711,13
2712,10.2
2713,80
2714,2
2715,370
2716,4521.6
2717,60
2718,18
2719,5/2
2720,10850
2721,1512
2722,19200
2723,2223
2724,20400
2725,18
2726,15
2727,69
2728,2220
2729,10
2730,696/5
2731,7/3
2732,2/3
2733,200
2734,6
2735,0
2736,9000
2737,1000
2738,22.05882
2739,22
2740,420
2741,75/7
2742,9250
2743,17/49
2744,40
2745,45
2746,41/65
2747,15
2748,300
2749,64
2750,186
2751,16
2752,1000
2753,1/5
2754,15
2755,160
2756,1.26
2757,200
2758,216
2759,1.6
2760,2000
2761,156/5
2762,40
2763,432
2764,693
2765,20.8
2766,32
2767,6
2768,419
2769,25
2770,400
2771,440
2772,6
2773,-1339
2774,-105/11
2775,24
2776,5
2777,14
2778,100
2779,250
2780,35/3
2781,14
2782,3/5
2783,8
2784,375
2785,8
2786,980
2787,288
2788,41
2789,13
2790,7
2791,0
2792,36
2793,-48
2794,50
2795,100
2796,7.0875
2797,20/3
2798,0.05914
2799,6
2800,7/2
2801,432
2802,7
2803,100
2804,3087
2805,246
2806,200
2807,15
2808,225/2
2809,30
2810,150.72
2811,1344
2812,1760/3
2813,24
2814,15.072
2815,0.5
2816,12
2817,9
2818,280
2819,-120
2820,12.56
2821,130
2822,480
2823,98/3
2824,155/11
2825,70
2826,3520
2827,3
2828,2000/3
2829,144
2830,51/14
2831,17
2832,10
2833,30
2834,348
2835,42
2836,1
2837,680
2838,2400/11
2839,-80%
2840,90
2841,7/3
2842,30
2843,21
2844,4225
2845,376.8
2846,1200
2847,12
2848,94.2
2849,846
2850,729
2851,50.24
2852,6
2853,4000
2854,27/2
2855,9.1%
2856,10
2857,28
2858,3
2859,10
2860,5500
2861,308
2862,283/273
2863,
2864,112
2865,24
2866,304
2867,50/3
2868,9.42
2869,1000
2870,280
2871,25
2872,1188
2873,1
2874,50.24
2875,750
2876,39
2877,425%
2878,910
2879,32
2880,17
2881,7200
2882,96%
2883,30
2884,80
2885,54/5
2886,75
2887,1256
2888,16560
2889,251.2
2890,1610
2891,405
2892,6
2893,8
2894,230
2895,72%
2896,3.2
2897,67
2898,2370
2899,1375
2900,28
2901,527
2902,53
2903,10800
2904,-15
2905,22
2906,176
2907,0.6
2908,50.24
2909,168
2910,5
2911,72
2912,505
2913,-24
2914,4
2915,160
2916,0
2917,301.44
2918,55
2919,379
2920,200
2921,24
2922,40
2923,6600
2924,4/5
2925,0.8
2926,11685
2927,40
2928,750
2929,8
2930,132000
2931,10
2932,8013
2933,-100
2934,8
2935,3.14
2936,80/3
2937,78.5
2938,15
2939,0.01
2940,2250
2941,326
2942,5024
2943,96
2944,12
2945,2260.8
2946,1970
2947,125.6
2948,498
2949,462
2950,36
2951,3.63
2952,36
2953,-555
2954,800/3
2955,16875
2956,36
2957,4
2958,36
2959,8
2960,32
2961,3
2962,41
2963,100
2964,50.24
2965,17/2
2966,10
2967,630
2968,420
2969,210
2970,8
2971,148.4
2972,60
2973,1/10
2974,6
2975,12
2976,15/8
2977,125.6
2978,180
2979,17
2980,60/7
2981,94.6%
2982,448/3
2983,4000
2984,400
2985,275
2986,1.68
2987,53
2988,115
2989,3
2990,14.84
2991,8.4
2992,78.5
2993,958.68
2994,1800
2995,48/5
2996,100
2997,304
2998,18
2999,30/13
3000,32
3001,137
3002,88
3003,113.04
3004,46.5
3005,5
3006,540
3007,15
3008,1890
3009,135.648
3010,31.4
3011,21.78
3012,35.168
3013,1271
3014,31.4
3015,5000
3016,18
3017,50
3018,100
3019,720
3020,50
3021,-275
3022,40
3023,4800
3024,15
3025,600
3026,22
3027,39200
3028,37.68
3029,1.44
3030,60
3031,742
3032,54/5
3033,18/5
3034,8
3035,1
3036,140
3037,5
3038,87%
3039,1800
3040,125.6
3041,-3
3042,12
3043,3
3044,4000
3045,15
3046,-748
3047,1680
3048,8
3049,1/2
3050,3.4
3051,248
3052,15
3053,0
3054,39
3055,-750
3056,400
3057,1
3058,192
3059,2688/5
3060,650
3061,7488
3062,50.24
3063,28.26
3064,76
3065,260
3066,960
3067,60
3068,140
3069,1000
3070,120
3071,826
3072,480%
3073,124
3074,4.3
3075,360
3076,25
3077,2512
3078,18
3079,113
3080,38
3081,112
3082,2512
3083,0.78
3084,12
3085,72
3086,1050
3087,5
3088,12
3089,8
3090,98%
3091,135
3092,2646/5
3093,2964
3094,91.8
3095,408
3096,65
3097,1.2
3098,314
3099,3
3100,2.36
3101,157/5
3102,1250
3103,24
3104,9
3105,48
3106,144/5
3107,300
3108,530
3109,11/3
3110,4
3111,180
3112,192
3113,160
3114,470
3115,1.1
3116,2100
3117,240
3118,85
3119,45
3120,12.56
3121,204
3122,1500
3123,4/3
3124,1
3125,160
3126,750
3127,140
3128,1980
3129,400
3130,3250
3131,27
3132,10
3133,8.5
3134,1000
3135,12
3136,40.82
3137,29
3138,640
3139,-4
3140,97.5%
3141,12000
3142,-5
3143,20
3144,2000
3145,508
3146,4
3147,27000
3148,1.1
3149,15000
3150,22
3151,4
3152,12
3153,150
3154,15
3155,12
3156,24
3157,10.8
3158,121
3159,12
3160,32000
3161,175/11
3162,10.56
3163,20%
3164,1.44
3165,64
3166,45
3167,26
3168,94
3169,6
3170,20
3171,40
3172,32
3173,15
3174,76
3175,140
3176,1791
3177,
3178,624
3179,48
3180,2700
3181,36.3
3182,6.4
3183,0.7
3184,4320
3185,186
3186,5.5
3187,-435
3188,807
3189,5
3190,72
3191,1190
3192,184
3193,60
3194,720
3195,30
3196,52
3197,6400
3198,1800
3199,465
3200,70/3
3201,7776
3202,3600
3203,48
3204,372
3205,25
3206,105
3207,470
3208,93
3209,85
3210,120
3211,135
3212,72
3213,8
3214,9
3215,75
3216,600
3217,800
3218,24
3219,130
3220,11
3221,4
3222,15
3223,420
3224,360
3225,175
3226,120
3227,3/4
3228,60
3229,8
3230,2520
3231,384
3232,360
3233,41
3234,41
3235,2880
3236,936
3237,3250/3
3238,175
3239,85
3240,252
3241,209700
3242,1158
3243,1160
3244,1600
3245,50
3246,1820
3247,372
3248,1880
3249,1800
3250,280
3251,78
3252,300
3253,1200
3254,30
3255,6
3256,25/16
3257,3
3258,8
3259,4
3260,1692
3261,8
3262,3750
3263,24
3264,3
3265,7
3266,14
3267,1980
3268,35
3269,186
3270,225
3271,24
3272,27
3273,8
3274,75
3275,336
3276,180
3277,35
3278,305
3279,625
3280,784
3281,5124
3282,6
3283,32
3284,1208
3285,82
3286,11
3287,9
3288,7632
3289,5400
3290,250
3291,218
3292,1080
3293,9
3294,45
3295,29
3296,86
3297,200
3298,1000
3299,105
3300,4433/20
3301,27
3302,228
3303,109
3304,99
3305,11
3306,447
3307,477
3308,103
3309,39
3310,112
3311,660
3312,84
3313,9
3314,31
3315,7
3316,63
3317,315
3318,362
3319,8
3320,220
3321,54
3322,605
3323,21
3324,7680
3325,60
3326,200
3327,8250
3328,1425
3329,32
3330,80
3331,90
3332,250
3333,2160
3334,420
3335,90
3336,203
3337,2387
3338,448
3339,576
3340,200
3341,720
3342,95
3343,4
3344,569
3345,5
3346,100
3347,15
3348,1800
3349,180
3350,32
3351,13
3352,13
3353,48
3354,39
3355,2600
3356,784
3357,130
3358,60
3359,86
3360,550
3361,104
3362,204
3363,126
3364,295
3365,40
3366,37
3367,300
3368,119
3369,10
3370,13500
3371,1485
3372,5888
3373,1320
3374,658
3375,1800
3376,-11
3377,910
3378,300
3379,256
3380,27
3381,1043
3382,105
3383,117
3384,1122
3385,84
3386,239
3387,15
3388,24
3389,25
3390,98
3391,27
3392,960
3393,60
3394,40
3395,130
3396,78
3397,25
3398,-60
3399,100
3400,755
3401,90
3402,54
3403,52
3404,-30
3405,89
3406,326
3407,200
3408,19
3409,32
3410,7
3411,-31
3412,216
3413,4185
3414,-5999
3415,207
3416,13
3417,300/61
3418,16
3419,990
3420,52
3421,111
3422,552
3423,5014
3424,1764
3425,1
3426,6240
3427,1728
3428,750
3429,25
3430,3
3431,38
3432,800
3433,4
3434,131
3435,8.405
3436,24
3437,3/2
3438,104
3439,87
3440,0.72
3441,390
3442,-1800
3443,5/7
3444,2015
3445,279
3446,700
3447,9/40
3448,180
3449,96
3450,1400
3451,172
3452,5200
3453,103/15
3454,324
3455,98
3456,20
3457,38
3458,60
3459,8
3460,-33
3461,4
3462,15
3463,42/125
3464,34
3465,3
3466,690
3467,180
3468,57.9
3469,1075
3470,43.2
3471,15
3472,13.5
3473,1000
3474,13
3475,130
3476,2
3477,25
3478,8
3479,600
3480,720
3481,4.88136
3482,100/3
3483,12206.25
3484,800
3485,12
3486,6
3487,135/2
3488,288
3489,150
3490,20
3491,192
3492,-125
3493,420
3494,100
3495,60
3496,1/10
3497,648/125
3498,1.2
3499,
3500,6
3501,16
3502,100
3503,800
3504,2000
3505,3120
3506,-288
3507,10
3508,275
3509,3200
3510,300
3511,420
3512,
3513,875
3514,-56.5
3515,5760
3516,352
3517,120
3518,1
3519,3500
3520,192
3521,8
3522,24
3523,8
3524,36
3525,500
3526,300
3527,114
3528,315/71
3529,58
3530,5/2
3531,75/14
3532,253
3533,320
3534,4
3535,20
3536,9
3537,6
3538,192
3539,156
3540,50
3541,2400
3542,12180
3543,2600
3544,6
3545,54
3546,1/12
3547,1494
3548,588
3549,2000
3550,439
3551,75
3552,-15
3553,5050
3554,205
3555,720
3556,316
3557,585
3558,250000
3559,40000/81
3560,428
3561,1400
3562,840
3563,9
3564,3800
3565,862
3566,32
3567,123
3568,1488
3569,2
3570,736
3571,6
3572,17
3573,35
3574,42
3575,8800
3576,6
3577,88
3578,24
3579,0
3580,3960
3581,80
3582,74
3583,-6/5
3584,9720
3585,45
3586,40
3587,1395
3588,6480
3589,
3590,4500
3591,52
3592,144
3593,50
3594,145
3595,2160
3596,175
3597,21
3598,23
3599,51/5
3600,114
3601,89600
3602,74
3603,817
3604,1500
3605,640
3606,40
3607,60
3608,42
3609,6
3610,1/5
3611,100
3612,634.2
3613,4/5
3614,945
3615,8
3616,480
3617,112
3618,2560
3619,160
3620,120
3621,1
3622,450
3623,1
3624,1/2
3625,4000
3626,102
3627,512
3628,1080
3629,15
3630,1200
3631,920
3632,660
3633,13000
3634,3575
3635,125
3636,140
3637,519
3638,1
3639,300
3640,166
3641,6
3642,108
3643,3330
3644,21.45
3645,91
3646,6
3647,2450
3648,21
3649,690
3650,20
3651,3
3652,48
3653,250
3654,1296
3655,243/10
3656,161
3657,1035
3658,70
3659,982
3660,24
3661,3600
3662,5
3663,-3/2
3664,1.28571
3665,566
3666,98
3667,45
3668,900
3669,588
3670,2916
3671,1440
3672,93
3673,100
3674,14.5
3675,640
3676,4770
3677,60312
3678,4.225
3679,5880
3680,10080
3681,1380
3682,1/5
3683,60
3684,7.25
3685,272
3686,1536
3687,400
3688,1000
3689,384
3690,300
3691,171/4
3692,35
3693,39
3694,1118
3695,504
3696,2
3697,-9
3698,7500
3699,213
3700,1632
3701,390
3702,880
3703,4
3704,1350
3705,17/4
3706,4500
3707,120
3708,-8
3709,36
3710,6
3711,104
3712,18090
3713,8
3714,144
3715,570
3716,10000
3717,509
3718,106
3719,684
3720,13/12
3721,318
3722,655
3723,72
3724,158625
3725,7
3726,24
3727,400
3728,12
3729,150
3730,1250
3731,84
3732,5600
3733,16
3734,534
3735,800
3736,107
3737,3800
3738,640
3739,14000
3740,429
3741,600
3742,728
3743,4710
3744,70
3745,675
3746,212
3747,18
3748,300
3749,30
3750,2536
3751,45
3752,200
3753,288
3754,378
3755,360
3756,1
3757,52
3758,3360
3759,5000
3760,270
3761,96
3762,410
3763,3
3764,0.42
3765,11
3766,4
3767,2210
3768,300
3769,8
3770,49
3771,2160
3772,108
3773,1312
3774,600
3775,20
3776,20000
3777,40
3778,76475
3779,9/2
3780,2208
3781,15
3782,11111
3783,175
3784,20
3785,16/5
3786,23800
3787,-43
3788,828
3789,572
3790,650
3791,3430
3792,126
3793,65
3794,190
3795,93.6
3796,24
3797,18
3798,84
3799,938
3800,1100
3801,1.08
3802,8130
3803,3
3804,9
3805,84
3806,1679
3807,4400
3808,54
3809,6
3810,10
3811,144
3812,60
3813,45
3814,900
3815,24
3816,667
3817,15
3818,45
3819,36
3820,10850
3821,40
3822,36
3823,20
3824,120
3825,1200
3826,36
3827,45
3828,2160
3829,1770
3830,574
3831,43.2
3832,112000
3833,56
3834,180
3835,540
3836,768
3837,8
3838,45
3839,2970
3840,8100
3841,1232
3842,192
3843,1273
3844,6
3845,3/13
3846,7
3847,576
3848,-132
3849,1950
3850,90
3851,256
3852,75/8
3853,54
3854,2520
3855,175
3856,3456
3857,216
3858,455
3859,2500
3860,960
3861,96
3862,140
3863,1440
3864,936
3865,3900
3866,1680
3867,375
3868,368
3869,5000
3870,5/2
3871,40
3872,28
3873,1120
3874,27
3875,5760
3876,54
3877,120
3878,716
3879,3000
3880,10.24
3881,-110
3882,-120
3883,310
3884,14
3885,179
3886,216
3887,80
3888,100
3889,7200
3890,144
3891,120
3892,1.46
3893,108
3894,3
3895,24
3896,270
3897,9
3898,28
3899,155/7
3900,-38/3
3901,30
3902,40
3903,2800
3904,0
3905,84
3906,144
3907,168
3908,14.5
3909,0.36
3910,410
3911,-350
3912,637
3913,28
3914,18414
3915,2812
3916,900
3917,10
3918,3360
3919,312
3920,4
3921,610
3922,2100
3923,18
3924,775
3925,-100/3
3926,145
3927,240
3928,225
3929,150
3930,169
3931,4.08
3932,0.1
3933,2050/11
3934,125
3935,25
3936,1680
3937,27/10
3938,651
3939,9720
3940,396
3941,1247
3942,3
3943,768
3944,18.75
3945,3/2
3946,204
3947,19/6
3948,60
3949,50/53
3950,1035
3951,420
3952,84
3953,81
3954,462
3955,1600
3956,682
3957,5
3958,6
3959,24
3960,128.33333
3961,81
3962,64
3963,375
3964,437
3965,130/3
3966,3840
3967,5/3
3968,384
3969,24/7
3970,10000
3971,80
3972,655
3973,422
3974,60
3975,40
3976,-13/4
3977,43.86154
3978,96
3979,360
3980,14
3981,2925/2
3982,4
3983,180
3984,22/105
3985,300
3986,51
3987,-1440
3988,10656/5
3989,40
3990,2100
3991,16/7
3992,-9950
3993,69
3994,360
3995,212
3996,18
3997,46
3998,600
3999,35
4000,102
4001,51
4002,1485
4003,1744
4004,-1517
4005,52800
4006,76
4007,31/3
4008,150/19
4009,32
4010,740
4011,2
4012,12
4013,75/4
4014,135
4015,-57.18182
4016,20
4017,221
4018,3.2
4019,18.4
4020,9
4021,0.5
4022,45
4023,230
4024,-129
4025,-600
4026,3046
4027,24/5
4028,400
4029,24
4030,14
4031,288
4032,2/5
4033,960
4034,17
4035,8
4036,264
4037,624
4038,79280
4039,1278
4040,64.6
4041,500
4042,50
4043,800
4044,12
4045,160
4046,2400
4047,18000
4048,88
4049,288
4050,96
4051,0
4052,150
4053,18
4054,0.0018
4055,126
4056,12
4057,250
4058,234
4059,288
4060,240
4061,108.5
4062,48
4063,645
4064,2
4065,174/5
4066,152
4067,-1408
4068,20
4069,1008
4070,-170.5
4071,1875
4072,79
4073,110
4074,1400
4075,91/1250
4076,30
4077,6
4078,13.25
4079,5000
4080,8
4081,176
4082,965
4083,1712
4084,6
4085,4340
4086,92/3
4087,1442
4088,16/3
4089,-16
4090,48
4091,930
4092,22
4093,20
4094,9600
4095,3284
4096,1
4097,3
4098,2035
4099,2040
4100,120
4101,25
4102,800
4103,20/1799
4104,2700
4105,1600
4106,160
4107,576
4108,61
4109,33
4110,-2
4111,6/5
4112,5
4113,37
4114,4060
4115,90
4116,8
4117,12
4118,12
4119,3450
4120,24
4121,9/2
4122,52
4123,9
4124,12
4125,340
4126,300000
4127,1130
4128,98
4129,75
4130,3500
4131,722
4132,1095
4133,26.2
4134,236
4135,23.4
4136,456
4137,5/6
4138,67/6
4139,300
4140,50
4141,160
4142,480
4143,315
4144,1112
4145,215
4146,45
4147,65
4148,12
4149,1163
4150,202
4151,30
4152,22
4153,504
4154,837
4155,26/5
4156,-1/6
4157,424
4158,25
4159,-5
4160,70
4161,53
4162,0.314
4163,-3520
4164,870
4165,75
4166,109
4167,-39
4168,-7
4169,-5
4170,144
4171,294
4172,5.12
4173,3600
4174,864
4175,625
4176,28
4177,6392.45722
4178,200.96
4179,3
4180,4/5
4181,12
4182,4
4183,169
4184,640/3
4185,4.6
4186,10
4187,324
4188,0.5024
4189,4
4190,216
4191,125.6
4192,40
4193,39
4194,96%
4195,18.84
4196,850/7
4197,192
4198,50.24
4199,130
4200,144
4201,3
4202,130%
4203,
4204,12.56
4205,18750
4206,16
4207,610
4208,136
4209,780
4210,83
4211,33/2
4212,135/2
4213,15/2
4214,260
4215,30
4216,4
4217,10
4218,21
4219,1050
4220,196
4221,36
4222,144/7
4223,384
4224,40
4225,326.56
4226,-76
4227,180
4228,140/3
4229,60
4230,36
4231,75
4232,27.59333
4233,12.5%
4234,16.56
4235,56
4236,29
4237,72
4238,20
4239,6
4240,225
4241,30
4242,40
4243,850/3
4244,60
4245,1280
4246,700
4247,9
4248,1760
4249,30
4250,24/5
4251,-40
4252,900
4253,7.85
4254,900
4255,1.96
4256,33.6
4257,0
4258,1410
4259,165
4260,4
4261,1644
4262,16
4263,738
4264,288
4265,8
4266,1.3
4267,56
4268,5
4269,7.85
4270,4
4271,46
4272,10
4273,151
4274,96
4275,540
4276,0
4277,140
4278,30
4279,5472
4280,306
4281,-122.46
4282,12
4283,50
4284,27
4285,225
4286,43.2
4287,2700
4288,90
4289,495360
4290,80
4291,12
4292,11
4293,5855
4294,-75/4
4295,144
4296,64
4297,-413
4298,464
4299,40
4300,7
4301,240/13
4302,1440
4303,175
4304,300
4305,50
4306,4/3
4307,1600
4308,9/20
4309,200
4310,51/56
4311,1250/3
4312,30
4313,108
4314,20%
4315,10%
4316,2646
4317,155
4318,25
4319,18
4320,187
4321,4
4322,1
4323,-130
4324,1419.7824
4325,12.56
4326,51.46
4327,1.57
4328,60
4329,2.96
4330,16
4331,2606
4332,14.84
4333,288
4334,297
4335,-64
4336,125
4337,442/5
4338,1152
4339,64
4340,8%
4341,514
4342,180
4343,-3000
4344,16
4345,9.03333
4346,40%
4347,-18.2
4348,-500%
4349,224
4350,
4351,-1200
4352,6
4353,4
4354,
4355,0.9
4356,-175/2
4357,41.66667
4358,0.91
4359,18
4360,100
4361,384/5
4362,2
4363,80/3
4364,1440
4365,8/3
4366,60
4367,23/15
4368,-60
4369,18/29
4370,-84
4371,104462500
4372,24
4373,29
4374,39
4375,3/5
4376,38/3
4377,117
4378,50
4379,18
4380,18.84
4381,100
4382,10
4383,45
4384,350
4385,180
4386,21/5
4387,15.06667
4388,250
4389,-40
4390,-2000
4391,392
4392,6.3
4393,3
4394,18
4395,6400
4396,6400
4397,40000/3
4398,20/3
4399,7
4400,0
4401,2400
4402,192
4403,25
4404,72
4405,3
4406,142
4407,16.8
4408,65/2
4409,-6
4410,640
4411,2449
4412,1.2
4413,1704
4414,137
4415,40
4416,104
4417,80
4418,3140
4419,270
4420,9.26087
4421,15
4422,38/3
4423,151/2
4424,8490.56
4425,60
4426,8400
4427,8400
4428,150.72
4429,62.8
4430,94.2
4431,16
4432,2/3
4433,160
4434,4
4435,2381/12
4436,78.5
4437,14
4438,14.13
4439,12.56
4440,10
4441,2000
4442,2500%
4443,94200
4444,2008/3
4445,24
4446,630
4447,90
4448,100.48
4449,314
4450,28.26
4451,3
4452,50.24
4453,5/6
4454,1620
4455,36
4456,945
4457,306/5
4458,5
4459,168/25
4460,180
4461,254.34
4462,15000
4463,1017.36
4464,153.86
4465,28.26
4466,12
4467,21.98
4468,18
4469,840
4470,140
4471,450
4472,56.52
4473,0.3
4474,459000
4475,50.24
4476,4
4477,17/2
4478,2
4479,120
4480,75
4481,207
4482,6
4483,657
4484,240
4485,53
4486,72
4487,235.5
4488,5
4489,50.24
4490,78.5
4491,0.9
4492,62.8
4493,14.5
4494,-25/2
4495,96
4496,50.24
4497,28
4498,1384.74
4499,50
4500,153/2
4501,170
4502,3
4503,540
4504,50.24
4505,30%
4506,50.24
4507,25.12
4508,39.4384
4509,1106.11111
4510,25
4511,400
4512,40
4513,70
4514,65
4515,96/5
4516,62.8
4517,113.04
4518,65.94
4519,34
4520,2/9
4521,0.36
4522,5100
4523,25.12
4524,11.56
4525,979.68
4526,1175.616
4527,800
4528,1600
4529,1000
4530,96
4531,-25
4532,5000
4533,6
4534,100
4535,30
4536,135
4537,211.95
4538,226.1
4539,219.8
4540,2300
4541,7
4542,502.4
4543,28.26
4544,188
4545,282.6
4546,480
4547,160
4548,2400/239
4549,516
4550,50.24
4551,20%
4552,28.26
4553,600
4554,3.2
4555,218
4556,160.14
4557,282.6
4558,-73
4559,30
4560,2.54777
4561,50.24
4562,1.86667
4563,1.83333
4564,11/2
4565,3200
4566,1
4567,12.85
4568,314
4569,97.5%
4570,56.8
4571,43/360
4572,2
4573,15.7
4574,12.56
4575,4
4576,14
4577,2009.6
4578,1004.8
4579,7.536
4580,20/3
4581,188.4
4582,60
4583,60.288
4584,56/5
4585,50.24
4586,12.56
4587,157/250
4588,400
4589,1400
4590,-225
4591,4
4592,96
4593,62.8
4594,88/5
4595,6
4596,20/3
4597,20/3
4598,5
4599,55
4600,628
4601,125.6
4602,675
4603,175/3
4604,2.512
4605,12.56
4606,706.5
4607,50.24
4608,1380
4609,3974
4610,50
4611,6.28
4612,78.5
4613,50.24
4614,19.5
4615,9.42
4616,0.15
4617,2957.88
4618,240
4619,254.34
4620,50.24
4621,5555555.6%
4622,3
4623,32
4624,5024
4625,600
4626,2
4627,18.84
4628,144
4629,15
4630,11.2
4631,29
4632,1836/25
4633,80
4634,-20
4635,19
4636,50
4637,154
4638,5
4639,21
4640,-9
4641,314
4642,28.26
4643,25.12
4644,90
4645,52/55
4646,12.5
4647,64
4648,2
4649,198
4650,153.86
4651,10
4652,800
4653,23.5
4654,1000
4655,6.3
4656,3990
4657,452.16
4658,29
4659,33.6
4660,51.81
4661,1530
4662,12309
4663,147.58
4664,9.42
4665,63
4666,27
4667,18.84
4668,28
4669,7850
4670,27
4671,251.2
4672,49
4673,180/7
4674,350
4675,3
4676,12000
4677,16%
4678,184.3
4679,175.84
4680,12
4681,33/56
4682,25%
4683,16
4684,942
4685,109.9
4686,4
4687,1260
4688,900
4689,13/25
4690,1.6
4691,60
4692,75
4693,-87.92
4694,31.4
4695,-87.92
4696,70
4697,0.64
4698,26.8
4699,314
4700,-204.1
4701,101
4702,12.56
4703,100/9
4704,100/9
4705,3.14
4706,750
4707,189/2
4708,469
4709,17
4710,20%
4711,315
4712,1256
4713,112
4714,4069.44
4715,2.832
4716,10.28
4717,28.26
4718,720
4719,26.75238
4720,4/5
4721,562
4722,894
4723,70/67
4724,113.04
4725,19
4726,27
4727,20
4728,314
4729,60
4730,2.07006
4731,8/21
4732,650
4733,36
4734,11200
4735,7925.54086
4736,13/4
4737,-839
4738,3/20
4739,1600
4740,25.12
4741,192.2622
4742,0.02
4743,10.048
4744,750
4745,78.5
4746,3/4
4747,42
4748,62.8
4749,502.4
4750,1575
4751,12
4752,0.73882
4753,360
4754,194400/13
4755,7000/3
4756,62.8
4757,680
4758,3000
4759,40000/3
4760,50.24
4761,
4762,3.8
4763,2
4764,55
4765,45/2
4766,1884000
4767,1256
4768,10
4769,803.84
4770,153.86
4771,200.96
4772,12.597
4773,108
4774,87.64
4775,100/3
4776,773.9786
4777,235.5
4778,1.6%
4779,36
4780,30
4781,113.04
4782,31.4
4783,189
4784,564
4785,7850
4786,600
4787,300
4788,4
4789,0.5
4790,30
4791,4770
4792,3095.9144
4793,1256
4794,72
4795,50.24
4796,706.5
4797,2260.8
4798,180
4799,56.52
4800,785
4801,1256
4802,222.94
4803,100
4804,535
4805,552.64
4806,63
4807,94200
4808,47.1
4809,2009.6
4810,37.68
4811,314
4812,63
4813,1000
4814,24952/25
4815,480
4816,76.6%
4817,31/40
4818,220
4819,307/160
4820,3/8
4821,7.065
4822,12.56
4823,7/11
4824,440/21
4825,-92
4826,5.14286
4827,7.82609
4828,3.14
4829,56.52
4830,1.30833
4831,2826
4832,352
4833,5
4834,
4835,80
4836,4.4
4837,36.396
4838,314
4839,169.56
4840,15
4841,125
4842,3600
4843,49.26168
4844,78.5
4845,136
4846,16
4847,293
4848,696
4849,384
4850,3/4
4851,180/11
4852,4140
4853,353
4854,8/15
4855,-30
4856,45
4857,24000
4858,16
4859,1/15
4860,12
4861,157
4862,31.4
4863,1125
4864,20/27
4865,12.56
4866,12/5
4867,60/53
4868,420
4869,15
4870,56
4871,40/9
4872,50
4873,150720
4874,15
4875,502.4
4876,628
4877,502.4
4878,48000
4879,240%
4880,28.26
4881,8
4882,15/2
4883,3
4884,15
4885,6/5
4886,24
4887,3
4888,19
4889,56/11
4890,6
4891,560/9
4892,480
4893,2200
4894,9990
4895,64
4896,125/2
4897,-60/7
4898,60/11
4899,-15/2
4900,200
4901,19/33
4902,47/5
4903,140
4904,25.12
4905,50.24
4906,20
4907,2
4908,-9981/10
4909,120
4910,2
4911,50.24
4912,0
4913,3
4914,5
4915,34
4916,567/5
4917,12
4918,36/7
4919,112.5
4920,0
4921,990
4922,2.8
4923,4/3
4924,60/19
4925,108
4926,1000
4927,1530
4928,240
4929,18
4930,125
4931,900
4932,300
4933,16.8
4934,31.5
4935,40/9
4936,38
4937,12/5
4938,70
4939,40/9
4940,30.44
4941,210
4942,7.66667
4943,60
4944,67.5
4945,40/9
4946,8/3
4947,2464.9
4948,7.95
4949,7.10072
4950,27
4951,0
4952,5
4953,27
4954,122880
4955,1/5
4956,52
4957,4
4958,3/4
4959,50.24
4960,37.68
4961,120
4962,-9900%
4963,30/13
4964,1.6
4965,44
4966,83
4967,344
4968,108
4969,62
4970,28
4971,45
4972,68
4973,-23
4974,18
4975,63
4976,18
4977,18
4978,17
4979,-7
4980,56
4981,9
4982,84
4983,56
4984,24
4985,18
4986,16
4987,136
4988,37
4989,36
4990,35
4991,18
4992,4
4993,5
4994,6
4995,28
4996,18
4997,24
4998,94
4999,19.7
5000,36
5001,27
5002,32
5003,368
5004,78
5005,125
5006,34
5007,53
5008,3
5009,-48
5010,61
5011,47
5012,8
5013,5
5014,7
5015,21
5016,6
5017,6
5018,26
5019,8
5020,8
5021,28
5022,87
5023,9
5024,9
5025,47
5026,81
5027,19
5028,28
5029,20
5030,-33
5031,46
5032,44
5033,7
5034,3
5035,10
5036,-2
5037,11
5038,380
5039,738
5040,4
5041,4
5042,25
5043,31
5044,40
5045,19
5046,6
5047,4
5048,6
5049,18
5050,13
5051,3
5052,11
5053,25
5054,-2
5055,91
5056,35
5057,90
5058,56
5059,26
5060,81
5061,4
5062,55
5063,55
5064,6
5065,18
5066,150
5067,89
5068,61
5069,80
5070,-2
5071,51
5072,88
5073,16
5074,24
5075,57
5076,26
5077,8
5078,42
5079,637
5080,27
5081,180
5082,13
5083,16
5084,228
5085,-8
5086,24
5087,24
5088,18
5089,33
5090,32
5091,16
5092,24
5093,23
5094,8
5095,6
5096,8
5097,16
5098,15
5099,18
5100,14
5101,162
5102,6
5103,15
5104,40
5105,54
5106,33
5107,637
5108,19
5109,20
5110,125
5111,21
5112,-7
5113,27
5114,46
5115,623
5116,4275
5117,70
5118,1406.72
5119,32
5120,35
5121,600
5122,1800
5123,6
5124,8860/3
5125,52
5126,8
5127,11
5128,700
5129,3/20
5130,9/5
5131,175
5132,266
5133,12
5134,20/9
5135,30
5136,42
5137,2
5138,15
5139,94.2
5140,12.56
5141,62.8
5142,39/4
5143,1791
5144,11/2
5145,6
5146,18.75
5147,62500/9
5148,7234.56
5149,33
5150,1232
5151,
5152,150
5153,189
5154,14.58
5155,3380
5156,12.56
5157,120
5158,1075/11
5159,240
5160,40
5161,255
5162,140
5163,40
5164,4000
5165,7
5166,48
5167,64/5
5168,90
5169,314
5170,0
5171,25.12
5172,1.008
5173,8
5174,30
5175,60
5176,120
5177,32
5178,31.4
5179,105.975
5180,28
5181,201
5182,5000
5183,60
5184,175/6
5185,2
5186,1450
5187,464
5188,14
5189,1300000000
5190,3
5191,4/3
5192,12
5193,8
5194,231/8
5195,90
5196,52
5197,22
5198,38
5199,4.76471
5200,863999
5201,0.048
5202,648/5
5203,14
5204,9
5205,36.3
5206,26
5207,500
5208,15/4
5209,1.28
5210,60
5211,63.585
5212,2203
5213,20000
5214,25
5215,7
5216,14/3
5217,29.5788
5218,81
5219,62.8
5220,400
5221,6
5222,3600
5223,80
5224,1600
5225,36
5226,50
5227,7
5228,42
5229,2000
5230,2.355
5231,12
5232,1750/11
5233,63
5234,3360
5235,900
5236,987.2
5237,3.14
5238,42
5239,27/16
5240,-128.05
5241,2300
5242,600
5243,314
5244,19200
5245,64
5246,45
5247,26
5248,94
5249,10
5250,6
5251,20
5252,40
5253,32
5254,15
5255,76
5256,5.6
5257,8
5258,25
5259,45/2
5260,33
5261,4675/8
5262,-72
5263,212/5
5264,0.8
5265,0
5266,36
5267,116.25
5268,3060
5269,47
5270,24
5271,105
5272,9
5273,35
5274,160
5275,12/7
5276,1800/23
5277,73.92
5278,4800%
5279,3040
5280,2
5281,0.32
5282,72
5283,1460
5284,50
5285,131880
5286,100.48
5287,31.4
5288,23040
5289,30
5290,108
5291,60
5292,-8103.75
5293,900
5294,100
5295,384
5296,11
5297,54
5298,243/20
5299,100
5300,315
5301,800
5302,42
5303,15
5304,28
5305,1320
5306,24
5307,-20
5308,4000
5309,400
5310,539/2
5311,8.64
5312,9/2
5313,152/3
5314,129/20
5315,125.6
5316,1071/4
5317,-1050
5318,160
5319,-4000
5320,2900
5321,12
5322,48
5323,3.925
5324,153.86
5325,-1110
5326,25
5327,9
5328,20
5329,123359.17313
5330,1000
5331,638/5
5332,1000000
5333,138
5334,36
5335,6400
5336,180
5337,5040/23
5338,51
5339,48
5340,5640
5341,2000
5342,45
5343,384
5344,75.36
5345,565.2
5346,10
5347,108
5348,14
5349,250
5350,1920
5351,4400/3
5352,350
5353,2600
5354,212/7
5355,320
5356,19200
5357,480
5358,70
5359,10
5360,3140
5361,192/11
5362,7
5363,3920
5364,10
5365,50
5366,251.2
5367,1.875
5368,8138.88
5369,6.5111
5370,516
5371,6
5372,10000
5373,-324
5374,2494/25
5375,50000
5376,-60
5377,25
5378,2565
5379,450
5380,12.5
5381,45
5382,120
5383,2552
5384,315/2
5385,1/2
5386,14/3
5387,800
5388,3
5389,37
5390,29/2
5391,10920
5392,75.6
5393,1
5394,24/7
5395,8/5
5396,500
5397,2888
5398,140
5399,70
5400,2275
5401,15000/7
5402,129
5403,165
5404,15
5405,46.08
5406,304
5407,3000
5408,21
5409,3969/4
5410,30
5411,80
5412,12
5413,89
5414,98.125
5415,106.02
5416,32
5417,126
5418,480
5419,4800
5420,3600
5421,60
5422,10
5423,45
5424,0.912
5425,1/4
5426,1250
5427,18/5
5428,60
5429,900
5430,48
5431,50
5432,1500
5433,870
5434,2e-05
5435,200/9
5436,1296/5
5437,5
5438,5400
5439,1125
5440,512
5441,36
5442,66/5
5443,363
5444,1600
5445,0.2
5446,38
5447,2.9
5448,2.7
5449,0.5
5450,0.5
5451,42
5452,180
5453,900
5454,160
5455,24
5456,8
5457,224
5458,314
5459,125
5460,60/11
5461,0.785
5462,4
5463,3105/4
5464,3
5465,40
5466,25/2
5467,1040
5468,1.7
5469,-7.4
5470,100
5471,10000/353
5472,18
5473,3/2
5474,80
5475,87
5476,2/5
5477,30
5478,1200/7
5479,18000
5480,4800
5481,8
5482,1.8
5483,1.57895
5484,2.22222
5485,2700
5486,132.92
5487,150
5488,100
5489,6
5490,47
5491,26
5492,44
5493,53
5494,853.8%
5495,42
5496,20
5497,3
5498,450
5499,3750
5500,7.09032
5501,52
5502,9
5503,-15
5504,25300
5505,163/5
5506,45/2
5507,1650
5508,305
5509,100
5510,-9
5511,560
5512,32
5513,7
5514,190
5515,5/4
5516,1218
5517,16/3
5518,4/175
5519,769.5
5520,32
5521,2016
5522,42000
5523,1456
5524,60
5525,4
5526,420
5527,396/5
5528,44.66667
5529,-2195
5530,52
5531,2200
5532,270
5533,48
5534,5
5535,263.76
5536,5400
5537,375
5538,29.575
5539,120
5540,9
5541,90
5542,63
5543,428
5544,2
5545,120/7
5546,29.3
5547,-57
5548,43/16
5549,118
5550,1800
5551,384
5552,2.4
5553,40/3
5554,40/9
5555,1650
5556,96
5557,153.75
5558,12/5
5559,300/11
5560,2.4
5561,
5562,13200
5563,400
5564,12
5565,30
5566,3.27551
5567,45
5568,4/5
5569,86
5570,3200
5571,8000
5572,39
5573,125800
5574,552
5575,67/3
5576,30/37
5577,12.42
5578,7.75
5579,140
5580,40.8
5581,32
5582,624
5583,700
5584,120
5585,12
5586,45/2
5587,420
5588,360
5589,38
5590,3
5591,2400
5592,195
5593,1080
5594,62.5
5595,8
5596,147.5
5597,1407/17
5598,66
5599,1050
5600,480
5601,4375
5602,540
5603,90
5604,64
5605,185/2
5606,-4240
5607,14
5608,1200
5609,2000
5610,37.8
5611,27
5612,84
5613,1.25
5614,-72
5615,188.4
5616,9
5617,448/15
5618,19/10
5619,107.1
5620,18
5621,6280
5622,235.5
5623,2
5624,52
5625,28
5626,25200
5627,-770
5628,1800
5629,240
5630,250
5631,1153
5632,44
5633,4050
5634,952.38095
5635,1884
5636,600
5637,9
5638,180
5639,1
5640,
5641,101.2
5642,2592
5643,240
5644,-90
5645,150
5646,44/7
5647,10.54642
5648,105
5649,120
5650,16
5651,10.54642
5652,360
5653,375
5654,-735/13
5655,315/2
5656,500
5657,3
5658,75
5659,40
5660,6
5661,30
5662,80
5663,125/16
5664,0.9375
5665,-2.63918
5666,30
5667,630
5668,120
5669,0
5670,500
5671,2.42
5672,3000
5673,60
5674,960
5675,314
5676,31537.5
5677,18
5678,40
5679,1500
5680,500
5681,675000
5682,1971.92
5683,0.2512
5684,480
5685,56.52
5686,100
5687,696
5688,195.936
5689,2250
5690,25
5691,2000
5692,7
5693,57
5694,54
5695,5045/7
5696,525
5697,3200
5698,24/5
5699,18
5700,28.26
5701,120
5702,70
5703,-30/7
5704,385/2
5705,80
5706,630
5707,
5708,23.22222
5709,13705
5710,1107
5711,40
5712,64
5713,800
5714,1.1
5715,109.9
5716,113
5717,4
5718,192
5719,6
5720,945
5721,131.88
5722,25/4
5723,20
5724,288
5725,105
5726,1.8
5727,600
5728,180/41
5729,4
5730,7
5731,224
5732,992
5733,1825.8
5734,5702
5735,19
5736,3215.36
5737,400
5738,3430
5739,45
5740,8
5741,0.76433
5742,5520
5743,60
5744,600
5745,-359
5746,7500
5747,32
5748,2000
5749,3.14
5750,702
5751,332
5752,300
5753,500
5754,711
5755,90
5756,142
5757,93
5758,20
5759,18
5760,50/3
5761,3/4
5762,210
5763,1121/4
5764,0
5765,160
5766,1680
5767,144/5
5768,480
5769,260
5770,0
5771,200
5772,716
5773,75
5774,75/2
5775,32000/7
5776,50
5777,48/7
5778,24
5779,172
5780,88
5781,0.63
5782,384
5783,6
5784,20
5785,2500
5786,580
5787,44
5788,22750
5789,1000
5790,891
5791,6
5792,28800
5793,9020
5794,40
5795,1458
5796,420
5797,6
5798,2666.66667
5799,5.832
5800,648
5801,72
5802,250
5803,181.44
5804,39/10
5805,3
5806,640
5807,50
5808,60
5809,391/5
5810,54
5811,1221/212
5812,9/2
5813,5000
5814,191
5815,2916
5816,1620/91
5817,121
5818,2
5819,22.5
5820,10.8
5821,36
5822,12
5823,38
5824,6
5825,1.08173
5826,2
5827,306
5828,20
5829,23810
5830,2550
5831,400
5832,35000
5833,8
5834,361/5
5835,1083/5
5836,6280
5837,4
5838,24.649
5839,6.28
5840,32
5841,32
5842,100
5843,0
5844,559/3
5845,93
5846,470
5847,1600
5848,55/2
5849,360
5850,24
5851,499.2
5852,29
5853,8640
5854,1
5855,1625
5856,9000
5857,4000
5858,2940
5859,24
5860,14
5861,-2.4
5862,126.7
5863,460
5864,42
5865,1.16
5866,270
5867,3
5868,20/9
5869,24.99
5870,15
5871,12
5872,480
5873,1.0048
5874,120
5875,51
5876,32
5877,72
5878,500
5879,30
5880,3
5881,501
5882,16.5
5883,998
5884,-24
5885,100
5886,20/9
5887,22.3
5888,80
5889,53
5890,38
5891,45
5892,40
5893,58.55
5894,2000
5895,32
5896,750
5897,1.2
5898,5460
5899,9
5900,3240
5901,6
5902,25.70093
5903,0
5904,27000
5905,440
5906,594
5907,7
5908,21
5909,7
5910,49
5911,9
5912,64
5913,33
5914,25
5915,8
5916,75
5917,7
5918,50
5919,28
5920,46
5921,8
5922,8
5923,18
5924,41
5925,42
5926,-28
5927,10
5928,420
5929,1021
5930,5
5931,800
5932,9
5933,72
5934,42
5935,26
5936,34
5937,12
5938,6
5939,35
5940,12
5941,20
5942,20
5943,15
5944,15
5945,10
5946,10
5947,30
5948,46
5949,56
5950,9
5951,4/5
5952,12
5953,11
5954,81
5955,42
5956,21
5957,13
5958,82
5959,44
5960,20
5961,50
5962,18
5963,36
5964,15
5965,24
5966,16
5967,53
5968,41
5969,3
5970,72
5971,53
5972,4
5973,28
5974,5
5975,6
5976,28
5977,18
5978,12
5979,12
5980,3
5981,38
5982,9
5983,4
5984,22
5985,60
5986,9
5987,34
5988,17
5989,27
5990,10
5991,4
5992,4
5993,-21
5994,18
5995,20
5996,6
5997,4
5998,8
5999,5
6000,7
6001,21
6002,-1
6003,6
6004,26
6005,87
6006,9
6007,9
6008,47
6009,81
6010,19
6011,28
6012,20
6013,-33
6014,46
6015,44
6016,27
6017,4
6018,4
6019,25
6020,31
6021,40
6022,19
6023,6
6024,4
6025,6
6026,18
6027,13
6028,3
6029,11
6030,25
6031,-2
6032,91
6033,35
6034,90
6035,56
6036,26
6037,81
6038,55
6039,6
6040,61
6041,51
6042,88
6043,16
6044,24
6045,57
6046,26
6047,8
6048,236
6049,21
6050,20
6051,26
6052,31
6053,27
6054,15
6055,88
6056,260
6057,7
6058,16
6059,8
6060,81
6061,81
6062,37
6063,79
6064,24
6065,18
6066,23
6067,42
6068,23
6069,30
6070,6
6071,18
6072,24
6073,80
6074,5
6075,20
6076,4
6077,20
6078,3
6079,0
6080,37
6081,6
6082,22
6083,53
6084,41
6085,37
6086,45
6087,19
6088,24
6089,31
6090,42
6091,11
6092,84
6093,40
6094,44
6095,180
6096,20
6097,35
6098,45
6099,25
6100,8
6101,8
6102,14
6103,47
6104,10
6105,72
6106,34
6107,8/9
6108,6
6109,3
6110,18
6111,4
6112,19
6113,10
6114,64
6115,637
6116,27
6117,180
6118,31
6119,16
6120,228
6121,-8
6122,24
6123,18
6124,33
6125,32
6126,16
6127,24
6128,23
6129,8
6130,6
6131,8
6132,16
6133,15
6134,18
6135,14
6136,162
6137,6
6138,15
6139,40
6140,54
6141,20
6142,70
6143,16
6144,-27
6145,21
6146,-7
6147,27
6148,46
6149,-2
6150,
6151,80
6152,136
6153,3
6154,20
6155,45
6156,270
6157,139
6158,492
6159,252
6160,4
6161,40
6162,300
6163,0
6164,4/5
6165,4000
6166,94
6167,1791
6168,528
6169,4320
6170,-435
6171,48
6172,4
6173,780
6174,30
6175,180
6176,-175/27
6177,2400
6178,0.6
6179,7
6180,38
6181,27
6182,528
6183,40
6184,-11999
6185,4185/2
6186,2135
6187,2670
6188,560
6189,543
6190,1675
6191,-2120
6192,450
6193,90
6194,95
6195,1880
6196,240
6197,100
6198,1008
6199,36
6200,8
6201,48
6202,4
6203,36
6204,40
6205,40
6206,56
6207,9
6208,100
6209,23
6210,78
6211,136
6212,1638
6213,185
6214,142
6215,270
6216,99
6217,100/3
6218,24
6219,0
6220,477
6221,696
6222,-217
6223,39
6224,14
6225,9
6226,52
6227,9
6228,9
6229,72
6230,315
6231,362
6232,8
6233,220
6234,14
6235,2200
6236,98
6237,96
6238,113
6239,16
6240,360
6241,33
6242,210
6243,5
6244,6
6245,535
6246,278
6247,88
6248,395
6249,150
6250,10
6251,5
6252,156
6253,200
6254,36
6255,54
6256,78
6257,300
6258,6
6259,2250
6260,11
6261,398
6262,8
6263,128
6264,91
6265,41
6266,1/10
6267,20/3
6268,21
6269,540
6270,4000
6271,-879
6272,-700
6273,77
6274,41.2
6275,-600
6276,-6398
6277,63
6278,250
6279,4
6280,5
6281,344
6282,186
6283,156250
6284,3
6285,1.16
6286,2.12
6287,21
6288,210
6289,32
6290,24
6291,1
6292,-13.84
6293,47.5
6294,174
6295,-3
6296,1240
6297,75
6298,67.7
6299,56.7
6300,22.4
6301,1/2
6302,850
6303,1110
6304,64
6305,165
6306,14910
6307,315
6308,6
6309,74
6310,157
6311,36
6312,75/2
6313,42
6314,140
6315,361
6316,48
6317,90
6318,3900
6319,300
6320,50
6321,64000
6322,600
6323,236
6324,125
6325,102
6326,-72
6327,33060
6328,60
6329,2940
6330,6120
6331,7280
6332,710
6333,13650
6334,4800
6335,696
6336,125
6337,900
6338,9
6339,40
6340,160
6341,48
6342,160
6343,600
6344,2200
6345,4
6346,6
6347,300
6348,48
6349,2
6350,20
6351,3600
6352,13
6353,7
6354,250
6355,210/13
6356,12
6357,-15
6358,2
6359,15
6360,19
6361,586
6362,6490
6363,30
6364,24/5
6365,270
6366,4.8
6367,8
6368,3480
6369,600
6370,30
6371,24
6372,45
6373,40
6374,32
6375,107
6376,4182
6377,1872
6378,22.5
6379,3/2
6380,14
6381,20
6382,12
6383,7000
6384,2
6385,100
6386,78
6387,6000
6388,2.5
6389,0.57325
6390,340
6391,0.6
6392,6
6393,12
6394,100
6395,35
6396,6720
6397,62
6398,5.3
6399,1428
6400,316
6401,8000
6402,50
6403,6
6404,200
6405,240
6406,675
6407,569
6408,660
6409,20000
6410,10245
6411,7/10
6412,1000
6413,100000
6414,400
6415,208.8
6416,70.05
6417,63
6418,1950
6419,14
6420,540
6421,236
6422,1980
6423,45
6424,1470
6425,3
6426,110
6427,162
6428,1
6429,5/2
6430,81
6431,9.7
6432,22
6433,480
6434,145
6435,80
6436,288
6437,4050
6438,162
6439,17
6440,1200
6441,51/10
6442,8
6443,100
6444,40
6445,86.1
6446,9.42
6447,33.21429
6448,6
6449,72
6450,227.136
6451,32
6452,600
6453,25/2
6454,320/3
6455,10.8
6456,90
6457,165
6458,1200
6459,576
6460,0.12
6461,15/4
6462,40
6463,110
6464,3000
6465,1800
6466,58
6467,30
6468,-99
6469,441/4
6470,20
6471,40
6472,26
6473,8
6474,7
6475,4
6476,33
6477,9
6478,4
6479,2
6480,48
6481,83/2
6482,48
6483,6549
6484,12
6485,300
6486,24
6487,280
6488,480
6489,16
6490,4
6491,280
6492,300
6493,560
6494,25
6495,62.8
6496,84
6497,985.96
6498,29.8
6499,24.2
6500,18
6501,12/11
6502,20/3
6503,20/3
6504,24
6505,600
6506,139
6507,1800
6508,95
6509,16
6510,35
6511,140
6512,64
6513,335
6514,368
6515,-6000
6516,124
6517,1800/17
6518,17.9
6519,-3600
6520,102
6521,1568
6522,5
6523,1.73
6524,-117
6525,94/5
6526,24/11
6527,31.5
6528,62
6529,91
6530,1050
6531,882
6532,32
6533,6
6534,9000
6535,180
6536,189
6537,54
6538,170
6539,15
6540,65/2
6541,25
6542,1680
6543,222
6544,25
6545,2486
6546,2000
6547,200
6548,147
6549,375
6550,16
6551,1872
6552,206
6553,10
6554,4
6555,648
6556,133
6557,27000
6558,69
6559,186
6560,15
6561,660
6562,2.27
6563,16
6564,616
6565,35
6566,78
6567,17
6568,22875
6569,720
6570,375/76
6571,45
6572,1800
6573,1800
6574,25/2
6575,1908
6576,900
6577,18.225
6578,4410
6579,9
6580,40
6581,360
6582,85
6583,2520
6584,4
6585,45
6586,576
6587,36
6588,41.895
6589,26
6590,1344
6591,1330
6592,40
6593,130
6594,2700
6595,85
6596,120
6597,1.34
6598,306
6599,2730
6600,2688
6601,2250
6602,52
6603,328
6604,-154
6605,215
6606,18750
6607,120
6608,18.5
6609,6
6610,60
6611,248
6612,4
6613,144
6614,288
6615,1050
6616,624
6617,825
6618,37
6619,356
6620,22
6621,10
6622,4
6623,576
6624,1320
6625,6000
6626,13000
6627,557
6628,600
6629,60
6630,824
6631,13.2
6632,90
6633,7.18667
6634,160
6635,6.5
6636,90/7
6637,12/25
6638,24
6639,23800
6640,15/8
6641,500
6642,1610
6643,120
6644,552
6645,2000
6646,6800
6647,6960
6648,13870
6649,-38
6650,306
6651,48
6652,40
6653,615
6654,175
6655,-10.1
6656,23
6657,20
6658,155
6659,540
6660,25
6661,266
6662,4
6663,7
6664,285
6665,8
6666,186
6667,832
6668,500
6669,267
6670,1050
6671,1872
6672,120
6673,611.5
6674,138
6675,70
6676,174
6677,379
6678,3600
6679,770
6680,60
6681,3360
6682,620
6683,22
6684,1212
6685,128
6686,525
6687,42420
6688,29400
6689,732
6690,4
6691,133956/7
6692,2.1
6693,560
6694,240
6695,56
6696,20
6697,2700
6698,1152
6699,-10.3
6700,47
6701,1200
6702,42
6703,349
6704,4840
6705,25/6
6706,45
6707,23
6708,18.72
6709,4396
6710,18000
6711,10
6712,102
6713,-59
6714,9
6715,7
6716,16
6717,29
6718,18
6719,23
6720,85
6721,3216
6722,0
6723,125
6724,248
6725,2440
6726,80
6727,45
6728,18
6729,3/5
6730,21
6731,29
6732,8
6733,12
6734,30
6735,0
6736,50
6737,79
6738,38
6739,96
6740,10
6741,0
6742,21
6743,32
6744,-11
6745,-14
6746,30
6747,3
6748,38
6749,32
6750,21
6751,4
6752,29
6753,35
6754,36
6755,80
6756,37
6757,8
6758,29
6759,17
6760,35
6761,45
6762,6
6763,20
6764,4
6765,48
6766,-15
6767,30
6768,1/10
6769,1
6770,-6
6771,-6
6772,2223
6773,40
6774,20
6775,6
6776,50
6777,38
6778,-4
6779,17
6780,11
6781,17
6782,45
6783,86
6784,-41
6785,18
6786,2/5
6787,50
6788,2
6789,59
6790,87
6791,6
6792,58
6793,-21
6794,-53
6795,10
6796,38
6797,24
6798,45
6799,39
6800,61
6801,20
6802,140
6803,22
6804,14
6805,78
6806,40
6807,100
6808,10
6809,-27
6810,37
6811,66
6812,50
6813,0
6814,33
6815,3300
6816,33
6817,520
6818,47
6819,81
6820,33
6821,11
6822,31
6823,23
6824,3
6825,15
6826,30
6827,38
6828,12
6829,12
6830,33
6831,119
6832,57
6833,14
6834,36
6835,42
6836,46
6837,16
6838,24
6839,12
6840,0
6841,35
6842,7
6843,6
6844,3
6845,0
6846,4
6847,18
6848,26
6849,18
6850,28
6851,11
6852,6
6853,4
6854,132
6855,17
6856,9
6857,8
6858,33.6
6859,178
6860,1360
6861,60
6862,300
6863,5670
6864,680
6865,62.5
6866,0
6867,95%
6868,4592
6869,1800
6870,128
6871,304
6872,-989
6873,1500
6874,3600
6875,144
6876,12
6877,5
6878,260
6879,60
6880,1200
6881,375
6882,108
6883,48
6884,-300
6885,160
6886,160
6887,792
6888,240
6889,71/10
6890,190
6891,48
6892,112/5
6893,11250
6894,6
6895,106
6896,16
6897,1680
6898,5652
6899,4500
6900,113.04
6901,5
6902,18840
6903,93
6904,1
6905,204
6906,8
6907,441
6908,61
6909,625
6910,37
6911,632.8125
6912,70
6913,96%
6914,92.7%
6915,1/5
6916,19.7192
6917,30
6918,0.7776
6919,25.12
6920,63
6921,7344
6922,1
6923,27
6924,605/4
6925,32
6926,14
6927,47500/11
6928,50.24
6929,1296
6930,7245
6931,9
6932,2100
6933,40
6934,3
6935,13
6936,135/2
6937,40
6938,13
6939,16
6940,25%
6941,3400/3
6942,51
6943,115%
6944,89
6945,28
6946,6
6947,20000
6948,1250
6949,263
6950,100/3
6951,31.4
6952,1650
6953,30
6954,2.04762
6955,225/2
6956,-130
6957,0.57325
6958,9
6959,531.44
6960,125
6961,240
6962,7500
6963,480
6964,
6965,80
6966,28
6967,37.68
6968,7
6969,30
6970,20
6971,2
6972,144
6973,4
6974,144
6975,160
6976,15
6977,75
6978,96
6979,200.96
6980,28
6981,4000%
6982,500
6983,6000
6984,-660
6985,22
6986,2319
6987,420
6988,200
6989,35
6990,4500
6991,1600
6992,480
6993,35
6994,270
6995,-400
6996,3000
6997,5.28
6998,300
6999,2340
7000,26
7001,0.46667
7002,3.14
7003,20/3
7004,8
7005,10
7006,300
7007,180
7008,80%
7009,24/5
7010,240
7011,3.14
7012,625
7013,3600/23
7014,
7015,144
7016,1.5
7017,394.384
7018,9
7019,1620
7020,50
7021,-401.92
7022,100
7023,84
7024,79.61783
7025,166
7026,180
7027,2.624
7028,-400%
7029,2009.6
7030,190
7031,15/4
7032,192
7033,117
7034,25%
7035,480
7036,24/5
7037,-4.4%
7038,0.00064
7039,717
7040,10/3
7041,780
7042,490
7043,345
7044,60
7045,81
7046,270
7047,96
7048,60
7049,1
7050,15813
7051,1560
7052,39
7053,2
7054,16
7055,80
7056,28.26
7057,5/2
7058,18
7059,28
7060,95%
7061,-28
7062,22.8
7063,38.4
7064,50
7065,3.7
7066,2800
7067,1.96667
7068,12
7069,84
7070,56.52
7071,10
7072,350
7073,25/2
7074,12%
7075,54/5
7076,1386
7077,12
7078,2500
7079,3/2
7080,23
7081,200
7082,900/7
7083,1050
7084,-6
7085,6/5
7086,242
7087,3.5
7088,4
7089,35
7090,96
7091,100
7092,12
7093,1944
7094,160/7
7095,240
7096,128
7097,1200
7098,12.56
7099,0.2
7100,40
7101,8000
7102,780
7103,3
7104,-3
7105,312
7106,785
7107,5000
7108,15
7109,75
7110,-1/3
7111,0
7112,63.585
7113,200
7114,57/5
7115,60
7116,864
7117,251.2
7118,192
7119,3495/4
7120,24/5
7121,501.9
7122,445
7123,600
7124,32
7125,6
7126,540
7127,84.72222
7128,200
7129,95
7130,12.56
7131,22.92857
7132,120
7133,401
7134,188
7135,65
7136,140
7137,10
7138,125/2
7139,0.96
7140,2.62
7141,45.7232
7142,600
7143,10%
7144,19
7145,7
7146,92%
7147,25%
7148,10
7149,15/4
7150,6
7151,20
7152,1190
7153,7
7154,120
7155,200
7156,385
7157,87
7158,107.1
7159,2.34783
7160,96
7161,3125
7162,7/2
7163,4
7164,256
7165,0.5
7166,1214
7167,264
7168,189.5
7169,64/3
7170,144
7171,79.2
7172,128/5
7173,48%
7174,105%
7175,84
7176,160/13
7177,1000
7178,2100
7179,437
7180,12.56
7181,522.5
7182,1400
7183,48
7184,14/45
7185,72
7186,9
7187,768
7188,48
7189,-368
7190,0
7191,168/25
7192,4775
7193,169936
7194,560
7195,5.26667
7196,800
7197,144
7198,17
7199,45
7200,2
7201,450
7202,1240
7203,108
7204,4
7205,80
7206,105/8
7207,1
7208,9600
7209,426
7210,288
7211,24.02
7212,48
7213,28.33333
7214,-125
7215,62.8
7216,800
7217,904.32
7218,-87.92
7219,3218
7220,80
7221,2128
7222,15
7223,20%
7224,300
7225,135
7226,13.68
7227,34
7228,32
7229,30
7230,16%
7231,-2400
7232,300
7233,1500
7234,5/2
7235,90
7236,28.75
7237,100
7238,219/20
7239,3139
7240,8
7241,224
7242,7
7243,1920
7244,4
7245,630
7246,73
7247,3.2
7248,168
7249,2000
7250,2430
7251,7
7252,36
7253,43.2
7254,12/43
7255,139.3
7256,468
7257,340
7258,1300
7259,184
7260,15/4
7261,3
7262,360000
7263,389
7264,848
7265,2500
7266,5280
7267,3200
7268,3
7269,54080/11
7270,8
7271,12.56
7272,72
7273,100
7274,19.99614
7275,105
7276,-50
7277,125
7278,4500
7279,400
7280,1496
7281,90
7282,240
7283,90%
7284,30
7285,15
7286,14.4
7287,31.5
7288,5
7289,155
7290,1
7291,2850
7292,35
7293,135
7294,90
7295,59.4
7296,240
7297,150
7298,1088
7299,55
7300,40
7301,73/80
7302,15
7303,1080
7304,25000
7305,-70
7306,108
7307,13636
7308,100
7309,11980.8
7310,0.07
7311,20.27027
7312,19.73684
7313,166
7314,1476.225
7315,68
7316,24
7317,62.8
7318,810
7319,471
7320,-9
7321,90
7322,-479
7323,800/3
7324,103.3
7325,4
7326,2800
7327,2/5
7328,7200
7329,16
7330,12
7331,-359
7332,16.485
7333,140
7334,825
7335,31
7336,5040
7337,100.48
7338,15
7339,719/6
7340,45.475
7341,2449
7342,13
7343,
7344,72
7345,7
7346,312.06667
7347,500
7348,25
7349,504
7350,1140
7351,28
7352,96
7353,1/5
7354,3500
7355,436
7356,39.25
7357,-2/3
7358,72/11
7359,29
7360,14
7361,940
7362,778
7363,6
7364,90
7365,47
7366,4500
7367,4000/3
7368,1000
7369,72
7370,12
7371,60
7372,720
7373,72
7374,35
7375,40/9
7376,49/60
7377,26.832
7378,50
7379,26
7380,2400
7381,64
7382,5040
7383,30
7384,5
7385,20096
7386,2009.6
7387,1000
7388,30.95914
7389,14.25
7390,6
7391,1500
7392,36
7393,1256
7394,240
7395,480
7396,9600
7397,112
7398,8
7399,-72/5
7400,-9
7401,60
7402,10
7403,40
7404,900/7
7405,720
7406,10
7407,57
7408,978.4
7409,50
7410,90
7411,11
7412,100
7413,125
7414,65
7415,80
7416,1.27389
7417,58.8
7418,195
7419,1
7420,98
7421,5.6
7422,27
7423,864
7424,304
7425,1/26
7426,45
7427,1616
7428,0.00628
7429,24000
7430,90%
7431,480
7432,42
7433,40/3
7434,50.9
7435,2025
7436,264
7437,12.6
7438,17
7439,6
7440,1800
7441,4
7442,12/5
7443,8
7444,700/3
7445,0.8
7446,28
7447,180
7448,7200
7449,7500
7450,28.26
7451,190
7452,800/11
7453,385
7454,4
7455,25.12
7456,37.5%
7457,4
7458,3.14
7459,24
7460,141
7461,36000
7462,44
7463,4368
7464,7.7
7465,135
7466,300
7467,0.005
7468,125
7469,210
7470,157
7471,1981.38522
7472,60
7473,0
7474,144
7475,9
7476,520
7477,3
7478,65
7479,9.6
7480,29
7481,49.5
7482,440
7483,900
7484,30000
7485,204
7486,450
7487,33
7488,400/37
7489,1600
7490,15
7491,1337
7492,112
7493,80
7494,90
7495,24
7496,2.4
7497,450
7498,3.3
7499,60
7500,70.0245
7501,-9285
7502,16000/3
7503,300000
7504,182
7505,6930
7506,32
7507,5620
7508,590/9
7509,210
7510,12/5
7511,3240
7512,2550
7513,8
7514,570
7515,525
7516,143
7517,45
7518,-26
7519,18
7520,1120
7521,310/3
7522,1413
7523,16
7524,744
7525,29
7526,25800
7527,675
7528,5/2
7529,40
7530,3600
7531,33
7532,59/12
7533,60
7534,2240
7535,457.6
7536,25206
7537,4
7538,0
7539,4.73333
7540,52
7541,15.5
7542,1224
7543,160
7544,150
7545,251.2
7546,14/3
7547,19.625
7548,675
7549,942
7550,45
7551,3140
7552,115
7553,70
7554,60
7555,870
7556,0
7557,180
7558,20
7559,6
7560,991/20
7561,1
7562,300
7563,7203/4
7564,40
7565,384
7566,99
7567,1.25
7568,2700
7569,2700
7570,22/3
7571,21
7572,25.72
7573,24
7574,2760
7575,3
7576,4
7577,25.12
7578,45.15
7579,-1/2
7580,200
7581,504
7582,29.4
7583,135
7584,150
7585,900
7586,700
7587,9
7588,40
7589,182
7590,150
7591,17
7592,23
7593,10
7594,2
7595,351
7596,13
7597,36
7598,810
7599,45
7600,5
7601,1250
7602,71.04
7603,8
7604,4
7605,80
7606,0.512
7607,125
7608,400
7609,36
7610,5000
7611,6.8
7612,34
7613,52
7614,1
7615,2
7616,-5000
7617,20
7618,12
7619,36
7620,3
7621,12
7622,70
7623,2016
7624,0.19
7625,21600
7626,16
7627,32.5
7628,36.55
7629,0.6
7630,3.37
7631,3.8
7632,294
7633,300
7634,90
7635,106.2%
7636,512
7637,13.5
7638,325
7639,-62
7640,-39.46
7641,3/5
7642,1/2
7643,5
7644,42
7645,20
7646,18/25
7647,18
7648,1/2
7649,35
7650,2240
7651,3000
7652,3
7653,15.4
7654,36
7655,2400
7656,19/20
7657,64
7658,20
7659,1.69
7660,960
7661,31.8
7662,2/7
7663,-4
7664,2
7665,2/5
7666,1/6
7667,5500
7668,592
7669,495
7670,42
7671,31
7672,33
7673,37/2
7674,8
7675,505
7676,4
7677,2520
7678,3/20
7679,8/5
7680,8/5
7681,3968
7682,12000
7683,7
7684,105
7685,25
7686,800
7687,1744
7688,31/35
7689,168
7690,1782
7691,64
7692,8280
7693,1
7694,3
7695,534
7696,39/5
7697,2
7698,-8
7699,26
7700,-30
7701,3846.15385
7702,0
7703,9.5
7704,4.75
7705,157/100
7706,3045
7707,800/7
7708,28
7709,148
7710,72
7711,17/20
7712,
7713,11/24
7714,4
7715,48
7716,42
7717,6.66
7718,7/24
7719,120
7720,-9
7721,47.6
7722,56
7723,120
7724,1350
7725,-7
7726,13/10
7727,25.4
7728,222
7729,6
7730,140
7731,882
7732,10.125
7733,1.1
7734,720
7735,67.5
7736,17.5
7737,6
7738,20
7739,
7740,16
7741,135
7742,36
7743,85
7744,560
7745,500
7746,38
7747,18
7748,-194
7749,26
7750,17/48
7751,700
7752,1.8
7753,5680/13
7754,640000
7755,54.25
7756,320
7757,-2099
7758,135
7759,11/30
7760,5
7761,2.2
7762,400
7763,864
7764,4
7765,6
7766,96
7767,32800
7768,83
7769,140
7770,122
7771,2865
7772,9/10
7773,3600
7774,-30
7775,472.91
7776,1186
7777,30
7778,20
7779,225
7780,16/5
7781,1200
7782,4
7783,-22
7784,220
7785,0
7786,138
7787,432
7788,1800
7789,15000
7790,996.11111
7791,26
7792,142
7793,2/7
7794,-10
7795,15
7796,16
7797,1/4
7798,1260
7799,560
7800,-82.5
7801,60
7802,625
7803,1/10
7804,15/4
7805,-174/5
7806,20
7807,106
7808,169/5
7809,15
7810,5.6
7811,24
7812,2/3
7813,30
7814,5/6
7815,54
7816,8
7817,14
7818,240
7819,51/20
7820,25
7821,0
7822,5416
7823,1026
7824,1/5
7825,18
7826,59/6
7827,-571/30
7828,80000
7829,60/7
7830,72
7831,630
7832,10
7833,16
7834,93
7835,82
7836,11/20
7837,9
7838,16800
7839,26/11
7840,144
7841,32/21
7842,6
7843,50
7844,5
7845,72/11
7846,-1.7
7847,135
7848,140
7849,-547
7850,109
7851,11/20
7852,570
7853,7
7854,80/3
7855,1/5
7856,4
7857,1.225
7858,48
7859,200
7860,938
7861,3/20
7862,336
7863,3
7864,10.3
7865,-30
7866,25
7867,9
7868,40/9
7869,41/3
7870,180
7871,3/4
7872,5
7873,63/5
7874,28/3
7875,3/5
7876,
7877,7
7878,8
7879,219
7880,1/4
7881,150
7882,375/2
7883,2/5
7884,11/60
7885,3/5
7886,96
7887,1/3
7888,12
7889,9
7890,57.75
7891,2
7892,6
7893,765
7894,43
7895,1080
7896,8745
7897,-0.836
7898,3000
7899,36
7900,784
7901,115
7902,124
7903,20
7904,5.42
7905,3
7906,600
7907,200
7908,24/7
7909,3/4
7910,8
7911,-14
7912,40
7913,79.2
7914,2700
7915,3/16
7916,10
7917,96
7918,3/4
7919,864
7920,9/20
7921,100
7922,1
7923,1/4
7924,26/3
7925,324
7926,150
7927,900
7928,57
7929,-360
7930,50
7931,750
7932,4/5
7933,-16
7934,77
7935,5/8
7936,2/5
7937,2/5
7938,5
7939,4
7940,7
7941,85
7942,5/12
7943,4
7944,300
7945,108
7946,11.1
7947,4
7948,44
7949,15
7950,1/50
7951,1/50
7952,19/39
7953,162/23
7954,643/5
7955,86
7956,55
7957,2542
7958,-17/15
7959,230
7960,17/30
7961,25
7962,-100/3
7963,20
7964,7000
7965,54
7966,5
7967,960
7968,1710
7969,41
7970,11025/4
7971,3/20
7972,624
7973,100
7974,64
7975,260
7976,120
7977,80
7978,20
7979,1/25
7980,42
7981,392
7982,25
7983,2000
7984,22/3
7985,2590
7986,40/3
7987,195
7988,504
7989,144000
7990,170
7991,72
7992,5
7993,1200
7994,193
7995,0
7996,360
7997,7000
7998,2/7
7999,6
