0,96.08
1,146
2,20
3,2
4,3
5,1290
6,600
7,-45
8,8.8
9,-9
10,691
11,5250
12,80
13,56
14,9
15,8172
16,16
17,61.3
18,322.5
19,10
20,12
21,35
22,100
23,44
24,300
25,52
26,11
27,16
28,0.628
29,1950
30,3.6
31,80
32,9
33,720
34,36
35,29/20
36,251
37,8
38,14/15
39,72
40,400
41,24
42,0
43,500
44,4
45,17
46,95
47,288
48,40
49,280
50,656
51,8
52,7600
53,280
54,111
55,180
56,142
57,4875
58,1248
59,3
60,66
61,1201
62,1300
63,58
64,1176
65,588
66,13198.8
67,400
68,3360
69,765
70,10
71,73.2
72,6600
73,5/8
74,200
75,3.8
76,0
77,13/20
78,24
79,194
80,3.3
81,78
82,64
83,392
84,260
85,25%
86,60
87,424
88,402
89,374
90,9/5
91,460
92,20
93,1735
94,1536
95,78.5
96,8
97,16
98,126
99,260
100,2288
101,2500
102,3486
103,14
104,5
105,3
106,5/9
107,0.00112
108,10.9
109,6
110,7/10
111,1200
112,560
113,23
114,17
115,39
116,4955
117,623
118,12
119,124
120,0.94
121,26
122,25
123,69
124,10.125
125,110%
126,535
127,1.08475
128,124
129,770
130,7/9
131,4191
132,10
133,1
134,1600
135,8
136,595
137,8000000
138,24
139,87
140,90
141,337
142,96
143,15
144,8126.72
145,356
146,20/3
147,8400
148,4800
149,9
150,2/9
151,446
152,2
153,490
154,8000
155,3/10
156,-75
157,600
158,18
159,8700
160,30
161,5
162,8
163,6
164,112
165,1350
166,258
167,775
168,15
169,312
170,4/5
171,7
172,280
173,144
174,11/35
175,14
176,44
177,9
178,16
179,47
180,20
181,28.26
182,12
183,27
184,17/20
185,650
186,5000
187,10
188,312
189,15
190,-782
191,-122.46
192,10395
193,880
194,400
195,
196,704
197,113.04
198,450
199,272
200,450
201,114
202,18
203,7/20
204,5
205,24
206,4/9
207,0
208,41
209,6
210,6
211,65.55
212,3081
213,1500
214,11
215,612500
216,64
217,17/4
218,63024
219,3200
220,3822
221,333
222,20
223,4
224,200
225,1872
226,378
227,9
228,6/49
229,28.8
230,190
231,293
232,3300
233,207
234,684
235,3500
236,691
237,1710
238,-1/18
239,3280
240,816
241,7/9
242,1
243,5375
244,432
245,3/5
246,25.12
247,41/24
248,-759
249,200
250,3.2
251,2
252,3202.5
253,1260
254,315/4
255,6000
256,1536
257,15
258,490
259,5
260,2700
261,180
262,84
263,192
264,24/5
265,34
266,11/24
267,276
268,26
269,94
270,25000
271,12300
272,750
273,12
274,520
275,1585
276,289
277,5.4
278,32
279,750
280,150.72
281,8
282,6
283,92
284,64
285,18
286,240
287,579
288,6.48
289,2250
290,944
291,10
292,-10
293,468
294,98
295,21
296,5280
297,-69
298,4
299,64
300,224
301,27/20
302,8
303,8
304,81
305,19349.465
306,9/2
307,12
308,50
309,210
310,62.8
311,450
312,16
313,2/7
314,36
315,60
316,100
317,324
318,400
319,1/2
320,8
321,432
322,1/2
323,21/40
324,6/5
325,7
326,3450
327,71.25
328,890
329,48
330,12475
331,434000
332,16000
333,300
334,4/7
335,1344
336,81
337,486
338,6
339,10000
340,25/29
341,90
342,168
343,
344,60
345,2
346,48
347,5
348,425
349,12
350,32
351,600
352,465
353,1588
354,168
355,140
356,165.5
357,50
358,5/2
359,196
360,45216
361,125600
362,45
363,9
364,11
365,540
366,24/35
367,32
368,16
369,209
370,150
371,242
372,10
373,31
374,36
375,1350
376,591
377,904.32
378,4429
379,
380,70
381,108
382,2/5
383,6240
384,56375
385,91
386,12/5
387,3.14
388,600
389,256
390,20
391,1260
392,768
393,800
394,11.775
395,34.5
396,450
397,11
398,6592
399,13
400,12/5
401,136
402,864
403,7/4
404,685
405,32
406,20
407,4/15
408,115/24
409,12.56
410,12
411,33
412,-1/4
413,800
414,10
415,516
416,55
417,8
418,1320
419,20
420,2/9
421,1
422,3
423,-12/29
424,1.12
425,15.12
426,180
427,53
428,332/189
429,2000
430,580
431,560
432,384
433,112
434,16
435,31
436,408
437,44
438,51/40
439,4200
440,1/4
441,7
442,410
443,175/2
444,64
445,765
446,3/5
447,0.45
448,20
449,1920
450,1036
451,68
452,38900.3%
453,10
454,30
455,133
456,1080
457,3/2
458,76
459,390
460,24
461,2400
462,33
463,816
464,12
465,1710
466,15/11
467,246
468,21
469,30
470,12
471,16
472,690
473,251.2
474,6
475,4
476,534
477,1000
478,1152
479,231
480,320
481,533
482,1/20
483,192
484,30
485,280
486,132
487,288
488,15
489,1204
490,4
491,96
492,260
493,44.72
494,440
495,2046.17
496,17280
497,360
498,80
499,1344
500,272
501,445
502,160
503,750
504,885
505,639
506,120
507,700
508,9420
509,78
510,66000
511,14
512,17/40
513,-7/2
514,1160
515,58
516,786
517,0.95911
518,1/2
519,224
520,45
521,8
522,355
523,1800
524,3/8
525,200
526,340
527,100
528,50
529,31.4
530,80
531,36
532,150
533,52.65
534,24
535,45
536,1/100
537,22
538,7
539,-48
540,270
541,100000
542,216
543,600
544,44
545,120
546,1
547,84
548,0.1
549,60
550,1730
551,78.5
552,48
553,1
554,1100
555,750
556,11
557,504
558,78.5
559,495.3463
560,-3.66
561,6
562,24/5
563,200/3
564,59
565,63
566,
567,147
568,560
569,2500
570,266
571,3.87097
572,10700
573,24
574,500/11
575,250.95
576,5
577,2
578,150
579,240
580,1600
581,4
582,182.9
583,900
584,5
585,12
586,-30
587,15
588,0
589,720
590,22
591,16
592,40
593,0.4
594,2/3
595,153.86
596,1.2
597,930
598,192
599,20000
600,19208
601,55.71429
602,3
603,400/9
604,60
605,2/5
606,10
607,25/2
608,40
609,378
610,900
611,10
612,696
613,0.36
614,9.6
615,1800
616,108.55
617,10
618,3768
619,90
620,89.4
621,50
622,251.2
623,114
624,
625,15
626,88
627,0.6
628,421
629,-27
630,60
631,123.83658
632,3
633,2000
634,380
635,5%
636,93.8%
637,57.1%
638,10000%
639,60
640,2.72727
641,
642,5
643,88
644,1350/11
645,44
646,6
647,14
648,215
649,-60
650,340
651,120
652,-28
653,16
654,98%
655,49
656,80
657,98%
658,1.5
659,95%
660,103
661,4/3
662,950
663,75%
664,102
665,1094.5
666,50
667,-201/5000
668,12
669,1130.4
670,8
671,735
672,30
673,120
674,5
675,92%
676,8
677,193
678,98%
679,96%
680,28000
681,46000
682,120
683,450
684,21
685,42
686,3360
687,100
688,36
689,51/2
690,320
691,960
692,81
693,6/5
694,128
695,5382
696,16
697,180
698,31/40
699,60
700,75
701,36
702,5
703,30
704,7.91667
705,-4
706,94%
707,5/8
708,20
709,18
710,160
711,38
712,2
713,0.3
714,10%
715,0
716,240
717,2400
718,6
719,180
720,150
721,62.8
722,135
723,
724,16
725,425
726,42.5
727,117
728,10
729,160
730,360
731,15
732,144
733,100
734,295
735,0.135
736,28.28
737,20
738,105/2
739,160
740,95%
741,150
742,1/4
743,5
744,300
745,1280
746,10/9
747,190.66667
748,13
749,415/3
750,10/3
751,-5199
752,47
753,12
754,85/4
755,250
756,29/6
757,64
758,7
759,300
760,694.33333
761,1660
762,3.14
763,6.28
764,210
765,4000
766,1944
767,2.16
768,8000/3
769,10
770,851
771,483/2
772,151
773,13.5
774,800
775,84
776,1200
777,160
778,420
779,4
780,5
781,32000
782,24000
783,-15/2
784,117
785,156
786,6.28
787,4.5
788,625
789,96
790,98%
791,54
792,1225/3
793,12
794,72.09
795,41
796,120/11
797,90/7
798,44
799,300
800,71.5
801,220
802,-300
803,1176
804,578/5
805,15.36
806,100
807,120
808,6/7
809,1872
810,-0.76923
811,51/10
812,20
813,78.57536
814,25
815,4000
816,2000
817,13
818,8
819,90
820,174
821,600
822,88
823,120
824,495.3463
825,1050
826,1462
827,40/21
828,1.2
829,42
830,290
831,160
832,2500
833,600/301
834,39
835,2816
836,240
837,32
838,-4
839,80
840,1
841,5
842,8
843,43520
844,546
845,148/7
846,-11
847,42
848,10912
849,12
850,1120
851,1650
852,24
853,10
854,4/7
855,-26
856,30/11
857,21
858,0
859,113.04
860,3500
861,75
862,32
863,2/7
864,15000
865,14
866,0.5
867,1235
868,40.33333
869,75
870,6.6
871,63
872,9
873,62
874,48
875,102/5
876,10500
877,87.5%
878,2.198
879,3925%
880,64
881,10
882,30
883,58.8
884,90
885,
886,-25728
887,4710
888,273
889,5
890,1/3
891,306
892,1050
893,42.9
894,320
895,9
896,315
897,10
898,200
899,60000
900,4000
901,207000
902,16/3
903,75
904,15
905,4
906,
907,140
908,26
909,12.56
910,15
911,-22.79
912,4/3
913,51
914,156.78
915,430
916,6280
917,125.6
918,94.2
919,5.4
920,200
921,0.5
922,18
923,98%
924,134
925,32/5
926,95.8%
927,260
928,30
929,50
930,62500/7
931,105000/11
932,602/5
933,18.84
934,7.1
935,955
936,60
937,5
938,6.66
939,78
940,-15
941,19
942,210
943,24
944,0
945,5/12
946,-176
947,6
948,0
949,48
950,0.6
951,53
952,76
953,9/4
954,594
955,122
956,16
957,6/5
958,7600
959,13/100
960,6
961,7
962,640
963,31050
964,16
965,17/2
966,25
967,2000/19
968,132
969,1/8
970,152.4
971,11
972,3424
973,628
974,31
975,75
976,70
977,6
978,345.4
979,910
980,182.9
981,220/9
982,3
983,448
984,3.9%
985,74
986,352/225
987,10
988,27
989,260
990,24
991,8280
992,1975/3
993,700
994,1800.0%
995,2
996,100/101
997,90
998,72
999,1/5
1000,31.4
1001,450/7
1002,89
1003,270
1004,6
1005,90%
1006,495
1007,31
1008,
1009,1/4
1010,5/2
1011,163
1012,625/2
1013,96%
1014,13
1015,40
1016,15
1017,5/4
1018,103
1019,1/12
1020,9
1021,40%
1022,41.7%
1023,125.6
1024,200
1025,8080
1026,16000
1027,1
1028,304
1029,138
1030,140/3
1031,76.44
1032,799
1033,6
1034,-13/37
1035,270
1036,0.864
1037,30
1038,400
1039,280/19
1040,-24
1041,2800
1042,36
1043,31.4
1044,1.14
1045,441
1046,1/16
1047,36
1048,529/36
1049,412.5
1050,15
1051,256000
1052,240
1053,60/49
1054,100/9
1055,100
1056,96
1057,18
1058,9/16
1059,0.42667
1060,490
1061,11
1062,3.77
1063,7/2
1064,60
1065,20
1066,68
1067,6
1068,455/3
1069,225
1070,55
1071,15
1072,-299
1073,284
1074,1/25
1075,4138
1076,1
1077,204
1078,12/5
1079,-40
1080,1200
1081,105
1082,10
1083,20
1084,1.3
1085,7.4
1086,9/20
1087,480
1088,4/9
1089,0.18
1090,90
1091,45
1092,4875
1093,128/3
1094,178/63
1095,18
1096,1440
1097,3/8
1098,270
1099,120
1100,1/7
1101,16
1102,492
1103,2
1104,285
1105,2/5
1106,105.7
1107,12
1108,9
1109,13
1110,27
1111,3
1112,7.83
1113,33.3%
1114,800
1115,68
1116,6
1117,380
1118,20
1119,3
1120,15
1121,30
1122,18
1123,10
1124,16
1125,
1126,14
1127,1.73333
1128,1/2
1129,200/3
1130,0.84615
1131,3
1132,30
1133,70200
1134,128
1135,10
1136,30.05
1137,575
1138,480
1139,184
1140,18000
1141,225/16
1142,6
1143,180
1144,-15/2
1145,4
1146,1000
1147,259
1148,0
1149,19.3
1150,232
1151,100
1152,1/2
1153,770
1154,12
1155,450/13
1156,-7
1157,591.576
1158,1154
1159,2
1160,21
1161,5
1162,216
1163,60
1164,8965
1165,12
1166,12
1167,20
1168,0
1169,-15
1170,-11.1%
1171,424
1172,360
1173,3400/3
1174,1500
1175,2%
1176,-15000
1177,1500
1178,60000
1179,46
1180,3
1181,450000
1182,72
1183,122
1184,109
1185,60
1186,99
1187,201
1188,597
1189,2030
1190,1
1191,60
1192,0.27
1193,60000
1194,864
1195,1%
1196,0.16667
1197,45
1198,4320
1199,62.8
1200,486
1201,2.77778
1202,19
1203,5%
1204,51
1205,-1.21739
1206,18
1207,188
1208,102
1209,3
1210,100/3
1211,30
1212,119
1213,60%
1214,60
1215,1000
1216,90
1217,-144/35
1218,-21/17
1219,750
1220,73.3%
1221,40
1222,1
1223,190.8
1224,48
1225,100/3
1226,94.2
1227,600
1228,16
1229,750
1230,16/5
1231,16/5
1232,54
1233,64
1234,2430
1235,1413
1236,154
1237,90
1238,60
1239,30
1240,64%
1241,8
1242,80/7
1243,27
1244,147
1245,4200
1246,85
1247,53
1248,56
1249,180
1250,63
1251,45
1252,35
1253,14
1254,36
1255,8
1256,30
1257,38
1258,24
1259,16
1260,53
1261,22
1262,4
1263,37
1264,6
1265,45
1266,9
1267,35
1268,23
1269,18
1270,55
1271,53
1272,70
1273,26
1274,1648
1275,12
1276,96
1277,15/2
1278,-2
1279,30
1280,72
1281,51
1282,84
1283,18
1284,56
1285,80
1286,45
1287,35
1288,27
1289,48
1290,8
1291,14
1292,26
1293,16
1294,40
1295,1505
1296,100
1297,3000
1298,8
1299,6
1300,6
1301,20
1302,6
1303,5
1304,6
1305,24
1306,4
1307,2
1308,0
1309,34
1310,392
1311,48/7
1312,4
1313,32
1314,13
1315,9
1316,13
1317,6
1318,44
1319,6
1320,637
1321,4
1322,80
1323,31
1324,28
1325,40
1326,17
1327,-37/3
1328,20
1329,6
1330,42
1331,6
1332,76
1333,7/4
1334,4
1335,-50
1336,54
1337,16
1338,60
1339,5
1340,73
1341,24
1342,6
1343,7
1344,24
1345,84
1346,31
1347,63
1348,6
1349,17
1350,23
1351,16
1352,19
1353,28
1354,26
1355,72
1356,-74
1357,904.32
1358,160
1359,700
1360,2304
1361,72000
1362,6
1363,63
1364,2604
1365,5/9
1366,-371
1367,40
1368,30144
1369,53
1370,64
1371,81
1372,335
1373,8
1374,76.5
1375,18/35
1376,500
1377,128
1378,60000
1379,720
1380,8.91
1381,628
1382,599
1383,17/3
1384,440
1385,9.225
1386,28
1387,2
1388,150
1389,8.71667
1390,28
1391,30
1392,48000
1393,117
1394,0
1395,16
1396,502.4
1397,60
1398,95
1399,840
1400,3
1401,180
1402,640
1403,25
1404,78
1405,324
1406,9/8
1407,48
1408,787
1409,125
1410,367
1411,4
1412,100
1413,40
1414,240
1415,360
1416,90000
1417,3
1418,240
1419,31
1420,11/20
1421,30.6
1422,33.45
1423,3.6
1424,0.008
1425,9
1426,9
1427,5
1428,504
1429,96
1430,22.5
1431,28
1432,48
1433,84
1434,2.4
1435,44.3
1436,190
1437,271.32
1438,196.35
1439,72000
1440,12
1441,22
1442,110
1443,18
1444,54
1445,15
1446,13950
1447,53
1448,0.3
1449,4
1450,44
1451,109.09091
1452,216
1453,307
1454,36
1455,32
1456,-350
1457,31
1458,58
1459,9
1460,3612
1461,560
1462,20
1463,110/27
1464,10
1465,290
1466,1
1467,280
1468,68
1469,1.1
1470,137
1471,-7
1472,64
1473,9
1474,26
1475,8
1476,50
1477,9000
1478,54
1479,48
1480,0.6
1481,8448
1482,35
1483,3
1484,48/71
1485,4
1486,152/15
1487,33
1488,8
1489,56
1490,3.5
1491,-9/2
1492,0
1493,8500
1494,32
1495,50
1496,68
1497,18
1498,8.08
1499,2370
1500,273
1501,18/5
1502,149
1503,9/2
1504,371
1505,28
1506,100
1507,48
1508,18.4
1509,180
1510,945
1511,5/6
1512,640000
1513,180
1514,408
1515,520
1516,36
1517,1.55
1518,7321
1519,6
1520,90
1521,33
1522,600
1523,410000
1524,331
1525,40
1526,140
1527,15/2
1528,128/5
1529,780
1530,414/5
1531,12
1532,100
1533,128.33333
1534,4800
1535,1/2
1536,5/2
1537,3124
1538,1/21
1539,160
1540,128
1541,200.96
1542,65
1543,90
1544,12
1545,400
1546,400
1547,20
1548,1/16
1549,2
1550,39/100
1551,3/4
1552,3050
1553,5330
1554,12/25
1555,753.6
1556,22.608
1557,118.3152
1558,400
1559,200
1560,16000/19
1561,26
1562,10
1563,120
1564,119
1565,-90
1566,2400
1567,8.4
1568,4800
1569,9
1570,3000
1571,20
1572,31.4
1573,13/2
1574,104
1575,60
1576,9420
1577,-15.2
1578,210
1579,288
1580,1.25
1581,4
1582,125
1583,160
1584,126
1585,4900/3
1586,27000
1587,-34
1588,82
1589,1200
1590,73
1591,288/7
1592,108
1593,175
1594,50
1595,3080
1596,5.2
1597,22.2%
1598,100
1599,6
1600,120
1601,100
1602,15
1603,800
1604,-240
1605,2/25
1606,1008
1607,52
1608,10
1609,12.56
1610,20096
1611,20096
1612,8500/11
1613,52.7
1614,37.68
1615,52
1616,877
1617,4
1618,150
1619,384
1620,45
1621,450
1622,60.48
1623,120
1624,40
1625,374.46
1626,64
1627,25
1628,3/2
1629,60/23
1630,1600
1631,12
1632,15
1633,3
1634,84.99575
1635,20
1636,60
1637,54
1638,5
1639,1/4
1640,84
1641,171.6
1642,36
1643,720
1644,123.2
1645,5000
1646,25.12
1647,0.0125
1648,1/5
1649,60
1650,1770
1651,50
1652,25900
1653,15.19355
1654,92%
1655,628
1656,1
1657,-599
1658,30
1659,8040
1660,158
1661,4
1662,2/3
1663,20/9
1664,3.2
1665,5
1666,27/2
1667,77/10
1668,375
1669,0.36
1670,3/2
1671,109450
1672,9000
1673,36
1674,-9
1675,18
1676,3960/29
1677,5
1678,54
1679,24500
1680,-2
1681,3200
1682,1
1683,2000/3
1684,18/5
1685,160/3
1686,15
1687,30
1688,628
1689,150
1690,1120
1691,160
1692,120
1693,45
1694,36
1695,1600
1696,0.104
1697,1256
1698,30
1699,4
1700,51
1701,20
1702,6.86
1703,3.4
1704,32/15
1705,0.25
1706,1/24
1707,54
1708,120
1709,-7.83333
1710,1280
1711,0.034
1712,66000
1713,4050/101
1714,11200
1715,144
1716,9
1717,400
1718,15
1719,720
1720,2/7
1721,64.8076
1722,15
1723,48/5
1724,113.04
1725,22
1726,36
1727,251.2
1728,12
1729,360
1730,12/5
1731,10/13
1732,110
1733,33.5
1734,25
1735,0
1736,70/3
1737,130
1738,1720/7
1739,520
1740,267
1741,45
1742,65/3
1743,1380
1744,30
1745,6
1746,80
1747,18/5
1748,31
1749,3/4
1750,-113
1751,40
1752,7
1753,1.74
1754,25
1755,45
1756,35/36
1757,100/3
1758,219.8
1759,167
1760,17
1761,192
1762,-32.13
1763,231
1764,20/29
1765,10.71429
1766,51
1767,18
1768,36
1769,8
1770,1
1771,2250
1772,450
1773,2682
1774,64/5
1775,-8000/31
1776,160
1777,650
1778,205/7
1779,1030
1780,0
1781,9
1782,1175
1783,1800
1784,67
1785,2
1786,9
1787,6
1788,952
1789,160
1790,600
1791,250
1792,20
1793,11460
1794,38/7
1795,0
1796,5
1797,50
1798,24
1799,500
1800,200
1801,11/15
1802,3360
1803,1136
1804,450
1805,942
1806,7200
1807,4
1808,375/31
1809,8
1810,660
1811,8
1812,62.8
1813,75
1814,6
1815,72
1816,54/5
1817,20
1818,102
1819,48
1820,640
1821,27
1822,218
1823,10
1824,18522/5
1825,1355
1826,100
1827,1
1828,260
1829,1560.58
1830,40
1831,4
1832,5
1833,5928
1834,272
1835,1256
1836,13209
1837,5
1838,12
1839,8
1840,120
1841,2000
1842,18
1843,4
1844,280
1845,25.12
1846,5760
1847,702
1848,9
1849,3000
1850,818
1851,151.8
1852,325
1853,1035
1854,3.14
1855,12
1856,4000
1857,4500
1858,60
1859,40
1860,-74
1861,100.5
1862,96
1863,16
1864,48
1865,1000
1866,1210
1867,127
1868,3023/3
1869,6720
1870,4410
1871,30
1872,5400
1873,8000
1874,50
1875,11
1876,24
1877,5
1878,126
1879,46
1880,12.56
1881,6.97
1882,6
1883,3888
1884,1088
1885,-16
1886,20
1887,6
1888,-16
1889,3
1890,16
1891,52%
1892,6
1893,12.56
1894,125
1895,64
1896,2/15
1897,3/4
1898,6
1899,40
1900,9
1901,45/7
1902,3600
1903,4.2
1904,9
1905,-180
1906,420
1907,744
1908,27
1909,15.75
1910,33750
1911,1469
1912,6
1913,9
1914,0
1915,108
1916,108
1917,11
1918,16
1919,6
1920,12
1921,104
1922,6
1923,5166
1924,45
1925,360
1926,160
1927,72
1928,9/4
1929,12
1930,20
1931,5
1932,20
1933,6
1934,-28600
1935,3
1936,720
1937,339.12
1938,34
1939,40
1940,1600/3
1941,4.2
1942,125.6
1943,2000
1944,1.49074
1945,1
1946,5445/8
1947,175/2
1948,16
1949,142960
1950,80%
1951,-20
1952,5
1953,29.8
1954,6.28
1955,4900
1956,0.36842
1957,217
1958,15.7
1959,91
1960,960
1961,0.04
1962,3740
1963,25
1964,38624
1965,90600
1966,113
1967,280
1968,197.192
1969,16
1970,5
1971,4.1
1972,36
1973,-17.49
1974,6
1975,42
1976,-31/4
1977,60
1978,75
1979,7
1980,1750
1981,133/10
1982,14.4
1983,10.84
1984,8
1985,36
1986,200
1987,18/5
1988,68.57143
1989,2098
1990,201
1991,13
1992,1238/3
1993,5450
1994,22
1995,46.05
1996,181
1997,1
1998,3.5
1999,1.6
2000,24
2001,168
2002,5
2003,81
2004,8
2005,65
2006,260
2007,1770
2008,896
2009,621
2010,10000/3
2011,45
2012,130/3
2013,0.05
2014,8
2015,2
2016,13
2017,8.1
2018,75/2
2019,4800
2020,22
2021,96
2022,100
2023,400
2024,450
2025,12.2
2026,82
2027,15
2028,4
2029,-15%
2030,-2.5%
2031,175/39
2032,5
2033,56
2034,360
2035,2300
2036,648
2037,720
2038,384
2039,-180
2040,185/8
2041,3
2042,78500
2043,144
2044,6.75
2045,-1
2046,240
2047,10
2048,3
2049,20
2050,189
2051,1159
2052,36
2053,748.8
2054,5
2055,301.44
2056,149
2057,41
2058,0.33333
2059,4750
2060,5000/3
2061,42
2062,1040/3
2063,1.27933
2064,24
2065,-9300
2066,7500
2067,3200
2068,0.5
2069,315
2070,56
2071,270
2072,250/3
2073,0.25263
2074,880
2075,1176
2076,1500
2077,4
2078,400
2079,2000
2080,2.04
2081,22
2082,35
2083,24/5
2084,1/2501
2085,80
2086,189
2087,54
2088,900/7
2089,1740
2090,112
2091,108
2092,72
2093,900
2094,672
2095,184.632
2096,314
2097,54
2098,12/5
2099,28
2100,780
2101,70000
2102,0.2
2103,50
2104,104
2105,33
2106,314
2107,50.24
2108,1560
2109,5200/77
2110,63
2111,16
2112,16
2113,19.968
2114,6
2115,622
2116,3600
2117,185.79235
2118,157
2119,84
2120,15
2121,1088
2122,200.96
2123,29.5788
2124,3.57
2125,3.14
2126,830
2127,99
2128,268
2129,162
2130,24/5
2131,300
2132,15
2133,3720
2134,4
2135,13.188
2136,22
2137,65/9
2138,174
2139,12
2140,10.5
2141,8
2142,11
2143,11
2144,0.4
2145,8
2146,1296
2147,384
2148,13/12
2149,720/17
2150,565.2
2151,127.3584
2152,10
2153,125.6
2154,699
2155,64/17
2156,3
2157,120
2158,42
2159,45.216
2160,3595/9
2161,480
2162,732
2163,180
2164,0
2165,0
2166,124
2167,3230
2168,-108.5
2169,6480
2170,2250
2171,720
2172,-32.5%
2173,11183
2174,-36
2175,89.3%
2176,65%
2177,37/10
2178,1333
2179,90
2180,985.96
2181,3600
2182,715
2183,8
2184,1710
2185,1040
2186,300
2187,441
2188,1456
2189,30000
2190,2700/7
2191,36
2192,0.6
2193,56
2194,2
2195,3400
2196,24
2197,0.4
2198,63.10144
2199,12
2200,53/9
2201,344
2202,2520
2203,11400
2204,3
2205,828
2206,48
2207,0.216
2208,16
2209,210
2210,496
2211,160
2212,725
2213,240
2214,1.54
2215,24
2216,29/3
2217,776
2218,10
2219,59/3
2220,10890
2221,1245
2222,525
2223,13
2224,24.649
2225,36000
2226,6400
2227,80
2228,6.3
2229,750
2230,75.36
2231,4
2232,14/15
2233,4.5
2234,1.07
2235,2.04
2236,18
2237,-2
2238,74
2239,-250/3
2240,3000
2241,2250
2242,66
2243,6300
2244,45
2245,1.05
2246,5
2247,241
2248,4.5
2249,1920
2250,2866.24204
2251,80
2252,114
2253,30
2254,1440
2255,9
2256,300
2257,5750
2258,32
2259,64/55
2260,120
2261,86.2%
2262,416.7%
2263,49.8
2264,-60
2265,100
2266,232
2267,58.5
2268,71
2269,96
2270,1
2271,256/3
2272,48.4
2273,7/5
2274,16
2275,729
2276,585
2277,320
2278,1/100
2279,1.455
2280,45
2281,2940
2282,3000
2283,1190
2284,3600
2285,60
2286,0
2287,4/5
2288,12
2289,14400
2290,100
2291,45
2292,45
2293,40
2294,168
2295,1981.38522
2296,72
2297,5
2298,1413
2299,62.8
2300,24
2301,3
2302,450
2303,10
2304,31.4
2305,6.28
2306,12
2307,1200/11
2308,13
2309,25/3
2310,32
2311,33
2312,40
2313,-1650
2314,350
2315,6
2316,1872
2317,420
2318,4
2319,12
2320,18
2321,360
2322,12002/25
2323,14.9
2324,75
2325,1000
2326,1537
2327,1120
2328,18
2329,40
2330,375/7
2331,-34
2332,1250/3
2333,4200
2334,1.56
2335,120
2336,12
2337,5
2338,23491/7
2339,2
2340,2
2341,95
2342,43.2
2343,131/3
2344,5/84
2345,40
2346,52
2347,432
2348,48
2349,327
2350,1080
2351,50
2352,45
2353,11
2354,300
2355,400
2356,3527
2357,13
2358,157.33333
2359,1243
2360,75000%
2361,13
2362,448
2363,880
2364,476
2365,330
2366,288
2367,37.68
2368,8/3
2369,4
2370,100
2371,7
2372,7.536
2373,45
2374,240
2375,18
2376,60
2377,43
2378,11
2379,-2
2380,180
2381,80
2382,48
2383,3231
2384,352
2385,111
2386,112
2387,930
2388,15
2389,-1/4
2390,-360
2391,20
2392,210
2393,15
2394,27.8
2395,12
2396,120
2397,196
2398,22
2399,180%
2400,2.4
2401,224/3
2402,0.002
2403,8
2404,70
2405,24
2406,
2407,12.03429
2408,11
2409,3.14
2410,12
2411,9.42
2412,5
2413,4
2414,37/41
2415,8400/43
2416,28.26
2417,600
2418,80
2419,20
2420,-1186
2421,600
2422,2/3
2423,21
2424,7.26
2425,252
2426,-8
2427,4
2428,75
2429,7.2
2430,2
2431,12
2432,17/40
2433,27/8
2434,60
2435,120
2436,39.55
2437,716.8
2438,19
2439,8
2440,-3098/503
2441,200
2442,36
2443,18
2444,40
2445,5
2446,150
2447,2275/57
2448,28
2449,11620
2450,33/20
2451,30
2452,8/3
2453,193.4
2454,93
2455,0
2456,20%
2457,176
2458,5
2459,1256
2460,30/7
2461,6
2462,17
2463,2.1875
2464,6.28
2465,-134
2466,56.52
2467,1
2468,59/2
2469,160
2470,16
2471,44
2472,31/19
2473,120
2474,120
2475,80
2476,25
2477,35
2478,25
2479,60
2480,-539
2481,11000
2482,24
2483,8
2484,28.26
2485,600
2486,-118/41
2487,208
2488,4
2489,8
2490,8
2491,20
2492,402
2493,-16
2494,100
2495,98
2496,130
2497,8000
2498,1/3
2499,8
2500,1500/13
2501,15800
2502,2000
2503,28
2504,65%
2505,10
2506,40/9
2507,308
2508,54
2509,240
2510,309
2511,314
2512,7630
2513,12
2514,-3.54
2515,220
2516,4
2517,7.536
2518,94.2
2519,-56
2520,230
2521,5840
2522,253.77511
2523,4
2524,8
2525,48
2526,6
2527,360/7
2528,-14/19
2529,66
2530,12
2531,71/960
2532,25
2533,60
2534,15
2535,4.71
2536,320
2537,216
2538,22
2539,72
2540,1/2
2541,8
2542,3
2543,1/2
2544,300
2545,60
2546,1056
2547,200
2548,2350
2549,21
2550,14
2551,5
2552,
2553,12.5%
2554,190
2555,3.57216
2556,49/2
2557,2016
2558,720000
2559,960
2560,300%
2561,100
2562,9.2
2563,30
2564,-10
2565,2610
2566,39
2567,50.24
2568,2
2569,720
2570,140
2571,2842
2572,0
2573,3
2574,5
2575,40
2576,4
2577,127.5
2578,18.84
2579,166
2580,371.06667
2581,72
2582,12
2583,140
2584,6.25
2585,4000
2586,-36
2587,7
2588,42
2589,-1
2590,12.24
2591,19
2592,2955
2593,51
2594,30
2595,35/3
2596,1595
2597,159/20
2598,43.2
2599,80
2600,125
2601,3360
2602,36000
2603,16.8
2604,16
2605,-4
2606,21
2607,2e-05
2608,6.4
2609,6
2610,140
2611,49
2612,1364
2613,225
2614,390/7
2615,2
2616,19.2
2617,6750
2618,600
2619,80
2620,96%
2621,1/5
2622,11/7
2623,8
2624,56
2625,665.6599
2626,301.44
2627,36
2628,183.3%
2629,8/5
2630,1872/7
2631,600000000000
2632,0.00048
2633,74
2634,471/125000
2635,200/3
2636,32
2637,14695.2
2638,34
2639,24
2640,3
2641,9
2642,12/5
2643,1536
2644,-2
2645,128
2646,10
2647,20
2648,320
2649,0.375
2650,2
2651,27.72
2652,2
2653,300
2654,150
2655,2.4
2656,50
2657,8
2658,9/2
2659,21.9
2660,37.68
2661,20
2662,5
2663,8
2664,90
2665,1728
2666,7
2667,98%
2668,92
2669,3680/21
2670,8/19
2671,200
2672,3500
2673,48
2674,-35/11
2675,35
2676,-23
2677,13
2678,784
2679,0.77037
2680,316
2681,60
2682,20
2683,60000
2684,20000
2685,2800
2686,6000%
2687,10
2688,153
2689,92/13
2690,396
2691,5440
2692,1440
2693,246
2694,-0.64
2695,16
2696,314
2697,530
2698,14490
2699,24
2700,11
2701,8
2702,1200
2703,12
2704,84
2705,200
2706,1
2707,6
2708,6
2709,3.7
2710,93
2711,13
2712,63
2713,720
2714,2
2715,370
2716,90.432
2717,200
2718,18
2719,5/2
2720,10850
2721,1512
2722,19200
2723,2223
2724,20400
2725,18
2726,15
2727,56
2728,2220
2729,10
2730,696/5
2731,21
2732,40
2733,200
2734,6
2735,-200
2736,9000
2737,1000
2738,7.0251
2739,22
2740,
2741,75/7
2742,0
2743,17/49
2744,40
2745,90
2746,-41/65
2747,24
2748,300
2749,64
2750,37
2751,16
2752,1000
2753,1/5
2754,15
2755,160
2756,1.26
2757,200
2758,216
2759,140
2760,2000
2761,1465/56
2762,80
2763,432
2764,116
2765,17.2
2766,750
2767,1.91083
2768,419
2769,25
2770,100
2771,87920
2772,6
2773,-1263
2774,-35/11
2775,24
2776,5
2777,504
2778,100
2779,250
2780,35/3
2781,83
2782,2000
2783,8
2784,375
2785,8
2786,1460
2787,288
2788,29/3
2789,13
2790,7
2791,31/40
2792,36
2793,30
2794,3
2795,100
2796,86.7
2797,3
2798,0.05914
2799,12
2800,7/2
2801,587
2802,7
2803,100
2804,294
2805,246
2806,6
2807,15
2808,150
2809,25
2810,150.72
2811,1344
2812,100
2813,8
2814,15.072
2815,0.5
2816,12
2817,360000
2818,784
2819,-120
2820,28.26
2821,130
2822,240
2823,196
2824,5
2825,70
2826,3520
2827,199/3
2828,2000/3
2829,96
2830,224
2831,17
2832,10
2833,40
2834,348
2835,7
2836,19
2837,920
2838,2400/11
2839,20%
2840,80
2841,-52/5
2842,30
2843,6
2844,120
2845,37.68
2846,300
2847,36
2848,94.2
2849,846
2850,9
2851,50.24
2852,1/6
2853,10
2854,24
2855,9.1%
2856,10
2857,28
2858,2
2859,10
2860,5500
2861,308
2862,283/39
2863,-6.3
2864,56
2865,16
2866,32
2867,20
2868,9.42
2869,1000
2870,280
2871,50000
2872,1188
2873,4
2874,50.24
2875,750
2876,3
2877,24%
2878,910
2879,32
2880,6
2881,7200
2882,96%
2883,11
2884,80
2885,54/5
2886,10
2887,1256
2888,16560
2889,251.2
2890,1610
2891,810
2892,6.28
2893,64
2894,320
2895,1647.1%
2896,40
2897,126
2898,2370
2899,1375
2900,27
2901,527
2902,53
2903,9
2904,450
2905,132
2906,86
2907,0.6
2908,50.24
2909,24
2910,5
2911,72
2912,505
2913,2070
2914,123.83658
2915,1600
2916,15
2917,452.16
2918,55
2919,379
2920,200
2921,24
2922,32
2923,6600
2924,4/5
2925,0.08
2926,11685
2927,-393/2
2928,606
2929,8
2930,132000
2931,37
2932,8060
2933,16/5
2934,4
2935,141.6768
2936,488/15
2937,31.4
2938,279/14
2939,0.01
2940,2250
2941,326
2942,5024
2943,84
2944,12
2945,480
2946,119880
2947,1884
2948,415/7
2949,21/20
2950,11/4
2951,3.3
2952,30
2953,555/7
2954,250/3
2955,135/8
2956,26
2957,144
2958,36
2959,8
2960,144
2961,20347
2962,41
2963,-99
2964,50.24
2965,56/13
2966,7
2967,81
2968,15
2969,14
2970,24
2971,10.6
2972,-30
2973,3/20
2974,6
2975,12
2976,1/20
2977,125.6
2978,180
2979,25
2980,180
2981,94.6%
2982,76
2983,8000
2984,80000
2985,443
2986,1.68
2987,4
2988,1155
2989,12
2990,35
2991,9.84
2992,24.649
2993,836.16
2994,1400
2995,-16
2996,100
2997,138
2998,18
2999,30/13
3000,32
3001,-136
3002,88
3003,188.4
3004,8.7
3005,-15
3006,540
3007,19
3008,126
3009,135.648
3010,31.4
3011,18
3012,5.024
3013,1271
3014,3.14
3015,5000
3016,18
3017,50
3018,26
3019,540
3020,50
3021,105/4
3022,960
3023,800
3024,15
3025,600
3026,88/3
3027,800
3028,7200
3029,100
3030,600000000000
3031,742
3032,57/2
3033,18
3034,8
3035,1
3036,140
3037,5
3038,13%
3039,450
3040,251.2
3041,4/3
3042,12
3043,18/5
3044,1600/9
3045,15
3046,3740/9
3047,1680
3048,8
3049,90/11
3050,3.4
3051,258
3052,15
3053,12
3054,13
3055,-90
3056,400
3057,4
3058,67
3059,2688/5
3060,650
3061,7488
3062,100.48
3063,75.36
3064,23
3065,260
3066,900
3067,60
3068,140
3069,1000
3070,120
3071,505
3072,-22275%
3073,-236
3074,4.3
3075,300
3076,60
3077,100480
3078,360
3079,113
3080,63
3081,112
3082,2512
3083,1.54
3084,12
3085,108
3086,1867
3087,5
3088,20/3
3089,8
3090,98%
3091,59
3092,378/13
3093,7
3094,268
3095,272
3096,1625
3097,1.2
3098,314
3099,3
3100,2.36
3101,157/5
3102,50
3103,-8
3104,9
3105,48
3106,144/5
3107,1650
3108,530
3109,48/5
3110,4
3111,360
3112,192
3113,160
3114,470
3115,1.46667
3116,1050
3117,162
3118,84
3119,45
3120,78.5
3121,864
3122,450
3123,6
3124,2
3125,160
3126,750
3127,175/3
3128,2
3129,400
3130,3250
3131,46
3132,10
3133,3.5
3134,2000
3135,78
3136,226.08
3137,30
3138,640
3139,3
3140,97.5%
3141,12000
3142,-1/2
3143,54
3144,125
3145,508
3146,243
3147,2250
3148,1.1
3149,120
3150,22
3151,4
3152,10
3153,155
3154,14.8
3155,12
3156,2.4
3157,12
3158,-39
3159,8
3160,32000
3161,35/27
3162,0.96
3163,20%
3164,1.44
3165,53
3166,132
3167,26
3168,1
3169,4
3170,20
3171,40
3172,32
3173,15
3174,76
3175,140
3176,1791
3177,41
3178,624
3179,48
3180,2700
3181,36.3
3182,1.875
3183,0.7
3184,720
3185,186
3186,5.5
3187,26949
3188,807
3189,5
3190,72
3191,850
3192,184
3193,60
3194,720
3195,30
3196,52
3197,6400
3198,1800
3199,-96
3200,70
3201,96
3202,900
3203,4800
3204,7
3205,22
3206,1050
3207,45728/235
3208,93
3209,85
3210,120
3211,42
3212,72
3213,8
3214,9
3215,75
3216,600
3217,800
3218,24
3219,130
3220,11
3221,4
3222,15
3223,420
3224,360
3225,175
3226,160
3227,4
3228,30
3229,8
3230,2520
3231,384
3232,360
3233,41/3
3234,6
3235,2880
3236,864
3237,3250
3238,175
3239,85
3240,252
3241,-195300
3242,1158
3243,1160
3244,1600
3245,50
3246,1820
3247,372
3248,1880
3249,1800
3250,280
3251,78
3252,300
3253,1200
3254,30
3255,6
3256,25
3257,3
3258,8
3259,90
3260,1692
3261,480
3262,200
3263,24
3264,95/3
3265,7
3266,7/8
3267,960
3268,35
3269,186
3270,225
3271,24
3272,27
3273,8
3274,75
3275,336
3276,180
3277,35
3278,305
3279,625
3280,784
3281,5124
3282,6
3283,32
3284,1208
3285,-246
3286,11
3287,9
3288,7632
3289,5400
3290,250
3291,203
3292,120
3293,9
3294,45
3295,29
3296,86
3297,200
3298,1000
3299,105
3300,13
3301,27
3302,228
3303,-20
3304,99
3305,11
3306,447
3307,477
3308,103
3309,39
3310,112
3311,660
3312,84
3313,9
3314,31
3315,7
3316,63
3317,315
3318,362
3319,8
3320,220
3321,54
3322,605
3323,21
3324,7680
3325,60
3326,200
3327,8250
3328,1425
3329,32
3330,80
3331,90
3332,250
3333,840
3334,420
3335,90
3336,203
3337,31
3338,448
3339,576
3340,200
3341,720
3342,95
3343,4
3344,569
3345,5
3346,100
3347,15
3348,700
3349,180
3350,32
3351,13
3352,13
3353,48
3354,39
3355,2600
3356,784
3357,130
3358,60
3359,86
3360,550
3361,328
3362,204
3363,126
3364,325
3365,236
3366,37
3367,300
3368,119
3369,10
3370,13500
3371,-735/2
3372,1052
3373,1320
3374,658
3375,180
3376,68
3377,910
3378,300
3379,256
3380,27
3381,1043
3382,105
3383,117
3384,1122
3385,84
3386,239
3387,15
3388,24
3389,25
3390,98
3391,27
3392,960
3393,60
3394,522
3395,130
3396,24
3397,25
3398,-60
3399,100
3400,845
3401,85
3402,405
3403,52
3404,-30
3405,89
3406,214
3407,200
3408,62
3409,32
3410,2
3411,6
3412,90
3413,4185
3414,16
3415,417
3416,2
3417,300/61
3418,16
3419,1530
3420,52
3421,1596
3422,552
3423,5014
3424,15624
3425,-24
3426,6240
3427,432
3428,240
3429,25
3430,3
3431,38
3432,1
3433,8/3
3434,131
3435,33.62
3436,28
3437,28
3438,71
3439,87
3440,0.72
3441,750
3442,4
3443,5/7
3444,2015
3445,279
3446,700
3447,0
3448,15/2
3449,96
3450,1400
3451,172
3452,5200
3453,103
3454,324
3455,98
3456,20
3457,19/7
3458,100
3459,8
3460,33
3461,1
3462,15
3463,336
3464,28
3465,3
3466,690
3467,180
3468,57.9
3469,430
3470,-1.08
3471,15
3472,16.5
3473,1000
3474,13
3475,6
3476,23
3477,25
3478,8
3479,600
3480,720
3481,4.88136
3482,100/3
3483,551.25
3484,800
3485,12
3486,-35/2
3487,27/2
3488,240
3489,150
3490,20
3491,192
3492,-32/3
3493,882
3494,100
3495,30
3496,
3497,648/125
3498,1.2
3499,6
3500,6
3501,16
3502,100
3503,800
3504,4
3505,3120
3506,30
3507,10
3508,275
3509,3200
3510,300
3511,420
3512,3
3513,3750
3514,-56.5
3515,5760
3516,352
3517,36
3518,33
3519,3500
3520,192
3521,8
3522,24
3523,5
3524,36
3525,500
3526,450
3527,3
3528,9/2
3529,58
3530,40
3531,3/56
3532,3.89231
3533,320
3534,1/5
3535,5
3536,9
3537,6
3538,192
3539,276
3540,50
3541,2400
3542,812/15
3543,2600
3544,6
3545,27
3546,-232
3547,1494
3548,588
3549,2000
3550,8
3551,75
3552,-15
3553,5050
3554,205
3555,720
3556,316
3557,13/5
3558,250000
3559,21540
3560,428
3561,3120
3562,840
3563,9
3564,380
3565,175
3566,32
3567,123
3568,1488
3569,1
3570,12
3571,6
3572,17
3573,35
3574,42
3575,8800
3576,6
3577,45
3578,16
3579,50/3
3580,3960
3581,80
3582,75/2
3583,78
3584,675/2
3585,367/9
3586,1/2
3587,1209
3588,6480
3589,751/7
3590,4500
3591,52
3592,9
3593,609
3594,145
3595,2000
3596,175
3597,18
3598,23
3599,51
3600,114
3601,89600
3602,74
3603,817
3604,1500
3605,640
3606,40
3607,60
3608,21
3609,30/13
3610,24
3611,70
3612,634.2
3613,20
3614,945
3615,8
3616,480
3617,112
3618,2560
3619,160
3620,-756
3621,10
3622,450
3623,320
3624,1
3625,4000
3626,102
3627,160
3628,1080
3629,1120
3630,1200
3631,920
3632,660
3633,13000
3634,3575
3635,125
3636,140
3637,519
3638,108
3639,300
3640,166
3641,6
3642,108
3643,3330
3644,21.45
3645,24
3646,6
3647,2450
3648,4
3649,690
3650,20
3651,3
3652,48
3653,250
3654,180
3655,7776/25
3656,161
3657,8695.65217
3658,70
3659,982
3660,24
3661,3600
3662,8
3663,48
3664,47
3665,458
3666,98
3667,26
3668,485
3669,588
3670,2916
3671,1440
3672,13
3673,100
3674,4.9
3675,640
3676,19080
3677,359/42
3678,0
3679,5880
3680,10080
3681,1380
3682,-72
3683,6
3684,6.25
3685,17
3686,1536
3687,400
3688,1000
3689,384
3690,900
3691,5
3692,91
3693,39
3694,1118
3695,504
3696,94
3697,-1
3698,7500
3699,-1065
3700,1632
3701,390
3702,880
3703,4
3704,1350
3705,17/4
3706,4500
3707,168
3708,441
3709,36
3710,6
3711,104
3712,18090
3713,8
3714,450
3715,570
3716,10000
3717,509
3718,12
3719,684
3720,13/12
3721,318
3722,655
3723,72
3724,158625
3725,7
3726,24
3727,160
3728,744
3729,66
3730,1250
3731,84
3732,40
3733,136
3734,534
3735,800
3736,107
3737,3800
3738,640
3739,14000
3740,429
3741,600
3742,728
3743,4710
3744,140
3745,450
3746,212
3747,
3748,300
3749,30
3750,2536
3751,60
3752,25/2
3753,144
3754,1176
3755,720
3756,5/3
3757,52
3758,3360
3759,5000
3760,252
3761,96
3762,274
3763,3
3764,0.42
3765,11
3766,1/3
3767,2210
3768,300
3769,8
3770,49
3771,2160
3772,108
3773,330
3774,600
3775,11
3776,20000
3777,23
3778,76475
3779,-24
3780,552
3781,15
3782,0
3783,175
3784,480
3785,16/5
3786,23800
3787,-43
3788,414
3789,572
3790,650
3791,3430
3792,-54
3793,65
3794,190
3795,93.6
3796,24
3797,18
3798,84
3799,1638
3800,1100
3801,51.6
3802,8130
3803,3
3804,9
3805,84
3806,1679
3807,4400
3808,54
3809,-12
3810,2
3811,144
3812,60
3813,105
3814,900
3815,24
3816,667
3817,15
3818,45
3819,36
3820,10850
3821,40
3822,36
3823,20
3824,120
3825,5167
3826,36
3827,536
3828,2160
3829,1770
3830,239/104
3831,43.2
3832,112000
3833,51
3834,8
3835,45/4
3836,768
3837,0
3838,45
3839,990
3840,8100
3841,1232
3842,192
3843,6469
3844,6
3845,13/2
3846,7
3847,576
3848,9/2
3849,1950
3850,90
3851,256
3852,700
3853,54
3854,2520
3855,175
3856,96
3857,216
3858,455
3859,1750
3860,960
3861,96
3862,140
3863,1440
3864,468
3865,3900
3866,1680
3867,375
3868,368
3869,5000
3870,-4/3
3871,40
3872,28
3873,1120
3874,27
3875,5760
3876,54
3877,120
3878,716
3879,3000
3880,10.24
3881,-10
3882,-30
3883,328
3884,14
3885,417
3886,54
3887,80
3888,160
3889,1200
3890,144
3891,70
3892,1.46
3893,108
3894,0
3895,24
3896,270
3897,9
3898,60
3899,3900
3900,37/2
3901,-51
3902,40
3903,2800
3904,2
3905,61
3906,1728
3907,168
3908,14.5
3909,3.6
3910,410
3911,-14
3912,91
3913,480
3914,18414
3915,2800
3916,450
3917,13
3918,3360
3919,312
3920,4
3921,610
3922,2100
3923,18
3924,775
3925,10/13
3926,185
3927,240
3928,225
3929,150
3930,108
3931,4.08
3932,-9
3933,5904
3934,95
3935,25
3936,1680
3937,27/10
3938,651
3939,9720
3940,396
3941,1247
3942,3
3943,768
3944,12
3945,144
3946,204
3947,19/6
3948,60
3949,645/53
3950,1035
3951,420
3952,28/25
3953,324
3954,462
3955,1600
3956,682
3957,2
3958,6
3959,10
3960,128.33333
3961,81
3962,75.36
3963,375
3964,437
3965,13/4
3966,5/3
3967,-105/4
3968,576
3969,24/7
3970,1800
3971,80
3972,-257
3973,422
3974,60
3975,40
3976,13/4
3977,24.4
3978,190
3979,100/3
3980,12
3981,250
3982,1/3
3983,900
3984,210/11
3985,1000/3
3986,51
3987,0.21429
3988,576
3989,23.33333
3990,1260
3991,1
3992,-425/132
3993,69
3994,360
3995,13
3996,4.5
3997,46
3998,600
3999,180
4000,51
4001,19
4002,1485
4003,1856
4004,-1517
4005,4/3
4006,76
4007,31
4008,740
4009,80
4010,100
4011,2.80702
4012,672
4013,1341/8
4014,135
4015,640
4016,20
4017,706
4018,3.2
4019,18.4
4020,9
4021,0.5
4022,8
4023,230
4024,8
4025,-600
4026,3046
4027,144/7
4028,400
4029,1.75758
4030,8
4031,18
4032,30
4033,960
4034,17
4035,8
4036,264
4037,8568
4038,1751
4039,-6.7
4040,33.81111
4041,500
4042,50
4043,800
4044,12
4045,160
4046,2400
4047,180000
4048,88
4049,288
4050,48/5
4051,2/27
4052,150
4053,18
4054,0.0018
4055,126
4056,24
4057,250
4058,234
4059,288
4060,240
4061,1725.5
4062,48
4063,645
4064,2
4065,82/5
4066,152
4067,
4068,20
4069,252
4070,90.5
4071,15/101
4072,79
4073,110
4074,1400
4075,182
4076,30
4077,6
4078,13.25
4079,200
4080,8
4081,176
4082,965
4083,1712
4084,6
4085,600
4086,368/3
4087,1442
4088,1200
4089,632
4090,48
4091,930
4092,22
4093,20
4094,9600
4095,3284
4096,2/3
4097,3
4098,1980
4099,2040
4100,120
4101,60
4102,800
4103,0
4104,1800
4105,1600
4106,160
4107,576
4108,61
4109,33
4110,8
4111,6/5
4112,5
4113,37
4114,580/7
4115,90
4116,8
4117,12
4118,12
4119,690
4120,24
4121,16
4122,52
4123,0
4124,8
4125,500
4126,90000
4127,1130
4128,98
4129,75
4130,6
4131,722
4132,1095
4133,26.2
4134,266
4135,10.9
4136,456
4137,19/96
4138,8
4139,4/25
4140,84
4141,200
4142,1
4143,675
4144,1112
4145,690
4146,1
4147,65/2
4148,12
4149,1163
4150,202
4151,30
4152,8
4153,504
4154,837
4155,26/5
4156,2100
4157,424
4158,18
4159,52
4160,56
4161,40
4162,314
4163,
4164,290/3
4165,300
4166,109
4167,520
4168,48
4169,-5
4170,144
4171,1176/25
4172,814.912
4173,120
4174,864
4175,5400
4176,28
4177,200.96
4178,803.84
4179,1.5
4180,2004/25
4181,12
4182,-104
4183,169
4184,192
4185,19.1
4186,60
4187,648
4188,60
4189,4
4190,32/3
4191,125.6
4192,199/5
4193,9
4194,-85%
4195,2.09333
4196,100
4197,144
4198,25.12
4199,27/2
4200,432
4201,144/71
4202,3100%
4203,-39
4204,12.56
4205,18750
4206,9
4207,610
4208,136
4209,20
4210,83
4211,80
4212,108
4213,15/2
4214,260
4215,30
4216,4
4217,17
4218,21
4219,1050
4220,100
4221,100
4222,42
4223,768
4224,15/8
4225,326.56
4226,-76
4227,180
4228,35
4229,188.4
4230,4
4231,45
4232,9.42
4233,12.5%
4234,13.56
4235,56
4236,29
4237,120
4238,16
4239,4
4240,200
4241,30
4242,48
4243,850/3
4244,60
4245,640
4246,700
4247,9
4248,440
4249,30
4250,1/2
4251,86
4252,900
4253,7.85
4254,720
4255,1.96
4256,33.6
4257,0
4258,165
4259,50/33
4260,14
4261,1644
4262,16
4263,58
4264,288
4265,8
4266,1.3
4267,56
4268,16
4269,31.4
4270,4
4271,46
4272,-35
4273,151
4274,96
4275,540
4276,0
4277,140
4278,142
4279,5472
4280,306
4281,169.56
4282,4/3
4283,50
4284,27
4285,900
4286,33
4287,2700
4288,90
4289,495360
4290,800
4291,9
4292,11
4293,5855
4294,-75
4295,144
4296,64
4297,-413
4298,560/39
4299,40
4300,7
4301,1
4302,1440
4303,325
4304,300
4305,50
4306,62
4307,3
4308,40/9
4309,2
4310,170
4311,1250/3
4312,30
4313,-72
4314,20%
4315,10%
4316,2646
4317,75/2
4318,48
4319,18
4320,187
4321,4
4322,1
4323,16/3
4324,25.12
4325,75.36
4326,51.46
4327,1.04667
4328,60
4329,-2.96
4330,128
4331,2606
4332,15
4333,288
4334,342
4335,-64
4336,800/7
4337,272/3
4338,32
4339,64
4340,8%
4341,2
4342,18
4343,-1500
4344,-4
4345,9.44068
4346,40%
4347,-18.2
4348,-500%
4349,224
4350,152/5
4351,9425/12
4352,6
4353,4
4354,3
4355,-2.7
4356,5/12
4357,4
4358,0.91
4359,18
4360,100
4361,384/5
4362,4/3
4363,
4364,1440
4365,8/3
4366,60000/107
4367,23/15
4368,11
4369,18/29
4370,126
4371,104462500
4372,24
4373,-35
4374,57
4375,3/5
4376,38/3
4377,59
4378,50
4379,81/4
4380,113.04
4381,100
4382,19
4383,45
4384,284
4385,180
4386,140
4387,21.8
4388,500
4389,20/3
4390,-2000
4391,98
4392,-1.16667
4393,3
4394,18
4395,6400
4396,6400
4397,120000
4398,20/3
4399,3
4400,14
4401,640/3
4402,192
4403,50/3
4404,200
4405,0
4406,0
4407,16.8
4408,45/2
4409,-6
4410,52
4411,468
4412,0.54737
4413,1704
4414,1236
4415,40
4416,180
4417,80
4418,1000
4419,540
4420,17.2
4421,75
4422,38/3
4423,151/2
4424,1984.71338
4425,3840
4426,9
4427,8400
4428,150.72
4429,62.8
4430,282.6
4431,20
4432,2/3
4433,160
4434,4
4435,2400
4436,78.5
4437,4057/3
4438,14.13
4439,6
4440,10
4441,1400
4442,2500%
4443,188400
4444,238
4445,15
4446,630/19
4447,96
4448,100.48
4449,2826
4450,28.26
4451,3
4452,50.24
4453,8/5
4454,1620
4455,12
4456,945
4457,5/3
4458,5
4459,-70
4460,180
4461,169.56
4462,15000
4463,113.04
4464,461.58
4465,28.26
4466,12
4467,3.14
4468,360
4469,840
4470,6/7
4471,450
4472,254.34
4473,0.3
4474,459000
4475,150.72
4476,4
4477,119
4478,12
4479,120
4480,24
4481,378
4482,6782.4
4483,657
4484,240
4485,96
4486,1152
4487,439.6
4488,5
4489,12.56
4490,773.9786
4491,0.9
4492,62.8
4493,14.5
4494,-25/2
4495,72
4496,66.29208
4497,6
4498,247.2
4499,600
4500,153/2
4501,170
4502,-7
4503,150
4504,12.56
4505,30%
4506,50.24
4507,6.28
4508,3.14
4509,704.52937
4510,5
4511,31400/11
4512,36
4513,70
4514,65
4515,20
4516,62.8
4517,113.04
4518,65.94
4519,34
4520,2/9
4521,0.36
4522,5100
4523,61.0416
4524,-3.44
4525,140.4
4526,1175.616
4527,13824
4528,1600
4529,1000
4530,10
4531,-9
4532,5000
4533,6
4534,-100
4535,84
4536,135
4537,24300
4538,226.1
4539,219.8
4540,2300
4541,0
4542,5024
4543,28.26
4544,19
4545,942
4546,480
4547,384
4548,428/11
4549,7
4550,50.24
4551,55.6%
4552,28.26
4553,600
4554,43/12
4555,218
4556,160.14
4557,706.5
4558,-115
4559,30
4560,3.14
4561,21.98
4562,1.2
4563,20
4564,250/9
4565,3200
4566,1
4567,12.85
4568,314
4569,97.5%
4570,56.8
4571,16202.4
4572,
4573,5.23333
4574,12.56
4575,4
4576,7
4577,2009.6
4578,125.6
4579,18.0864
4580,20/3
4581,18.84
4582,60
4583,60.288
4584,405/61
4585,50.24
4586,47.1
4587,157/250
4588,-400
4589,1400
4590,10
4591,4
4592,80
4593,1884
4594,15/8
4595,6
4596,20/3
4597,20/3
4598,2
4599,11
4600,1884
4601,125.6
4602,-90
4603,-175/4
4604,1.256
4605,12.56
4606,11304
4607,100.48
4608,11221/33
4609,662
4610,75
4611,6.28
4612,7.85
4613,200.96
4614,19.5
4615,-3.14
4616,8
4617,1.0116248610738365e+128
4618,240
4619,25.12
4620,28.26
4621,171.9%
4622,12
4623,232
4624,28.26
4625,1067
4626,1
4627,28.26
4628,150
4629,15
4630,16.4
4631,29
4632,1836/25
4633,80
4634,-20
4635,19
4636,222
4637,22
4638,-4
4639,9
4640,6
4641,-1.57
4642,314
4643,7.065
4644,80
4645,-346
4646,125.6
4647,16
4648,2
4649,195
4650,3.14
4651,47
4652,800
4653,33
4654,1000
4655,6.3
4656,2114
4657,75.36
4658,29
4659,33.6
4660,44.745
4661,1530
4662,176
4663,659.4
4664,0.89714
4665,63
4666,27
4667,18.84
4668,-26
4669,7850
4670,32
4671,251.2
4672,143
4673,180/7
4674,4375/2
4675,3
4676,197.192
4677,1%
4678,24.3
4679,3077.2
4680,60
4681,33/56
4682,25%
4683,6
4684,942
4685,21.83803
4686,4
4687,225
4688,900
4689,13/25
4690,2.88
4691,15/16
4692,75
4693,50.24
4694,31.4
4695,163.28
4696,70
4697,0.24
4698,24
4699,314
4700,3846.5
4701,7
4702,0.5
4703,100/41
4704,-1
4705,18.84
4706,750
4707,12
4708,469
4709,82
4710,264%
4711,42
4712,7172
4713,140
4714,37.68
4715,15.73333
4716,33.65554
4717,28.26
4718,720
4719,90.1
4720,157/125
4721,562
4722,894
4723,21000
4724,18.84
4725,29
4726,27
4727,20
4728,314
4729,60
4730,1.03503
4731,210
4732,650
4733,36
4734,11200
4735,1
4736,13/4
4737,-7
4738,3/20
4739,1600
4740,25.12
4741,192.2622
4742,0.02
4743,10.048
4744,698
4745,62.8
4746,
4747,42
4748,251.2
4749,125.6
4750,-2520
4751,8
4752,907.46
4753,360
4754,4050
4755,400
4756,62.8
4757,434
4758,27/10
4759,40000/3
4760,50.24
4761,21/4
4762,3.8
4763,0.5
4764,59.6
4765,18
4766,1884
4767,125.6
4768,10
4769,200.96
4770,31.4
4771,37.68
4772,12.597
4773,108
4774,-9.15
4775,80/3
4776,3095.9144
4777,164.85
4778,0.1%
4779,18
4780,30
4781,1114.52918
4782,62.8
4783,192
4784,564
4785,314
4786,600
4787,300
4788,-65
4789,9.8596
4790,30
4791,4770
4792,314
4793,1256
4794,72
4795,31.4
4796,94.2
4797,0.69778
4798,30
4799,56.52
4800,625
4801,1256
4802,0.04486
4803,12.56
4804,0
4805,552.64
4806,6311
4807,942
4808,8478
4809,1286144
4810,452.16
4811,314
4812,126
4813,1000
4814,1920
4815,480
4816,2.6%
4817,31/40
4818,220
4819,399.901
4820,3/8
4821,113.04
4822,1.1304
4823,0.04684
4824,0.94909
4825,79
4826,5.14286
4827,6521.73913
4828,113.04
4829,161.22611
4830,125/2
4831,2826
4832,352
4833,5
4834,364/5
4835,-180
4836,94.3
4837,89.504
4838,314
4839,169.56
4840,226.08
4841,20000000000
4842,3600
4843,10.58095
4844,6
4845,458
4846,12
4847,2
4848,696
4849,384
4850,28/3
4851,1
4852,170.21277
4853,353
4854,8/15
4855,12
4856,45
4857,6000
4858,148/3
4859,1/30
4860,9
4861,157
4862,2.16562
4863,90
4864,15/8
4865,12.56
4866,125/3
4867,5/4
4868,219
4869,225
4870,12
4871,40/9
4872,50
4873,150720
4874,301440
4875,125.6
4876,628
4877,125.6
4878,96000
4879,240%
4880,37.68
4881,1
4882,60/7
4883,1/75
4884,240
4885,84
4886,24
4887,4
4888,61
4889,2/9
4890,6
4891,80
4892,-70
4893,2200
4894,9990
4895,44
4896,125/2
4897,1505
4898,-60
4899,-15/2
4900,0
4901,45/11
4902,38/15
4903,4
4904,50.24
4905,50.24
4906,20
4907,2
4908,10
4909,120
4910,7
4911,50.24
4912,0
4913,3
4914,16
4915,-1
4916,63
4917,12
4918,36/7
4919,-6/25
4920,200
4921,-15
4922,11.2
4923,2
4924,40/19
4925,108
4926,1000
4927,1530
4928,
4929,7
4930,-124
4931,9000000000000
4932,3000000000000
4933,3.2
4934,31.5
4935,-85/8
4936,38
4937,30/7
4938,14/17
4939,40
4940,177.6
4941,210
4942,4.6
4943,120
4944,20.83333
4945,20/17
4946,8/27
4947,4929.8
4948,-79.5
4949,15.22222
4950,19
4951,10
4952,20
4953,0
4954,2560
4955,1/5
4956,52
4957,12
4958,11
4959,50.24
4960,25.12
4961,120
4962,14%
4963,10/31
4964,1.6
4965,2000/3
4966,83
4967,250
4968,28
4969,62
4970,68
4971,45
4972,68
4973,43
4974,18
4975,63
4976,-3
4977,18
4978,25
4979,-7
4980,56
4981,9
4982,84
4983,56
4984,24
4985,18
4986,16
4987,144
4988,54
4989,36
4990,35
4991,18
4992,4
4993,5
4994,1
4995,28
4996,32
4997,24
4998,94
4999,12
5000,36
5001,27
5002,32
5003,28
5004,78
5005,125
5006,37
5007,23
5008,8
5009,-48
5010,61
5011,47
5012,8
5013,5
5014,7
5015,147
5016,6
5017,6
5018,26
5019,8
5020,8
5021,28
5022,79
5023,6
5024,9
5025,47
5026,81
5027,19
5028,28
5029,20
5030,-27
5031,22
5032,44
5033,27
5034,17
5035,10
5036,-2
5037,11
5038,38
5039,500
5040,2
5041,7
5042,25
5043,31
5044,368
5045,19
5046,-4
5047,4
5048,18
5049,18
5050,13
5051,3
5052,11
5053,25
5054,66
5055,91
5056,35
5057,90
5058,56
5059,26
5060,81
5061,4
5062,55
5063,55
5064,6
5065,36
5066,30
5067,89
5068,97
5069,80
5070,-2
5071,51
5072,88
5073,16
5074,24
5075,57
5076,26
5077,16
5078,42
5079,7
5080,27
5081,30
5082,4
5083,40
5084,1672
5085,56
5086,32
5087,24
5088,18
5089,33
5090,32
5091,16
5092,42
5093,23
5094,8
5095,6
5096,8
5097,16
5098,15
5099,18
5100,14
5101,18
5102,6
5103,15
5104,40
5105,18
5106,33
5107,7
5108,19
5109,20
5110,70
5111,21
5112,-7
5113,165
5114,46
5115,0
5116,-30
5117,70
5118,703.36
5119,8
5120,64
5121,1100/3
5122,1800
5123,6
5124,8860/3
5125,52
5126,8
5127,11
5128,700
5129,-125/4
5130,11/5
5131,15
5132,266
5133,12
5134,20/7
5135,22700
5136,21
5137,1
5138,15
5139,14.49231
5140,6.28
5141,6.28
5142,273/80
5143,1791
5144,-12
5145,32/3
5146,175
5147,5000
5148,76800
5149,30
5150,1232
5151,41
5152,-675/77
5153,189
5154,58.32
5155,3380
5156,22.4
5157,1
5158,-5375/3
5159,240
5160,40
5161,255
5162,140
5163,24
5164,4000
5165,8
5166,24
5167,122/5
5168,36
5169,50.24
5170,0
5171,25.12
5172,1.008
5173,470
5174,30
5175,27
5176,120
5177,32
5178,2.5
5179,45
5180,28
5181,5049
5182,5000
5183,90
5184,252/5
5185,2
5186,1450
5187,1654
5188,14
5189,20
5190,3
5191,16
5192,12
5193,8
5194,70
5195,12
5196,35
5197,18
5198,38
5199,0.54
5200,1499
5201,0.048
5202,-432
5203,14
5204,9
5205,36.3
5206,13/4
5207,500
5208,15/4
5209,1.28
5210,60
5211,5024
5212,2222
5213,3000
5214,25
5215,7.5
5216,14/3
5217,6.09052
5218,66
5219,31.4
5220,180
5221,6
5222,3600
5223,80
5224,76800
5225,36
5226,50
5227,392
5228,42
5229,2000
5230,125.6
5231,12
5232,70
5233,21
5234,3360
5235,900
5236,987.2
5237,28.26
5238,42
5239,27/4
5240,-3.85
5241,2500
5242,300
5243,314
5244,120
5245,64
5246,132
5247,26
5248,1
5249,55
5250,8
5251,20
5252,40
5253,32
5254,15
5255,76
5256,1.875
5257,14
5258,34
5259,35/2
5260,63
5261,-41.28096
5262,252
5263,500
5264,8.6
5265,21
5266,168
5267,116.25
5268,3060
5269,14
5270,2
5271,105
5272,10
5273,35
5274,2250/11
5275,6404
5276,200
5277,0.61091
5278,4800%
5279,12160
5280,-18
5281,0.32
5282,72
5283,2400
5284,-200
5285,131880
5286,100.48
5287,31.4
5288,
5289,30
5290,108
5291,300/23
5292,-8103.75
5293,901
5294,1.0048
5295,384
5296,11
5297,9
5298,27/2
5299,100
5300,5040
5301,800
5302,1
5303,200/83
5304,-19
5305,1320
5306,48
5307,-20
5308,10
5309,400
5310,231/2
5311,8.64
5312,3/4
5313,164/3
5314,129/5
5315,4.18667
5316,2499/4
5317,-1050
5318,160
5319,800
5320,2900
5321,48
5322,48
5323,3.125
5324,153.86
5325,110
5326,50
5327,15
5328,10.90909
5329,123359.17313
5330,1000
5331,16/5
5332,10000
5333,3161
5334,225/4
5335,6400
5336,180
5337,5040/23
5338,51
5339,48
5340,16920
5341,1500
5342,45
5343,384
5344,75.36
5345,565.2
5346,10
5347,108
5348,0
5349,250
5350,1920
5351,1650/61
5352,114
5353,2600
5354,212/7
5355,4
5356,19200
5357,64000/3
5358,3993/20
5359,20
5360,6280
5361,12
5362,7
5363,40
5364,10
5365,50
5366,80
5367,9.375
5368,8138.88
5369,4.5216
5370,516
5371,6
5372,10000
5373,360
5374,-5000
5375,7900
5376,90
5377,30
5378,2565
5379,200
5380,2.5
5381,45
5382,0
5383,880
5384,315/4
5385,1/2
5386,
5387,800
5388,1
5389,7
5390,47/6
5391,7e-05
5392,100.8
5393,4
5394,3/4
5395,8/5
5396,500
5397,380000/69
5398,140
5399,70
5400,2275
5401,1000
5402,6
5403,183/500
5404,15
5405,0.006
5406,304
5407,3600
5408,21
5409,441
5410,30
5411,80
5412,48
5413,89
5414,157
5415,212.04
5416,44
5417,126
5418,480
5419,3600
5420,4800
5421,25/6
5422,10
5423,45
5424,200
5425,15/4
5426,1250
5427,144
5428,60
5429,900
5430,48
5431,10
5432,1500
5433,435
5434,50000
5435,36/5
5436,72/5
5437,1000/3
5438,120
5439,200
5440,8/3
5441,256
5442,24
5443,48
5444,3840
5445,0.2
5446,38
5447,2.9
5448,2.7
5449,0.5
5450,0.5
5451,8
5452,140.4
5453,900
5454,160
5455,24
5456,2/25
5457,4200
5458,314
5459,125
5460,60/11
5461,6.28
5462,6
5463,1035
5464,28
5465,4
5466,10
5467,104/5
5468,1.7
5469,-7.4
5470,100
5471,70000/71
5472,1800
5473,6
5474,-160
5475,43
5476,5/3
5477,28
5478,84
5479,18000
5480,4800
5481,8
5482,720
5483,30
5484,30
5485,66.66667
5486,130000000
5487,201
5488,100
5489,6
5490,50
5491,80
5492,44
5493,53
5494,78000%
5495,42
5496,20
5497,11
5498,793
5499,3750
5500,7.09032
5501,92
5502,9
5503,3720
5504,530/3
5505,-700/3
5506,9/2
5507,1650
5508,305
5509,-29
5510,-9
5511,420
5512,32
5513,7
5514,190
5515,5/4
5516,5000
5517,1200
5518,7/5
5519,5810
5520,32
5521,288
5522,42000
5523,2080
5524,45
5525,640000
5526,420
5527,110
5528,327.5
5529,-1055
5530,52
5531,2200
5532,5337.5
5533,48
5534,5
5535,31.97
5536,5400
5537,2
5538,1.3
5539,120
5540,88
5541,90
5542,9
5543,428
5544,2
5545,24
5546,29.3
5547,-57
5548,3
5549,120
5550,1800
5551,384
5552,1560
5553,40/3
5554,40/9
5555,1650
5556,96
5557,387.5
5558,-12/5
5559,300/11
5560,2.4
5561,300
5562,13200
5563,760
5564,12
5565,32
5566,0.94444
5567,45
5568,4/5
5569,80
5570,3200
5571,17500
5572,260
5573,125800
5574,552
5575,28
5576,5/3
5577,37.26
5578,7.75
5579,140
5580,6
5581,32
5582,144
5583,1120
5584,120
5585,12
5586,65
5587,420
5588,360
5589,8
5590,3
5591,2250
5592,195
5593,1080
5594,62.5
5595,216
5596,147.5
5597,1407/17
5598,262
5599,900
5600,480
5601,13125
5602,144
5603,5.76
5604,512
5605,185/2
5606,-3000
5607,6
5608,120
5609,2000
5610,7.2
5611,6
5612,10500
5613,16324800
5614,-33
5615,62.8
5616,28.26
5617,5880
5618,9/5
5619,84
5620,4.3
5621,2000
5622,94.2
5623,2
5624,24
5625,200/7
5626,25200
5627,280
5628,2400
5629,188
5630,250
5631,1153
5632,44
5633,810
5634,16/33
5635,94.2
5636,9000
5637,4239/5
5638,180
5639,2
5640,5
5641,101.2
5642,2592
5643,96
5644,10
5645,150
5646,37/7
5647,28.26
5648,315/8
5649,120
5650,480
5651,28.26
5652,480
5653,375
5654,-15
5655,105
5656,500
5657,12
5658,-2240/103
5659,40
5660,80
5661,9
5662,80
5663,25/8
5664,0.0225
5665,128
5666,30
5667,1750/3
5668,120
5669,3
5670,500
5671,4.84
5672,3000
5673,60
5674,960
5675,628
5676,31537.5
5677,18
5678,62
5679,1500
5680,500
5681,675000
5682,3768
5683,0.756
5684,480
5685,3/2
5686,100
5687,407
5688,195.936
5689,2250
5690,25
5691,2000
5692,-5
5693,57
5694,270
5695,250
5696,525
5697,1600
5698,24
5699,504
5700,28.26
5701,20
5702,40
5703,40
5704,770
5705,80
5706,70.875
5707,840
5708,23.22222
5709,13900
5710,1107
5711,23
5712,320
5713,400
5714,1.1
5715,1099000
5716,113
5717,8
5718,192
5719,10
5720,945
5721,37.68
5722,25/8
5723,10/11
5724,1485
5725,105
5726,11.7
5727,600
5728,8
5729,4
5730,5
5731,1400
5732,992
5733,204
5734,5702
5735,147/5
5736,314
5737,400
5738,490
5739,18
5740,8
5741,0.012
5742,15
5743,90
5744,600
5745,360
5746,8000/17
5747,32
5748,2000
5749,4458.11674
5750,702
5751,332
5752,6
5753,285
5754,290
5755,-90
5756,142
5757,93
5758,80/3
5759,18
5760,50/3
5761,3/4
5762,210
5763,-70
5764,36
5765,2
5766,1680
5767,144/5
5768,480
5769,260
5770,0
5771,200
5772,375/17
5773,10
5774,75/2
5775,32000/3
5776,50
5777,-1200
5778,168
5779,10
5780,72
5781,11.63
5782,192
5783,6
5784,20
5785,2500
5786,435/2
5787,44
5788,22750
5789,200
5790,110
5791,6
5792,28800
5793,9020
5794,40
5795,1458
5796,420
5797,6
5798,4000
5799,5.832
5800,648
5801,72
5802,250
5803,108
5804,25/3
5805,25/3
5806,40
5807,1040
5808,60
5809,391/5
5810,18
5811,-49/12
5812,397/2
5813,500
5814,227
5815,81/4
5816,81
5817,88
5818,2
5819,187.5
5820,18
5821,36
5822,4
5823,38
5824,28
5825,1.08173
5826,1002/25
5827,7650
5828,10240/3
5829,23810
5830,2550
5831,1280
5832,35000
5833,8
5834,361/5
5835,1083/5
5836,628000000
5837,2.6
5838,24.649
5839,6.28
5840,28
5841,32
5842,100
5843,-17
5844,392
5845,93
5846,470
5847,800
5848,55/2
5849,66
5850,18.4
5851,62.4
5852,25
5853,8640
5854,200
5855,98/195
5856,9000
5857,4000
5858,2940
5859,24
5860,-12
5861,6.4
5862,126.7
5863,0
5864,42
5865,4.58
5866,18
5867,3
5868,5/9
5869,2.67
5870,15
5871,12
5872,480
5873,119.7
5874,120
5875,4020
5876,16
5877,72
5878,100
5879,450
5880,96
5881,501
5882,16.5
5883,499/2
5884,-24
5885,100
5886,20/9
5887,41.8
5888,2/35
5889,53
5890,38
5891,45
5892,41
5893,58.55
5894,640
5895,32
5896,750
5897,0.97059
5898,5460
5899,20/7
5900,27/2
5901,29/4
5902,2750
5903,1.875
5904,27000
5905,182
5906,594
5907,12
5908,21
5909,7
5910,49
5911,9
5912,16
5913,33
5914,25
5915,8
5916,15/2
5917,7
5918,50
5919,28
5920,46
5921,8
5922,8
5923,18
5924,41
5925,42
5926,36
5927,10
5928,420
5929,-462
5930,5
5931,800
5932,2
5933,72
5934,42
5935,26
5936,64
5937,8
5938,6
5939,35
5940,12
5941,20
5942,10
5943,15
5944,15
5945,10
5946,10
5947,-42
5948,46
5949,56
5950,3
5951,2
5952,12
5953,11
5954,81
5955,42
5956,21
5957,13
5958,54
5959,44
5960,20
5961,50
5962,18
5963,36
5964,15
5965,24
5966,16
5967,53
5968,41
5969,3
5970,44
5971,53
5972,4
5973,36
5974,5
5975,1
5976,28
5977,32
5978,8/3
5979,12
5980,-2
5981,38
5982,9
5983,4
5984,22
5985,60
5986,9
5987,34
5988,17
5989,27
5990,10
5991,4
5992,4
5993,18
5994,18
5995,20
5996,6
5997,4
5998,8
5999,5
6000,7
6001,21
6002,6
6003,6
6004,26
6005,79
6006,6
6007,9
6008,47
6009,81
6010,19
6011,28
6012,20
6013,-27
6014,22
6015,44
6016,27
6017,2
6018,7
6019,25
6020,31
6021,368
6022,19
6023,-4
6024,4
6025,18
6026,18
6027,13
6028,3
6029,11
6030,25
6031,66
6032,91
6033,35
6034,90
6035,56
6036,26
6037,81
6038,55
6039,6
6040,97
6041,51
6042,88
6043,16
6044,24
6045,57
6046,26
6047,16
6048,-38
6049,21
6050,20
6051,26
6052,31
6053,9
6054,15
6055,88
6056,47
6057,7
6058,16
6059,8
6060,81
6061,81
6062,37
6063,464
6064,-33
6065,18
6066,23
6067,33
6068,23
6069,30
6070,7
6071,9
6072,24
6073,80
6074,5
6075,20
6076,4
6077,20
6078,3
6079,25
6080,15
6081,6
6082,22
6083,53
6084,41
6085,37
6086,45
6087,19
6088,24
6089,31
6090,42
6091,11
6092,84
6093,40
6094,44
6095,30
6096,20
6097,35
6098,45
6099,25
6100,8
6101,8
6102,14
6103,47
6104,10
6105,72
6106,34
6107,9
6108,6
6109,3
6110,18
6111,4
6112,19
6113,10
6114,7
6115,7
6116,27
6117,30
6118,17/4
6119,56
6120,1672
6121,56
6122,32
6123,18
6124,33
6125,32
6126,16
6127,42
6128,23
6129,8
6130,6
6131,8
6132,16
6133,15
6134,18
6135,14
6136,18
6137,6
6138,15
6139,40
6140,18
6141,20
6142,180
6143,16
6144,-27
6145,21
6146,-7
6147,27
6148,46
6149,2/5
6150,4
6151,80
6152,136
6153,26
6154,20
6155,132
6156,270
6157,139
6158,492
6159,252
6160,9
6161,40
6162,3200/3
6163,5
6164,4/5
6165,12
6166,94
6167,1791
6168,528
6169,720
6170,691/39
6171,49
6172,4
6173,1620
6174,30
6175,40
6176,175/12
6177,2400
6178,0.6
6179,3.5
6180,38
6181,27
6182,352
6183,236
6184,-874999
6185,-865
6186,61
6187,6320
6188,560
6189,543
6190,253
6191,-2120
6192,450
6193,90
6194,-94
6195,1880
6196,240
6197,100
6198,1008
6199,36
6200,32/7
6201,48
6202,4
6203,18
6204,40
6205,40
6206,72
6207,9
6208,100
6209,23
6210,78
6211,1380
6212,358
6213,148
6214,142
6215,270
6216,99
6217,200/3
6218,24
6219,-11
6220,477
6221,696
6222,129
6223,39
6224,14
6225,9
6226,52
6227,9
6228,9
6229,72
6230,315
6231,362
6232,8
6233,220
6234,14
6235,2200
6236,98
6237,96
6238,113
6239,16
6240,360
6241,33
6242,210
6243,125
6244,6
6245,535
6246,278
6247,88
6248,395
6249,150
6250,5
6251,9
6252,156
6253,200
6254,48
6255,54
6256,78
6257,0
6258,6
6259,28
6260,11
6261,73
6262,9
6263,128
6264,91
6265,41
6266,1/21
6267,20/3
6268,21
6269,540
6270,4000
6271,-120
6272,1400/3
6273,77
6274,41.2
6275,-600
6276,-76
6277,63
6278,250
6279,4
6280,5/4
6281,344
6282,186
6283,10
6284,4.2
6285,1.16
6286,2.12
6287,42
6288,210
6289,32
6290,24
6291,-479
6292,-14.92
6293,47.5
6294,174
6295,15
6296,1240
6297,75
6298,67.7
6299,56.7
6300,22.4
6301,288/23
6302,850
6303,1110
6304,64
6305,165
6306,14910
6307,315
6308,6
6309,74
6310,157
6311,17
6312,75/4
6313,42
6314,120
6315,90
6316,6
6317,30
6318,422500
6319,599
6320,250
6321,2800
6322,18000
6323,236
6324,125
6325,72
6326,3/10
6327,-27860
6328,135
6329,2940
6330,6120
6331,3965
6332,710
6333,13650
6334,4800
6335,696
6336,125
6337,900
6338,9
6339,40
6340,160
6341,48
6342,160
6343,600
6344,2200
6345,4
6346,6
6347,300
6348,48
6349,2
6350,20
6351,3600
6352,13
6353,7
6354,250
6355,210/13
6356,12
6357,3720
6358,16
6359,15
6360,19
6361,114/5
6362,14945
6363,30
6364,4/5
6365,150
6366,9.6
6367,8
6368,-2899
6369,600
6370,30
6371,24
6372,45
6373,40
6374,32
6375,107
6376,4182
6377,1872
6378,18
6379,6
6380,14
6381,20
6382,12
6383,7000
6384,2
6385,100
6386,78
6387,6000
6388,53.5
6389,1.8
6390,340
6391,0.6
6392,6
6393,12
6394,100
6395,35
6396,6720
6397,2346.02667
6398,5.3
6399,1428
6400,158
6401,800
6402,50
6403,6
6404,200
6405,240
6406,675
6407,569
6408,660
6409,20000
6410,12000
6411,7/10
6412,1000
6413,3.5
6414,8
6415,197.58
6416,280.2
6417,63
6418,1950
6419,24
6420,540
6421,708
6422,990
6423,45
6424,245/6
6425,12
6426,110
6427,540
6428,15/14
6429,22
6430,27/2
6431,8
6432,17
6433,1680
6434,145
6435,120
6436,288
6437,4050
6438,162
6439,17
6440,1200
6441,17/120
6442,800
6443,0
6444,40
6445,86.1
6446,4.71
6447,528.64
6448,6
6449,50
6450,349.44
6451,32
6452,600
6453,25/2
6454,1420
6455,111.6
6456,90
6457,165
6458,750
6459,576
6460,0.12
6461,15/4
6462,40
6463,110
6464,3000
6465,7600
6466,58
6467,45
6468,-99
6469,441/4
6470,20
6471,40
6472,26
6473,8
6474,3
6475,4
6476,13
6477,9
6478,4
6479,9/2
6480,48
6481,193/15
6482,48
6483,7363
6484,12
6485,600
6486,8
6487,784
6488,24
6489,40
6490,4
6491,140
6492,300
6493,70
6494,100
6495,62.8
6496,84
6497,100
6498,29.8
6499,24.2
6500,18
6501,6
6502,20/3
6503,20/3
6504,24
6505,600
6506,367
6507,180
6508,95
6509,16
6510,35
6511,140
6512,64
6513,335
6514,368
6515,5
6516,60
6517,4080
6518,8.95
6519,3050
6520,26
6521,1568
6522,5
6523,1.73
6524,188
6525,13/2
6526,24/11
6527,31.5
6528,62
6529,91
6530,1050
6531,882
6532,32
6533,6
6534,9000
6535,180
6536,176
6537,27
6538,170
6539,15
6540,65/2
6541,25
6542,1680
6543,222
6544,5
6545,2862
6546,400
6547,25/6
6548,147
6549,375
6550,16
6551,1872
6552,206
6553,10
6554,4
6555,648
6556,133
6557,3375/2
6558,69
6559,4
6560,15
6561,660
6562,2.27
6563,16
6564,308
6565,35
6566,24
6567,17
6568,22875
6569,80
6570,5
6571,45
6572,1800
6573,1800
6574,25/2
6575,1728
6576,900
6577,170.1
6578,4410
6579,9
6580,40
6581,360
6582,85
6583,2520
6584,4
6585,18
6586,576
6587,36
6588,41.895
6589,12
6590,1344
6591,1330
6592,40
6593,130
6594,900
6595,85
6596,120
6597,6.7
6598,306
6599,2730
6600,1344
6601,100
6602,52
6603,328
6604,38
6605,215
6606,18750
6607,120
6608,18.5
6609,18
6610,360
6611,248
6612,2
6613,144
6614,32
6615,525
6616,624
6617,825
6618,37
6619,356
6620,22
6621,9
6622,4
6623,576
6624,1320
6625,6000
6626,13000
6627,557
6628,600
6629,60
6630,824
6631,13.2
6632,270
6633,22.12
6634,160
6635,6.5
6636,15
6637,24/5
6638,24
6639,23800
6640,15/8
6641,500
6642,1610
6643,24/5
6644,552
6645,2000
6646,6700
6647,6960
6648,13870
6649,-38
6650,306
6651,48
6652,40
6653,615
6654,231
6655,-10.1
6656,23
6657,20
6658,205
6659,540
6660,25
6661,266
6662,4
6663,7
6664,285
6665,160
6666,141
6667,832
6668,-764/33
6669,267
6670,1050
6671,1872
6672,60
6673,611.5
6674,208
6675,81
6676,28
6677,379
6678,3600
6679,770
6680,110
6681,6000
6682,296
6683,22
6684,1212
6685,112
6686,525
6687,
6688,29400
6689,732
6690,80
6691,366/7
6692,2.1
6693,560
6694,240
6695,56
6696,20
6697,2700
6698,1152
6699,10.3
6700,103
6701,600
6702,980
6703,349
6704,4840
6705,25/6
6706,45
6707,62
6708,18.72
6709,123088
6710,18000
6711,10
6712,67
6713,8
6714,9
6715,7
6716,16
6717,21
6718,18
6719,23
6720,85
6721,3216
6722,375
6723,250/3
6724,248
6725,2440
6726,80
6727,4
6728,27
6729,3/5
6730,21
6731,3
6732,8
6733,12
6734,19
6735,48
6736,52
6737,73
6738,24
6739,96
6740,10
6741,41
6742,21
6743,-31
6744,12
6745,15
6746,30
6747,11
6748,-30
6749,32
6750,21
6751,4
6752,29
6753,35
6754,36
6755,2552
6756,-21
6757,8
6758,29
6759,17
6760,35
6761,25
6762,6
6763,16
6764,4
6765,48
6766,-15
6767,30
6768,-4
6769,-4
6770,6
6771,6
6772,2223
6773,320
6774,20
6775,6
6776,26
6777,18
6778,-18
6779,9
6780,11
6781,17
6782,27
6783,43
6784,-11
6785,18
6786,4
6787,50
6788,8
6789,19
6790,87
6791,6
6792,10/9
6793,
6794,54
6795,10
6796,38
6797,756
6798,107
6799,504
6800,61
6801,20
6802,140
6803,22
6804,-39/11
6805,78
6806,40
6807,100
6808,10
6809,13
6810,37
6811,6
6812,50
6813,42
6814,33
6815,-2
6816,1197
6817,25
6818,47
6819,81
6820,33
6821,11
6822,31
6823,23
6824,3
6825,15
6826,30
6827,38
6828,28
6829,28
6830,33
6831,119
6832,57
6833,14
6834,36
6835,42
6836,22
6837,16
6838,24
6839,12
6840,0
6841,35
6842,8
6843,10
6844,19
6845,6
6846,11
6847,18
6848,16
6849,18
6850,28
6851,17
6852,11
6853,4/3
6854,6
6855,17
6856,27
6857,8
6858,27.552
6859,178
6860,1360
6861,60
6862,75
6863,5670
6864,680
6865,8
6866,-1
6867,95%
6868,2832
6869,19800
6870,160
6871,304
6872,1710
6873,1500
6874,3600
6875,144
6876,12
6877,130
6878,260
6879,60
6880,48
6881,375
6882,108
6883,36
6884,300
6885,160
6886,160
6887,792
6888,240
6889,-9/10
6890,206
6891,72
6892,1400
6893,11250
6894,90
6895,285
6896,8
6897,840
6898,5652
6899,800
6900,18
6901,5
6902,18840
6903,58
6904,1
6905,34
6906,8
6907,49/9
6908,26
6909,625
6910,37
6911,360
6912,40
6913,96%
6914,92.7%
6915,1/2
6916,19.7192
6917,29
6918,209.952
6919,1458
6920,378
6921,7344
6922,1
6923,27
6924,242/25
6925,32
6926,14
6927,5000/11
6928,75.36
6929,1296
6930,7245
6931,9
6932,2100
6933,40
6934,0.2
6935,13
6936,27/2
6937,40
6938,13
6939,16
6940,25%
6941,3400/3
6942,51
6943,115%
6944,89
6945,44
6946,0
6947,4
6948,1250
6949,263
6950,75/2
6951,31.4
6952,180
6953,42
6954,-0.9
6955,4/3
6956,-1250
6957,1.8
6958,9
6959,0
6960,125
6961,96
6962,7500
6963,480
6964,315/632
6965,3.2
6966,28
6967,18.84
6968,20
6969,30
6970,20
6971,20
6972,144
6973,0
6974,144
6975,160
6976,15
6977,16
6978,96
6979,40
6980,28
6981,600%
6982,5000
6983,6000
6984,15
6985,9
6986,72
6987,420
6988,200
6989,35
6990,4500
6991,1600
6992,480
6993,25
6994,270
6995,-400
6996,3000
6997,5.28
6998,300
6999,3900
7000,33
7001,0.4
7002,0.5
7003,20/3
7004,32
7005,10
7006,300
7007,180
7008,1600%
7009,36/5
7010,168
7011,0.5
7012,625
7013,300
7014,25
7015,2100
7016,150000
7017,50.24
7018,25.2
7019,1620
7020,50
7021,31.4
7022,100
7023,84
7024,5
7025,250
7026,180
7027,2.616
7028,400%
7029,1004.8
7030,190
7031,20
7032,192
7033,300
7034,25%
7035,480
7036,24/5
7037,4.9%
7038,2.56
7039,717
7040,10/3
7041,780
7042,770
7043,345
7044,60
7045,81/10
7046,270
7047,96
7048,60
7049,4
7050,15813/250
7051,1560
7052,144
7053,2
7054,22
7055,120
7056,28.26
7057,5/2
7058,7.2
7059,42
7060,95.2%
7061,-28
7062,22.8
7063,38.4
7064,50
7065,3.7
7066,2800
7067,1.54
7068,12
7069,1456
7070,59.1576
7071,1
7072,350
7073,25/2
7074,3000%
7075,54/5
7076,-125
7077,12
7078,2500
7079,3/2
7080,23
7081,200
7082,3420
7083,1050
7084,15
7085,1/30
7086,198
7087,5.73
7088,8
7089,56
7090,96
7091,100
7092,9
7093,324
7094,166/7
7095,
7096,192
7097,1200
7098,447.45
7099,0.08
7100,41
7101,3200
7102,156
7103,0
7104,330
7105,975/2
7106,157
7107,300
7108,15
7109,75
7110,-1/3
7111,42
7112,2507.69066
7113,1998/5
7114,57/5
7115,60
7116,600
7117,251.2
7118,19154
7119,245/4
7120,24/5
7121,501.9
7122,445
7123,600
7124,32
7125,6
7126,540
7127,84.72222
7128,60
7129,95
7130,123.83658
7131,14
7132,
7133,401
7134,188
7135,65
7136,320/3
7137,460
7138,125/2
7139,56
7140,2.62
7141,0.68
7142,600
7143,1125%
7144,19
7145,7
7146,92%
7147,-50%
7148,10
7149,15/4
7150,6
7151,1840/17
7152,1360
7153,7
7154,240
7155,200
7156,110
7157,29
7158,147.1
7159,3.6
7160,12
7161,3125
7162,7/2
7163,4
7164,128
7165,0.5
7166,1214
7167,960
7168,131.25
7169,96
7170,72
7171,79.2
7172,128
7173,32.4%
7174,500%
7175,840
7176,8
7177,1000
7178,2100
7179,437
7180,157.7536
7181,522.5
7182,1400
7183,89
7184,2
7185,72
7186,9
7187,768
7188,48
7189,12
7190,97
7191,12/25
7192,225
7193,89936
7194,5040
7195,38.13333
7196,3200
7197,144
7198,17
7199,18
7200,260
7201,36
7202,5760
7203,108
7204,5
7205,80
7206,350
7207,1
7208,9600
7209,426
7210,288
7211,28.34
7212,48
7213,40.8
7214,11
7215,125.6
7216,796
7217,58077.44
7218,-87.92
7219,899
7220,1
7221,2128
7222,170/11
7223,-600%
7224,300
7225,27
7226,13.68
7227,22
7228,128
7229,30
7230,16%
7231,-2400
7232,300
7233,1500
7234,5/2
7235,90
7236,13.8
7237,100
7238,219/20
7239,3861
7240,8
7241,174
7242,10
7243,60
7244,-1
7245,630
7246,73
7247,3.41333
7248,168
7249,18000/11
7250,3000
7251,4
7252,36
7253,1.8
7254,12/43
7255,83.8
7256,468
7257,340
7258,1300
7259,184
7260,15/4
7261,3
7262,6
7263,6
7264,848
7265,3936
7266,5280
7267,2400
7268,3
7269,5500
7270,8
7271,150.72
7272,12
7273,-299
7274,19.99614
7275,105
7276,-50
7277,125
7278,1125
7279,400
7280,2999/2
7281,90
7282,32/15
7283,90%
7284,30
7285,15
7286,14.4
7287,31.5
7288,5
7289,95
7290,864
7291,-7599
7292,-89
7293,135
7294,4000
7295,59.4
7296,240
7297,96
7298,272
7299,51.4
7300,40
7301,73/80
7302,15
7303,120
7304,25000
7305,170
7306,108
7307,2727
7308,350
7309,31.2
7310,0.07
7311,20
7312,0.0684
7313,349
7314,164.025
7315,72
7316,17
7317,251.2
7318,408
7319,2.09333
7320,9
7321,-150/149
7322,-479
7323,800/3
7324,103.3
7325,4.5
7326,2800
7327,2/5
7328,1800/7
7329,16
7330,12
7331,0
7332,16.485
7333,140
7334,13200
7335,56
7336,10
7337,100.48
7338,15
7339,2976/23
7340,45.475
7341,2449
7342,53
7343,29/30
7344,36
7345,227
7346,702.15
7347,312.5
7348,31.4
7349,6300
7350,400
7351,28
7352,96
7353,1/5
7354,3500
7355,436
7356,39.25
7357,404/3
7358,198
7359,26
7360,10
7361,940
7362,778
7363,8
7364,90
7365,47
7366,4500
7367,8000/3
7368,3000/3001
7369,72
7370,12
7371,12
7372,1920
7373,32
7374,24
7375,40/9
7376,49/60
7377,0.16026
7378,50
7379,114
7380,24000
7381,64
7382,5040
7383,30
7384,5
7385,20096
7386,256
7387,1000
7388,1
7389,14.25
7390,6
7391,10/17
7392,45/2
7393,1256
7394,240
7395,480
7396,9600
7397,76
7398,12
7399,60
7400,64
7401,12
7402,10
7403,40
7404,900/7
7405,3600
7406,8.75
7407,30
7408,-0.04729
7409,200
7410,90
7411,11
7412,25
7413,125
7414,65
7415,64
7416,1.27389
7417,27.27273
7418,195
7419,2
7420,110
7421,5.6
7422,9
7423,648
7424,115
7425,9/13
7426,45
7427,1616
7428,80
7429,6000
7430,90%
7431,480
7432,38
7433,80
7434,45.4
7435,2025
7436,174
7437,12.6
7438,17
7439,6
7440,2320
7441,4
7442,12/5
7443,0.8
7444,700/3
7445,0.8
7446,28
7447,180
7448,7200
7449,7500
7450,28.26
7451,190
7452,99/10
7453,390
7454,4
7455,32
7456,37.5%
7457,48
7458,3.14
7459,24
7460,243
7461,36000
7462,44
7463,4368
7464,10
7465,
7466,480
7467,1920
7468,125
7469,180
7470,78.5
7471,495.3463
7472,24
7473,0.08
7474,153
7475,6
7476,520
7477,3
7478,55
7479,22.4
7480,29
7481,24
7482,76
7483,1
7484,30000
7485,204
7486,450
7487,33
7488,100/19
7489,4800
7490,15
7491,1337
7492,128
7493,80
7494,90
7495,24
7496,3
7497,450
7498,3.3
7499,60
7500,70.0245
7501,2.99615
7502,1080
7503,3/5
7504,185
7505,110/63
7506,60
7507,2400
7508,700
7509,210
7510,12/5
7511,3240
7512,2550
7513,140/3
7514,346
7515,5000
7516,143
7517,655
7518,1/2
7519,400
7520,1120
7521,1500
7522,1413
7523,16
7524,744
7525,29
7526,25800
7527,675
7528,5/2
7529,40
7530,324
7531,32
7532,4/75
7533,1200
7534,2240
7535,457.6
7536,25206
7537,56
7538,40
7539,6.35
7540,5
7541,15.5
7542,612
7543,160
7544,200
7545,205.6
7546,17/3
7547,31.4
7548,675
7549,141300
7550,45
7551,3140
7552,115
7553,70
7554,55
7555,870
7556,16
7557,180
7558,20
7559,9
7560,1000/11
7561,18
7562,300
7563,308
7564,170/3
7565,480
7566,53
7567,1.25
7568,2700
7569,2700
7570,138/7
7571,12
7572,1.44
7573,24
7574,2760
7575,3
7576,4
7577,2.54777
7578,27.45
7579,-11
7580,200
7581,504
7582,29.4
7583,135
7584,1500
7585,9000
7586,4/5
7587,36
7588,40
7589,182
7590,300/13
7591,17
7592,840
7593,10
7594,1
7595,351
7596,60
7597,36
7598,54
7599,45
7600,5
7601,600
7602,71.04
7603,8
7604,4
7605,80
7606,0.01778
7607,125
7608,80
7609,35
7610,8625
7611,1.7
7612,34
7613,136
7614,320
7615,3
7616,40
7617,50
7618,144
7619,24
7620,8
7621,540
7622,70
7623,96
7624,0.03
7625,72
7626,32
7627,32.5
7628,36.55
7629,0.6
7630,-2.13
7631,3.8
7632,37044
7633,300
7634,180
7635,85%
7636,800
7637,13.5
7638,1200
7639,116
7640,-37.3
7641,3/5
7642,1/2
7643,5
7644,42
7645,20
7646,18/25
7647,18
7648,1/18
7649,1/7
7650,2240
7651,3000
7652,3
7653,1.36667
7654,36
7655,2400
7656,19/20
7657,64
7658,20
7659,1.69
7660,16
7661,31.8
7662,2/7
7663,-7
7664,2
7665,2/5
7666,1/6
7667,7340
7668,-6
7669,40
7670,21
7671,31
7672,13
7673,360
7674,8
7675,505
7676,4
7677,2520
7678,-1/2
7679,4000
7680,8/5
7681,3968
7682,750
7683,7
7684,20
7685,25
7686,800
7687,872
7688,31/35
7689,5/7
7690,1782
7691,64
7692,8280
7693,1
7694,3
7695,534
7696,39/5
7697,3/7
7698,3
7699,2
7700,19
7701,38.46154
7702,5
7703,9.5
7704,2.74242
7705,157/100
7706,3045
7707,16/7
7708,28
7709,148
7710,72
7711,17/20
7712,37/3
7713,11/24
7714,3
7715,-54/49
7716,42
7717,66.6
7718,7/24
7719,60
7720,-10
7721,47.6
7722,109
7723,120
7724,1350
7725,-7
7726,13/10
7727,25.4
7728,222
7729,6
7730,140
7731,882
7732,0.05325
7733,9.6
7734,720
7735,67.5
7736,84
7737,9
7738,100
7739,100/3
7740,28
7741,135
7742,36
7743,85
7744,560
7745,
7746,38
7747,-6
7748,-194
7749,282
7750,-7
7751,700
7752,1.8
7753,440
7754,80000
7755,4
7756,1/10
7757,467
7758,135
7759,11/30
7760,5
7761,2.2
7762,400
7763,64
7764,4
7765,6
7766,6
7767,25200
7768,83
7769,2912
7770,31
7771,2865
7772,13/20
7773,8400
7774,120
7775,473
7776,1186
7777,70
7778,20
7779,225
7780,16/5
7781,400
7782,1534
7783,464
7784,220
7785,32
7786,6
7787,432
7788,450
7789,15000
7790,996.11111
7791,26
7792,142
7793,2/7
7794,-10
7795,15
7796,16
7797,1/4
7798,1260
7799,4800
7800,-5
7801,60
7802,10000
7803,13/30
7804,24
7805,21/2
7806,20
7807,27
7808,607/3
7809,15
7810,2.8
7811,0
7812,2
7813,30
7814,-1
7815,35
7816,4/5
7817,14
7818,80/3
7819,51/20
7820,125.6
7821,0
7822,5416
7823,1026
7824,1/5
7825,50
7826,13/15
7827,-61/20
7828,80000
7829,45/4
7830,72
7831,630
7832,30
7833,0
7834,93
7835,82
7836,37/40
7837,18
7838,16800
7839,-52/9
7840,260
7841,32/21
7842,18
7843,50
7844,375
7845,198
7846,-1.7
7847,135
7848,23/2
7849,320
7850,37
7851,-57/4
7852,570
7853,7
7854,16
7855,1/20
7856,4
7857,1.225
7858,48
7859,50
7860,39
7861,4/15
7862,336
7863,3
7864,20
7865,-30
7866,1863/4
7867,9
7868,40/9
7869,330
7870,140
7871,3/4
7872,15
7873,63/5
7874,28/3
7875,4/5
7876,16/3
7877,7
7878,-35/2
7879,184
7880,1/4
7881,150
7882,-375/2
7883,2/5
7884,1/120
7885,3/5
7886,96
7887,1/3
7888,12
7889,9
7890,8
7891,2
7892,6
7893,369
7894,43
7895,80
7896,8745
7897,58/5
7898,450
7899,6
7900,784
7901,115
7902,4
7903,20
7904,5.42
7905,45
7906,107
7907,200
7908,24/7
7909,21/20
7910,8
7911,210
7912,65
7913,79.2
7914,2700
7915,3/16
7916,10
7917,96
7918,3/4
7919,864
7920,9/20
7921,16/25
7922,1/3
7923,1/4
7924,31/10
7925,324
7926,90
7927,900
7928,47
7929,360
7930,50
7931,180
7932,4/5
7933,8
7934,77
7935,5/8
7936,3/5
7937,2/5
7938,0
7939,8
7940,7
7941,67
7942,5/12
7943,8/3
7944,300
7945,108
7946,11.1
7947,9
7948,-3
7949,15
7950,1/25
7951,1
7952,14/3
7953,14/3
7954,643/5
7955,86
7956,52
7957,2460
7958,-11/5
7959,230
7960,17/30
7961,1.25
7962,35/3
7963,19/2
7964,7000
7965,54
7966,5
7967,32
7968,1710
7969,18
7970,75
7971,55/8
7972,624
7973,100
7974,4
7975,260
7976,120
7977,80
7978,20
7979,1/25
7980,48
7981,392
7982,25
7983,4000
7984,10
7985,2590
7986,40/3
7987,30
7988,840
7989,144000
7990,510
7991,72
7992,5
7993,1200
7994,193
7995,-19/11
7996,2700
7997,42000
7998,2/7
7999,0
