0,-386.216
1,146
2,4
3,105/2
4,395
5,1290
6,600
7,3545
8,8.8
9,9
10,405
11,1050
12,80
13,56
14,9
15,8172
16,16
17,42.6
18,322.5
19,10
20,2700
21,35
22,100
23,68
24,300
25,3
26,-2
27,32
28,0.314
29,1950
30,3.6
31,80
32,9
33,720
34,60
35,9/20
36,251
37,5
38,14/15
39,72
40,400
41,24
42,6
43,500
44,4
45,98
46,95
47,288
48,40
49,280
50,3290
51,14
52,7600
53,280
54,111
55,180
56,142
57,4875
58,1248
59,9
60,66
61,1201
62,1300
63,76
64,1176
65,588
66,13198.8
67,400
68,3360
69,765
70,3.33333
71,73.2
72,6600
73,5/8
74,200
75,3.8
76,40
77,13/20
78,24
79,194
80,3.3
81,39
82,464
83,392
84,260
85,25%
86,9
87,2
88,402
89,374
90,189/1250
91,20
92,20
93,1735
94,-400
95,78.5
96,8
97,16
98,700
99,260
100,2288
101,4
102,3486
103,14
104,5
105,140/11
106,5/9
107,427.5
108,10.9
109,6
110,7/10
111,1200
112,560
113,651
114,49/17
115,-26
116,4955
117,623
118,192
119,124
120,0.94
121,2
122,25
123,69
124,20000
125,90%
126,945/2
127,
128,176
129,770
130,7/9
131,5434
132,10
133,191
134,11200
135,8
136,595
137,0
138,3/4
139,87
140,90
141,263
142,96
143,15
144,8126.72
145,356
146,20/3
147,8400
148,4800
149,2
150,2/9
151,494
152,2
153,490
154,8000
155,3/10
156,75
157,600
158,15
159,8400
160,30
161,5
162,76
163,6
164,84
165,1350
166,280
167,775
168,6
169,312
170,-9/16
171,7
172,280
173,144
174,11/35
175,38
176,44
177,-250
178,64
179,1176
180,20
181,113.04
182,12
183,27
184,17/20
185,650
186,5000
187,10
188,312
189,15
190,-782
191,-122.46
192,10395
193,880
194,3100
195,18.6
196,704
197,14.13
198,450
199,272
200,450
201,114
202,18
203,7/20
204,5
205,40
206,4/9
207,14400
208,605
209,31
210,6
211,65.55
212,3081
213,3007.29
214,11
215,6125
216,
217,17/4
218,63024
219,3200
220,7644
221,333
222,20
223,16
224,200
225,1872
226,378
227,9
228,6/7
229,15.55556
230,190
231,293
232,3300
233,207
234,684
235,3500
236,691
237,7200
238,11/18
239,3280
240,816
241,7/9
242,1
243,5375
244,3
245,3/5
246,24
247,41/24
248,240
249,100
250,3.2
251,2
252,162
253,1260
254,315/4
255,6000
256,1536
257,100
258,490
259,280
260,2700
261,432
262,84
263,400/3
264,24/5
265,28
266,11/24
267,276
268,26
269,94
270,25000
271,12300
272,750
273,12
274,520
275,1585
276,289
277,5.4
278,32
279,22000
280,502.4
281,23
282,6
283,736
284,64
285,18
286,240
287,579
288,1730
289,2250
290,944
291,555
292,15
293,546
294,16
295,21
296,480
297,225/17
298,4
299,91
300,156
301,27/20
302,8
303,47
304,81
305,30
306,9/2
307,20
308,50
309,48
310,51.4
311,450
312,16
313,2/7
314,36
315,60
316,100
317,324
318,1500
319,1/2
320,4
321,432
322,1/2
323,37/40
324,-1/5
325,54
326,3450
327,71.25
328,890
329,48
330,12475
331,15290000
332,16000
333,300
334,4/7
335,1344
336,22
337,486
338,6
339,10
340,254/29
341,90
342,21
343,0.98
344,60
345,91
346,48
347,5
348,425
349,12
350,32
351,600
352,465
353,1588
354,168
355,140
356,163.83333
357,50
358,25000
359,12
360,376.8
361,1
362,45
363,9
364,59/3
365,540
366,11/35
367,32
368,-9/4
369,209
370,150
371,242
372,10
373,7
374,-51
375,54
376,591
377,904.32
378,4429
379,30/11
380,70
381,119
382,2/5
383,6240
384,56375
385,91
386,12/5
387,2382.2056
388,400
389,144
390,15
391,1260
392,768
393,800
394,471000
395,328.57143
396,450
397,-2.33333
398,6592
399,13
400,72/23
401,136
402,864
403,320
404,685
405,32
406,30
407,4/15
408,115/24
409,12.56
410,13
411,27
412,-1/4
413,800
414,10
415,1032
416,55
417,8
418,1320
419,20
420,2/9
421,1
422,3
423,-205
424,1.12
425,15.12
426,480
427,480
428,183
429,2000
430,580
431,120
432,384
433,112
434,14580
435,31
436,408
437,44
438,51/40
439,3400
440,1/4
441,17
442,410
443,175/2
444,64
445,765
446,3/5
447,0.45
448,20
449,1920
450,1036
451,68
452,0.2%
453,100000
454,3000
455,133
456,12960
457,2
458,76
459,390
460,24
461,2400
462,123
463,816
464,12
465,1710
466,750
467,246
468,21
469,35
470,12
471,16
472,-700
473,125.6
474,6
475,21/16
476,534
477,10
478,1152
479,231
480,320
481,533
482,1/20
483,192
484,30
485,280
486,132
487,216
488,15
489,1204
490,4
491,96
492,260
493,44.72
494,440
495,2092.34
496,10000
497,1440
498,80
499,1344
500,272
501,445
502,5600
503,750
504,885
505,639
506,72
507,700
508,94.2
509,72
510,66000
511,14
512,17/40
513,-7/2
514,120
515,29
516,786
517,3.19062
518,1/2
519,224
520,45
521,8
522,355
523,1800
524,3/8
525,200
526,340
527,85
528,68
529,31.4
530,120
531,36
532,150
533,52.65
534,24
535,45
536,264/25
537,401
538,70
539,240
540,270
541,1.6
542,216
543,600
544,17777
545,120
546,1
547,48
548,0.1
549,60
550,1730
551,39.25
552,204
553,5
554,1100
555,750
556,11
557,56
558,314
559,50.24
560,0.56667
561,6
562,0
563,100
564,57
565,60
566,2940
567,147
568,560
569,2500
570,2527/20
571,31.2
572,10700
573,24
574,7500
575,44.85
576,40/3
577,2
578,150
579,240
580,1500
581,4
582,348.6
583,900
584,3
585,12
586,43
587,15
588,0
589,108/5
590,228
591,16
592,30
593,0.2
594,9
595,15.7
596,4
597,930
598,192
599,3529
600,19208
601,16.66667
602,3
603,400/9
604,50
605,2/5
606,1000
607,17.64706
608,5
609,378
610,900
611,10
612,236
613,2.7
614,9.6
615,18
616,116.8
617,10
618,3768
619,90
620,89.4
621,50
622,251.2
623,114
624,196/53
625,15
626,2200
627,1
628,421
629,69
630,60
631,314
632,3
633,2000
634,368
635,5%
636,93.8%
637,57.1%
638,99%
639,60
640,-18.46154
641,48
642,5
643,192
644,450
645,44
646,4.5
647,14
648,215
649,60
650,340
651,10
652,9
653,16
654,98%
655,1
656,80
657,98%
658,1.5
659,95%
660,103
661,900
662,950
663,42.9%
664,102
665,1094.5
666,50
667,250
668,89/12
669,1130.4
670,12
671,735
672,30
673,140
674,5
675,92%
676,8
677,31
678,98%
679,96%
680,15/2
681,23/50
682,120
683,450
684,35/3
685,42
686,3360
687,100
688,36
689,51/2
690,320
691,960
692,81
693,108
694,30
695,378
696,16
697,16
698,31/40
699,10
700,301/5
701,36
702,5
703,1500
704,2.66667
705,30
706,94%
707,5/8
708,20
709,18
710,160
711,28.5
712,8
713,0.3
714,10%
715,99995
716,240
717,0.024
718,10
719,180
720,150
721,62.8
722,3267/20
723,-146
724,40
725,102
726,42.5
727,117
728,1
729,160
730,360
731,60
732,288
733,100
734,4140
735,0.135
736,122.88
737,500
738,70
739,160
740,95%
741,150
742,1/4
743,5
744,300
745,2560/3
746,180
747,190.66667
748,13
749,415/12
750,-3
751,72
752,0
753,9/2
754,266/9
755,250
756,-42
757,64
758,40
759,9600
760,749.86667
761,3/2
762,11304
763,188.4
764,210
765,12000
766,1944
767,2.16
768,32000/7
769,30
770,851
771,168/5
772,151
773,51.25
774,800
775,72/7
776,1200
777,200
778,420
779,4
780,5
781,32000
782,1000
783,50
784,117
785,156
786,125.6
787,5.6
788,75
789,30
790,100%
791,54
792,1225/3
793,35
794,72.09
795,650
796,120/11
797,2073.6
798,120
799,480
800,16.6
801,220
802,24
803,48
804,137
805,38.4
806,200
807,60
808,6/7
809,5/6
810,-3.33333
811,51/10
812,20
813,12.62029
814,25
815,4000
816,2000
817,50
818,8
819,90
820,174
821,840
822,88
823,120
824,39.4384
825,1050
826,1462
827,32
828,1.2
829,42
830,290
831,160
832,100
833,-3000/19
834,110
835,1536
836,300
837,32
838,192
839,5
840,0
841,15
842,8
843,87/25
844,546
845,-921
846,36
847,42
848,110.8871
849,20
850,600
851,2200
852,40
853,7
854,4
855,144/11
856,30/11
857,1048
858,-10.5
859,180/7
860,2200
861,300
862,26
863,2/7
864,12000
865,1160
866,0.5
867,1235
868,40.33333
869,1/12
870,13.2
871,252
872,9
873,62
874,48
875,13
876,10500
877,14.3%
878,12.56
879,7850%
880,64
881,1/96
882,150/7
883,14
884,52
885,19
886,-201
887,314
888,39/11
889,-75
890,2
891,306
892,751.6
893,100.0
894,240
895,66
896,285
897,17
898,0.012
899,6
900,4000
901,207000
902,16/9
903,225/2
904,-3
905,0.05
906,120
907,15
908,26
909,12.56
910,6
911,12.51
912,25
913,51
914,270
915,425
916,6280
917,125.6
918,143.3121
919,5.4
920,200
921,0.85714
922,2
923,96%
924,134
925,192/125
926,95.8%
927,375/4
928,30
929,50
930,7000/24993
931,-175/123
932,1320
933,18.84
934,7.05
935,955
936,60
937,420
938,6.66
939,11
940,52
941,-7
942,210
943,24
944,12
945,5/12
946,-176
947,3
948,180
949,48
950,0.6
951,268
952,192
953,255
954,106/3
955,10
956,16
957,3/25
958,7600
959,15600
960,6
961,7
962,640
963,31050
964,16
965,85/4
966,25
967,1057/19
968,18/113
969,3/8
970,152.4
971,10
972,3424
973,314
974,31
975,377
976,70
977,64
978,345.4
979,910
980,182.9
981,4400
982,3
983,448
984,1031400%
985,74
986,-207
987,10
988,27
989,165
990,24
991,8280
992,1859/3
993,700
994,0.0%
995,1360
996,1/6
997,25/3
998,72
999,1/5
1000,31.4
1001,450/7
1002,89
1003,270
1004,6
1005,10%
1006,23
1007,31
1008,146.4
1009,797/8
1010,30
1011,163
1012,625/2
1013,96%
1014,20
1015,10
1016,15
1017,1125
1018,85
1019,108
1020,9
1021,40%
1022,41.7%
1023,125.6
1024,10
1025,44080
1026,16000
1027,15
1028,304
1029,24
1030,32
1031,93.54545
1032,11
1033,675/2
1034,5/13
1035,270
1036,0.432
1037,30
1038,1250
1039,280/19
1040,15
1041,1200
1042,24
1043,314.0
1044,960
1045,441
1046,9
1047,36
1048,12167/144
1049,245.45455
1050,15
1051,32320
1052,240
1053,120/103
1054,15
1055,25/4
1056,24
1057,72
1058,9/16
1059,2.56
1060,2.64188
1061,11
1062,6.31
1063,7/2
1064,60
1065,20
1066,2
1067,3
1068,5/2
1069,225
1070,55
1071,15
1072,48
1073,428
1074,1/25
1075,4138
1076,4
1077,272
1078,60
1079,12/5
1080,1200
1081,294
1082,245
1083,20
1084,1.3
1085,7.4
1086,9/20
1087,480
1088,36
1089,0.48
1090,110
1091,45
1092,7395
1093,256
1094,17800/2457
1095,18
1096,1440
1097,3/8
1098,396
1099,120
1100,1/7
1101,16
1102,763
1103,30
1104,285
1105,1/5
1106,105.7
1107,12
1108,9
1109,16
1110,
1111,3
1112,45.12
1113,33.3%
1114,800
1115,68
1116,0.25
1117,90
1118,30
1119,3
1120,15
1121,30
1122,18
1123,123
1124,66
1125,1822
1126,14
1127,1.4
1128,10000
1129,200/3
1130,0.66
1131,49/2
1132,8
1133,110000
1134,128
1135,60
1136,30.05
1137,575
1138,480
1139,200
1140,45
1141,231/2
1142,6
1143,360
1144,15
1145,4
1146,900
1147,108
1148,106
1149,19.3
1150,1160
1151,100
1152,1/2
1153,770
1154,-12
1155,630
1156,-7
1157,2826
1158,1421
1159,2
1160,84
1161,8/5
1162,216
1163,45
1164,8965
1165,6
1166,6
1167,-25
1168,60
1169,15
1170,-11.1%
1171,948
1172,360
1173,30
1174,1500
1175,98%
1176,10000
1177,750
1178,60000
1179,46
1180,17
1181,2
1182,72
1183,73
1184,27
1185,300
1186,3/7
1187,201
1188,53
1189,197
1190,6
1191,60
1192,0.27
1193,60000
1194,972
1195,95%
1196,5
1197,126/5
1198,450
1199,62.8
1200,486
1201,0.27778
1202,19
1203,30%
1204,51
1205,28
1206,18
1207,188
1208,3
1209,63
1210,500
1211,33
1212,952
1213,15%
1214,100
1215,200
1216,90
1217,66/35
1218,-63/19
1219,750
1220,26.7%
1221,27/2
1222,-95
1223,190.8
1224,48
1225,100/3
1226,94.2
1227,4000
1228,-5
1229,150
1230,16/5
1231,16/5
1232,54
1233,64
1234,640/3
1235,94.2
1236,308
1237,100/3
1238,30
1239,55/2
1240,-60%
1241,8
1242,140
1243,-119
1244,657
1245,4200
1246,85
1247,53
1248,56
1249,180
1250,63
1251,45
1252,35
1253,14
1254,36
1255,8
1256,30
1257,38
1258,24
1259,16
1260,53
1261,22
1262,4
1263,37
1264,6
1265,45
1266,10
1267,-13
1268,23
1269,18
1270,55
1271,53
1272,58
1273,26
1274,40
1275,12
1276,147
1277,1
1278,84
1279,30
1280,72
1281,51
1282,84
1283,27
1284,84
1285,80
1286,45
1287,35
1288,27
1289,48
1290,50
1291,48
1292,44
1293,60
1294,40
1295,1
1296,100
1297,3000
1298,8
1299,6
1300,18
1301,20
1302,6
1303,5
1304,6
1305,266
1306,26
1307,0
1308,50
1309,34
1310,392
1311,48/7
1312,4
1313,16
1314,4
1315,9
1316,13
1317,5
1318,38
1319,25
1320,70
1321,4
1322,80
1323,31
1324,28
1325,68
1326,17
1327,280/3
1328,20
1329,6
1330,42
1331,6
1332,76
1333,30
1334,4
1335,25
1336,54
1337,16
1338,21
1339,5
1340,73
1341,24
1342,6
1343,7
1344,24
1345,84
1346,31
1347,15
1348,6
1349,17
1350,23
1351,16
1352,19
1353,28
1354,9
1355,72
1356,6/43
1357,24
1358,160
1359,700
1360,384
1361,5000
1362,6
1363,35
1364,9000.0075
1365,5/9
1366,36
1367,510
1368,301440
1369,-4
1370,32
1371,81
1372,335
1373,8
1374,1264.8
1375,18/35
1376,12000
1377,430/61
1378,60000
1379,240
1380,2.7
1381,628
1382,166
1383,17/3
1384,440
1385,9.225
1386,28
1387,2
1388,150
1389,5.02727
1390,32
1391,30
1392,48000
1393,12
1394,624
1395,15
1396,1200
1397,60
1398,95
1399,840
1400,6
1401,150
1402,640
1403,25
1404,39/2
1405,9
1406,-2
1407,48
1408,787
1409,125
1410,63
1411,-20
1412,100
1413,40
1414,240
1415,14
1416,210000
1417,3
1418,240
1419,31
1420,53/60
1421,30.6
1422,33.45
1423,3.6
1424,0.08
1425,9
1426,9
1427,5
1428,504
1429,151
1430,22.5
1431,28
1432,48
1433,84
1434,2.6
1435,44.3
1436,190
1437,271.32
1438,51
1439,72
1440,64/3
1441,11
1442,110
1443,18
1444,54
1445,120/7
1446,13950
1447,53
1448,-0.7
1449,16/3
1450,44
1451,171.42857
1452,180
1453,307
1454,36
1455,40
1456,-844
1457,31
1458,2
1459,9
1460,3612
1461,560
1462,7.12329
1463,645
1464,10
1465,290
1466,20
1467,280
1468,68
1469,1.1
1470,137
1471,100
1472,32/5
1473,45
1474,38
1475,8
1476,50
1477,9000
1478,180
1479,288
1480,0.6
1481,8448
1482,-14
1483,3
1484,119/48
1485,4
1486,1064/15
1487,99
1488,8
1489,56
1490,3.5
1491,90
1492,60
1493,95200
1494,32
1495,50
1496,14
1497,-4
1498,17.88
1499,2370
1500,91
1501,18/5
1502,149
1503,4
1504,371
1505,28
1506,75
1507,4
1508,18.4
1509,180
1510,945
1511,50
1512,16
1513,180
1514,108.2
1515,520
1516,36
1517,1.55
1518,20252
1519,6
1520,90
1521,44
1522,300
1523,820000
1524,331
1525,48
1526,280
1527,17
1528,128/5
1529,780
1530,414/5
1531,-12
1532,50/9
1533,177.5
1534,4800
1535,1/2
1536,5/2
1537,30
1538,1/6
1539,160
1540,128
1541,48
1542,23
1543,150
1544,12
1545,400
1546,400
1547,20
1548,1/4
1549,33/5
1550,39/100
1551,56
1552,3722
1553,5330
1554,96
1555,753.6
1556,2.2608
1557,1.5
1558,400
1559,200
1560,64000/19
1561,51
1562,10
1563,120
1564,210
1565,7650/53
1566,960
1567,8.4
1568,4800
1569,9
1570,3000
1571,20
1572,31.4
1573,8
1574,104
1575,60
1576,9420
1577,2.7
1578,210
1579,54
1580,125
1581,4
1582,125
1583,160
1584,125
1585,4900/3
1586,270
1587,-90
1588,89
1589,0.012
1590,73
1591,372/7
1592,96
1593,175
1594,50
1595,2520
1596,5.2
1597,22.2%
1598,12
1599,209
1600,120
1601,-1600
1602,20
1603,800
1604,36
1605,350/3
1606,1512
1607,77
1608,48
1609,12.56
1610,2.512
1611,251.2
1612,8500/11
1613,53.1375
1614,37.68
1615,52
1616,877
1617,16
1618,6750
1619,384
1620,45
1621,450
1622,7.56
1623,120
1624,40
1625,374.46
1626,28
1627,25
1628,3/2
1629,3420/17
1630,1600
1631,35/12
1632,525/2
1633,3
1634,8.5
1635,720
1636,20
1637,54
1638,5
1639,4/5
1640,48
1641,17.16
1642,260
1643,720
1644,221.76
1645,1500
1646,125.6
1647,0.0125
1648,36
1649,2016
1650,1770
1651,50
1652,2100
1653,0.65731
1654,92%
1655,628
1656,1036
1657,1200
1658,85
1659,8040
1660,79
1661,4
1662,10/21
1663,20
1664,3.2
1665,17
1666,648
1667,77/10
1668,625
1669,36.33
1670,7/5
1671,109450
1672,9600
1673,128
1674,89
1675,14
1676,3960/29
1677,5
1678,108
1679,24500
1680,-147
1681,3200
1682,500
1683,800/3
1684,3600
1685,30
1686,15
1687,30
1688,1000
1689,150
1690,1120
1691,160
1692,120
1693,1
1694,75.36
1695,600
1696,10.4
1697,1570
1698,30
1699,52
1700,52
1701,20
1702,6.86
1703,1
1704,16/5
1705,0.25
1706,48
1707,9/7
1708,600/7
1709,39.25
1710,1536
1711,0.085
1712,0.12
1713,403000
1714,44800/3
1715,36
1716,9
1717,400
1718,15
1719,1120
1720,2/7
1721,3.29023
1722,7
1723,288/5
1724,282.6
1725,22
1726,35
1727,1262.0288
1728,12
1729,24
1730,12/5
1731,10
1732,110
1733,33.5
1734,104
1735,144
1736,105
1737,470/3
1738,1720/7
1739,-311
1740,267
1741,60
1742,65/3
1743,1380
1744,75
1745,96
1746,80
1747,113.04
1748,28
1749,3/4
1750,114
1751,500
1752,7
1753,1.74
1754,25
1755,45
1756,36/5
1757,300
1758,31.4
1759,-39
1760,17
1761,192
1762,-32.13
1763,-144
1764,20
1765,10.71429
1766,0
1767,25
1768,36
1769,8
1770,612/5
1771,2250
1772,450
1773,2682
1774,64/5
1775,14/17
1776,160
1777,250
1778,22960
1779,1030
1780,800
1781,9
1782,1175
1783,1800
1784,67
1785,0
1786,9
1787,6
1788,952
1789,0
1790,600
1791,250
1792,20
1793,11460
1794,38/7
1795,0
1796,5
1797,400/67
1798,24
1799,500
1800,400
1801,1
1802,3360
1803,72
1804,225/2
1805,942
1806,7200
1807,44
1808,2500/3
1809,8
1810,660
1811,8
1812,314
1813,75
1814,7
1815,45
1816,270
1817,20
1818,102
1819,12
1820,640
1821,54
1822,686
1823,10
1824,18522/5
1825,1355
1826,10
1827,5
1828,416
1829,5.65287
1830,40
1831,15
1832,5
1833,5928
1834,272
1835,1381.6
1836,13209
1837,35
1838,24
1839,40
1840,-120
1841,750
1842,24
1843,140
1844,7
1845,
1846,150/13
1847,702
1848,9
1849,3000
1850,818
1851,151.8
1852,1950
1853,1035
1854,6
1855,12
1856,4000
1857,350
1858,60
1859,18
1860,-74
1861,51.8
1862,96
1863,16
1864,42
1865,31/15
1866,1210
1867,1520
1868,12096/13
1869,6720
1870,4410
1871,28/9
1872,5400
1873,8000
1874,25
1875,11
1876,24
1877,7
1878,126
1879,56
1880,12.56
1881,7.35
1882,6
1883,46656
1884,1088
1885,6
1886,20
1887,6
1888,240
1889,3
1890,3
1891,52%
1892,54
1893,254.34
1894,125
1895,128
1896,1
1897,3
1898,4
1899,40
1900,9
1901,180
1902,3600
1903,8.4
1904,27/2
1905,
1906,840
1907,888
1908,27
1909,15.75
1910,2250
1911,1469
1912,5
1913,9
1914,0.148
1915,108
1916,108
1917,11
1918,16
1919,96
1920,12
1921,104
1922,4
1923,5166
1924,140
1925,360
1926,1200
1927,72
1928,9/4
1929,191.35411
1930,20
1931,5
1932,10
1933,576
1934,430
1935,3
1936,720
1937,339.12
1938,100
1939,40
1940,1600/3
1941,172000
1942,125.6
1943,2000
1944,1.49074
1945,50
1946,5381
1947,175/2
1948,12
1949,108
1950,8.3%
1951,-200
1952,5
1953,0.9
1954,2
1955,4900
1956,70
1957,217
1958,78.5
1959,183/2
1960,480
1961,0.2
1962,3740
1963,25
1964,19312
1965,4
1966,565
1967,280
1968,20.93333
1969,48
1970,43110
1971,4.1
1972,36
1973,-17.49
1974,6
1975,42
1976,-385
1977,60
1978,75
1979,7
1980,3000
1981,330
1982,14.4
1983,10.84
1984,12
1985,-48
1986,500
1987,9/5
1988,68.57143
1989,2300
1990,201
1991,13
1992,2515
1993,427.5
1994,22
1995,46.05
1996,1
1997,6
1998,3.5
1999,1.6
2000,24
2001,168
2002,5
2003,81
2004,64
2005,45
2006,260
2007,1770
2008,896
2009,621
2010,5000
2011,45
2012,2800
2013,5
2014,12
2015,225/2
2016,14
2017,4
2018,75/7
2019,400
2020,20
2021,96
2022,1500
2023,400
2024,10
2025,12.2
2026,175/9
2027,15
2028,4
2029,11500%
2030,102.5%
2031,175/39
2032,50
2033,56
2034,720
2035,2300
2036,648
2037,43200
2038,384
2039,40
2040,3/2
2041,28.26
2042,785
2043,5
2044,0.59459
2045,-4
2046,960
2047,10
2048,3
2049,20
2050,15
2051,1159
2052,36
2053,374.4
2054,5
2055,301.44
2056,297
2057,83
2058,15
2059,90250
2060,250/3
2061,42
2062,2/3
2063,30.2
2064,24
2065,-66000
2066,7500
2067,800
2068,2.4649
2069,315
2070,27/2
2071,270
2072,50000
2073,0.0024
2074,880
2075,123
2076,-60
2077,4
2078,400
2079,2000
2080,2.9
2081,22
2082,35
2083,24/5
2084,37500
2085,5
2086,942
2087,54
2088,900/7
2089,1740
2090,112
2091,108
2092,500
2093,900
2094,672
2095,452.16
2096,62.8
2097,4
2098,6/5
2099,11
2100,780
2101,70000
2102,20
2103,50
2104,104
2105,520
2106,5
2107,16.56
2108,1560
2109,2464
2110,313
2111,16
2112,16
2113,19.968
2114,112
2115,622
2116,0
2117,2000
2118,314
2119,84
2120,15
2121,88
2122,803.84
2123,4.71
2124,9.5
2125,3.14
2126,830
2127,99
2128,268
2129,288
2130,24/5
2131,300
2132,13
2133,3720
2134,2
2135,219.8
2136,23
2137,65/9
2138,182
2139,12
2140,2.5
2141,8
2142,11
2143,15
2144,0.2
2145,9
2146,1296
2147,1200
2148,1/4
2149,80/11
2150,565.2
2151,127.3584
2152,-23
2153,31.4
2154,699
2155,64/17
2156,3
2157,120
2158,18
2159,452.16
2160,735
2161,480
2162,360
2163,2880
2164,110
2165,34
2166,124
2167,245
2168,43.8
2169,6480
2170,75
2171,9
2172,57%
2173,11183
2174,6
2175,113.6%
2176,65%
2177,-1580/21
2178,1333
2179,150
2180,104.66667
2181,180/7
2182,715
2183,-8
2184,1710
2185,1040
2186,300/11
2187,441
2188,1456
2189,0.3
2190,2700/13
2191,36
2192,480
2193,56
2194,2
2195,3400
2196,24
2197,0.4
2198,40
2199,12
2200,55/9
2201,344
2202,2520
2203,11400
2204,5
2205,0
2206,48
2207,0.22857
2208,16
2209,210
2210,496
2211,157
2212,725
2213,1200
2214,1.3
2215,5
2216,3
2217,776
2218,10
2219,59/3
2220,10890
2221,1245
2222,495
2223,13
2224,2
2225,36000
2226,120
2227,80
2228,1.00318
2229,3250
2230,75.36
2231,4
2232,-119/24
2233,4.5
2234,1.07
2235,2.04
2236,3
2237,-2
2238,36
2239,754
2240,3000
2241,2250
2242,-111
2243,6300
2244,45
2245,1.9
2246,234
2247,
2248,4.5
2249,1920
2250,75.36
2251,80
2252,114
2253,24
2254,1440
2255,9
2256,300
2257,5750
2258,32
2259,29/2
2260,360
2261,23.8%
2262,18%
2263,12.45
2264,-60
2265,100
2266,232
2267,58.5
2268,-25
2269,96
2270,1
2271,25
2272,48.4
2273,112/5
2274,64/5
2275,729
2276,624
2277,20
2278,100
2279,20.21875
2280,45
2281,1260
2282,1680
2283,1190
2284,3600
2285,60
2286,200
2287,4/5
2288,12
2289,140
2290,100
2291,45
2292,45
2293,40
2294,294
2295,653.12
2296,72
2297,5
2298,0.02
2299,62.8
2300,24
2301,3
2302,306
2303,10
2304,209.752
2305,1.57
2306,12
2307,15600/11
2308,14
2309,25/3
2310,12
2311,0
2312,80
2313,605/2
2314,350
2315,6
2316,1872
2317,420
2318,2
2319,48
2320,63
2321,360
2322,-6000
2323,28.8
2324,75
2325,1000
2326,1537
2327,1120
2328,540
2329,9
2330,2250/7
2331,29
2332,1250/3
2333,4200
2334,15.6
2335,64
2336,12
2337,5
2338,758/7
2339,2
2340,2
2341,1520
2342,4.8
2343,239/31
2344,79/84
2345,390/11
2346,52
2347,144
2348,48
2349,327
2350,1080
2351,50
2352,75/4
2353,27
2354,300
2355,400
2356,588
2357,66
2358,54.38889
2359,1243
2360,9015000%
2361,15
2362,448
2363,8.8
2364,476
2365,330
2366,480
2367,5.52
2368,48
2369,4
2370,600/13
2371,7
2372,7.536
2373,45
2374,48
2375,40
2376,68
2377,43
2378,12
2379,-2
2380,0
2381,24
2382,30
2383,3231
2384,1320/7
2385,111
2386,56
2387,930
2388,15
2389,3/4
2390,72
2391,20
2392,210
2393,15
2394,27.8
2395,12
2396,120
2397,12/5
2398,22
2399,277.8%
2400,-0.45714
2401,-224/9
2402,2495
2403,8
2404,70
2405,24
2406,36
2407,2.34
2408,10
2409,153.86
2410,4
2411,9.42
2412,5
2413,4
2414,40
2415,777/20
2416,28.26
2417,600
2418,80
2419,50
2420,4.32745
2421,600
2422,6
2423,21/2
2424,1.1
2425,252
2426,16
2427,44
2428,75
2429,7.2
2430,15
2431,12
2432,-533/45
2433,37/5
2434,120
2435,360/13
2436,39.55
2437,716.8
2438,19
2439,40/3
2440,34
2441,108
2442,36
2443,19.625
2444,40
2445,288
2446,150
2447,280
2448,14
2449,4/75
2450,33/20
2451,30
2452,30
2453,198.4
2454,300
2455,-9
2456,20%
2457,176
2458,22
2459,20096
2460,30/7
2461,6
2462,-73
2463,10.9375
2464,533.8
2465,
2466,25.12
2467,6
2468,44
2469,32000
2470,16
2471,8
2472,24/5
2473,120
2474,120
2475,80
2476,25
2477,35
2478,25
2479,60
2480,44
2481,2393
2482,24
2483,8
2484,28.26
2485,600
2486,1491/50
2487,249
2488,780
2489,8
2490,8
2491,20
2492,14
2493,194
2494,7
2495,1078/65
2496,50
2497,8000
2498,1/2
2499,-24
2500,1625/3
2501,393
2502,2000
2503,31
2504,65%
2505,-10
2506,40/9
2507,7/2
2508,480
2509,24
2510,9/50
2511,157
2512,7630
2513,37.68
2514,5.46
2515,220
2516,1
2517,15.072
2518,62.8
2519,3
2520,391/2
2521,5840
2522,38.465
2523,4
2524,12
2525,688
2526,6
2527,180
2528,-560/19
2529,66
2530,12
2531,23/384
2532,1000
2533,72
2534,15
2535,4.71
2536,400
2537,216
2538,1.8
2539,72
2540,1/2
2541,8
2542,26
2543,1
2544,300
2545,7
2546,1056
2547,200
2548,
2549,21
2550,14
2551,5
2552,760
2553,-12.5%
2554,106
2555,4.03608
2556,392
2557,314
2558,9
2559,1280/3
2560,36%
2561,600
2562,9.2
2563,30
2564,30
2565,2610
2566,110
2567,50.24
2568,18
2569,720
2570,140
2571,2842
2572,1
2573,3
2574,5
2575,60
2576,4
2577,127.5
2578,15.7
2579,637
2580,-128.8
2581,72
2582,12
2583,180
2584,25
2585,4000
2586,-156
2587,7
2588,42
2589,2
2590,12.24
2591,26
2592,2955
2593,4
2594,-239
2595,60
2596,365
2597,159/20
2598,43.2
2599,80
2600,125
2601,3360
2602,90
2603,1.71429
2604,16
2605,44.07895
2606,12
2607,4000
2608,6.4
2609,-14
2610,60/7
2611,24.5
2612,1364
2613,5625
2614,-290
2615,728
2616,616
2617,-2249
2618,600
2619,540
2620,96%
2621,1/5
2622,3/7
2623,16/15
2624,4
2625,12.56
2626,301.44
2627,36
2628,94%
2629,160
2630,819/2
2631,600
2632,4.8
2633,74
2634,600000
2635,200
2636,140
2637,4680.0
2638,20
2639,27
2640,3
2641,9
2642,-90
2643,240
2644,3
2645,128
2646,2
2647,52
2648,80/3
2649,7500
2650,12.56
2651,125.6
2652,4
2653,300
2654,-5400/19
2655,2.4
2656,5/6
2657,4
2658,96
2659,21.9
2660,37.68
2661,20
2662,2965/7
2663,-5
2664,90
2665,1728
2666,23328
2667,98%
2668,1242
2669,1840/3
2670,8/19
2671,20
2672,350
2673,48
2674,2
2675,35
2676,12
2677,5
2678,784
2679,0.77037
2680,395
2681,57
2682,146.42857
2683,6
2684,10
2685,2800
2686,10%
2687,5
2688,17
2689,1656/13
2690,275
2691,5440
2692,-96
2693,246
2694,3
2695,16
2696,78.5
2697,530
2698,3
2699,24
2700,11
2701,84
2702,1200
2703,10
2704,84
2705,240
2706,1
2707,6
2708,6
2709,3.7
2710,113
2711,13
2712,5.4
2713,720
2714,2
2715,370
2716,150.72
2717,1500
2718,18
2719,5/2
2720,10850
2721,1512
2722,19200
2723,2223
2724,20400
2725,18
2726,15
2727,69
2728,2220
2729,10
2730,696/5
2731,21
2732,6.28
2733,-200
2734,6
2735,398.5
2736,15/2
2737,1
2738,14.32
2739,22
2740,4.5
2741,75/7
2742,50
2743,833
2744,40
2745,23
2746,41/65
2747,15
2748,300
2749,320
2750,26
2751,16
2752,1000
2753,5/2
2754,15
2755,160
2756,1.26
2757,200
2758,216
2759,140
2760,2
2761,147
2762,1620
2763,432
2764,116
2765,20.8
2766,-250
2767,6
2768,419
2769,-5
2770,0
2771,43960
2772,6
2773,30
2774,-105/11
2775,18
2776,5
2777,504
2778,75/37
2779,250
2780,35/3
2781,9
2782,101/100
2783,8
2784,375
2785,8
2786,1460
2787,288
2788,-3/4
2789,13
2790,7
2791,31/8
2792,36
2793,560
2794,4
2795,100
2796,59.7
2797,236/5
2798,285740
2799,0
2800,7/2
2801,432
2802,6
2803,100
2804,3087
2805,246
2806,-39
2807,15
2808,-20/49
2809,133
2810,150.72
2811,1344
2812,600
2813,8
2814,301.44
2815,0.25
2816,12
2817,900
2818,49
2819,620
2820,12.56
2821,130
2822,480
2823,12/5
2824,11
2825,70
2826,3520
2827,3
2828,250
2829,144
2830,28/5
2831,80
2832,10
2833,30
2834,348
2835,400
2836,19
2837,680
2838,2400/11
2839,18%
2840,80
2841,7/3
2842,30
2843,3
2844,820
2845,376.8
2846,15
2847,18
2848,1884
2849,846
2850,729
2851,50.24
2852,36
2853,2/5
2854,135/8
2855,9.1%
2856,51
2857,28
2858,3
2859,10
2860,5500
2861,308
2862,10998
2863,88.2
2864,560
2865,16
2866,11
2867,20
2868,9.42
2869,1000
2870,280
2871,25
2872,1188
2873,4
2874,132.48
2875,750
2876,98
2877,17%
2878,910
2879,32
2880,17
2881,7200
2882,96%
2883,30
2884,80
2885,36/5
2886,25/2
2887,1256
2888,16560
2889,251.2
2890,1610
2891,135
2892,6
2893,512
2894,320
2895,18666.7%
2896,5
2897,76
2898,2740
2899,1375
2900,5
2901,527
2902,53
2903,9
2904,450
2905,22
2906,86
2907,1200
2908,50.24
2909,320
2910,6
2911,72
2912,505
2913,2070
2914,1
2915,80
2916,5
2917,75.36
2918,55
2919,379
2920,200
2921,24
2922,32
2923,6600
2924,1
2925,0.04
2926,11685
2927,365/2
2928,750
2929,8
2930,1320
2931,150
2932,8036
2933,15/16
2934,12
2935,628
2936,488/15
2937,78.5
2938,-10/3
2939,0.01
2940,2250
2941,326
2942,1256
2943,84
2944,12
2945,720
2946,98500
2947,200
2948,498
2949,442
2950,11/4
2951,4.719
2952,12/7
2953,555/7
2954,1500
2955,3350
2956,7
2957,14
2958,36
2959,8
2960,36
2961,15
2962,41
2963,100
2964,50.24
2965,52/5
2966,28
2967,81
2968,480
2969,14
2970,48
2971,10.6
2972,135/13
2973,2/5
2974,1.2
2975,12
2976,0.15238
2977,125.6
2978,180
2979,25
2980,36/7
2981,94.6%
2982,131
2983,1334
2984,2667
2985,443
2986,13.44
2987,11
2988,215
2989,6
2990,5.6
2991,9.84
2992,10.46667
2993,962.2
2994,1800
2995,9
2996,100
2997,138
2998,18
2999,425/13
3000,40
3001,-51
3002,88
3003,34.54
3004,46.5
3005,10
3006,540
3007,19
3008,12600
3009,67.824
3010,31.4
3011,3.564
3012,10.048
3013,1271
3014,376.8
3015,2500/7
3016,18
3017,600
3018,72
3019,270
3020,50
3021,200/3
3022,40
3023,1200
3024,15
3025,600
3026,33/2
3027,800
3028,72000
3029,100
3030,60
3031,742
3032,54/5
3033,18/5
3034,8
3035,67/6
3036,140
3037,5
3038,13%
3039,1800
3040,251.2
3041,4/99
3042,1
3043,5/2
3044,64000/9
3045,15
3046,374/9
3047,1680
3048,8
3049,22
3050,3.4
3051,2/43
3052,15
3053,14
3054,13
3055,50
3056,25
3057,26
3058,148
3059,2688/5
3060,650
3061,576
3062,25.12
3063,12
3064,29
3065,260
3066,900
3067,60
3068,140
3069,1000
3070,120
3071,505
3072,-50%
3073,54
3074,4.3
3075,2000
3076,65
3077,5275.2
3078,360
3079,113
3080,143
3081,112
3082,2512
3083,5.02
3084,12
3085,108
3086,-1
3087,80
3088,2
3089,8
3090,49.5%
3091,160/9
3092,378/65
3093,43
3094,298.6
3095,16.9344
3096,15000
3097,1.2
3098,157
3099,3
3100,2.36
3101,157/5
3102,48
3103,7
3104,9
3105,240
3106,144/5
3107,-36/7
3108,530
3109,23/4
3110,4
3111,180
3112,192
3113,160
3114,470
3115,1.46667
3116,1050
3117,240
3118,11
3119,45
3120,113.04
3121,66
3122,450
3123,4
3124,12
3125,160
3126,750
3127,350
3128,210000
3129,400
3130,3250
3131,27
3132,10
3133,8.5
3134,2200
3135,2
3136,75.36
3137,30
3138,640
3139,7
3140,97.5%
3141,12000
3142,-5
3143,3/2
3144,2
3145,508
3146,27
3147,300
3148,1.1
3149,120
3150,22
3151,-60
3152,12
3153,1280
3154,2.2
3155,12
3156,2.4
3157,5.14286
3158,121
3159,12
3160,12800
3161,140/11
3162,0.96
3163,20%
3164,8.64
3165,64
3166,45
3167,26
3168,2
3169,-46
3170,20
3171,20
3172,32
3173,15
3174,76
3175,140
3176,1791
3177,11/2
3178,624
3179,48
3180,2700
3181,36.3
3182,5.6
3183,0.7
3184,720
3185,180
3186,5.5
3187,121
3188,807
3189,5
3190,72
3191,850
3192,184
3193,60
3194,720
3195,30
3196,52
3197,6400
3198,1800
3199,465
3200,70
3201,96
3202,900
3203,4800
3204,84
3205,23
3206,1750
3207,1246/5
3208,93
3209,85
3210,120
3211,360
3212,72
3213,8
3214,9
3215,75
3216,600
3217,800
3218,24
3219,130
3220,11
3221,4
3222,15
3223,420
3224,360
3225,175
3226,120
3227,1/4
3228,30
3229,8
3230,2520
3231,384
3232,360
3233,108
3234,38
3235,2880
3236,936
3237,3250/3
3238,175
3239,85
3240,252
3241,19500
3242,1158
3243,1160
3244,1600
3245,50
3246,1820
3247,372
3248,1880
3249,3
3250,280
3251,78
3252,300
3253,1200
3254,30
3255,6
3256,25/16
3257,3
3258,8
3259,4/15
3260,-564
3261,8
3262,200
3263,24
3264,285
3265,7
3266,-7/6
3267,1980
3268,35
3269,186
3270,225
3271,24
3272,27
3273,8
3274,75
3275,336
3276,180
3277,35
3278,305
3279,625
3280,784
3281,5124
3282,6
3283,130
3284,1208
3285,-246
3286,11
3287,9
3288,4904
3289,5400
3290,250
3291,-218
3292,120
3293,9
3294,45
3295,29
3296,86
3297,200
3298,1000
3299,105
3300,4433/20
3301,27
3302,228
3303,109
3304,99
3305,11
3306,447
3307,477
3308,103
3309,39
3310,112
3311,660
3312,84
3313,9
3314,31
3315,7
3316,63
3317,315
3318,362
3319,8
3320,220
3321,54
3322,605
3323,21
3324,7680
3325,60
3326,200
3327,8250
3328,1425
3329,32
3330,80
3331,90
3332,250
3333,2160
3334,420
3335,50
3336,203
3337,31
3338,448
3339,576
3340,200
3341,720
3342,95
3343,4
3344,569
3345,5
3346,100
3347,15
3348,1800
3349,180
3350,32
3351,13
3352,13
3353,48
3354,39
3355,2600
3356,784
3357,130
3358,60
3359,94
3360,550
3361,328
3362,204
3363,126
3364,1950
3365,40
3366,37
3367,300
3368,119
3369,10
3370,30
3371,245
3372,1052
3373,1320
3374,658
3375,4/9
3376,-11
3377,910
3378,300
3379,256
3380,27
3381,1043
3382,105
3383,117
3384,1122
3385,84
3386,239
3387,15
3388,24
3389,25
3390,98
3391,432
3392,960
3393,60
3394,40
3395,130
3396,24
3397,25
3398,220
3399,100
3400,845
3401,90
3402,5
3403,52
3404,30
3405,89
3406,326
3407,200
3408,-14
3409,32
3410,7
3411,41
3412,216
3413,4185
3414,0
3415,252
3416,5
3417,300/61
3418,16
3419,990
3420,56
3421,96
3422,552
3423,5014
3424,1764
3425,-3
3426,6240
3427,432
3428,480
3429,25
3430,3
3431,38
3432,2235/472
3433,8/3
3434,131
3435,4.2025
3436,33/100
3437,29/2
3438,104/11
3439,87
3440,0.72
3441,480
3442,977/5
3443,5
3444,2015
3445,279
3446,700
3447,31/5
3448,30
3449,96
3450,1400
3451,172
3452,5200
3453,103/16
3454,558
3455,98
3456,70
3457,19/7
3458,12
3459,8
3460,33
3461,0
3462,15
3463,168/5
3464,44
3465,3
3466,690
3467,540
3468,57.9
3469,430
3470,2.4
3471,15
3472,14
3473,1000
3474,13
3475,375
3476,25
3477,25
3478,3
3479,600
3480,360
3481,9.14286
3482,100/3
3483,551.25
3484,800
3485,50/3
3486,40/3
3487,27/2
3488,288
3489,150
3490,5
3491,192
3492,218
3493,441/4
3494,100
3495,40
3496,384/19
3497,648/125
3498,104.4
3499,8
3500,6
3501,16
3502,100
3503,800
3504,32
3505,3120
3506,25
3507,10
3508,275
3509,3200
3510,300
3511,420
3512,5
3513,3750
3514,-56.5
3515,5760
3516,6960
3517,72
3518,100
3519,3500
3520,192
3521,8
3522,24
3523,6
3524,60
3525,500
3526,900
3527,114
3528,9/2
3529,58
3530,40
3531,45/28
3532,50.6
3533,320
3534,20
3535,500
3536,156
3537,6
3538,192
3539,276
3540,50
3541,2400
3542,12180
3543,2634
3544,6
3545,324
3546,120
3547,1494
3548,735
3549,2000
3550,8
3551,75
3552,15
3553,5050
3554,205
3555,720
3556,316
3557,13/5
3558,250000
3559,419
3560,428
3561,1400
3562,840
3563,9
3564,380
3565,1454
3566,32
3567,123
3568,1488
3569,2
3570,12
3571,6
3572,17
3573,35
3574,42
3575,8800
3576,119
3577,5
3578,48
3579,100/3
3580,3960
3581,80
3582,74
3583,858
3584,675/2
3585,367/9
3586,40
3587,1395
3588,6480
3589,365/4
3590,4500
3591,52
3592,45
3593,90
3594,145
3595,2000
3596,175
3597,18.84
3598,23
3599,4
3600,114
3601,6400
3602,74
3603,817
3604,1500
3605,640
3606,40
3607,60
3608,21
3609,6
3610,1
3611,100
3612,634.2
3613,80
3614,945
3615,8
3616,480
3617,112
3618,2560
3619,160
3620,12
3621,290
3622,450
3623,643
3624,9
3625,2240
3626,102
3627,480
3628,1080
3629,1120
3630,1200
3631,920
3632,660
3633,13000
3634,3575
3635,125
3636,140
3637,519
3638,0
3639,300
3640,166
3641,6
3642,108
3643,3330
3644,21.45
3645,24
3646,48
3647,2450
3648,11
3649,690
3650,20
3651,3
3652,48
3653,250
3654,168
3655,3
3656,161
3657,1035
3658,70
3659,982
3660,24
3661,3600
3662,8
3663,-16
3664,141/7
3665,566
3666,98
3667,570
3668,485
3669,588
3670,2916
3671,1440
3672,13
3673,100
3674,4.9
3675,640
3676,8795
3677,359/42
3678,-3.63636
3679,5880
3680,10080
3681,1380
3682,72/5
3683,60
3684,6.25
3685,272
3686,1536
3687,400
3688,1000
3689,384
3690,375
3691,5
3692,175
3693,39
3694,1118
3695,504
3696,1
3697,-9
3698,7500
3699,2
3700,1632
3701,390
3702,880
3703,4
3704,1350
3705,17/4
3706,4500
3707,168
3708,9
3709,44
3710,6
3711,104
3712,18090
3713,8
3714,144
3715,570
3716,10000
3717,509
3718,22
3719,684
3720,20
3721,318
3722,655
3723,72
3724,158625
3725,8
3726,48/13
3727,200
3728,744
3729,100
3730,1250
3731,84
3732,40
3733,16
3734,534
3735,800
3736,107
3737,3800
3738,476
3739,14000
3740,429
3741,600
3742,728
3743,4710
3744,140
3745,450
3746,212
3747,95
3748,100
3749,30
3750,2492
3751,90
3752,200
3753,288
3754,1176
3755,360
3756,5/3
3757,52
3758,3360
3759,5000
3760,252
3761,96
3762,70
3763,3
3764,0.42
3765,11
3766,15/4
3767,2210
3768,300
3769,8
3770,55
3771,2160
3772,108
3773,410/3
3774,600
3775,230
3776,20000
3777,-7
3778,76475
3779,14
3780,2208
3781,15
3782,31
3783,175
3784,480
3785,
3786,23800
3787,-43
3788,414
3789,542
3790,650
3791,3430
3792,126
3793,65
3794,190
3795,93.6
3796,24
3797,18
3798,102
3799,938
3800,1100
3801,129
3802,8130
3803,3
3804,9
3805,84
3806,1679
3807,4400
3808,54
3809,31
3810,2
3811,144
3812,60
3813,125
3814,900
3815,24
3816,667
3817,15
3818,45
3819,36
3820,10850
3821,40
3822,36
3823,20
3824,120
3825,603
3826,36
3827,185
3828,2160
3829,1770
3830,219
3831,10.368
3832,112000
3833,51
3834,1935
3835,90
3836,768
3837,18
3838,45
3839,2970
3840,8100
3841,1232
3842,192
3843,6469
3844,6
3845,64
3846,7
3847,576
3848,-222
3849,5850
3850,90
3851,256
3852,-20
3853,54
3854,2520
3855,175
3856,24
3857,216
3858,455
3859,2750
3860,960
3861,96
3862,140
3863,1440
3864,468
3865,3900
3866,1680
3867,375
3868,368
3869,5000
3870,5/2
3871,800
3872,28
3873,1120
3874,27
3875,5760
3876,54
3877,120
3878,400
3879,3000
3880,10.24
3881,22
3882,-2136
3883,-310
3884,60
3885,417
3886,216
3887,75/2
3888,160
3889,7200
3890,144
3891,120
3892,1.46
3893,108
3894,-17
3895,24
3896,315
3897,9
3898,12
3899,-28/5
3900,105/13
3901,270
3902,40
3903,2800
3904,2
3905,61
3906,144
3907,168
3908,14.5
3909,3.6
3910,410
3911,-350
3912,91
3913,480
3914,359
3915,25975
3916,450
3917,20
3918,3360
3919,312
3920,20/7
3921,610
3922,2100
3923,51
3924,775
3925,10
3926,4
3927,720
3928,225
3929,2/5
3930,216
3931,4.08
3932,-0.02
3933,-451/7
3934,95
3935,25
3936,1680
3937,0
3938,651
3939,3240
3940,396
3941,1247
3942,3
3943,768
3944,12
3945,80
3946,204
3947,19/6
3948,60
3949,645/53
3950,1035
3951,420
3952,-140
3953,324
3954,462
3955,1600
3956,682
3957,3
3958,6
3959,18
3960,202.5
3961,81
3962,64
3963,375
3964,437
3965,78/5
3966,12/11
3967,8
3968,384
3969,24/7
3970,2400
3971,80
3972,655
3973,422
3974,60
3975,40
3976,13.33333
3977,-44
3978,290
3979,750
3980,32
3981,25/2
3982,15/4
3983,2/3
3984,18/5
3985,2600
3986,51
3987,1.5
3988,10656/5
3989,-33.75
3990,1260
3991,1
3992,-9950
3993,69
3994,360
3995,212
3996,18
3997,46
3998,600
3999,-147
4000,51
4001,19
4002,1485
4003,1856
4004,-1517
4005,2
4006,76
4007,51
4008,20140/157
4009,144
4010,740
4011,0.02048
4012,192
4013,75/4
4014,135
4015,-12.5
4016,20
4017,94
4018,3.2
4019,18.4
4020,9
4021,-0.2
4022,8
4023,230
4024,9
4025,-600
4026,3046
4027,24/5
4028,400
4029,13.2
4030,8
4031,72/5
4032,360
4033,960
4034,17
4035,8
4036,264
4037,8
4038,79280
4039,-44.25
4040,64.6
4041,500
4042,50
4043,800
4044,12
4045,160
4046,2400
4047,18000
4048,88
4049,48/17
4050,-72
4051,3/2
4052,150
4053,18
4054,0.0018
4055,324
4056,12
4057,250
4058,234
4059,288
4060,240
4061,1725.5
4062,48
4063,645
4064,2
4065,164/5
4066,188
4067,1088
4068,20
4069,1008
4070,90.5
4071,20/3
4072,79
4073,110
4074,1400
4075,182
4076,30
4077,6
4078,13.25
4079,6250
4080,8
4081,291
4082,965
4083,1712
4084,6
4085,600
4086,368/3
4087,1442
4088,16/3
4089,632
4090,48
4091,930
4092,22
4093,20
4094,9600
4095,3284
4096,1
4097,3
4098,10117.8
4099,2040
4100,100
4101,1
4102,1000
4103,40
4104,1800
4105,1856
4106,160
4107,576
4108,61
4109,25.95
4110,8
4111,6/5
4112,5
4113,37
4114,4060
4115,270
4116,8
4117,16
4118,12
4119,690
4120,24
4121,18
4122,52
4123,9
4124,312
4125,360
4126,25
4127,1130
4128,98
4129,75
4130,264
4131,722
4132,1095
4133,2.4
4134,160/33
4135,-4.2
4136,456
4137,8/5
4138,-12/5
4139,300
4140,84
4141,49/6
4142,1
4143,675
4144,1112
4145,430
4146,6
4147,418
4148,12
4149,1163
4150,202
4151,30
4152,19
4153,504
4154,568
4155,2184/241
4156,2040
4157,424
4158,19.625
4159,6
4160,56
4161,80
4162,785
4163,16692/5
4164,870
4165,0
4166,109
4167,37
4168,4322
4169,21
4170,144
4171,294
4172,958.976
4173,3600
4174,72
4175,5625
4176,28
4177,19.10828
4178,795.84
4179,14
4180,80
4181,1/501
4182,4
4183,169
4184,19
4185,14.8
4186,90
4187,324
4188,60
4189,4
4190,8
4191,125.6
4192,40
4193,33
4194,21.3%
4195,56.52
4196,1700/21
4197,768
4198,502.4
4199,54
4200,432
4201,72/73
4202,2407.7%
4203,27
4204,4
4205,18750
4206,82
4207,610
4208,136
4209,780
4210,83
4211,68
4212,36
4213,15/2
4214,260
4215,30
4216,4
4217,1
4218,0
4219,1050
4220,0
4221,100
4222,81/7
4223,384
4224,5/2
4225,1306.24
4226,-76
4227,180
4228,112/3
4229,188.4
4230,4
4231,0
4232,9.42
4233,87.5%
4234,91.06
4235,56
4236,15
4237,108
4238,22
4239,4
4240,300
4241,30
4242,600
4243,1190/3
4244,60
4245,1280
4246,700
4247,9
4248,440
4249,10/3
4250,19/4
4251,230
4252,900
4253,5
4254,720
4255,1.96
4256,403.2
4257,-960
4258,1410
4259,65
4260,16
4261,1644
4262,16
4263,76
4264,168
4265,8
4266,1.3
4267,114
4268,5
4269,31.4
4270,4
4271,46
4272,-6
4273,151
4274,216
4275,540
4276,0
4277,140
4278,30
4279,5472
4280,306
4281,122.46
4282,32
4283,50
4284,27
4285,900
4286,
4287,2700
4288,102
4289,1935
4290,2512
4291,9
4292,11
4293,5855
4294,375
4295,144
4296,64
4297,-413
4298,518
4299,40
4300,7
4301,-15/11
4302,1440
4303,35/13
4304,300
4305,2
4306,33/2
4307,576
4308,21
4309,200
4310,-4424/5
4311,350/3
4312,30
4313,24
4314,20%
4315,10%
4316,2646
4317,21
4318,48
4319,18
4320,187
4321,4
4322,1
4323,440
4324,18
4325,75.36
4326,51.46
4327,0.33333
4328,60
4329,6.86
4330,32
4331,2606
4332,6
4333,288
4334,351
4335,-64
4336,800/7
4337,442/5
4338,32
4339,64
4340,8%
4341,2
4342,180
4343,1500
4344,33
4345,9.03333
4346,40%
4347,-18.2
4348,-500%
4349,224
4350,304/9
4351,550
4352,6
4353,16
4354,14/5
4355,3.75
4356,100/21
4357,120
4358,1.82
4359,12
4360,100
4361,16/5
4362,-4/3
4363,30
4364,1440
4365,8/3
4366,60
4367,14/15
4368,820
4369,63/4
4370,1147/8
4371,104462500
4372,24
4373,29
4374,39
4375,3/5
4376,76
4377,40
4378,50
4379,18
4380,226.08
4381,100
4382,10
4383,45
4384,284
4385,288
4386,840
4387,8.37778
4388,500
4389,8000/3
4390,-2000
4391,350
4392,7
4393,3.75
4394,9
4395,6400
4396,6400
4397,120000
4398,20/3
4399,7
4400,-87
4401,440/9
4402,192
4403,25
4404,72
4405,23
4406,23
4407,16.8
4408,14
4409,164/9
4410,4
4411,2449
4412,168/5
4413,1704
4414,1236
4415,40
4416,85
4417,80
4418,1000
4419,1354/9
4420,8.05576
4421,75
4422,38/3
4423,7550
4424,171.9464
4425,375
4426,4200
4427,4200
4428,150.72
4429,125.6
4430,9.42
4431,100
4432,12/7
4433,160
4434,1
4435,950/3
4436,78.5
4437,28
4438,14.13
4439,6
4440,10
4441,1400
4442,96%
4443,9420
4444,5780/11
4445,45/2
4446,-5670/11
4447,96
4448,3140
4449,157
4450,28.26
4451,4
4452,50.24
4453,2
4454,288
4455,12
4456,945
4457,137/4
4458,5
4459,168/25
4460,180
4461,113.04
4462,
4463,34.52778
4464,125.6
4465,28.26
4466,12
4467,6.28
4468,136
4469,840
4470,
4471,450
4472,254.34
4473,0.3
4474,12625
4475,75.36
4476,96
4477,119
4478,72
4479,120
4480,2
4481,6.9
4482,678.24
4483,438
4484,240
4485,53
4486,72
4487,1.86905
4488,5
4489,50.24
4490,78.5
4491,0.9
4492,62.8
4493,-12.5
4494,-25/2
4495,82
4496,27.632
4497,6
4498,113.04
4499,6/13
4500,3400/9
4501,170
4502,3
4503,540
4504,50.24
4505,49.6%
4506,50.24
4507,25.12
4508,3.14
4509,4916.04938
4510,25
4511,785/18
4512,30
4513,70
4514,169
4515,23/5
4516,8
4517,1017.36
4518,65.94
4519,34
4520,2/9
4521,9
4522,5100
4523,6.28
4524,50.24
4525,979.68
4526,1175.616
4527,800
4528,1600
4529,2250
4530,12/5
4531,45
4532,5000
4533,6
4534,200
4535,45714.28571
4536,135
4537,480
4538,0.5
4539,219.8
4540,2300
4541,0
4542,251.2
4543,28.26
4544,19
4545,2218.41
4546,480
4547,60
4548,7/69
4549,602
4550,50.24
4551,20%
4552,28.26
4553,600
4554,-126
4555,20
4556,160.14
4557,6655.23
4558,-73
4559,30
4560,12.56
4561,21.98
4562,0.75
4563,55
4564,250/11
4565,3200
4566,1
4567,17.85
4568,31.4
4569,97.5%
4570,56.8
4571,45.00667
4572,1.57
4573,157
4574,12.56
4575,4
4576,792
4577,40192
4578,1004.8
4579,18.0864
4580,20/3
4581,18.84
4582,60
4583,60.288
4584,1
4585,33.12
4586,47.1
4587,628/5
4588,-800
4589,1400
4590,
4591,4
4592,96
4593,9420
4594,88/105
4595,3
4596,20/3
4597,20/3
4598,392
4599,99/10
4600,374
4601,1256
4602,675
4603,250/3
4604,25.12
4605,12.56
4606,1146.49682
4607,25.12
4608,360
4609,30
4610,50
4611,31.4
4612,78.5
4613,50.24
4614,19.5
4615,9.42
4616,0.12
4617,942
4618,240
4619,50.24
4620,28.26
4621,5555555.6%
4622,36
4623,1250
4624,1146.49682
4625,96
4626,3
4627,28.26
4628,144
4629,25
4630,20.6
4631,12
4632,1836/25
4633,-12
4634,-70
4635,19
4636,48
4637,42
4638,-6
4639,2
4640,30
4641,0.785
4642,24
4643,113.04
4644,90
4645,94
4646,12.5
4647,64
4648,45
4649,200
4650,157
4651,900
4652,800
4653,26
4654,1000
4655,62.8
4656,3990
4657,452.16
4658,29
4659,33.6
4660,47.4925
4661,1530
4662,176
4663,13.08333
4664,0.75
4665,126
4666,7
4667,113.04
4668,73
4669,7850
4670,32
4671,251.2
4672,153
4673,180/7
4674,56
4675,3
4676,314
4677,16%
4678,24.3
4679,2461.76
4680,60
4681,33/56
4682,25%
4683,16
4684,942
4685,21.83803
4686,2
4687,200
4688,900
4689,13/25
4690,2.88
4691,20/3
4692,75
4693,-12.56
4694,31.4
4695,314
4696,70
4697,0.16
4698,0
4699,314
4700,706.5
4701,51
4702,100
4703,100/9
4704,500
4705,37.68
4706,750
4707,63
4708,469
4709,76
4710,83333.3%
4711,168/151
4712,600
4713,140
4714,665.68
4715,0.18
4716,16.82777
4717,28.26
4718,720
4719,180.2
4720,157/50
4721,562
4722,894
4723,70/67
4724,113.04
4725,29
4726,27
4727,20
4728,314
4729,60
4730,1.43312
4731,2300
4732,650
4733,36
4734,11200
4735,0.01914
4736,208
4737,8
4738,3/20
4739,1600
4740,16
4741,581.34393
4742,0.02
4743,10.048
4744,480
4745,3925
4746,
4747,42
4748,251.2
4749,125.6
4750,-7/10
4751,24
4752,0.73882
4753,360
4754,194400/13
4755,3200
4756,20.93333
4757,680
4758,3000
4759,40000/3
4760,50.24
4761,-8
4762,3.8
4763,100
4764,22.5
4765,45/2
4766,1884000
4767,753.6
4768,0.1
4769,2512
4770,91.4368
4771,665.68
4772,12.597
4773,600036
4774,-1022
4775,20/3
4776,0.94012
4777,235.5
4778,12.5%
4779,36
4780,30
4781,6.28
4782,31.4
4783,864/5
4784,564
4785,78500
4786,480
4787,50/3
4788,576
4789,46.78474
4790,30
4791,4770
4792,1.256
4793,1256
4794,72
4795,200.96
4796,4710
4797,6.28
4798,390
4799,56.52
4800,31.84713
4801,1256
4802,36.23059
4803,100
4804,535
4805,552.64
4806,63
4807,942
4808,188.4
4809,2009.6
4810,37.68
4811,1200
4812,63
4813,10000/19
4814,30
4815,480
4816,21.1%
4817,31/40
4818,440
4819,12280
4820,0.11943
4821,113.04
4822,12.56
4823,5/6
4824,0.91259
4825,141
4826,5.14286
4827,60
4828,36
4829,9/4
4830,125/2
4831,2826
4832,352
4833,5
4834,157/5
4835,4800
4836,201.0
4837,36.396
4838,314
4839,6.28
4840,37.68
4841,2
4842,360
4843,0.95238
4844,-200
4845,136
4846,16
4847,295
4848,696
4849,384
4850,16/3
4851,1
4852,157
4853,353
4854,8/15
4855,21
4856,45
4857,4800
4858,82/3
4859,1
4860,3/4
4861,62.8
4862,31.4
4863,90
4864,12/7
4865,31.4
4866,15
4867,15
4868,420
4869,225
4870,9
4871,40/9
4872,50
4873,1507.2
4874,301440
4875,251.2
4876,628
4877,251.2
4878,4800
4879,240%
4880,28.26
4881,8
4882,-60
4883,5
4884,15
4885,70
4886,24
4887,2
4888,60
4889,8/5
4890,6
4891,30/11
4892,28
4893,2200
4894,9990
4895,6
4896,125/2
4897,-53/7
4898,-60
4899,15
4900,6
4901,11/3
4902,1018
4903,-868
4904,200.96
4905,200.96
4906,20
4907,2
4908,40
4909,100
4910,2
4911,50.24
4912,0
4913,3
4914,150
4915,19
4916,63
4917,12
4918,36/7
4919,-350/361
4920,200
4921,-135/68
4922,1
4923,2
4924,20
4925,144
4926,1000
4927,1530
4928,2400
4929,408
4930,125
4931,900
4932,300
4933,3.2
4934,31.5
4935,80
4936,38
4937,15
4938,2
4939,31/40
4940,0.336
4941,35
4942,23.8
4943,60
4944,67.5
4945,33/320
4946,4/3
4947,2464.9
4948,0.52143
4949,6.85
4950,19
4951,120
4952,20
4953,7
4954,1920
4955,1/6
4956,52
4957,13
4958,4/3
4959,50.24
4960,37.68
4961,80
4962,10%
4963,30/13
4964,1.6
4965,-3
4966,83
4967,172
4968,28
4969,62
4970,68
4971,45
4972,68
4973,43
4974,18
4975,63
4976,9
4977,18
4978,17
4979,34
4980,56
4981,9
4982,84
4983,56
4984,24
4985,36
4986,16
4987,136
4988,27
4989,12
4990,35
4991,18
4992,4
4993,5
4994,6
4995,28
4996,32
4997,24
4998,94
4999,12
5000,36
5001,27
5002,32
5003,60
5004,-8
5005,125
5006,34
5007,23
5008,8
5009,-48
5010,61
5011,47
5012,8
5013,5
5014,7
5015,286
5016,6
5017,6
5018,50
5019,8
5020,8
5021,28
5022,47
5023,9
5024,9
5025,47
5026,81
5027,19
5028,28
5029,20
5030,-33
5031,22
5032,44
5033,27
5034,17
5035,10
5036,-2
5037,11
5038,378
5039,41
5040,4
5041,4
5042,20
5043,31
5044,520
5045,19
5046,-4
5047,3
5048,9
5049,18
5050,13
5051,3
5052,11
5053,25
5054,26
5055,91
5056,35
5057,90
5058,56
5059,26
5060,81
5061,4
5062,825
5063,55
5064,6
5065,36
5066,30
5067,89
5068,97
5069,38
5070,36
5071,51
5072,88
5073,16
5074,24
5075,39
5076,26
5077,8
5078,42
5079,7
5080,36
5081,30
5082,17/4
5083,16
5084,-52
5085,-24
5086,24
5087,24
5088,18
5089,33
5090,32
5091,16
5092,24
5093,23
5094,8
5095,12
5096,8
5097,16
5098,15
5099,18
5100,24
5101,9
5102,12
5103,15
5104,40
5105,18
5106,33
5107,7
5108,19
5109,20
5110,70
5111,-46
5112,-7
5113,27
5114,38
5115,23
5116,-15
5117,70
5118,1406.72
5119,64
5120,170/7
5121,2475/2
5122,1800
5123,6
5124,8860/3
5125,165
5126,8
5127,17
5128,700
5129,45
5130,5/2
5131,936
5132,266
5133,12
5134,-6
5135,22700
5136,21
5137,1
5138,15
5139,94.2
5140,62.8
5141,2
5142,260
5143,1791
5144,1200
5145,6
5146,320
5147,3750
5148,7234.56
5149,2
5150,1851
5151,11/2
5152,2700
5153,1508
5154,29.16
5155,3380
5156,50.24
5157,2/3
5158,43/250
5159,240
5160,40
5161,255
5162,3600
5163,70
5164,2000
5165,5
5166,24
5167,176/15
5168,36
5169,-81.64
5170,24
5171,12.56
5172,1.008
5173,2700
5174,30
5175,800/3
5176,120
5177,32
5178,502.4
5179,45
5180,2.5
5181,1
5182,5000
5183,90
5184,50/3
5185,2
5186,1450
5187,1654
5188,70
5189,130000
5190,3
5191,16
5192,12
5193,8
5194,231/5
5195,36
5196,29
5197,18
5198,11
5199,2.16
5200,
5201,0.048
5202,432/5
5203,14
5204,9
5205,48.8
5206,56
5207,500
5208,5
5209,1.28
5210,60
5211,0.785
5212,2184
5213,20000
5214,25
5215,10.2439
5216,81/46
5217,12.56
5218,81
5219,15.7
5220,200
5221,4
5222,450
5223,80
5224,25600/3
5225,36
5226,125/2
5227,49
5228,30
5229,-5999
5230,32.342
5231,12
5232,273/10
5233,21
5234,3360
5235,12600
5236,987.2
5237,3.14
5238,42
5239,12
5240,5.44444
5241,2300
5242,600
5243,314
5244,32
5245,64
5246,0
5247,26
5248,592
5249,984
5250,-350
5251,20
5252,106
5253,32
5254,15
5255,76
5256,5.6
5257,4
5258,33
5259,30
5260,63
5261,68750
5262,252
5263,495/2
5264,0.7
5265,21
5266,-1
5267,116.25
5268,3060
5269,46
5270,24
5271,18
5272,18
5273,35
5274,1000/3
5275,12/7
5276,300/7
5277,6109.09091
5278,1800%
5279,12160
5280,296
5281,0.32
5282,72
5283,1710
5284,-200
5285,37680
5286,50.24
5287,31.4
5288,
5289,-10
5290,60
5291,300/23
5292,-1163.87
5293,7500/73
5294,100
5295,384
5296,11
5297,6
5298,27/2
5299,180
5300,5040
5301,800
5302,-113
5303,600/83
5304,20
5305,396
5306,43.5
5307,-20
5308,4000
5309,400
5310,231/2
5311,8.64
5312,3/2
5313,160
5314,129/20
5315,1.256
5316,1071/4
5317,-1050
5318,160
5319,160
5320,2900
5321,120
5322,48
5323,3.925
5324,38.465
5325,10/11
5326,100/3
5327,41/5
5328,24
5329,123359.17313
5330,1000
5331,14400
5332,625
5333,3190
5334,36
5335,7600
5336,144
5337,5040/23
5338,51
5339,48
5340,5640
5341,45
5342,45
5343,384
5344,75.36
5345,565.2
5346,10
5347,-41
5348,14
5349,250
5350,1920
5351,13200
5352,114
5353,2600
5354,424/7
5355,320
5356,16
5357,480
5358,800/13
5359,20
5360,6280
5361,96/5
5362,7
5363,-490
5364,10
5365,50
5366,1600
5367,-7.89474
5368,2009.6
5369,21.88454
5370,516
5371,48
5372,10000
5373,162
5374,26
5375,-150
5376,5/2
5377,5000
5378,2565
5379,200
5380,0.25
5381,390
5382,120/7
5383,1232
5384,360/13
5385,64/5
5386,-7/3
5387,800
5388,3
5389,32/27
5390,47/6
5391,40
5392,4.2
5393,9
5394,3/4
5395,8/5
5396,500
5397,2888
5398,140
5399,700/23
5400,2275
5401,15000/7
5402,129
5403,-8235
5404,15
5405,0.006
5406,304
5407,9000
5408,21
5409,186
5410,30
5411,80
5412,12
5413,89
5414,157
5415,212.04
5416,56
5417,126
5418,480
5419,4800
5420,3600
5421,60
5422,10
5423,90
5424,0.8096
5425,15/4
5426,1875
5427,4
5428,60
5429,900
5430,48
5431,30
5432,15
5433,435/2
5434,1
5435,6
5436,72/5
5437,1/3
5438,1830
5439,200
5440,384
5441,80
5442,360/11
5443,48
5444,1280
5445,0.2
5446,38
5447,2.9
5448,2.7
5449,0.5
5450,0.5
5451,36
5452,1404
5453,900
5454,160
5455,24
5456,72/25
5457,4200
5458,314
5459,125
5460,105
5461,5.14
5462,4
5463,1035
5464,15
5465,40
5466,10
5467,13
5468,1.7
5469,25.9
5470,300
5471,2500/3
5472,1800
5473,3/2
5474,-800/9
5475,29
5476,10
5477,45/2
5478,100/21
5479,18000
5480,4800
5481,8
5482,600
5483,1.5
5484,-3.125
5485,833.33333
5486,1.15
5487,201
5488,90
5489,30
5490,41
5491,-511
5492,44
5493,53
5494,2342.6%
5495,42
5496,20
5497,-274
5498,1315
5499,3750
5500,7.09032
5501,92
5502,9
5503,1200
5504,530
5505,525/4
5506,18
5507,450
5508,305
5509,160
5510,9
5511,1400/3
5512,32
5513,39
5514,190
5515,5/4
5516,50
5517,16/3
5518,416/11
5519,769.5
5520,32
5521,288
5522,42
5523,2080
5524,45
5525,10
5526,420
5527,110
5528,26.2
5529,1193
5530,52
5531,2200
5532,5270
5533,48
5534,5
5535,21
5536,5400
5537,324
5538,6.5
5539,120
5540,88
5541,90
5542,63
5543,428
5544,-3
5545,138
5546,-1.38889
5547,-57
5548,3
5549,120
5550,1800
5551,47355
5552,72
5553,-2
5554,40
5555,1650
5556,96
5557,102.5
5558,4/5
5559,300/11
5560,2.4
5561,300
5562,13200
5563,400
5564,12
5565,30
5566,29.4
5567,45
5568,4/5
5569,120
5570,-50
5571,152016/5
5572,260
5573,125800
5574,552
5575,28
5576,1
5577,1.242
5578,7.75
5579,140
5580,40.8
5581,32
5582,144
5583,1120
5584,120
5585,12
5586,65
5587,420
5588,360
5589,38
5590,3
5591,2400
5592,195
5593,1080
5594,250
5595,1
5596,147.5
5597,1407/17
5598,31
5599,5400
5600,480
5601,4375
5602,1440
5603,216
5604,400
5605,185/2
5606,20360
5607,5
5608,120
5609,2000
5610,28.8
5611,19
5612,84
5613,1e-05
5614,6
5615,376.8
5616,3.14
5617,5880
5618,9/5
5619,105
5620,43.2
5621,6280
5622,94.2
5623,2
5624,52
5625,240
5626,12
5627,280
5628,60
5629,60
5630,250
5631,1153
5632,44
5633,810
5634,43.24324
5635,94.2
5636,15/8
5637,4239/5
5638,30
5639,2
5640,2/5
5641,101.2
5642,2592
5643,96
5644,90
5645,216
5646,44/7
5647,10.54642
5648,252/5
5649,120
5650,60
5651,10.54642
5652,480
5653,375
5654,10
5655,105
5656,500
5657,3
5658,1120
5659,23/3
5660,4920
5661,9
5662,80
5663,125/16
5664,0.04
5665,128
5666,30
5667,210
5668,120
5669,-1
5670,500
5671,0.2
5672,3000
5673,60
5674,640
5675,157
5676,21242.5
5677,26
5678,40
5679,1500
5680,500
5681,675000
5682,49298
5683,6.28
5684,600
5685,6
5686,100
5687,696
5688,2512
5689,2250
5690,25
5691,2000
5692,26
5693,57
5694,90
5695,72/47
5696,525
5697,1600
5698,24
5699,24
5700,12.56
5701,12
5702,40
5703,-5
5704,154
5705,80
5706,31.5
5707,840
5708,23.22222
5709,13900
5710,1107
5711,0
5712,960
5713,800
5714,1.1
5715,109.9
5716,113
5717,8
5718,192
5719,2
5720,945
5721,37.68
5722,20
5723,40/3
5724,-60
5725,105
5726,11.7
5727,300
5728,360/7
5729,8
5730,9
5731,1400
5732,992
5733,86.8
5734,5702
5735,76/5
5736,803.84
5737,400
5738,3430
5739,45
5740,8
5741,9600
5742,48
5743,75
5744,600
5745,
5746,100/21
5747,16
5748,2000
5749,9.42
5750,702
5751,92/83
5752,143.2
5753,285
5754,711
5755,90
5756,142
5757,27
5758,120
5759,18
5760,50
5761,9
5762,210
5763,98
5764,35
5765,1
5766,2240
5767,144/5
5768,720
5769,260
5770,50
5771,200
5772,375/17
5773,105/2
5774,75/2
5775,32000/7
5776,50
5777,-1200
5778,84
5779,10
5780,88
5781,1.65517
5782,192
5783,6
5784,20
5785,2500
5786,435/2
5787,44
5788,112750
5789,200
5790,110
5791,6
5792,4800
5793,9020
5794,20
5795,81
5796,420
5797,6
5798,4000/99
5799,5.832
5800,648
5801,8
5802,250
5803,1134
5804,2
5805,2
5806,40
5807,230
5808,60
5809,391/5
5810,18
5811,79/4
5812,15
5813,120
5814,227
5815,2916
5816,81/4
5817,2200
5818,2
5819,450
5820,81
5821,36
5822,12
5823,38
5824,50
5825,15
5826,1670
5827,156
5828,2048/3
5829,23810
5830,2550
5831,40008/25
5832,35000
5833,8
5834,5
5835,1083/5
5836,62800
5837,-1.36364
5838,24.649
5839,6.28
5840,0
5841,32
5842,100
5843,96/23
5844,811
5845,93
5846,1246/5
5847,1600
5848,140
5849,144
5850,10.2
5851,62.4
5852,29
5853,8640
5854,1
5855,1625
5856,9000
5857,4000
5858,2940
5859,24
5860,7
5861,0.8
5862,126.7
5863,251
5864,42
5865,1.16
5866,1890
5867,3
5868,20/9
5869,212.48
5870,15
5871,12
5872,1270/3
5873,0.07143
5874,105
5875,13
5876,16
5877,72
5878,100
5879,24
5880,-2
5881,501
5882,16.5
5883,
5884,-24
5885,100
5886,30
5887,3.53333
5888,1/1000
5889,53
5890,88
5891,45
5892,41
5893,2.09107
5894,2000
5895,32
5896,750
5897,-32.4
5898,5460
5899,50
5900,3240
5901,6
5902,110
5903,5.0625
5904,200
5905,182
5906,234
5907,35
5908,21
5909,7
5910,49
5911,9
5912,32
5913,33
5914,25
5915,8
5916,75
5917,7
5918,50
5919,28
5920,46
5921,8
5922,8
5923,18
5924,41
5925,42
5926,36
5927,10
5928,694
5929,1021
5930,5
5931,800
5932,9
5933,72
5934,42
5935,26
5936,120
5937,8
5938,24
5939,35
5940,12
5941,20
5942,20
5943,15
5944,25
5945,10
5946,10
5947,12
5948,46
5949,56
5950,3
5951,2
5952,12
5953,11
5954,81
5955,42
5956,21
5957,13
5958,82
5959,44
5960,20
5961,50
5962,36
5963,36
5964,15
5965,24
5966,16
5967,53
5968,41
5969,3
5970,72
5971,53
5972,4
5973,6
5974,5
5975,6
5976,28
5977,32
5978,2
5979,12
5980,3
5981,38
5982,9
5983,4
5984,22
5985,60
5986,9
5987,34
5988,17
5989,27
5990,10
5991,4
5992,4
5993,18
5994,18
5995,20
5996,6
5997,4
5998,8
5999,5
6000,7
6001,21
6002,6
6003,6
6004,50
6005,47
6006,9
6007,9
6008,47
6009,3250
6010,19
6011,28
6012,20
6013,-33
6014,22
6015,44
6016,27
6017,4
6018,4
6019,20
6020,31
6021,520
6022,19
6023,-4
6024,3
6025,9
6026,18
6027,13
6028,3
6029,11
6030,25
6031,26
6032,91
6033,35
6034,90
6035,56
6036,26
6037,81
6038,55
6039,6
6040,97
6041,51
6042,88
6043,16
6044,24
6045,39
6046,26
6047,8
6048,-38
6049,21
6050,20
6051,26
6052,31
6053,27
6054,15
6055,88
6056,47
6057,7
6058,16
6059,8
6060,81
6061,81
6062,37
6063,79
6064,24
6065,18
6066,23
6067,33
6068,23
6069,12
6070,43
6071,24
6072,24
6073,80
6074,5
6075,20
6076,4
6077,20
6078,3
6079,0
6080,8
6081,6
6082,22
6083,53
6084,41
6085,37
6086,45
6087,19
6088,24
6089,31
6090,42
6091,-26
6092,84
6093,40
6094,44
6095,30
6096,20
6097,35
6098,45
6099,25
6100,8
6101,8
6102,14
6103,25
6104,10
6105,72
6106,3
6107,40/7
6108,6
6109,3/4
6110,18
6111,9
6112,19
6113,10
6114,3
6115,7
6116,36
6117,30
6118,17/4
6119,16
6120,-52
6121,-24
6122,24
6123,18
6124,33
6125,32
6126,16
6127,24
6128,23
6129,8
6130,12
6131,8
6132,16
6133,15
6134,18
6135,24
6136,9
6137,12
6138,15
6139,40
6140,18
6141,20
6142,70
6143,16
6144,-51
6145,-46
6146,-7
6147,27
6148,38
6149,4
6150,-4
6151,80
6152,408
6153,12
6154,20
6155,45
6156,270
6157,139
6158,492
6159,252
6160,4
6161,40
6162,3200/3
6163,5
6164,4/5
6165,31
6166,2
6167,1791
6168,528
6169,720
6170,-121
6171,49
6172,4
6173,1440
6174,30
6175,14
6176,175/37
6177,2400
6178,0.6
6179,21
6180,38
6181,27
6182,352
6183,40
6184,2150
6185,-535
6186,61
6187,6320
6188,560
6189,543
6190,253
6191,0
6192,450
6193,90
6194,7545
6195,1880
6196,240
6197,5100
6198,1008
6199,36
6200,32/7
6201,48
6202,4
6203,48
6204,5
6205,40
6206,72
6207,9
6208,100
6209,23
6210,78
6211,136
6212,358
6213,148
6214,142
6215,270
6216,99
6217,3200/3
6218,32
6219,-19
6220,477
6221,696
6222,306
6223,39
6224,14
6225,9
6226,52
6227,9
6228,9
6229,72
6230,315
6231,362
6232,8
6233,220
6234,14
6235,1650
6236,70
6237,96
6238,113
6239,16
6240,360
6241,33
6242,210
6243,5
6244,6
6245,535
6246,278
6247,88
6248,395
6249,150
6250,5
6251,1
6252,44
6253,200
6254,36
6255,104
6256,78
6257,100
6258,6
6259,241
6260,11
6261,12
6262,-119
6263,2872
6264,91
6265,48
6266,1/50
6267,20/3
6268,105/2
6269,540
6270,4000
6271,-879
6272,1391/3
6273,77
6274,41.2
6275,-600
6276,80
6277,63
6278,250
6279,4
6280,5/4
6281,344
6282,186
6283,10
6284,4.2
6285,1.04
6286,2.12
6287,21
6288,210
6289,32
6290,40
6291,-479
6292,-13.84
6293,47.5
6294,174
6295,3
6296,1240
6297,75
6298,-2.46
6299,56.7
6300,22.4
6301,12
6302,850
6303,1110
6304,64
6305,165
6306,14910
6307,315
6308,6
6309,74
6310,157
6311,21
6312,75/2
6313,20
6314,140
6315,240
6316,3
6317,42
6318,422500
6319,600
6320,1750
6321,4480
6322,23400
6323,308
6324,-355
6325,72
6326,3
6327,-27860
6328,500
6329,147/50
6330,6120
6331,7280
6332,710
6333,13650
6334,4800
6335,696
6336,125
6337,900
6338,9
6339,40
6340,160
6341,48
6342,160
6343,600
6344,2200
6345,4
6346,6
6347,90
6348,48
6349,2
6350,20
6351,3600
6352,13
6353,7
6354,80
6355,42
6356,12
6357,1200
6358,16
6359,15
6360,19
6361,130
6362,14945
6363,30
6364,4/5
6365,4
6366,3.84
6367,8
6368,31900
6369,600
6370,30
6371,24
6372,22.5
6373,40
6374,32
6375,107
6376,714
6377,1872
6378,18
6379,1.5
6380,14
6381,20
6382,12
6383,7000
6384,2
6385,100
6386,78
6387,6000
6388,35.5
6389,0.6
6390,340
6391,5.4
6392,3
6393,12
6394,100
6395,35
6396,6720
6397,5.20667
6398,5.3
6399,1428
6400,316
6401,80
6402,50
6403,6
6404,200
6405,240
6406,675
6407,569
6408,660
6409,2
6410,12000
6411,7/10
6412,1000
6413,3.5
6414,400
6415,1908.78
6416,140.1
6417,63
6418,1950
6419,14
6420,540
6421,708
6422,1980
6423,45
6424,245/36
6425,3
6426,325
6427,540
6428,15/14
6429,8
6430,27/2
6431,9.7
6432,48
6433,480
6434,145
6435,120
6436,288
6437,4050
6438,18
6439,17
6440,1200
6441,51/10
6442,8
6443,10
6444,40
6445,86.1
6446,9.42
6447,377.6
6448,3
6449,0.43611
6450,436.8
6451,32
6452,600
6453,73/6
6454,485/6
6455,10.8
6456,90
6457,77.2
6458,3000
6459,576
6460,0.12
6461,75
6462,40
6463,110
6464,3000
6465,-2
6466,2
6467,90
6468,-99
6469,441/4
6470,20
6471,40
6472,38
6473,8
6474,1
6475,4
6476,72
6477,9
6478,4
6479,4
6480,48
6481,25
6482,48
6483,20252
6484,12
6485,300
6486,14
6487,784
6488,-30
6489,48
6490,4
6491,280
6492,300
6493,70
6494,50/9
6495,62.8
6496,84
6497,314
6498,29.8
6499,24.2
6500,44
6501,6
6502,20/3
6503,20/3
6504,24
6505,600
6506,63
6507,150
6508,95
6509,15
6510,35
6511,140
6512,64
6513,335
6514,848
6515,5
6516,241
6517,4080
6518,8.95
6519,3722
6520,51
6521,1568
6522,5
6523,1.17
6524,188
6525,48
6526,24/11
6527,22.5
6528,62
6529,91
6530,1050
6531,882
6532,32
6533,6
6534,9000
6535,180
6536,176
6537,54
6538,170
6539,15
6540,160
6541,25
6542,1680
6543,-221
6544,25
6545,258
6546,2000
6547,200
6548,203
6549,375
6550,16
6551,1872
6552,206
6553,3
6554,4
6555,648
6556,133
6557,27000
6558,69
6559,1849
6560,15
6561,660
6562,2.27
6563,16
6564,616
6565,35
6566,78
6567,17
6568,22875
6569,240
6570,140
6571,45
6572,9/5
6573,1800
6574,25/2
6575,1908
6576,900
6577,10.41429
6578,4410
6579,9
6580,40
6581,1080
6582,85
6583,2520
6584,4
6585,18
6586,576
6587,36
6588,33.495
6589,19
6590,1344
6591,1330
6592,715
6593,130
6594,900
6595,85
6596,120
6597,1.34
6598,306
6599,2730
6600,2688
6601,2250
6602,52
6603,328
6604,38
6605,215
6606,18750
6607,120
6608,18.5
6609,6
6610,62
6611,248
6612,4
6613,48
6614,960
6615,525
6616,624
6617,825
6618,37
6619,356
6620,22
6621,9
6622,4
6623,576
6624,1320
6625,6000
6626,13000
6627,557
6628,600
6629,60
6630,824
6631,13.2
6632,-89
6633,16.8
6634,160
6635,6.5
6636,15/16
6637,-51/50
6638,24
6639,23800
6640,15/8
6641,0.05
6642,1610
6643,24/5
6644,552
6645,2000
6646,6800
6647,6960
6648,13870
6649,24
6650,414
6651,48
6652,20
6653,615
6654,211
6655,-10.1
6656,23
6657,20
6658,205
6659,540
6660,25
6661,266
6662,4
6663,7
6664,285
6665,8
6666,126
6667,832
6668,0
6669,267
6670,1050
6671,1872
6672,60
6673,611.5
6674,3174
6675,42
6676,730
6677,8033
6678,3600
6679,770
6680,60
6681,6000
6682,972
6683,22
6684,1212
6685,128
6686,525
6687,42420
6688,294
6689,732
6690,1000
6691,366/7
6692,2.1
6693,560
6694,240
6695,56
6696,20
6697,2700
6698,1152
6699,10
6700,47
6701,600
6702,980
6703,349/4
6704,4840
6705,25/4
6706,45
6707,62
6708,18.72
6709,879.2
6710,18000
6711,10
6712,97
6713,-59
6714,2
6715,7
6716,-25
6717,19
6718,18
6719,9/11
6720,85
6721,3216
6722,375
6723,125
6724,248
6725,2880
6726,80
6727,45
6728,54
6729,3/5
6730,8
6731,13
6732,8
6733,12
6734,19
6735,6
6736,52
6737,73
6738,38
6739,96
6740,14
6741,41
6742,21
6743,32
6744,-11
6745,15
6746,2
6747,3
6748,-30
6749,32
6750,21
6751,-12
6752,29
6753,17
6754,36
6755,80
6756,37
6757,8
6758,29
6759,17
6760,35
6761,45
6762,6
6763,20
6764,-7
6765,560
6766,-15
6767,30
6768,-4
6769,4
6770,-6
6771,-6
6772,2280
6773,50
6774,20
6775,20
6776,54
6777,30
6778,9
6779,18
6780,11
6781,17
6782,27
6783,-43
6784,27
6785,69
6786,-5
6787,50
6788,8
6789,59
6790,69
6791,31/2
6792,10/9
6793,-21
6794,-17
6795,10
6796,38
6797,24
6798,107
6799,39
6800,61
6801,408
6802,140
6803,22
6804,25/18
6805,119
6806,40
6807,100
6808,72
6809,27
6810,75
6811,6
6812,50
6813,42
6814,33
6815,-13
6816,27
6817,25
6818,47
6819,3250
6820,33
6821,-26
6822,31
6823,23
6824,52
6825,15
6826,30
6827,38
6828,12
6829,12
6830,33
6831,41
6832,39
6833,14
6834,60
6835,42
6836,22
6837,16
6838,24
6839,12
6840,0
6841,35
6842,7
6843,18
6844,3
6845,0
6846,17
6847,38
6848,10
6849,18
6850,42
6851,17
6852,6
6853,
6854,12
6855,17
6856,27
6857,8
6858,33.6
6859,178
6860,1360
6861,60
6862,100
6863,5670
6864,680
6865,0.16
6866,48
6867,95%
6868,1008
6869,1800
6870,2800/9
6871,304
6872,-989
6873,1500
6874,3600
6875,144
6876,12
6877,5
6878,260
6879,60
6880,600
6881,375
6882,108
6883,48
6884,300
6885,160
6886,160
6887,792
6888,240
6889,71/10
6890,206
6891,4/3
6892,200
6893,1125
6894,6
6895,212
6896,32
6897,1680
6898,5652
6899,-175/4
6900,113.04
6901,5
6902,18840
6903,58
6904,1
6905,204
6906,8
6907,126
6908,59
6909,625/16
6910,37
6911,1125/2
6912,40
6913,96%
6914,92.7%
6915,50
6916,18.84
6917,120
6918,77.76
6919,32
6920,189
6921,-4
6922,3/2
6923,27
6924,605/4
6925,32
6926,14
6927,6875/2
6928,50.24
6929,1296
6930,7245
6931,3
6932,2100
6933,40
6934,3
6935,13
6936,27/2
6937,40
6938,13
6939,16
6940,25%
6941,3400/3
6942,51
6943,115%
6944,89
6945,28
6946,5.625
6947,20000
6948,169/2
6949,263
6950,100/3
6951,31.4
6952,150
6953,42
6954,10.03333
6955,1200/17
6956,10
6957,0.6
6958,9
6959,21/5
6960,125
6961,96
6962,7500
6963,480
6964,1/20
6965,0.66667
6966,28
6967,18.84
6968,44
6969,30
6970,20
6971,20
6972,144
6973,0
6974,144
6975,160
6976,15
6977,105
6978,96
6979,160
6980,28
6981,16.7%
6982,550
6983,6000
6984,675
6985,8
6986,521
6987,420
6988,200
6989,35
6990,4500
6991,1600
6992,480
6993,25
6994,270
6995,1200
6996,3000
6997,5.28
6998,300
6999,2340
7000,33
7001,0.46667
7002,1
7003,20/3
7004,32
7005,10
7006,300
7007,180
7008,4000%
7009,36/5
7010,460
7011,4.9298
7012,625
7013,-300
7014,1539/2
7015,14/3
7016,1.5
7017,0.1
7018,25.2
7019,1620
7020,50
7021,3215.36
7022,100
7023,204
7024,5
7025,150
7026,180
7027,2.624
7028,400%
7029,1004.8
7030,190/3
7031,15/4
7032,192
7033,75
7034,25%
7035,600
7036,24/5
7037,85.3%
7038,0.512
7039,717
7040,10/3
7041,780
7042,770
7043,345
7044,60
7045,567/10
7046,270
7047,96
7048,60
7049,1
7050,15813
7051,1560
7052,-6
7053,2
7054,16
7055,80
7056,14.13
7057,1287/7
7058,18
7059,28
7060,95%
7061,78
7062,2.3
7063,38.4
7064,50
7065,3.7
7066,2800
7067,1.54
7068,12
7069,181/3
7070,11.50926
7071,10
7072,350
7073,25/2
7074,12%
7075,54/5
7076,600
7077,60
7078,2500
7079,3/2
7080,23
7081,200
7082,60
7083,1050
7084,
7085,5/3
7086,198
7087,3.5
7088,8
7089,182
7090,96
7091,100
7092,9
7093,1944
7094,160/7
7095,240
7096,4
7097,1200
7098,31.4
7099,0.08
7100,40
7101,900
7102,60.84
7103,1
7104,3
7105,312
7106,157
7107,7500
7108,5
7109,75
7110,-1/3
7111,103
7112,482.39663
7113,999
7114,57/5
7115,40
7116,1344
7117,25120
7118,19154
7119,58
7120,24/5
7121,501.9
7122,445
7123,1200
7124,32
7125,6
7126,540
7127,84.72222
7128,200
7129,95
7130,6.28
7131,22.92857
7132,120
7133,401
7134,188
7135,-13
7136,-240
7137,240
7138,125/2
7139,-3.04
7140,5.24
7141,45.7232
7142,600
7143,-44.4%
7144,19
7145,7
7146,92%
7147,25%
7148,10
7149,-15
7150,6
7151,-15/8
7152,850
7153,7
7154,240
7155,200
7156,385
7157,29
7158,107.1
7159,0.5
7160,36
7161,3125
7162,7/2
7163,4
7164,256
7165,0.5
7166,1214
7167,960
7168,131.25
7169,96
7170,72
7171,79.2
7172,320
7173,96%
7174,25%
7175,84/125
7176,96/5
7177,1000
7178,-2100
7179,-124
7180,16.5792
7181,522.5
7182,1400
7183,55
7184,13/6
7185,72
7186,9
7187,768
7188,2
7189,-475
7190,97
7191,48
7192,225
7193,91040
7194,560
7195,2.23438
7196,800
7197,144
7198,-113
7199,15
7200,9
7201,6
7202,1240
7203,108
7204,5
7205,80
7206,455/2
7207,2
7208,9600
7209,426
7210,306
7211,44.66
7212,48
7213,52.8
7214,68/3
7215,125.6
7216,796
7217,251.2
7218,-87.92
7219,3218
7220,78
7221,2128
7222,15
7223,
7224,964
7225,135
7226,13.68
7227,29
7228,16
7229,30
7230,16%
7231,-2400
7232,300
7233,480
7234,5/2
7235,90
7236,32.5
7237,100
7238,200
7239,3139
7240,8
7241,224
7242,78
7243,170
7244,-9
7245,630
7246,73
7247,3.475
7248,168
7249,2000
7250,3000
7251,4
7252,36
7253,1.8
7254,3084
7255,83.8
7256,468
7257,340
7258,1300
7259,184
7260,60
7261,3
7262,36
7263,6
7264,848
7265,1563
7266,131
7267,800
7268,3
7269,54080/11
7270,2
7271,9.42
7272,6
7273,100
7274,19.99614
7275,465
7276,1.07143
7277,125
7278,800
7279,400
7280,56
7281,90
7282,240
7283,99%
7284,30
7285,15
7286,14.4
7287,3
7288,5
7289,120
7290,9
7291,5510
7292,-2
7293,135
7294,4000
7295,59.4
7296,240
7297,96
7298,272
7299,55
7300,40
7301,73/80
7302,15
7303,1080
7304,25000
7305,6500
7306,108
7307,13636
7308,350
7309,1.3
7310,0.07
7311,20.27027
7312,150
7313,349
7314,109.35
7315,226.08
7316,15
7317,125.6
7318,126
7319,-1884
7320,9
7321,-75/32
7322,-479
7323,400
7324,103.3
7325,-1
7326,2800
7327,2/5
7328,225
7329,16
7330,12
7331,0
7332,16.485
7333,140
7334,825
7335,125
7336,5040
7337,2009.6
7338,15
7339,35712
7340,45.475
7341,42
7342,-229
7343,3
7344,792
7345,319
7346,471.1
7347,6250
7348,78.5
7349,2660
7350,2400
7351,28
7352,96
7353,1125
7354,3500
7355,2112
7356,41.08167
7357,404/3
7358,11
7359,29
7360,40
7361,940
7362,778
7363,8
7364,120
7365,47
7366,4500
7367,-1500/61
7368,1000
7369,72
7370,13.91304
7371,13.91304
7372,-479
7373,32
7374,96
7375,40/9
7376,49/60
7377,2
7378,50
7379,7235
7380,2200
7381,1
7382,1665
7383,30
7384,-5
7385,628
7386,3200
7387,1000
7388,0.25
7389,14.25
7390,6
7391,1530
7392,45
7393,1256
7394,240
7395,480
7396,9600
7397,112
7398,12
7399,60
7400,64
7401,0
7402,-3.5
7403,40
7404,270
7405,8460
7406,7
7407,57
7408,9611.2
7409,346
7410,90
7411,11
7412,25
7413,125
7414,65
7415,64
7416,1.27389
7417,27.27273
7418,195
7419,2
7420,98
7421,5.6
7422,9
7423,648
7424,304
7425,9/13
7426,45
7427,6476
7428,80
7429,3600
7430,4500%
7431,480
7432,38
7433,40/3
7434,8.56667
7435,200
7436,174
7437,12.6
7438,17
7439,6
7440,580
7441,4
7442,222
7443,0.8
7444,700/3
7445,0.8
7446,7
7447,180
7448,7200
7449,7500
7450,1256
7451,190
7452,79/3
7453,95
7454,4
7455,4
7456,37.5%
7457,144
7458,3.14
7459,24/5
7460,243
7461,36000
7462,44
7463,4368
7464,10
7465,135
7466,360
7467,19200000
7468,125
7469,180
7470,628
7471,12.56
7472,30
7473,-1.3
7474,153
7475,7
7476,520
7477,3
7478,65
7479,12.8
7480,29
7481,75
7482,2
7483,400
7484,30000
7485,204
7486,450
7487,33
7488,100/19
7489,4800
7490,15
7491,399
7492,112
7493,80
7494,90
7495,24
7496,4.8
7497,450
7498,3.3
7499,60
7500,70.0245
7501,-39.69038
7502,10200
7503,3/5
7504,169
7505,-47
7506,4
7507,2400
7508,11
7509,210
7510,12/5
7511,3240
7512,2550
7513,8
7514,-1133/10
7515,13846
7516,74
7517,585
7518,1/2
7519,400
7520,1120
7521,1500
7522,1413
7523,16
7524,744
7525,3456
7526,43000
7527,675
7528,5/2
7529,-19
7530,594
7531,33
7532,1
7533,800
7534,2240
7535,457.6
7536,433
7537,0
7538,0
7539,4.73333
7540,47
7541,15.5
7542,612
7543,160
7544,50
7545,251.2
7546,17/3
7547,314
7548,675
7549,471
7550,45
7551,6280
7552,115
7553,-43
7554,5
7555,870
7556,37
7557,180
7558,20
7559,9
7560,1000/11
7561,1
7562,300
7563,208/7
7564,80/3
7565,480
7566,99
7567,1.25
7568,2700
7569,2700
7570,22/3
7571,10
7572,25.72
7573,24
7574,2760
7575,3
7576,4
7577,4
7578,45.15
7579,-1/2
7580,200
7581,504
7582,29.4
7583,135
7584,1500
7585,9000
7586,4/5
7587,36
7588,40
7589,182
7590,4
7591,17
7592,980
7593,10
7594,0
7595,522
7596,18
7597,36
7598,200
7599,6
7600,360/13
7601,24
7602,7.104
7603,12
7604,4
7605,80
7606,0.512
7607,125
7608,80
7609,36
7610,46/15
7611,6.8
7612,34
7613,119
7614,1
7615,2
7616,10
7617,6
7618,20
7619,24
7620,17
7621,360
7622,12
7623,8
7624,0.19
7625,18
7626,32
7627,77.5
7628,36.55
7629,0.6
7630,3.37
7631,11
7632,4116
7633,300
7634,90
7635,85%
7636,3200
7637,13.5
7638,26250
7639,24
7640,-37.3
7641,3/5
7642,1/2
7643,3
7644,42
7645,20
7646,18/25
7647,18
7648,1/18
7649,12/35
7650,2240
7651,3000
7652,3
7653,2.05
7654,36
7655,2400
7656,19/20
7657,64
7658,20
7659,10.4
7660,960
7661,31.8
7662,2/7
7663,-54
7664,2
7665,2/5
7666,1/6
7667,49500
7668,18
7669,40
7670,21
7671,30
7672,33
7673,61/4
7674,8
7675,505
7676,4
7677,2520
7678,-1/2
7679,4051
7680,4051
7681,3968
7682,750
7683,7
7684,150
7685,8
7686,800
7687,1744
7688,31/35
7689,2880/17
7690,1782
7691,64
7692,8280
7693,78
7694,3
7695,534
7696,39/5
7697,7/9
7698,99
7699,26
7700,33
7701,0.38462
7702,6
7703,9.5
7704,-4.3
7705,157/100
7706,3045
7707,-60
7708,28
7709,148
7710,72
7711,17/20
7712,39/2
7713,11/24
7714,4
7715,48
7716,42
7717,149.94
7718,7/24
7719,60
7720,46
7721,47.6
7722,0
7723,120
7724,1350
7725,21
7726,1/10
7727,4.23333
7728,222
7729,6
7730,140
7731,882
7732,0.025
7733,9.9
7734,80/27
7735,67.5
7736,337.5
7737,26
7738,100/103
7739,128/3
7740,6
7741,135
7742,36
7743,85
7744,560
7745,400/3
7746,38
7747,4.5
7748,-194
7749,549
7750,1
7751,700
7752,1.8
7753,440
7754,80
7755,54.25
7756,128
7757,35
7758,135
7759,11/30
7760,5
7761,0
7762,400
7763,1536
7764,4
7765,6
7766,6
7767,25200
7768,83
7769,3600
7770,122
7771,1125250
7772,23/20
7773,7200
7774,18
7775,1419/4
7776,1186
7777,70
7778,20
7779,60
7780,16/5
7781,360
7782,1000
7783,-22
7784,220
7785,0
7786,0
7787,2160
7788,-8100
7789,15000
7790,996.11111
7791,26
7792,196
7793,2/7
7794,10
7795,15
7796,16
7797,1/4
7798,1260
7799,560
7800,5
7801,60
7802,625
7803,1/6
7804,12/5
7805,-246/5
7806,-100
7807,106
7808,187
7809,1223
7810,5.6
7811,16
7812,10
7813,30
7814,100/11
7815,108
7816,4/5
7817,14
7818,240
7819,51/20
7820,25
7821,0
7822,5416
7823,1026
7824,1/5
7825,0.72816
7826,59/6
7827,-199
7828,288
7829,45/4
7830,72
7831,630
7832,42
7833,0
7834,0.93
7835,82
7836,5/8
7837,27
7838,600
7839,-52/9
7840,344
7841,32/21
7842,6
7843,50
7844,675
7845,18
7846,-6.8
7847,450
7848,112
7849,-779
7850,109
7851,-57/4
7852,570
7853,7
7854,24
7855,4/5
7856,4
7857,43/40
7858,48
7859,320
7860,39
7861,364000/3
7862,144
7863,3
7864,20
7865,7
7866,-831/20
7867,9
7868,40/9
7869,205
7870,450
7871,3/4
7872,15
7873,63/5
7874,28
7875,4/5
7876,11
7877,7
7878,500
7879,215
7880,1/4
7881,150
7882,625/2
7883,2/5
7884,11/60
7885,3/5
7886,96
7887,1/2
7888,12
7889,9
7890,8
7891,2
7892,3
7893,765
7894,1
7895,10
7896,8745
7897,80/19
7898,24000
7899,6
7900,686
7901,102
7902,124
7903,20
7904,6.02
7905,3
7906,675
7907,200
7908,24/7
7909,-1/20
7910,8
7911,-70/9
7912,300
7913,79.2
7914,2700
7915,3/16
7916,7
7917,96
7918,1/5
7919,864
7920,9/20
7921,1
7922,0
7923,1/4
7924,-832/5
7925,324
7926,90
7927,900
7928,47
7929,360
7930,50
7931,750
7932,9/4
7933,48
7934,77
7935,5/8
7936,3/5
7937,5/2
7938,0
7939,6
7940,7
7941,31
7942,1/4
7943,8/3
7944,300
7945,108
7946,11.1
7947,21
7948,32
7949,15
7950,15/13
7951,19500
7952,1458/17
7953,162/17
7954,643/5
7955,86
7956,55
7957,2542
7958,-11/5
7959,230
7960,17/30
7961,6.25
7962,-100/3
7963,1
7964,7000
7965,54
7966,5
7967,15
7968,1596
7969,41
7970,75
7971,-20
7972,624
7973,100
7974,4
7975,260
7976,80
7977,80
7978,20
7979,1/25
7980,48
7981,392
7982,25
7983,2000/3
7984,14
7985,2590
7986,40/3
7987,-775
7988,504
7989,144000
7990,216
7991,72
7992,6
7993,1200
7994,-132
7995,5/12
7996,180
7997,42000
7998,2/7
7999,6
