0,187.35289
1,36
2,6
3,-1/5
4,0
5,1290
6,600
7,9/20
8,8.8
9,20/3
10,405
11,0.0105
12,80
13,56
14,30
15,8172
16,16
17,19.7
18,322.5
19,10
20,2700
21,59
22,100
23,68
24,4072
25,105
26,19
27,16
28,0.314
29,1950
30,3.6
31,80
32,4
33,720
34,30
35,19/20
36,251
37,6
38,14/15
39,72
40,400
41,24
42,71
43,500
44,4
45,17
46,95
47,288
48,40
49,280
50,656
51,10
52,7600
53,288
54,778
55,120
56,142
57,4875
58,1248
59,3
60,66
61,1201
62,1300
63,738
64,1176
65,7056
66,13198.8
67,50
68,3360
69,765
70,10
71,73.2
72,6600
73,5/8
74,200
75,3.8
76,1
77,13/20
78,24
79,194
80,3.3
81,126
82,7
83,196
84,260
85,25%
86,15
87,135
88,402
89,374
90,27/250
91,1/25
92,20
93,1735
94,1536
95,188.4
96,8
97,16
98,21
99,260
100,2115.2
101,2500
102,3486
103,14
104,5
105,20
106,5/9
107,380
108,10.9
109,6
110,1/2
111,900
112,560
113,147
114,1088/7
115,160
116,2235
117,623
118,192
119,124
120,0.94
121,14
122,25
123,60
124,20000
125,110%
126,360
127,0.05263
128,124
129,770
130,7/9
131,6087
132,10
133,107
134,11200
135,8
136,595
137,8000000
138,24
139,87
140,90
141,1943
142,96
143,15
144,8158.4
145,356
146,20/3
147,8400
148,4800
149,9
150,-2/9
151,494
152,2
153,490
154,8000
155,3/10
156,75
157,600
158,432
159,975
160,30
161,1/2
162,76
163,6.3397
164,49/2
165,1350
166,336
167,775
168,34
169,312
170,32/9
171,7
172,280
173,144
174,11/35
175,14
176,44
177,9
178,8
179,8
180,20
181,113.04
182,12
183,27
184,20/3
185,650
186,5000
187,10
188,312
189,15
190,-828
191,-122.46
192,10395
193,880
194,400
195,1049.07
196,704
197,113.04
198,450
199,272
200,450
201,114
202,18
203,7/20
204,125
205,40
206,4/9
207,6
208,40
209,4687
210,6
211,65.55
212,3081
213,10486
214,5
215,6250
216,625
217,17/4
218,63024
219,3200
220,5
221,280
222,20
223,4
224,200
225,1872
226,32
227,9
228,6/7
229,8
230,190
231,293
232,3300
233,207
234,684
235,3500
236,255
237,4950
238,-1/18
239,204
240,816
241,539
242,5/2
243,5375
244,432
245,3/5
246,25.12
247,41/24
248,240
249,100
250,3.2
251,1
252,3202.5
253,1260
254,18/19
255,6000
256,1536
257,15
258,490
259,16
260,2700
261,2880/7
262,84
263,192
264,24/5
265,20
266,11/24
267,276
268,26
269,19
270,25000
271,12300
272,750
273,12
274,520
275,1585
276,289
277,5.4
278,32
279,750
280,251.2
281,2
282,6
283,736
284,64
285,18
286,240
287,579
288,330
289,2250
290,944
291,18
292,-10
293,546
294,16
295,2940
296,5280
297,-30
298,3
299,91
300,224
301,11/20
302,8
303,15
304,81
305,1570
306,72
307,20
308,50
309,210
310,125.6
311,450
312,32
313,2/7
314,36
315,60
316,100
317,324
318,900
319,1/2
320,41.33333
321,432
322,1/2
323,37/40
324,6/5
325,46
326,3450
327,71.25
328,890
329,7200/299
330,12475
331,434000
332,16000
333,300
334,4/7
335,1344
336,15
337,486
338,6
339,10000
340,25/29
341,90
342,21
343,1.12
344,60
345,0
346,48
347,5
348,425
349,12
350,32
351,600
352,465
353,1588
354,168
355,140
356,169.94444
357,25
358,25000
359,0
360,45216
361,1256
362,45
363,9
364,
365,540
366,11/35
367,32
368,-7/8
369,209
370,150
371,242
372,10
373,14
374,10788
375,1350
376,591
377,9043.2
378,4429
379,30/11
380,70
381,34
382,2/5
383,6240
384,56375
385,23
386,-18
387,314
388,600
389,14
390,15
391,958
392,768
393,800
394,4710
395,1.035
396,450
397,11
398,6592
399,13
400,1088
401,136
402,864
403,20/9
404,685
405,32
406,15/2
407,4/15
408,115/24
409,12.56
410,12
411,16
412,-1/4
413,800
414,10
415,516
416,55
417,8
418,1320
419,20
420,2/9
421,1000
422,297
423,
424,1.12
425,15.12
426,180
427,1120
428,2063/7
429,3500
430,580
431,700000
432,384
433,112
434,12960
435,31
436,544
437,44
438,51/40
439,3000
440,1/4
441,19
442,410
443,175/2
444,64
445,765
446,3/5
447,0.27
448,20
449,1920
450,1036
451,68
452,259.4%
453,10
454,30
455,133
456,1080
457,20000
458,76
459,390
460,24
461,2400
462,33
463,816
464,12
465,1710
466,216
467,246
468,21
469,30
470,12
471,16
472,-700
473,251.2
474,6
475,21
476,534
477,0.1
478,1152
479,231
480,320
481,533
482,1/20
483,192
484,30
485,280
486,132
487,216
488,30
489,1204
490,4
491,96
492,140
493,44.72
494,440
495,2092.34
496,36000
497,1440
498,100
499,1344
500,242
501,800
502,960
503,3/4
504,885
505,639
506,138
507,700
508,9420
509,57
510,13200
511,14
512,17/40
513,-7/2
514,120
515,58
516,767
517,0.5
518,1/2
519,455
520,5
521,9
522,355
523,1800
524,3/8
525,200
526,340
527,100
528,120
529,31.4
530,120
531,36
532,150
533,46.8
534,24
535,45
536,144
537,22
538,196
539,144
540,270
541,240
542,216
543,600
544,44
545,120
546,1
547,84
548,10
549,16
550,1730
551,78.5
552,204
553,4.2
554,1150
555,750
556,11
557,4536
558,78.5
559,495.3463
560,
561,6
562,24/5
563,200/3
564,59
565,60
566,980/3
567,147
568,560
569,2500
570,133
571,2.33333
572,10700
573,24
574,60000
575,44.85
576,1/2
577,2
578,150
579,240
580,1600
581,4
582,182.9
583,900
584,2
585,12
586,1734
587,15
588,39
589,72
590,64
591,16
592,24
593,0.4
594,2/3
595,40.82
596,2.4
597,930
598,192
599,1395
600,2
601,5
602,
603,400/9
604,50
605,2/5
606,16
607,225
608,6
609,34918
610,900
611,14
612,1254
613,0.675
614,9.6
615,936000
616,116.8
617,10
618,3768
619,90
620,89.4
621,50
622,251.2
623,114
624,-196
625,15
626,275/4
627,18
628,421
629,27
630,60
631,314
632,3
633,2000
634,380
635,5%
636,93.8%
637,57.1%
638,99%
639,12
640,2.02
641,40
642,5
643,192
644,-900
645,44
646,4.5
647,14
648,215
649,-60
650,-340
651,120
652,40
653,25
654,98%
655,49
656,80
657,98%
658,150
659,95%
660,120
661,480
662,950
663,75%
664,60
665,1094.5
666,50
667,250
668,5
669,360
670,61/3
671,490
672,30
673,160
674,1.1
675,92%
676,8
677,-27
678,98%
679,96%
680,501/50
681,23/5
682,120
683,450
684,21
685,42
686,3120
687,100
688,36
689,3400/3
690,320
691,960
692,81
693,12
694,80
695,144
696,16
697,16
698,31/40
699,60
700,75
701,24
702,5
703,4/25
704,32.28
705,-2
706,94%
707,5/8
708,20
709,28
710,160
711,12.66667
712,42857
713,0.3
714,10%
715,99995
716,240
717,4.8
718,24
719,180
720,150
721,120
722,135
723,147
724,44
725,425
726,457.5
727,117
728,10
729,4500
730,360
731,15
732,576
733,100
734,2535
735,0.135
736,122.88
737,20
738,70
739,160
740,95%
741,150
742,3/4
743,5
744,2000/3
745,1201
746,200/3
747,85.8
748,20
749,415/3
750,155/24
751,372
752,23
753,150
754,1575
755,250
756,41/5
757,64
758,3
759,1600/19
760,783.2
761,3
762,3.14
763,12.56
764,630
765,7200
766,1944
767,2.16
768,32000/7
769,10
770,851
771,252/5
772,187
773,51.25
774,4800
775,84
776,2512
777,40
778,420
779,4
780,5
781,32000
782,24000
783,1750/17
784,117
785,156
786,12.56
787,2.55556
788,75
789,96
790,98%
791,7776
792,1225/3
793,-2
794,72.09
795,5200
796,8/3
797,432
798,44/9
799,960
800,28.6
801,5/3
802,75
803,369.6
804,102
805,38.4
806,1250
807,120
808,32/3
809,9/2
810,-0.45
811,300
812,20
813,495.3463
814,25
815,4000
816,2000
817,600
818,8
819,90
820,174
821,640
822,88
823,200
824,495.3463
825,1050
826,1548
827,10
828,1.2
829,42
830,290
831,160
832,4509/5
833,600
834,
835,480
836,61
837,32
838,-4
839,5
840,7
841,15
842,8
843,137/185
844,546
845,-525
846,24
847,42
848,109.2
849,7
850,11520
851,825/2
852,
853,10
854,3/4
855,4/11
856,20
857,50
858,-10.5
859,51/8
860,111
861,75
862,8
863,2/7
864,3/1250
865,18
866,11
867,1235
868,326.7
869,12
870,13.2
871,252
872,18
873,62
874,48
875,41/3
876,10500
877,14.3%
878,1.099
879,7850%
880,64
881,700
882,-900
883,14
884,25
885,19
886,149760
887,3140
888,13/4
889,62
890,1/6
891,306
892,292.96875
893,150.0
894,60
895,9
896,285
897,10
898,0.16667
899,24
900,4000
901,207000
902,1
903,25/4
904,44
905,26
906,122.4
907,700
908,79
909,12.56
910,6
911,30.8
912,225
913,45
914,168
915,430
916,6280
917,251.2
918,188.4
919,5.4
920,200
921,0.55
922,1
923,96%
924,2
925,192
926,96%
927,780
928,4
929,50
930,7000/249
931,5000/3
932,48
933,18.84
934,7.1
935,-1025
936,60
937,60
938,6.66
939,0
940,52
941,19
942,210
943,24
944,19
945,5/12
946,0
947,49
948,270
949,48
950,0.6
951,74
952,48
953,153/4
954,106/3
955,122
956,16
957,1200
958,205.2
959,15600
960,6
961,7
962,640
963,31050
964,16
965,85/4
966,25
967,31
968,8/5
969,1/64
970,152.4
971,10
972,3424
973,3140
974,31
975,226
976,70
977,32
978,345.4
979,650
980,182.9
981,4400
982,0.03
983,448
984,1650000%
985,74
986,352/25
987,10
988,-8
989,330
990,96/7
991,8280
992,581
993,700
994,150.0%
995,1360
996,1/1010
997,90
998,72
999,1/5
1000,31.4
1001,126
1002,292
1003,45/2
1004,3
1005,90%
1006,83
1007,31
1008,1632
1009,1/4
1010,1/9
1011,163
1012,625/2
1013,96%
1014,49
1015,160
1016,15
1017,5/4
1018,120
1019,1/18
1020,9
1021,150%
1022,41.7%
1023,628
1024,10
1025,44080
1026,16000
1027,-98750
1028,152
1029,145/3
1030,20
1031,215.38
1032,567
1033,6
1034,1/16
1035,270
1036,0.432
1037,30
1038,1250
1039,280/19
1040,24
1041,-364
1042,60
1043,5.0
1044,978.75
1045,441
1046,9/4
1047,81/4
1048,529/24
1049,412.5
1050,1/24
1051,2
1052,240
1053,1
1054,1000
1055,100
1056,24/7
1057,216
1058,13/16
1059,3.84
1060,45.45455
1061,-7.6
1062,3.77
1063,4
1064,60
1065,20
1066,82
1067,
1068,3/2
1069,45
1070,55
1071,15
1072,114
1073,284/3
1074,1/25
1075,4138
1076,15
1077,204
1078,15
1079,-40
1080,1200
1081,105
1082,25
1083,20
1084,1.3
1085,12.2
1086,9/20
1087,480
1088,4/9
1089,0.0144
1090,30
1091,60
1092,7395
1093,2048/3
1094,-7.46331
1095,18
1096,1440
1097,3/8
1098,144
1099,120
1100,1/7
1101,16
1102,492
1103,30
1104,285
1105,2/5
1106,142.7
1107,12
1108,9
1109,16
1110,27
1111,3
1112,45.12
1113,33.3%
1114,800
1115,68
1116,0.006
1117,20
1118,4.8
1119,3
1120,15
1121,30
1122,18
1123,10
1124,66
1125,2299
1126,
1127,8.56
1128,100
1129,200/3
1130,0.3952
1131,6/5
1132,30
1133,7/11
1134,128
1135,0.22222
1136,6.01
1137,575
1138,480
1139,200
1140,18000
1141,225/2
1142,6
1143,180
1144,-15
1145,4
1146,750000
1147,346
1148,112
1149,19.3
1150,232
1151,100
1152,1/2
1153,770
1154,12
1155,300/7
1156,-7
1157,2826
1158,548
1159,0
1160,168
1161,47/6
1162,288
1163,2
1164,8965
1165,12
1166,12
1167,45
1168,240
1169,12
1170,-11.1%
1171,144
1172,120
1173,370
1174,1500
1175,100%
1176,500/9
1177,50
1178,60000
1179,1920
1180,47
1181,450000
1182,72
1183,22
1184,66
1185,120
1186,20/7
1187,402
1188,402
1189,402
1190,5
1191,60
1192,0.27
1193,33750
1194,864
1195,90%
1196,150
1197,45
1198,360
1199,62.8
1200,486
1201,0.22727
1202,19
1203,25%
1204,51
1205,-0.09459
1206,18
1207,188
1208,30
1209,3
1210,125
1211,33
1212,8
1213,35%
1214,300
1215,800
1216,100
1217,-16
1218,-8
1219,750
1220,73.3%
1221,50
1222,135
1223,190.8
1224,8/25
1225,2/9
1226,942
1227,400
1228,151
1229,750
1230,16/5
1231,16/5
1232,54
1233,256
1234,540
1235,706.5
1236,770
1237,344/25
1238,16
1239,25
1240,0%
1241,8
1242,80
1243,640
1244,402
1245,4200
1246,85
1247,53
1248,56
1249,180
1250,48
1251,45
1252,35
1253,14
1254,36
1255,8
1256,30
1257,38
1258,24
1259,16
1260,53
1261,22
1262,4
1263,37
1264,6
1265,45
1266,1/2
1267,-13
1268,23
1269,528
1270,55
1271,53
1272,82
1273,26
1274,136
1275,12
1276,5/4
1277,4
1278,84
1279,24
1280,81
1281,51
1282,84
1283,24
1284,54
1285,86
1286,-24/13
1287,210
1288,27
1289,32
1290,25
1291,44
1292,26
1293,36
1294,80
1295,1505
1296,100
1297,4996
1298,8
1299,96
1300,3
1301,20
1302,6
1303,5
1304,100
1305,64
1306,4
1307,0
1308,300
1309,9
1310,41
1311,48/7
1312,4
1313,192
1314,61
1315,9
1316,13
1317,5
1318,126
1319,6
1320,61/9
1321,144
1322,80
1323,211
1324,28
1325,40
1326,17
1327,97/3
1328,292
1329,6
1330,42
1331,6
1332,496
1333,18
1334,4
1335,45
1336,54
1337,91
1338,60
1339,5
1340,73
1341,24
1342,6
1343,7
1344,24
1345,84
1346,31
1347,15
1348,6
1349,17
1350,23
1351,16
1352,19
1353,28
1354,9
1355,18
1356,98
1357,904.32
1358,160
1359,700
1360,2304
1361,28800
1362,6
1363,5/6
1364,3
1365,5/9
1366,432
1367,4
1368,1507.2
1369,-119
1370,208
1371,27
1372,335
1373,8
1374,46.5
1375,18/35
1376,2400
1377,128
1378,20000
1379,720
1380,8.1
1381,628
1382,150
1383,17/3
1384,440
1385,4.1
1386,35
1387,2
1388,150
1389,9.01667
1390,21
1391,30
1392,48000
1393,19998
1394,0
1395,16
1396,160
1397,60
1398,95
1399,840
1400,21/2
1401,180
1402,640
1403,25
1404,48/5
1405,11
1406,565/4
1407,45/2
1408,787
1409,125
1410,139
1411,2000
1412,1600
1413,40
1414,240
1415,14400
1416,60000
1417,3
1418,240
1419,31
1420,13/60
1421,30.6
1422,33.45
1423,3.6
1424,0.008
1425,9
1426,9
1427,4
1428,504
1429,6
1430,22.5
1431,28
1432,48
1433,84
1434,2.4
1435,44.3
1436,190
1437,271.32
1438,196.35
1439,72
1440,256
1441,22
1442,110
1443,60
1444,54
1445,115
1446,13950
1447,800
1448,0.35
1449,1/4
1450,44
1451,28.8
1452,216
1453,307
1454,36
1455,40
1456,350
1457,31
1458,2
1459,9
1460,3612
1461,3920
1462,11.30435
1463,810
1464,10
1465,290
1466,620
1467,280
1468,8.5
1469,1.1
1470,137
1471,346
1472,64
1473,119/2
1474,38
1475,8
1476,50
1477,9000
1478,8.1
1479,240
1480,0.6
1481,1024
1482,15
1483,3
1484,-43/10
1485,4
1486,152/15
1487,33
1488,8
1489,224
1490,3.5
1491,51
1492,360
1493,7000
1494,32
1495,10000
1496,73
1497,-18
1498,11.88
1499,2370
1500,91
1501,18/5
1502,149
1503,4/3
1504,371
1505,14
1506,30
1507,48
1508,18.4
1509,180
1510,945
1511,50
1512,16
1513,180
1514,48
1515,520
1516,36
1517,1.55
1518,1315
1519,6
1520,90
1521,44
1522,300
1523,4100
1524,331
1525,16
1526,280
1527,11
1528,128/5
1529,780
1530,1030
1531,36
1532,100/27
1533,962.5
1534,4800
1535,1/2
1536,5/2
1537,30
1538,1/21
1539,160
1540,128
1541,75.36
1542,23
1543,150
1544,12
1545,400
1546,26
1547,20
1548,1/16
1549,8/5
1550,39/100
1551,84
1552,3750
1553,5400
1554,80
1555,150720
1556,22.608
1557,56.52
1558,400
1559,200
1560,16000/19
1561,102
1562,10
1563,60
1564,1890
1565,25/3
1566,57600
1567,8.4
1568,4800
1569,9
1570,3000
1571,64/5
1572,31.4
1573,17
1574,104
1575,188
1576,9420
1577,-5.00422
1578,210
1579,306
1580,125
1581,4
1582,125
1583,160
1584,126
1585,100/3
1586,3375
1587,18/5
1588,82
1589,0.012
1590,73
1591,576/5
1592,88
1593,175
1594,50
1595,3080
1596,5.2
1597,22.2%
1598,96
1599,48
1600,30
1601,100
1602,30
1603,800
1604,30
1605,350/3
1606,1512
1607,52
1608,-2
1609,0.785
1610,20096
1611,20096
1612,8500/11
1613,52.32
1614,75.36
1615,52
1616,640
1617,-16
1618,150
1619,720
1620,45
1621,70
1622,60.48
1623,120
1624,-72
1625,166.42667
1626,28
1627,25
1628,1/4
1629,15/2
1630,1600
1631,7/5
1632,15
1633,17/15
1634,8.5
1635,20
1636,3
1637,27
1638,5
1639,4/5
1640,84
1641,17.16
1642,416
1643,780
1644,12.32
1645,50
1646,2
1647,0.0125
1648,48
1649,7
1650,1770
1651,50
1652,82/3
1653,5.91576
1654,7500%
1655,1256
1656,5
1657,
1658,301
1659,0.2
1660,810
1661,4
1662,5/2
1663,20
1664,3.2
1665,19
1666,-81
1667,110
1668,625
1669,36.33
1670,-7/10
1671,189
1672,8400
1673,16/3
1674,-9
1675,41
1676,240
1677,5
1678,108
1679,-49000
1680,315/163
1681,9600
1682,500
1683,2000/3
1684,18/5
1685,40/3
1686,150
1687,405
1688,1000
1689,150
1690,1120
1691,160
1692,120
1693,2.5
1694,50.24
1695,600
1696,10.4
1697,5
1698,30
1699,24
1700,52
1701,20
1702,6.86
1703,1
1704,8/3
1705,0.25
1706,8/9
1707,77
1708,500
1709,5.5
1710,1280
1711,0.11765
1712,66
1713,1190/101
1714,1600
1715,144
1716,3
1717,400
1718,15
1719,1120
1720,2/5
1721,34.32
1722,9/4
1723,384
1724,226.08
1725,22
1726,4000/399
1727,125.6
1728,120
1729,225/4
1730,12/5
1731,20
1732,110
1733,33.5
1734,24
1735,1440
1736,210
1737,130
1738,1720/7
1739,520
1740,267
1741,60
1742,20
1743,1380
1744,7.5
1745,48
1746,80
1747,251.2
1748,127
1749,3/4
1750,-113
1751,8998
1752,7
1753,1.74
1754,77
1755,45
1756,5/12
1757,3
1758,62.8
1759,32
1760,17
1761,192
1762,-32.13
1763,1
1764,5600
1765,1200
1766,102
1767,15
1768,36
1769,8
1770,-3
1771,2250
1772,-30
1773,2682
1774,64/5
1775,8000/31
1776,160
1777,250
1778,22960
1779,1030
1780,0
1781,9
1782,1175
1783,1800
1784,67
1785,16
1786,9
1787,5
1788,952
1789,6
1790,600
1791,250
1792,20
1793,11460
1794,38/7
1795,22
1796,5
1797,195/8
1798,24
1799,500
1800,8000
1801,19/15
1802,3360
1803,9
1804,900
1805,942
1806,7200
1807,18
1808,200/3
1809,2
1810,660
1811,8
1812,3.14
1813,150
1814,1
1815,72
1816,55
1817,20
1818,102
1819,48
1820,640
1821,27
1822,218
1823,10
1824,100/21
1825,1355
1826,100
1827,186
1828,-12
1829,2.2294
1830,40
1831,15
1832,5
1833,5928
1834,272
1835,314
1836,2745
1837,750
1838,80
1839,4
1840,120
1841,1501
1842,18
1843,5
1844,280
1845,50.24
1846,360
1847,702
1848,9
1849,3000
1850,818
1851,151.8
1852,295
1853,1035
1854,28.26
1855,12
1856,1920
1857,-580
1858,60
1859,21
1860,-74
1861,1004.8
1862,96
1863,12
1864,5
1865,920/3
1866,1210
1867,5
1868,323/4
1869,6720
1870,630
1871,30
1872,5400
1873,8000
1874,25
1875,11
1876,24
1877,6
1878,126
1879,36
1880,12.56
1881,6.97
1882,6
1883,3888
1884,1088
1885,1
1886,164
1887,6
1888,144/5
1889,3
1890,16
1891,52%
1892,54
1893,3.14
1894,50
1895,512
1896,2/15
1897,3
1898,4
1899,40
1900,18
1901,5
1902,3600
1903,4.2
1904,27
1905,-576/13
1906,420
1907,888
1908,27
1909,15.75
1910,33750
1911,1469
1912,69
1913,9
1914,0.148
1915,108
1916,108
1917,11
1918,16
1919,96
1920,12
1921,104
1922,5
1923,5166
1924,12
1925,360
1926,120
1927,24
1928,27/2
1929,1397.36866
1930,20
1931,175.84
1932,40
1933,361
1934,-65700
1935,3
1936,720
1937,339.12
1938,21
1939,4000
1940,1600/3
1941,10.5
1942,1256
1943,500
1944,77.1
1945,1
1946,45375/4
1947,175/2
1948,12
1949,270
1950,25%
1951,8
1952,5
1953,4.2
1954,4
1955,4900
1956,4.66667
1957,217
1958,78.5
1959,45
1960,480
1961,0.16
1962,3740
1963,40000
1964,38624
1965,604/1501
1966,113
1967,280
1968,
1969,12
1970,445
1971,4.1
1972,36
1973,2.4
1974,6
1975,42
1976,390
1977,60
1978,75
1979,7
1980,1750
1981,330
1982,14.4
1983,25
1984,12
1985,96
1986,133.33333
1987,27
1988,-1080
1989,2300
1990,100
1991,4212
1992,18750
1993,427.5
1994,22
1995,4605
1996,18
1997,25
1998,3.5
1999,1.6
2000,4
2001,168
2002,5
2003,81
2004,8
2005,45
2006,260
2007,1770
2008,896
2009,621
2010,5000
2011,45
2012,4300
2013,0.05
2014,2
2015,-81/14
2016,14
2017,4.4
2018,5/2
2019,2400
2020,80/9
2021,576/5
2022,100
2023,400
2024,0
2025,12.2
2026,25
2027,15
2028,4
2029,15%
2030,-0.2%
2031,175/39
2032,65
2033,56
2034,4320
2035,2300
2036,648
2037,720
2038,384
2039,3
2040,3/2
2041,6
2042,78500000
2043,
2044,1.5
2045,-2
2046,240
2047,10
2048,1
2049,20
2050,189
2051,1159
2052,216
2053,748.8
2054,80
2055,75.36
2056,120
2057,50
2058,0.72
2059,4750
2060,-1250
2061,42
2062,2506400/3
2063,9.38889
2064,24
2065,340
2066,15000/23
2067,4000
2068,0.785
2069,-379
2070,56
2071,270
2072,3000
2073,4.57143
2074,3298
2075,1764
2076,800
2077,4
2078,400
2079,2000
2080,1
2081,22
2082,35
2083,24/5
2084,37515
2085,80
2086,189
2087,54
2088,900/7
2089,1740
2090,112
2091,108
2092,72
2093,900
2094,672
2095,94.2
2096,62.8
2097,6
2098,24/5
2099,238
2100,780
2101,775
2102,1.64809
2103,50
2104,104
2105,650
2106,2
2107,50.24
2108,1560
2109,2464
2110,133
2111,-79
2112,16
2113,19.968
2114,18
2115,622
2116,6601/2
2117,156.68203
2118,628
2119,84
2120,15
2121,88
2122,113.04
2123,1.03063
2124,0.85
2125,3.14
2126,830
2127,81
2128,268
2129,40
2130,24/5
2131,300
2132,13
2133,3720
2134,4
2135,21980
2136,55
2137,65/9
2138,0
2139,12
2140,2.5
2141,8
2142,11
2143,225
2144,0.4
2145,10
2146,1296
2147,384
2148,13/12
2149,80/17
2150,565.2
2151,97.968
2152,-41
2153,10
2154,699
2155,64/17
2156,3
2157,120
2158,27
2159,361.728
2160,284
2161,480
2162,1104
2163,180
2164,110
2165,34.5
2166,11904
2167,-159
2168,181.5
2169,6480
2170,2250
2171,5
2172,-52.5%
2173,388
2174,-9/2
2175,12%
2176,65%
2177,13
2178,499
2179,150
2180,100
2181,40
2182,22500
2183,7.36842
2184,1710
2185,1040
2186,27
2187,441
2188,1456
2189,0.3
2190,540
2191,81
2192,0.6
2193,56
2194,2
2195,3400
2196,24
2197,0.4
2198,0.79618
2199,12
2200,14
2201,344
2202,2520
2203,11400
2204,3
2205,4
2206,48
2207,
2208,16
2209,210
2210,496
2211,160
2212,655
2213,4800
2214,1.54
2215,24/5
2216,29/3
2217,566
2218,10
2219,59/3
2220,10890
2221,1245
2222,495
2223,17
2224,24.649
2225,36000
2226,4.8
2227,80
2228,8.02548
2229,1000/3
2230,90.432
2231,4
2232,16
2233,4.5
2234,1.07
2235,2.04
2236,18
2237,24
2238,154
2239,1450/3
2240,1500
2241,750
2242,-33
2243,5492
2244,45
2245,1.1
2246,10
2247,722
2248,4.5
2249,1920
2250,600
2251,80
2252,114
2253,12
2254,1440
2255,9
2256,300
2257,5750
2258,32
2259,
2260,720
2261,100%
2262,78%
2263,12.45
2264,60
2265,100
2266,232
2267,9
2268,52
2269,24
2270,1
2271,-54
2272,48.4
2273,135
2274,16
2275,729
2276,1053
2277,320
2278,200000
2279,0.68376
2280,45
2281,1260
2282,1680
2283,1190
2284,3600
2285,60
2286,-176
2287,-10/37
2288,6
2289,14
2290,100
2291,45
2292,45
2293,40
2294,6
2295,50.24
2296,72
2297,5
2298,0.02
2299,62.8
2300,24
2301,-4.5
2302,300
2303,10
2304,3095.9144
2305,4.71
2306,13
2307,81
2308,3
2309,25/3
2310,2
2311,58
2312,8
2313,-1650/13
2314,5250
2315,6
2316,1872
2317,42
2318,8
2319,48
2320,18
2321,
2322,264
2323,10.144
2324,75
2325,1000
2326,968/31
2327,70
2328,18
2329,1
2330,150
2331,1405
2332,12
2333,4200
2334,1.2168
2335,80
2336,12
2337,5
2338,379/374
2339,2
2340,2
2341,1520
2342,1/2
2343,
2344,19/84
2345,
2346,52
2347,216
2348,48
2349,327
2350,1080
2351,3200
2352,75/4
2353,24
2354,300
2355,400
2356,24
2357,15
2358,493
2359,1243
2360,50000%
2361,15
2362,504
2363,8.8
2364,476
2365,330
2366,720
2367,25.9992
2368,16
2369,3
2370,600/13
2371,7
2372,4.5216
2373,450
2374,48
2375,40
2376,132
2377,43
2378,12
2379,1.20968
2380,180
2381,24
2382,10/7
2383,3231
2384,-880
2385,222
2386,112
2387,930
2388,15
2389,300
2390,360
2391,20
2392,210
2393,15
2394,27.8
2395,2
2396,138
2397,6/5
2398,1281
2399,25%
2400,25.2
2401,-224
2402,5
2403,8
2404,70
2405,32/3
2406,29
2407,8.7
2408,11
2409,24
2410,11
2411,75.36
2412,35
2413,4
2414,40/3
2415,
2416,12.56
2417,600
2418,80
2419,20
2420,188.4
2421,600
2422,8/3
2423,1/6
2424,1.1
2425,252
2426,16
2427,44
2428,75
2429,7.2
2430,73
2431,40/7
2432,24/7
2433,27/8
2434,120
2435,359/4
2436,58.95
2437,116.48
2438,19
2439,8
2440,14
2441,83
2442,36
2443,18
2444,40
2445,30
2446,150
2447,4270
2448,14
2449,52/75
2450,33/20
2451,30
2452,8/3
2453,188.4
2454,100
2455,5
2456,20%
2457,176
2458,52/7
2459,2826
2460,75/2
2461,5
2462,-26
2463,28
2464,5338
2465,
2466,125.6
2467,1
2468,44
2469,3200
2470,16
2471,44
2472,68.625
2473,120
2474,120
2475,80
2476,25
2477,35
2478,25
2479,60
2480,32
2481,435
2482,24
2483,52
2484,6.28
2485,600
2486,47.1
2487,560
2488,-26
2489,8
2490,8
2491,10
2492,11
2493,0
2494,7
2495,1078/5
2496,25
2497,38100
2498,1/2
2499,-96
2500,19500
2501,303
2502,2000
2503,15
2504,65%
2505,10
2506,40/9
2507,28/3
2508,480
2509,240
2510,291
2511,106.76
2512,7630
2513,18.84
2514,0.46
2515,180
2516,76.36364
2517,6.0288
2518,94.2
2519,3
2520,529/2
2521,8960
2522,153.86
2523,4
2524,15
2525,280
2526,36
2527,3600
2528,70
2529,66
2530,12
2531,30
2532,25
2533,60
2534,15
2535,3.14
2536,80
2537,216
2538,1.8
2539,72
2540,6
2541,7
2542,10
2543,1/2
2544,300
2545,69
2546,1056
2547,200
2548,-299
2549,22
2550,4
2551,5
2552,80/9
2553,12.5%
2554,76/3
2555,30.07143
2556,392
2557,1607.68
2558,48
2559,3072/7
2560,36%
2561,80
2562,9.2
2563,30
2564,30
2565,1305
2566,
2567,6.28
2568,2
2569,720
2570,140
2571,2842
2572,46
2573,3
2574,80
2575,60
2576,4
2577,127.5
2578,28.26
2579,10560
2580,-9.2
2581,0
2582,13
2583,36
2584,25
2585,400
2586,288
2587,11
2588,61/2
2589,9
2590,12.24
2591,69
2592,45
2593,220
2594,240
2595,1200/11
2596,324
2597,159/20
2598,43.2
2599,32
2600,125
2601,3360
2602,1800
2603,-2.4
2604,16
2605,-4
2606,21
2607,1.25
2608,6.4
2609,0
2610,1600/7
2611,56
2612,1364
2613,1125
2614,110
2615,11
2616,22.4
2617,3000
2618,600
2619,540
2620,96%
2621,1/5
2622,7/11
2623,16
2624,7
2625,50.24
2626,12.56
2627,36
2628,66%
2629,3040/21
2630,-650/33
2631,3
2632,4.8
2633,74
2634,1.2
2635,200/3
2636,32
2637,31008.0
2638,20
2639,3
2640,3
2641,9
2642,18
2643,7680
2644,24
2645,640
2646,10
2647,18
2648,160
2649,0.1875
2650,6.28
2651,40
2652,4
2653,60
2654,540
2655,2.4
2656,10/3
2657,816
2658,2
2659,103.1
2660,37.68
2661,0.08
2662,2965/7
2663,-598
2664,20/3
2665,1728
2666,4
2667,98%
2668,2898/5
2669,368
2670,8/19
2671,600
2672,3500
2673,48
2674,-25/2
2675,35
2676,
2677,9/2
2678,784
2679,5265
2680,395
2681,11
2682,10.07
2683,30
2684,10
2685,2800
2686,150000%
2687,10
2688,272
2689,42/13
2690,275
2691,5440
2692,336
2693,246
2694,18.375
2695,78
2696,94.2
2697,530
2698,3
2699,24
2700,11
2701,9/2
2702,1200
2703,1000
2704,84
2705,200
2706,18600
2707,6
2708,5
2709,3.7
2710,1389
2711,13
2712,42
2713,720
2714,2
2715,370
2716,113.04
2717,140
2718,18
2719,5/2
2720,10850
2721,1512
2722,19200
2723,2223
2724,20400
2725,18/5
2726,15
2727,73/2
2728,2220
2729,8
2730,696/5
2731,32/3
2732,16
2733,800
2734,6
2735,300
2736,9000
2737,1000
2738,7.0251
2739,22
2740,15
2741,75/7
2742,9250
2743,833
2744,40
2745,15
2746,894/65
2747,24
2748,-300
2749,320
2750,26
2751,16
2752,1000
2753,5
2754,15
2755,160
2756,1.26
2757,200
2758,60
2759,350
2760,2
2761,41/6
2762,175/2
2763,432
2764,6
2765,20.8
2766,3
2767,3.82166
2768,419
2769,15/2
2770,800
2771,440
2772,6
2773,30
2774,28/23
2775,24
2776,5
2777,504
2778,100
2779,250
2780,12
2781,110
2782,51/100
2783,8
2784,375
2785,8
2786,1460
2787,288
2788,-8
2789,13
2790,7
2791,32/9
2792,36
2793,12
2794,50
2795,100
2796,51.7
2797,20/3
2798,5.91447
2799,7
2800,-3
2801,720
2802,7
2803,1
2804,3087
2805,246
2806,40
2807,15
2808,200
2809,37
2810,150.72
2811,1344
2812,1600/17
2813,12
2814,150.72
2815,0.5
2816,12
2817,3600
2818,196
2819,-120
2820,12.56
2821,130
2822,400
2823,6/5
2824,27/11
2825,70
2826,3520
2827,383/79
2828,250
2829,96
2830,122
2831,72
2832,10
2833,48
2834,348
2835,400
2836,33
2837,920
2838,-2400
2839,83.3%
2840,140
2841,114/11
2842,31
2843,33
2844,2700
2845,1130.4
2846,240
2847,0
2848,141.3
2849,846
2850,9
2851,50.24
2852,36
2853,2
2854,54/5
2855,9.1%
2856,65
2857,28
2858,3
2859,10
2860,5500
2861,308
2862,276/7
2863,44.1
2864,14
2865,16
2866,15
2867,160
2868,9.42
2869,1000
2870,280
2871,1
2872,1188
2873,4
2874,8
2875,750
2876,4
2877,-1362%
2878,910
2879,32
2880,33
2881,7200
2882,98%
2883,30
2884,80
2885,36/5
2886,70
2887,1256
2888,1380
2889,5024
2890,1610
2891,270
2892,3
2893,64
2894,320
2895,21.4%
2896,4
2897,321
2898,12310
2899,1375
2900,1
2901,527
2902,53
2903,1296
2904,630
2905,66
2906,1118
2907,0.6
2908,50.24
2909,72
2910,42
2911,10
2912,505
2913,2136
2914,6.28
2915,160
2916,4
2917,1808.64
2918,55
2919,379
2920,200
2921,24
2922,32
2923,6600
2924,5/4
2925,0.8
2926,11685
2927,54/7
2928,750
2929,8
2930,132000
2931,150
2932,5037
2933,51/400
2934,-2
2935,502.4
2936,80/3
2937,78.5
2938,-330
2939,0.01
2940,2250
2941,326
2942,5024
2943,108
2944,12
2945,1440
2946,-7142
2947,200
2948,420
2949,462
2950,36
2951,3.63
2952,16
2953,-2775
2954,2750/3
2955,675/4
2956,38
2957,14
2958,36
2959,10
2960,18
2961,35
2962,41
2963,100
2964,50.24
2965,-1
2966,
2967,2700
2968,60
2969,-14
2970,24
2971,21.2
2972,27/13
2973,-1/5
2974,6
2975,12
2976,4.096
2977,125.6
2978,180
2979,10
2980,120/7
2981,94.6%
2982,110/7
2983,80
2984,800
2985,295
2986,0.96
2987,11
2988,99
2989,47
2990,994.4
2991,1.6
2992,78.5
2993,2.45581
2994,1150
2995,48/5
2996,100
2997,138
2998,18
2999,30/7
3000,40/3
3001,137
3002,88
3003,188.4
3004,13.06452
3005,
3006,540
3007,15
3008,126
3009,135.648
3010,31.4
3011,1.65
3012,10.048
3013,1271
3014,6.28
3015,1000/3
3016,18
3017,600
3018,100
3019,360
3020,40
3021,560
3022,640
3023,300
3024,15
3025,600
3026,18
3027,800
3028,7200
3029,1
3030,2
3031,742
3032,54/7
3033,18/5
3034,8
3035,1560
3036,140
3037,-4
3038,15%
3039,40000
3040,125.6
3041,1
3042,12
3043,18/5
3044,800/3
3045,15
3046,1906
3047,1680
3048,8
3049,12
3050,-11.5
3051,256
3052,15
3053,81
3054,6
3055,3375/4
3056,400
3057,15
3058,35
3059,2688/5
3060,650
3061,1248
3062,12.56
3063,37.68
3064,60
3065,260
3066,960
3067,60
3068,140
3069,11400
3070,120
3071,3540
3072,0%
3073,54
3074,4.3
3075,2000
3076,20
3077,
3078,360
3079,113
3080,143
3081,208/3
3082,2512
3083,
3084,12
3085,108
3086,2450
3087,20
3088,3
3089,8
3090,98%
3091,52/9
3092,184
3093,216
3094,96.8
3095,272
3096,0.26
3097,1.2
3098,314
3099,3
3100,2.36
3101,5
3102,1000
3103,53
3104,9
3105,48
3106,45
3107,1650
3108,530
3109,47/4
3110,4
3111,360
3112,192
3113,160
3114,470
3115,-13.9
3116,1050
3117,240
3118,22
3119,45
3120,78.5
3121,864
3122,-2833500
3123,6
3124,10
3125,160
3126,750
3127,112/125
3128,1
3129,400
3130,3250
3131,2376/79
3132,10
3133,3.42857
3134,2000/3
3135,-5
3136,244.92
3137,19
3138,640
3139,4
3140,97.5%
3141,4000
3142,
3143,24
3144,2
3145,23440
3146,-111
3147,2250
3148,1.1
3149,500
3150,11
3151,24
3152,15
3153,155/2
3154,9
3155,12
3156,24
3157,16.61538
3158,121
3159,12
3160,200000
3161,175/11
3162,2200
3163,20%
3164,1.44
3165,64
3166,45
3167,26
3168,18
3169,7
3170,20
3171,80
3172,32
3173,15
3174,147/2
3175,140
3176,1791
3177,41
3178,624
3179,48
3180,2700
3181,36.3
3182,12.6
3183,0.7
3184,720
3185,180
3186,5.5
3187,-121
3188,807
3189,15
3190,72
3191,850
3192,276
3193,60
3194,720
3195,30
3196,52
3197,6400
3198,1800
3199,465
3200,70
3201,96
3202,3600
3203,4800
3204,63
3205,10
3206,1400
3207,94
3208,188/3
3209,85
3210,120
3211,12
3212,72
3213,8
3214,9
3215,75
3216,600
3217,800
3218,24
3219,130
3220,11
3221,4
3222,15
3223,210
3224,360
3225,175
3226,160
3227,3/4
3228,30
3229,8
3230,2520
3231,384
3232,360
3233,123
3234,218
3235,2880
3236,864
3237,3250
3238,175
3239,85
3240,126
3241,9750
3242,1158
3243,1160
3244,1600
3245,50
3246,1820
3247,372
3248,1880
3249,3600
3250,280
3251,78
3252,300
3253,1200
3254,30
3255,6
3256,25
3257,3
3258,8
3259,4
3260,1692
3261,8
3262,3750
3263,24
3264,285
3265,7
3266,20
3267,1980
3268,35
3269,186
3270,225
3271,24
3272,27
3273,8
3274,75
3275,336
3276,180
3277,35
3278,305
3279,625
3280,784
3281,5124
3282,6
3283,130
3284,1208
3285,-1/3
3286,11
3287,9
3288,7632
3289,5400
3290,250
3291,218
3292,120
3293,9
3294,45
3295,65/3
3296,86
3297,200
3298,1000
3299,105
3300,13
3301,27
3302,228
3303,109
3304,99
3305,11
3306,447
3307,477
3308,103
3309,39
3310,112
3311,660
3312,84
3313,9
3314,31
3315,7
3316,63
3317,315
3318,362
3319,8
3320,220
3321,54
3322,605
3323,21
3324,7680
3325,60
3326,200
3327,8250
3328,1425
3329,32
3330,80
3331,90
3332,250
3333,720
3334,420
3335,90
3336,203
3337,31
3338,448
3339,576
3340,200
3341,720
3342,95
3343,4
3344,569
3345,5
3346,100
3347,15
3348,8400
3349,180
3350,32
3351,13
3352,13
3353,48
3354,39
3355,2600
3356,784
3357,130
3358,60
3359,86
3360,550
3361,520
3362,204
3363,126
3364,295
3365,40
3366,37
3367,300
3368,119
3369,10
3370,13500
3371,4410
3372,1052
3373,1320
3374,658
3375,180
3376,44
3377,910
3378,300
3379,256
3380,27
3381,1043
3382,105
3383,-116
3384,1122
3385,84
3386,25
3387,15
3388,24
3389,25
3390,98
3391,432
3392,960
3393,60
3394,129
3395,130
3396,24
3397,25
3398,150
3399,100
3400,845
3401,90
3402,36
3403,52
3404,-30
3405,89
3406,214
3407,200
3408,1
3409,32
3410,125
3411,6
3412,96
3413,4185
3414,1325
3415,207
3416,5
3417,300/61
3418,16
3419,1530
3420,52
3421,242/5
3422,552
3423,5014
3424,1764
3425,3
3426,6240
3427,432
3428,1
3429,25
3430,3
3431,38
3432,-1435
3433,4
3434,131
3435,16.4
3436,24
3437,39/4
3438,1824
3439,87
3440,0.72
3441,480
3442,20/13
3443,2
3444,2015
3445,279
3446,700
3447,32/5
3448,15/2
3449,96
3450,1400
3451,172
3452,5200
3453,152
3454,36
3455,98
3456,-20/7
3457,19/7
3458,100
3459,8
3460,33
3461,1
3462,15
3463,336
3464,85
3465,3
3466,690
3467,180
3468,57.9
3469,430
3470,3
3471,15
3472,16.5
3473,1000
3474,13
3475,100
3476,2.6
3477,25
3478,8
3479,600
3480,360
3481,4.88136
3482,100/3
3483,157.5
3484,800
3485,16
3486,10
3487,18
3488,288
3489,150
3490,20
3491,192
3492,32/3
3493,882
3494,100
3495,75
3496,7
3497,648/155
3498,190.8
3499,6
3500,6
3501,16
3502,100
3503,800
3504,32
3505,3120
3506,-119/13
3507,10
3508,275
3509,3200
3510,300
3511,420
3512,200
3513,3750
3514,21.75
3515,5760
3516,988
3517,72
3518,3
3519,3500
3520,192
3521,8
3522,24
3523,6
3524,36
3525,500
3526,150
3527,46
3528,9/2
3529,58
3530,40
3531,75/56
3532,23
3533,19/40
3534,1/5
3535,1
3536,9
3537,6
3538,192
3539,276
3540,50
3541,2400
3542,12180
3543,2600
3544,6
3545,5
3546,48/5
3547,1494
3548,588
3549,2000
3550,140
3551,45
3552,-15
3553,5050
3554,205
3555,720
3556,316
3557,-13/5
3558,250000
3559,1776/5
3560,428
3561,3120
3562,840
3563,9
3564,380
3565,175
3566,32
3567,123
3568,1488
3569,2
3570,25
3571,6
3572,-3
3573,35
3574,42
3575,8800
3576,10
3577,152
3578,8
3579,1
3580,3960
3581,80
3582,25
3583,78
3584,675/2
3585,346/9
3586,80/9
3587,7
3588,6480
3589,10936
3590,4500
3591,52
3592,9
3593,92
3594,145/3
3595,2000
3596,360
3597,4
3598,23
3599,17
3600,194
3601,89600
3602,74
3603,12450
3604,1500
3605,640
3606,40
3607,60
3608,42
3609,6
3610,160
3611,10
3612,634.2
3613,80
3614,945
3615,8
3616,480
3617,1266
3618,2560
3619,160
3620,396
3621,6
3622,450
3623,2
3624,0
3625,2240
3626,102
3627,32
3628,1080
3629,-630
3630,1200
3631,920
3632,660
3633,13000
3634,3575
3635,125
3636,140
3637,519
3638,0
3639,300
3640,166
3641,6
3642,108
3643,3330
3644,21.45
3645,24
3646,6
3647,2450
3648,7
3649,690
3650,20
3651,3
3652,48
3653,250
3654,252
3655,54
3656,161
3657,1035
3658,70
3659,982
3660,30
3661,3600
3662,8
3663,78
3664,15
3665,566
3666,98
3667,45
3668,1675
3669,588
3670,2916
3671,1440
3672,13
3673,100
3674,13.3
3675,640
3676,477000
3677,359/42
3678,28.5
3679,5880
3680,10080
3681,1380
3682,72/5
3683,240000
3684,25
3685,272
3686,1536
3687,400
3688,1000
3689,384
3690,360
3691,4.78723
3692,1
3693,39
3694,1118
3695,504
3696,17
3697,77
3698,7500
3699,211
3700,1632
3701,390
3702,880
3703,4
3704,1350
3705,31/5
3706,4500
3707,168
3708,68
3709,36
3710,6
3711,104
3712,18090
3713,8
3714,450
3715,570
3716,10000
3717,509
3718,12
3719,684
3720,13
3721,318
3722,655
3723,72
3724,158625
3725,7
3726,24
3727,160
3728,12
3729,5
3730,1250
3731,84
3732,2
3733,136
3734,534
3735,800
3736,107
3737,3800
3738,640
3739,350000
3740,429
3741,600
3742,728
3743,4710
3744,140
3745,450
3746,212
3747,80
3748,100
3749,30
3750,-44
3751,45
3752,200
3753,288
3754,1176
3755,360
3756,67
3757,52
3758,3360
3759,5000
3760,252
3761,96
3762,280
3763,3
3764,0.42
3765,11
3766,4
3767,2210
3768,300
3769,8
3770,49
3771,2160
3772,108
3773,88/13
3774,348
3775,11
3776,20000
3777,479
3778,76475
3779,3/2
3780,552
3781,15
3782,2
3783,175
3784,20
3785,5
3786,23800
3787,29
3788,414
3789,575
3790,650
3791,3430
3792,126
3793,65
3794,181
3795,93.6
3796,24
3797,18
3798,102
3799,1638
3800,1100
3801,27
3802,8130
3803,3
3804,9
3805,84
3806,1679
3807,4400
3808,54
3809,37
3810,-44
3811,144
3812,60
3813,45
3814,900
3815,24
3816,667
3817,15
3818,45
3819,36
3820,10850
3821,40
3822,36
3823,20
3824,120
3825,5
3826,36
3827,200
3828,768
3829,1770
3830,-23/2
3831,43.2
3832,112000
3833,11
3834,-10/221
3835,540
3836,768
3837,8
3838,45
3839,2970
3840,8100
3841,1232
3842,576
3843,1257
3844,6
3845,83/8
3846,7
3847,576
3848,15
3849,5850
3850,90
3851,256
3852,75
3853,54
3854,2520
3855,175
3856,3456
3857,216
3858,455
3859,25000/3
3860,960
3861,96
3862,140
3863,1440
3864,468
3865,3744
3866,1680
3867,375
3868,368
3869,5000
3870,10
3871,40
3872,28
3873,1120
3874,27
3875,5760
3876,54
3877,120
3878,530
3879,3000
3880,10.24
3881,110
3882,114
3883,2880
3884,30
3885,4
3886,216
3887,80
3888,160
3889,1200
3890,144
3891,20
3892,1.46
3893,108
3894,15
3895,24
3896,270
3897,162
3898,12
3899,70
3900,-31/2
3901,40
3902,40
3903,2800
3904,2
3905,61
3906,1728
3907,168
3908,14.5
3909,0.36
3910,410
3911,400
3912,91
3913,480
3914,3100000
3915,5640
3916,600
3917,20
3918,3360
3919,312
3920,25
3921,610
3922,2100
3923,33
3924,775
3925,20
3926,4
3927,240
3928,225
3929,110
3930,112
3931,4.08
3932,-2
3933,451/18
3934,95
3935,25
3936,1680
3937,27/10
3938,651
3939,3240
3940,396
3941,1247
3942,1
3943,768
3944,12
3945,108
3946,204
3947,19/6
3948,900
3949,645/53
3950,1035
3951,420
3952,14
3953,324
3954,462
3955,1600
3956,682
3957,63
3958,6
3959,8
3960,30
3961,81
3962,36
3963,375
3964,437
3965,78/5
3966,3840
3967,30
3968,384
3969,24
3970,601
3971,80
3972,-257
3973,29/240
3974,60
3975,40
3976,90
3977,-26.14286
3978,95/7
3979,5/3
3980,48
3981,25
3982,4
3983,-56
3984,420/11
3985,300
3986,51
3987,0.575
3988,64
3989,42
3990,1260
3991,32/19
3992,5400
3993,69
3994,1920
3995,212
3996,18
3997,46
3998,600
3999,1
4000,51
4001,19
4002,1485
4003,1750
4004,2462
4005,8/5
4006,76
4007,51
4008,8140
4009,8/5
4010,100
4011,2.36
4012,192
4013,149/4
4014,15
4015,0.3
4016,20
4017,706
4018,12.6
4019,18.4
4020,33
4021,0.5
4022,8
4023,230
4024,9
4025,-600
4026,3046
4027,144/7
4028,400
4029,60
4030,40
4031,18
4032,10/3
4033,960
4034,17
4035,8
4036,173
4037,336
4038,1799
4039,1022.4
4040,64.5
4041,500
4042,1930
4043,800
4044,12
4045,160
4046,2400
4047,1500
4048,88
4049,290
4050,120
4051,36/5
4052,200
4053,18
4054,0.0018
4055,126
4056,12
4057,250
4058,234
4059,288
4060,240
4061,3080
4062,48
4063,645
4064,8
4065,405
4066,152
4067,-280
4068,50.6
4069,1008
4070,51.5
4071,1875
4072,325
4073,110
4074,1400
4075,182
4076,30
4077,6
4078,13.25
4079,32
4080,8
4081,176
4082,-75
4083,1712
4084,6
4085,600
4086,368/3
4087,1442
4088,1200
4089,11
4090,48
4091,930
4092,-22
4093,20
4094,9600
4095,3924
4096,3/2
4097,3
4098,198
4099,2040
4100,60
4101,25
4102,1000
4103,7200/11
4104,-3
4105,1600
4106,135
4107,576
4108,61
4109,3.3
4110,186
4111,6/5
4112,5
4113,36
4114,4060
4115,90
4116,8
4117,16
4118,12
4119,690
4120,24
4121,20
4122,40
4123,8
4124,6
4125,10
4126,3000
4127,1130
4128,98
4129,75
4130,560
4131,722
4132,1095
4133,26.2
4134,224
4135,9.6
4136,456
4137,5/6
4138,-30
4139,14400
4140,50
4141,160/3
4142,67
4143,279
4144,1112
4145,150
4146,13
4147,14/5
4148,12
4149,1163
4150,202
4151,30
4152,50
4153,504
4154,842
4155,42/5
4156,35
4157,424
4158,18
4159,7500
4160,56
4161,20
4162,3140
4163,428000
4164,290/3
4165,514
4166,109
4167,32
4168,4
4169,21
4170,2304
4171,294
4172,1.92
4173,6400
4174,7200
4175,400
4176,28
4177,50.24
4178,436.16
4179,
4180,501/25
4181,6000/1501
4182,72
4183,169
4184,6912
4185,13.16
4186,10
4187,324
4188,60
4189,4
4190,18
4191,1256
4192,80
4193,39
4194,73.3%
4195,169.56
4196,100
4197,96
4198,502.4
4199,27
4200,20736
4201,54
4202,130%
4203,40
4204,12.56
4205,18750
4206,9
4207,388
4208,143
4209,780
4210,83
4211,68
4212,216
4213,15/2
4214,260
4215,30
4216,4
4217,15
4218,21
4219,1050
4220,400
4221,36
4222,24
4223,384
4224,30/17
4225,301.44
4226,-76
4227,180
4228,28/3
4229,188.4
4230,36
4231,-49
4232,6.28
4233,12.5%
4234,78.8768
4235,46
4236,3
4237,225/4
4238,10
4239,20
4240,60
4241,30
4242,600/7
4243,850/3
4244,60
4245,1280
4246,700
4247,108
4248,440
4249,4/3
4250,2
4251,27
4252,900
4253,6.45
4254,81
4255,1.96
4256,33.6
4257,-1
4258,1410
4259,5/2
4260,120
4261,1644
4262,46
4263,738
4264,288
4265,8
4266,0.9
4267,31
4268,330
4269,31.4
4270,4
4271,46
4272,-25
4273,43
4274,115
4275,540
4276,-12
4277,140
4278,30
4279,5472
4280,306
4281,-122.46
4282,-6/5
4283,400
4284,27
4285,900
4286,54.2
4287,2700
4288,90
4289,495360
4290,80
4291,9
4292,11
4293,5855
4294,28350
4295,144
4296,64
4297,-275
4298,50960
4299,40
4300,7
4301,30/7
4302,1440
4303,5
4304,240
4305,50
4306,84
4307,48
4308,-40
4309,2
4310,135
4311,27
4312,30
4313,36
4314,20%
4315,10%
4316,2646
4317,225
4318,48
4319,5
4320,187
4321,4
4322,1250
4323,5/3
4324,28.26
4325,2.09333
4326,51.46
4327,0.33333
4328,60
4329,-54.24
4330,4
4331,2606
4332,6
4333,288
4334,342
4335,512/5
4336,-45/2
4337,272/3
4338,32
4339,64
4340,8%
4341,320
4342,180
4343,1500
4344,-15
4345,9.03333
4346,40%
4347,25.4
4348,500%
4349,224
4350,-500/7
4351,1200
4352,6
4353,16
4354,5
4355,-383.33333
4356,10
4357,-56
4358,1.82
4359,
4360,100
4361,384/5
4362,999/5
4363,8
4364,1125/2
4365,8/3
4366,-540
4367,56/45
4368,450/17
4369,2/35
4370,90
4371,47275000
4372,360
4373,-135/4
4374,27/2
4375,3/5
4376,76
4377,4
4378,50
4379,9
4380,3.14
4381,100
4382,2
4383,45
4384,284
4385,359/4
4386,140/3
4387,1.66667
4388,
4389,40000
4390,-2000
4391,280
4392,16.33333
4393,3.2
4394,790
4395,6400
4396,6400
4397,2000/3
4398,20/3
4399,7
4400,-87
4401,550
4402,192
4403,25
4404,72
4405,53
4406,53
4407,16.8
4408,405
4409,164/9
4410,30
4411,
4412,2.08
4413,142
4414,1236
4415,40
4416,85
4417,80
4418,400
4419,540
4420,6
4421,75
4422,38/3
4423,10000
4424,331.21019
4425,1920
4426,4200000
4427,311.11111
4428,36.1728
4429,12.56
4430,282.6
4431,16
4432,1/1152
4433,160
4434,
4435,240
4436,78.5
4437,100
4438,14.13
4439,3.14
4440,10
4441,2000
4442,2500%
4443,942
4444,2600/17
4445,45
4446,5670/29
4447,-36
4448,502.4
4449,188.4
4450,28.26
4451,3
4452,25.12
4453,20/7
4454,103680
4455,12
4456,945
4457,137/4
4458,5
4459,-30
4460,180
4461,63.585
4462,90000
4463,113.04
4464,38.465
4465,28.26
4466,12.56
4467,6.28
4468,480
4469,840
4470,-56
4471,450
4472,56.52
4473,0.3
4474,459000
4475,75.36
4476,4
4477,68
4478,4
4479,120
4480,1
4481,70
4482,75.36
4483,438
4484,240
4485,67
4486,4608
4487,235.5
4488,5
4489,50.24
4490,78.5
4491,0.9
4492,62.8
4493,0
4494,16800
4495,90
4496,60.288
4497,28
4498,141.3
4499,60
4500,153/2
4501,170
4502,5
4503,540
4504,12.56
4505,60%
4506,50.24
4507,10.28
4508,1
4509,634.07643
4510,320
4511,32200/11
4512,12/5
4513,70
4514,-11
4515,4/5
4516,16
4517,1017.36
4518,65.94
4519,34
4520,2/9
4521,0.36
4522,5100
4523,30.5208
4524,64
4525,979.68
4526,1175.616
4527,800
4528,1600
4529,1000
4530,60
4531,-25
4532,5000
4533,6
4534,-100
4535,2100
4536,90
4537,480
4538,0.5
4539,2.198
4540,2300
4541,1
4542,5024
4543,28.26
4544,188
4545,14130
4546,480
4547,11
4548,32/13
4549,602
4550,50.24
4551,277.8%
4552,25.12
4553,60
4554,3.2
4555,268
4556,160.14
4557,282.6
4558,256
4559,30
4560,12.56
4561,28.26
4562,0.21429
4563,25
4564,1
4565,3000
4566,1
4567,31.4
4568,314
4569,97.5%
4570,56.8
4571,5160
4572,2
4573,15.7
4574,1256
4575,4
4576,-30
4577,2009.6
4578,502.4
4579,18.0864
4580,6
4581,113.04
4582,60
4583,30.144
4584,20/3
4585,50.24
4586,50.24
4587,2/25
4588,-400
4589,1400
4590,-430
4591,4
4592,96
4593,314
4594,15/8
4595,6
4596,20/3
4597,20/3
4598,392
4599,110
4600,376.8
4601,125.6
4602,45/2
4603,-250/7
4604,2.512
4605,12.56
4606,11304
4607,10.76977
4608,330
4609,3974
4610,50
4611,62.8
4612,78.5
4613,50.24
4614,19.5
4615,3.14
4616,0.06
4617,1200
4618,240
4619,254.34
4620,50.24
4621,20250%
4622,12
4623,2500/7
4624,1130.4
4625,800
4626,12
4627,3.14
4628,90
4629,750
4630,27.6
4631,4500
4632,1836/25
4633,12
4634,-20
4635,19
4636,26
4637,44
4638,5
4639,2
4640,-9
4641,3.14
4642,12.56
4643,56.52
4644,7570
4645,130.92926
4646,12.5
4647,64
4648,2
4649,201
4650,8.37333
4651,22500
4652,800
4653,156.75
4654,1000
4655,20.0
4656,126
4657,452.16
4658,65
4659,8.4
4660,25.905
4661,1530
4662,176
4663,705/32
4664,1
4665,63
4666,27
4667,3.14
4668,1260
4669,7850
4670,254
4671,251.2
4672,81
4673,180/7
4674,4375/2
4675,3
4676,314
4677,16%
4678,24.3
4679,2461.76
4680,36
4681,33/56
4682,25%
4683,16
4684,942
4685,21.83803
4686,0
4687,100
4688,900
4689,13/25
4690,8.64
4691,1/10
4692,75
4693,12.56
4694,31.4
4695,-87.92
4696,550/7
4697,2.4
4698,20.24
4699,314
4700,314
4701,51
4702,100
4703,100/9
4704,100/9
4705,180
4706,750
4707,63/4
4708,469
4709,216
4710,16.7%
4711,147/4
4712,3768
4713,112
4714,113.04
4715,0.432
4716,67.31108
4717,28.26
4718,720
4719,25.2381
4720,7/5
4721,562
4722,894
4723,21/20
4724,113.04
4725,19
4726,27
4727,20
4728,314
4729,60
4730,238.53503
4731,210
4732,3000
4733,36
4734,11200
4735,3.14
4736,208
4737,415
4738,1500
4739,1600
4740,50.24
4741,7.065
4742,0.02
4743,10.048
4744,629
4745,785
4746,300
4747,42
4748,1004.8
4749,628
4750,14700
4751,24
4752,11.76471
4753,361
4754,194400/13
4755,2800/3
4756,62.8
4757,60
4758,27/10
4759,40000/3
4760,50.24
4761,21/5
4762,3.8
4763,2
4764,7.4942
4765,45/2
4766,1884
4767,1256
4768,10
4769,100.48
4770,31.4
4771,113.04
4772,12.597
4773,108
4774,-0.60811
4775,320
4776,314
4777,23.55
4778,12.5%
4779,169.56
4780,314
4781,37.68
4782,31.4
4783,48
4784,564
4785,7850
4786,600
4787,300
4788,168
4789,3.14
4790,30
4791,168540
4792,985.96
4793,1256
4794,72
4795,50.24
4796,706.5
4797,6.28
4798,180
4799,56.52
4800,1962.5
4801,1256
4802,22294
4803,1256000
4804,95
4805,552.64
4806,63
4807,188400
4808,28.26
4809,101.91083
4810,452.16
4811,1884
4812,63
4813,-1000
4814,117/2
4815,480
4816,76.4%
4817,31/40
4818,220
4819,319.8
4820,336
4821,7.065
4822,5.852
4823,10.175
4824,5.22
4825,-6
4826,5.14286
4827,60
4828,5
4829,9/4
4830,6
4831,2826
4832,352
4833,2
4834,785/2
4835,80
4836,4.4
4837,70.336
4838,314
4839,5652
4840,108
4841,2
4842,18000
4843,52.71
4844,-75/2
4845,50
4846,16
4847,39
4848,696
4849,128/3
4850,64/3
4851,10/3
4852,45/23
4853,353
4854,8/15
4855,7
4856,45
4857,4800
4858,-13/2
4859,1/30
4860,1/2
4861,188.4
4862,40
4863,15/2
4864,20/9
4865,6.28
4866,15
4867,5/4
4868,23.43333
4869,85
4870,84
4871,40/9
4872,50
4873,150720
4874,301440
4875,251.2
4876,628
4877,251.2
4878,4800
4879,240%
4880,50.24
4881,1/56
4882,
4883,1/5
4884,864000
4885,84
4886,24
4887,3
4888,56
4889,7
4890,6
4891,1960/11
4892,48
4893,2200/3
4894,9990
4895,32
4896,125/2
4897,86
4898,-60
4899,-15/2
4900,110.76923
4901,19
4902,81/2
4903,448/5
4904,25.12
4905,50.24
4906,100/3
4907,2
4908,40
4909,85
4910,18
4911,25.12
4912,1497
4913,3
4914,150
4915,3
4916,63
4917,12
4918,36/7
4919,-3.84615
4920,200
4921,15
4922,12.6
4923,3
4924,40/19
4925,144
4926,1000
4927,1530
4928,24
4929,7
4930,125
4931,0.3
4932,300
4933,16
4934,31.5
4935,40/9
4936,38
4937,10
4938,14/17
4939,7/10
4940,61.52
4941,7
4942,
4943,90
4944,67.5
4945,5/4
4946,1/6
4947,157/9
4948,265
4949,16.44444
4950,19
4951,205
4952,165
4953,-6
4954,640
4955,1/5
4956,52
4957,196
4958,4/3
4959,100.48
4960,75.36
4961,120
4962,14%
4963,10
4964,0.82759
4965,-25
4966,83
4967,13416
4968,68
4969,62
4970,68
4971,45
4972,68
4973,1584
4974,18
4975,63
4976,18
4977,18
4978,17
4979,-7
4980,56
4981,9
4982,84
4983,56
4984,24
4985,18
4986,16
4987,128
4988,27
4989,12
4990,35
4991,18
4992,4
4993,5
4994,6
4995,28
4996,18
4997,24
4998,94
4999,14
5000,36
5001,27
5002,32
5003,368
5004,78
5005,125
5006,74
5007,23
5008,173
5009,-48
5010,61
5011,47
5012,8
5013,5
5014,7
5015,9
5016,6
5017,6
5018,26
5019,8
5020,8
5021,28
5022,31
5023,7
5024,9
5025,490
5026,833
5027,19
5028,28
5029,20
5030,-3
5031,22
5032,44
5033,4
5034,17
5035,10
5036,2
5037,11
5038,38
5039,41
5040,8
5041,4
5042,100
5043,31
5044,209/9
5045,22
5046,-4
5047,49
5048,18
5049,18
5050,13
5051,3
5052,11
5053,25
5054,264
5055,91
5056,35
5057,90
5058,56
5059,26
5060,81
5061,4
5062,600
5063,55
5064,6
5065,18
5066,30
5067,89
5068,1414
5069,80
5070,117
5071,51
5072,88
5073,16
5074,24
5075,57
5076,26
5077,-4
5078,823
5079,7
5080,27
5081,30
5082,35
5083,16
5084,-32
5085,56
5086,24
5087,24
5088,18
5089,33
5090,32
5091,16
5092,24
5093,23
5094,8
5095,6
5096,8
5097,16
5098,15
5099,18
5100,8
5101,18
5102,12
5103,15
5104,40
5105,18
5106,33
5107,7
5108,19
5109,20
5110,180
5111,21
5112,-463
5113,180
5114,38
5115,800
5116,24
5117,70
5118,1406.72
5119,96
5120,24/23
5121,3500/11
5122,1800
5123,6
5124,44
5125,352
5126,8
5127,19
5128,700
5129,1
5130,-50
5131,374/5
5132,266
5133,12
5134,70
5135,49/4
5136,21
5137,3
5138,15
5139,0.942
5140,79.128
5141,6.28
5142,299/80
5143,1791
5144,3/2
5145,1
5146,120/11
5147,0
5148,76800
5149,51
5150,1232
5151,41
5152,-440/3
5153,189
5154,14.58
5155,3380
5156,69.5
5157,0.2
5158,1250/11
5159,240
5160,40
5161,255
5162,2160
5163,362
5164,4000
5165,-2
5166,180
5167,576/5
5168,36
5169,1256
5170,344
5171,25.12
5172,1.008
5173,2700
5174,6
5175,-14
5176,120
5177,12
5178,502.4
5179,33.75
5180,28
5181,1
5182,5000
5183,90
5184,28
5185,2
5186,1450
5187,464
5188,14
5189,12500
5190,5/3
5191,260/3
5192,12
5193,12
5194,70/3
5195,90
5196,4
5197,22
5198,-15
5199,-0.41
5200,959
5201,0.048
5202,36/5
5203,14
5204,54
5205,36.3
5206,26
5207,500
5208,5
5209,0.85
5210,60000/251
5211,25/16
5212,4584
5213,30
5214,45
5215,2.38636
5216,14/3
5217,1.884
5218,32
5219,62.8
5220,360
5221,6
5222,450
5223,80
5224,1440
5225,36
5226,300
5227,49
5228,64
5229,261
5230,15.7
5231,12
5232,1750/11
5233,60
5234,3360
5235,900
5236,987.2
5237,3.14
5238,184
5239,9
5240,2.398
5241,2300
5242,600
5243,314
5244,96
5245,64
5246,45
5247,26
5248,18
5249,10
5250,2
5251,20
5252,26
5253,32
5254,15
5255,147/2
5256,12.6
5257,64
5258,25
5259,55/2
5260,48
5261,812.80788
5262,84
5263,212/5
5264,45
5265,95
5266,23
5267,112.5
5268,3060
5269,20
5270,-4
5271,24
5272,9
5273,35
5274,250
5275,12/7
5276,300/7
5277,7347.6312
5278,13%
5279,12160
5280,5
5281,3200
5282,72
5283,25960
5284,20
5285,131880
5286,25.12
5287,31.4
5288,-15
5289,30
5290,108
5291,15
5292,-41964.75
5293,10
5294,100
5295,384
5296,11
5297,9/4
5298,5/3
5299,225
5300,252/5
5301,800
5302,
5303,16000/3
5304,-3
5305,396
5306,-24
5307,92
5308,4000
5309,400
5310,231/2
5311,17.28
5312,12
5313,40
5314,144/5
5315,251.2
5316,204
5317,10
5318,160
5319,-760
5320,2900
5321,18
5322,48
5323,1.25
5324,3.14
5325,-180
5326,30
5327,9
5328,200/9
5329,4618.845
5330,600
5331,512/5
5332,2500
5333,1
5334,36
5335,7200
5336,144
5337,5040/23
5338,51
5339,50
5340,7191/10
5341,2000
5342,45
5343,384
5344,75.36
5345,565.2
5346,10
5347,108
5348,14
5349,250
5350,1920
5351,4400/3
5352,350
5353,2600
5354,424
5355,320
5356,19200
5357,480
5358,-20/3
5359,20
5360,6280
5361,32
5362,7
5363,16
5364,10
5365,10
5366,800
5367,-45
5368,200.96
5369,4.5216
5370,516
5371,480
5372,7500
5373,90
5374,104
5375,-25
5376,60
5377,25
5378,2565
5379,200
5380,2.5
5381,2/3
5382,600
5383,1232
5384,126
5385,200
5386,15.4
5387,720
5388,3
5389,57
5390,47/7
5391,40
5392,37.8
5393,6
5394,3/4
5395,8/5
5396,500
5397,4712
5398,140
5399,70/3
5400,455
5401,1125
5402,13
5403,-85/999
5404,15
5405,0.006
5406,304
5407,9000
5408,21
5409,189/4
5410,30
5411,80
5412,12
5413,89
5414,157
5415,360
5416,606
5417,126
5418,480
5419,3600
5420,3600
5421,600
5422,10
5423,45
5424,0.256
5425,15/4
5426,-15000
5427,864
5428,60
5429,900
5430,48
5431,30
5432,480
5433,435/2
5434,2
5435,1200
5436,72/5
5437,1/6
5438,1800
5439,288/13
5440,8/3
5441,72
5442,24
5443,48
5444,36
5445,20
5446,38
5447,2.9
5448,2.7
5449,0.5
5450,0.5
5451,18
5452,140.4
5453,900
5454,160
5455,24
5456,2/25
5457,672
5458,314
5459,125
5460,60/11
5461,1/2
5462,4
5463,1035
5464,21
5465,5
5466,40/3
5467,11/5
5468,1.7
5469,25.9
5470,400
5471,-6400/7
5472,18
5473,6
5474,20
5475,87
5476,360
5477,72
5478,1200/7
5479,18000
5480,4800
5481,8
5482,10
5483,0.25
5484,1.22449
5485,66.66667
5486,320
5487,75/28
5488,10
5489,30
5490,57
5491,56
5492,44
5493,53
5494,112500%
5495,42
5496,20
5497,
5498,775
5499,3750
5500,7.09032
5501,92
5502,9
5503,3720
5504,880
5505,525/4
5506,15/2
5507,450
5508,305
5509,100
5510,4
5511,-11200/13
5512,32
5513,8
5514,190
5515,25/4
5516,5000
5517,1200
5518,-2189/196
5519,769.5
5520,32
5521,288
5522,42
5523,2080
5524,45
5525,4
5526,420
5527,110
5528,17.35751
5529,-328
5530,52
5531,2200
5532,5337.5
5533,48
5534,22
5535,2.06062
5536,5400
5537,405
5538,1.3
5539,120
5540,88
5541,90
5542,63
5543,428
5544,1/3
5545,120/7
5546,33.81111
5547,-57
5548,3
5549,120
5550,1800
5551,617
5552,1560
5553,-24
5554,40/9
5555,6600
5556,96
5557,260
5558,12
5559,300/11
5560,2.4
5561,300
5562,13200
5563,760
5564,12
5565,30
5566,9.25556
5567,45
5568,4/5
5569,200
5570,240
5571,16/5
5572,208
5573,12210
5574,528
5575,28
5576,11/10
5577,196.50497
5578,44.64
5579,140
5580,40.8
5581,32
5582,13.2
5583,1120
5584,120
5585,12
5586,39
5587,420
5588,360
5589,38
5590,3
5591,2400
5592,195
5593,1080
5594,25
5595,1
5596,147.5
5597,1407/17
5598,31
5599,900
5600,480
5601,13125
5602,432
5603,1
5604,384
5605,185/2
5606,-4240
5607,7
5608,132/131
5609,4000
5610,86.4
5611,32
5612,84
5613,0.0065
5614,54
5615,376.8
5616,6.28
5617,5220
5618,276/11
5619,321.3
5620,4.3
5621,6280
5622,94.2
5623,2
5624,52
5625,200/7
5626,50400
5627,4
5628,1200
5629,240
5630,250
5631,1153
5632,44
5633,810
5634,952.38095
5635,94.2
5636,27000
5637,1413
5638,36
5639,12
5640,5
5641,101.2
5642,2592
5643,480
5644,10
5645,96
5646,51/7
5647,28.26
5648,105
5649,120
5650,960
5651,56.52
5652,600
5653,375
5654,129/26
5655,105
5656,500
5657,3
5658,103
5659,25/4
5660,240
5661,20
5662,80
5663,5/8
5664,0.25
5665,128
5666,30
5667,350
5668,120
5669,3
5670,500
5671,0.198
5672,-2999
5673,60
5674,1000
5675,31.4
5676,28033.33333
5677,26
5678,62
5679,1500
5680,500
5681,708.75
5682,1256
5683,6.28
5684,600
5685,56.52
5686,25
5687,50404
5688,6240
5689,90
5690,25
5691,2000
5692,25
5693,57
5694,90
5695,920
5696,525
5697,1600
5698,24
5699,672
5700,50.24
5701,900
5702,40
5703,50/3
5704,700
5705,80
5706,49
5707,12600
5708,23.22222
5709,13900
5710,1107
5711,27
5712,64
5713,800
5714,1.1
5715,109.9
5716,113
5717,8
5718,192
5719,38/3
5720,945
5721,22.608
5722,50
5723,5
5724,945
5725,105
5726,-6
5727,275
5728,30
5729,4
5730,6
5731,1400
5732,992
5733,86.8
5734,5702
5735,38/3
5736,-202.4672
5737,400
5738,3430
5739,45
5740,8
5741,6.4
5742,11
5743,90
5744,600
5745,52
5746,1920
5747,6
5748,2000
5749,3768
5750,702
5751,332
5752,300
5753,285
5754,291
5755,90
5756,142
5757,27
5758,80/3
5759,18
5760,150
5761,3/4
5762,300
5763,98
5764,36
5765,2
5766,1680
5767,144/5
5768,1200
5769,260
5770,125/2
5771,-40
5772,375/17
5773,-72
5774,75/2
5775,63999/10
5776,50
5777,1200
5778,24
5779,10
5780,88
5781,8.69565
5782,192
5783,17/8
5784,20
5785,2000
5786,145
5787,44
5788,22750
5789,9000/29
5790,110
5791,6
5792,288
5793,9020
5794,20
5795,162
5796,420
5797,6
5798,100/3
5799,5.832
5800,648
5801,216
5802,250
5803,302.4
5804,2
5805,3/5
5806,200
5807,1050
5808,60
5809,391/5
5810,18
5811,239/318
5812,7
5813,300
5814,227
5815,81/4
5816,405/8
5817,352
5818,2
5819,450
5820,9
5821,36
5822,1
5823,38
5824,42
5825,15
5826,20000
5827,3
5828,24
5829,23810
5830,2550
5831,16/7
5832,35000
5833,8
5834,361/5
5835,1083/5
5836,62800
5837,1.9
5838,24.649
5839,18.84
5840,20
5841,2
5842,100
5843,577.76
5844,559/4
5845,188/3
5846,94
5847,1600
5848,3725/6
5849,162/5
5850,1.8
5851,62.4
5852,25
5853,8640
5854,480
5855,4900/3
5856,9000
5857,125
5858,2940
5859,24
5860,-12
5861,0.8
5862,126.7
5863,251
5864,42
5865,1.1
5866,150
5867,3
5868,1
5869,6.47
5870,15
5871,12
5872,120
5873,0.125
5874,120
5875,25600
5876,12
5877,72
5878,1
5879,450
5880,12
5881,501
5882,1.2
5883,1
5884,24
5885,100
5886,2/3
5887,9.16667
5888,4/5
5889,53
5890,7
5891,180
5892,41
5893,68.35
5894,2000
5895,32
5896,750
5897,14.5
5898,5460
5899,50
5900,270
5901,6
5902,27.5
5903,1.875
5904,-240720
5905,182
5906,354
5907,60
5908,21
5909,7
5910,49
5911,9
5912,16
5913,33
5914,15
5915,8
5916,3
5917,7
5918,50
5919,60
5920,46
5921,8
5922,8
5923,18
5924,41
5925,823
5926,14
5927,0
5928,694
5929,1021
5930,5
5931,800
5932,9
5933,72
5934,42
5935,26
5936,24
5937,8
5938,6
5939,35
5940,12
5941,20
5942,20
5943,75
5944,15
5945,1
5946,10
5947,-12
5948,46
5949,56
5950,18
5951,4
5952,12
5953,11
5954,7
5955,42
5956,21
5957,13
5958,82
5959,44
5960,20
5961,62
5962,18
5963,36
5964,15
5965,24
5966,16
5967,53
5968,41
5969,3
5970,72
5971,53
5972,4
5973,6
5974,5
5975,6
5976,28
5977,18
5978,2
5979,12
5980,27
5981,38
5982,9
5983,4
5984,22
5985,60
5986,9
5987,34
5988,17
5989,27
5990,10
5991,4
5992,4
5993,302
5994,18
5995,20
5996,6
5997,4
5998,8
5999,5
6000,7
6001,21
6002,6
6003,6
6004,38
6005,31
6006,7
6007,9
6008,47
6009,833
6010,19
6011,28
6012,20
6013,-3
6014,22
6015,44
6016,27
6017,8
6018,4
6019,100
6020,31
6021,209/9
6022,22
6023,-4
6024,49
6025,18
6026,18
6027,13
6028,3
6029,11
6030,25
6031,264
6032,91
6033,35
6034,90
6035,56
6036,26
6037,81
6038,55
6039,6
6040,97
6041,51
6042,88
6043,16
6044,24
6045,57
6046,26
6047,-4
6048,-6
6049,21
6050,20
6051,26
6052,31
6053,27
6054,15
6055,88
6056,677
6057,7
6058,16
6059,8
6060,81
6061,81
6062,37
6063,79
6064,24
6065,10
6066,23
6067,27
6068,23
6069,7
6070,19
6071,9
6072,24
6073,80
6074,71
6075,20
6076,4
6077,20
6078,3
6079,25
6080,40/11
6081,6
6082,14
6083,53
6084,41
6085,37
6086,45
6087,19
6088,24
6089,31
6090,42
6091,11
6092,84
6093,40
6094,44
6095,30
6096,20
6097,4
6098,4
6099,25
6100,8
6101,8
6102,14
6103,47
6104,10
6105,72
6106,34
6107,9
6108,6
6109,-3/2
6110,18
6111,4
6112,19
6113,10
6114,7
6115,7
6116,27
6117,30
6118,35
6119,16
6120,-32
6121,56
6122,24
6123,18
6124,33
6125,32
6126,16
6127,24
6128,23
6129,8
6130,6
6131,8
6132,16
6133,15
6134,18
6135,8
6136,18
6137,12
6138,15
6139,40
6140,18
6141,20
6142,70
6143,16
6144,27
6145,21
6146,-463
6147,180
6148,38
6149,4/3
6150,4/3
6151,80
6152,68
6153,60
6154,20
6155,45
6156,270
6157,139
6158,492
6159,370
6160,4
6161,40
6162,300
6163,5
6164,4/5
6165,400
6166,18
6167,1791
6168,528
6169,720
6170,-121
6171,49
6172,4
6173,1620
6174,30
6175,36
6176,175
6177,2400
6178,4.2
6179,7
6180,38
6181,27
6182,264
6183,40
6184,3500
6185,203360
6186,61
6187,4360
6188,560
6189,543
6190,253
6191,85
6192,450
6193,90
6194,95
6195,-1779
6196,240
6197,5100
6198,1008
6199,36
6200,32/3
6201,48
6202,4
6203,72
6204,5
6205,40
6206,328
6207,9
6208,100
6209,23
6210,78
6211,4560
6212,358
6213,148
6214,142
6215,270
6216,99
6217,50
6218,16
6219,36
6220,477
6221,562
6222,177
6223,39
6224,14
6225,9
6226,52
6227,9
6228,9
6229,72
6230,315
6231,362
6232,8
6233,220
6234,14
6235,2200
6236,98
6237,96
6238,113
6239,16
6240,360
6241,33
6242,210
6243,5
6244,6
6245,535
6246,278
6247,88
6248,395
6249,150
6250,5
6251,5
6252,156
6253,200
6254,36
6255,96
6256,78
6257,100
6258,6
6259,2250
6260,11
6261,12
6262,8
6263,968
6264,91
6265,152
6266,182
6267,20/3
6268,21
6269,540
6270,4000
6271,120
6272,1400/3
6273,77
6274,41.2
6275,-600
6276,-4
6277,63
6278,250
6279,4
6280,5
6281,344
6282,186
6283,10
6284,29.4
6285,1.04
6286,2.12
6287,42
6288,210
6289,32
6290,32
6291,-103
6292,93.08
6293,47.5
6294,3079.8
6295,189
6296,1240
6297,75
6298,67.7
6299,56.7
6300,22.4
6301,12
6302,2463
6303,1110
6304,64
6305,165
6306,1488
6307,315
6308,6
6309,74
6310,157
6311,36
6312,75/2
6313,20
6314,200
6315,90
6316,24
6317,60
6318,3900
6319,599
6320,50
6321,2800
6322,55800
6323,308
6324,1
6325,102
6326,72/7
6327,27000
6328,100
6329,2940
6330,6120
6331,7440
6332,710
6333,13650
6334,4800
6335,696
6336,125
6337,900
6338,9
6339,40
6340,160
6341,48
6342,160
6343,720
6344,2200
6345,4
6346,6
6347,30
6348,48
6349,2
6350,20
6351,3600
6352,13
6353,7
6354,40
6355,5
6356,12
6357,3720
6358,16
6359,15
6360,19
6361,1808
6362,14945
6363,30
6364,24/5
6365,117/2
6366,3.84
6367,8
6368,-266
6369,758
6370,30
6371,24
6372,45
6373,-7
6374,8
6375,107
6376,714
6377,1872
6378,56.52
6379,10
6380,14
6381,20
6382,12
6383,7000
6384,2
6385,100
6386,78
6387,6000
6388,-12.5
6389,6.48
6390,340
6391,2.7
6392,4
6393,12
6394,100
6395,35
6396,6720
6397,1362.05385
6398,5.3
6399,1428
6400,316
6401,6
6402,50
6403,6
6404,200
6405,240
6406,675
6407,338
6408,660
6409,20000
6410,1840
6411,7/10
6412,1000
6413,3.5
6414,120
6415,18
6416,140.1
6417,51.4
6418,1950
6419,24
6420,540
6421,2832
6422,1980
6423,45
6424,1470
6425,1/9
6426,110
6427,1620
6428,15
6429,5/4
6430,27/2
6431,8
6432,54
6433,4320
6434,145
6435,160
6436,288
6437,4050
6438,18
6439,17
6440,1200
6441,5100
6442,800
6443,0
6444,40
6445,86.1
6446,9.42
6447,188.8
6448,36
6449,72/11
6450,87.36
6451,32
6452,576
6453,25/2
6454,355/3
6455,111.6
6456,90
6457,165
6458,300
6459,72
6460,12
6461,15/2
6462,16
6463,110
6464,1920
6465,-21
6466,2
6467,225
6468,-99
6469,441/4
6470,20
6471,40
6472,38
6473,8
6474,7
6475,4
6476,33
6477,9
6478,4
6479,4/3
6480,48
6481,-1615/113
6482,48
6483,1315
6484,12
6485,300
6486,8
6487,784
6488,480
6489,16
6490,4
6491,280
6492,300
6493,420
6494,100/27
6495,62.8
6496,84
6497,314
6498,29.8
6499,24.2
6500,44
6501,32/3
6502,20/3
6503,20/3
6504,24
6505,600
6506,139
6507,180
6508,95
6509,16
6510,35
6511,140
6512,64
6513,335
6514,367.1
6515,5
6516,62
6517,4080
6518,1.05
6519,3750
6520,102
6521,1568
6522,5
6523,1.73
6524,188
6525,12
6526,456
6527,31.5
6528,62
6529,91
6530,1050
6531,882
6532,32
6533,6
6534,9000
6535,180
6536,176
6537,112
6538,170
6539,15
6540,1120
6541,25
6542,1680
6543,-221
6544,25
6545,2486
6546,400
6547,200
6548,147
6549,375
6550,16
6551,1872
6552,206
6553,10
6554,0
6555,648
6556,133
6557,27000
6558,69
6559,2666
6560,15
6561,660
6562,2.27
6563,16
6564,308
6565,35
6566,24
6567,17
6568,22875
6569,80
6570,11250
6571,45
6572,1000/3
6573,1800
6574,25/2
6575,1908
6576,900
6577,170.1
6578,4410
6579,9
6580,40
6581,360
6582,85
6583,2520
6584,4
6585,9
6586,576
6587,36
6588,63
6589,8
6590,1344
6591,1330
6592,40
6593,130
6594,900
6595,85
6596,120
6597,6.7
6598,306
6599,2730
6600,1344
6601,2250
6602,52
6603,328
6604,38
6605,215
6606,18750
6607,120
6608,18.5
6609,6
6610,30
6611,248
6612,4
6613,48
6614,336
6615,525
6616,624
6617,825
6618,19
6619,356
6620,38
6621,9
6622,4
6623,576
6624,1320
6625,6000
6626,13000
6627,557
6628,600
6629,60
6630,824
6631,13.2
6632,270
6633,9.59
6634,320
6635,6.5
6636,81/2
6637,3/5
6638,24
6639,23800
6640,15/8
6641,500
6642,1610
6643,120
6644,552
6645,2000
6646,6800
6647,6960
6648,13870
6649,-38
6650,414
6651,48
6652,40
6653,615
6654,164
6655,-10.1
6656,23
6657,20
6658,205
6659,540
6660,25
6661,266
6662,4
6663,7
6664,285
6665,8
6666,126
6667,832
6668,-700/11
6669,267
6670,900
6671,1872
6672,60
6673,611.5
6674,138
6675,110
6676,28
6677,379
6678,3600
6679,770
6680,70
6681,1714.28571
6682,472
6683,266
6684,1230
6685,213
6686,525
6687,42420
6688,29400
6689,732
6690,2/15
6691,366/7
6692,2.1
6693,560
6694,240
6695,56
6696,20
6697,2700
6698,1152
6699,-10.3
6700,47
6701,300
6702,980
6703,13
6704,4840
6705,25/6
6706,45
6707,31
6708,18.72
6709,439.6
6710,18000
6711,10
6712,90
6713,-7
6714,201
6715,7
6716,16
6717,17
6718,18
6719,40
6720,85
6721,3216
6722,375
6723,125
6724,248
6725,1920
6726,80
6727,0
6728,18
6729,3/5
6730,21
6731,3
6732,8
6733,12
6734,19
6735,48
6736,52
6737,304/3
6738,38
6739,96
6740,10
6741,384
6742,104
6743,102
6744,-11
6745,15
6746,44
6747,11
6748,30
6749,46
6750,21
6751,4
6752,29
6753,43
6754,36
6755,80
6756,37
6757,8
6758,29
6759,17
6760,35
6761,45
6762,6
6763,104
6764,84
6765,464
6766,128
6767,30
6768,-4
6769,4
6770,-6
6771,-6
6772,2223
6773,340
6774,20
6775,0
6776,4.24
6777,58
6778,-14
6779,16
6780,11
6781,81
6782,27
6783,43
6784,12
6785,90
6786,2/5
6787,50
6788,8
6789,59
6790,87
6791,6
6792,19
6793,58
6794,54
6795,10
6796,38
6797,12
6798,2664
6799,39
6800,61
6801,283
6802,140
6803,22
6804,14
6805,78
6806,50
6807,100
6808,72
6809,336
6810,122
6811,-6
6812,50
6813,42
6814,33
6815,1414
6816,3
6817,25
6818,47
6819,833
6820,33
6821,11
6822,31
6823,23
6824,-438
6825,15
6826,30
6827,38
6828,28
6829,28
6830,33
6831,119
6832,39
6833,14
6834,36
6835,42
6836,22
6837,16
6838,24
6839,12
6840,0
6841,35
6842,9
6843,16
6844,19
6845,12
6846,7
6847,27
6848,-3
6849,18
6850,28
6851,17
6852,9
6853,5/3
6854,24
6855,17
6856,9
6857,8
6858,6.4288
6859,178
6860,1360
6861,60
6862,100
6863,5670
6864,680
6865,10
6866,-1
6867,95%
6868,4592
6869,1800
6870,1200
6871,304
6872,-989
6873,1500
6874,3600
6875,145454544
6876,12
6877,6
6878,260
6879,140/3
6880,48
6881,375
6882,108
6883,-144
6884,60
6885,160
6886,160
6887,792
6888,60
6889,63/2
6890,226
6891,48
6892,196
6893,11250
6894,30
6895,232/5
6896,32
6897,1680
6898,5652
6899,600
6900,113.04
6901,5
6902,5652
6903,58
6904,1
6905,1.2
6906,8
6907,-99/2
6908,29
6909,625
6910,37
6911,500
6912,40
6913,96%
6914,92.7%
6915,500
6916,78.8768
6917,179
6918,0.7776
6919,2.16
6920,756
6921,576
6922,1
6923,27
6924,605/4
6925,32
6926,14
6927,1875/2
6928,50.24
6929,1296
6930,7245
6931,3
6932,525
6933,40
6934,-0.2
6935,13
6936,27
6937,40
6938,13
6939,16
6940,25%
6941,3400/3
6942,51
6943,115%
6944,89
6945,28
6946,6
6947,8
6948,53
6949,263
6950,300
6951,31.4
6952,360
6953,63/2
6954,4.26667
6955,90
6956,10
6957,6.48
6958,9
6959,1582.56
6960,125
6961,96
6962,7500
6963,480
6964,5
6965,12.5
6966,28
6967,50.24
6968,44
6969,30
6970,20
6971,20
6972,144
6973,0
6974,144
6975,160
6976,15
6977,46
6978,96
6979,160
6980,28
6981,85.7%
6982,-80
6983,6000
6984,-15
6985,8
6986,2400
6987,420
6988,200
6989,35
6990,4500
6991,1600
6992,480
6993,35
6994,270
6995,-400
6996,3000
6997,4.224
6998,300
6999,4290
7000,38
7001,0.4
7002,0.785
7003,20/3
7004,32
7005,10
7006,100
7007,180
7008,16%
7009,36/5
7010,168
7011,4.9298
7012,625
7013,-300
7014,38
7015,1400/9
7016,1.5
7017,31.4
7018,25.2
7019,1620
7020,50
7021,973.4
7022,100
7023,84
7024,1/50
7025,150
7026,180
7027,2.624
7028,31250%
7029,401920
7030,102/5
7031,20
7032,1536
7033,-116
7034,25%
7035,480
7036,24/5
7037,-87.6%
7038,3.84
7039,717
7040,30/13
7041,780
7042,490
7043,345
7044,60
7045,81/10
7046,270
7047,96
7048,60
7049,2
7050,15813
7051,1560
7052,9/2
7053,2
7054,16
7055,400
7056,113.04
7057,5/2
7058,18
7059,28
7060,4.8%
7061,-17
7062,22.8
7063,38.4
7064,50
7065,3.7
7066,2800
7067,1.925
7068,12
7069,52/3
7070,18.84
7071,4
7072,350
7073,25/2
7074,20%
7075,27/4
7076,
7077,8.33333
7078,2500
7079,6
7080,23
7081,200
7082,60
7083,1050
7084,-30/13
7085,5/3
7086,198
7087,3.5
7088,8
7089,119
7090,96
7091,100
7092,9
7093,216
7094,160/7
7095,240
7096,80
7097,1200
7098,78.5
7099,0.02
7100,40
7101,-400
7102,390
7103,3
7104,-21/5
7105,312
7106,785
7107,300
7108,15
7109,75
7110,1/3
7111,7
7112,3.14
7113,4995
7114,456/17
7115,60
7116,266.66667
7117,25120
7118,192
7119,27/4
7120,24/5
7121,501.9
7122,445
7123,64
7124,32
7125,8
7126,540
7127,84.72222
7128,-39
7129,95
7130,12.56
7131,14
7132,120
7133,401
7134,188
7135,143
7136,-80
7137,550
7138,125/2
7139,236
7140,3.97
7141,0.68
7142,600
7143,5625%
7144,19
7145,20
7146,92%
7147,25%
7148,10
7149,15/4
7150,6
7151,80
7152,850
7153,30
7154,200
7155,6667
7156,110
7157,261
7158,46.3
7159,-7.2
7160,36
7161,12500
7162,7/2
7163,4
7164,512
7165,0.5
7166,1214
7167,480
7168,93.75
7169,8
7170,144
7171,0.008
7172,48
7173,80%
7174,-500%
7175,840
7176,8
7177,1000
7178,2450
7179,437
7180,12.56
7181,522.5
7182,1400
7183,42
7184,2
7185,72
7186,9
7187,768
7188,48
7189,12
7190,97
7191,12/25
7192,225
7193,89936
7194,560
7195,-15.73
7196,8400
7197,144
7198,17
7199,15
7200,2
7201,-36
7202,1240
7203,108
7204,5
7205,320
7206,175/2
7207,0
7208,9600
7209,426
7210,306
7211,24.02
7212,48
7213,74.4
7214,35/51
7215,376.8
7216,796
7217,125.6
7218,87.92
7219,710
7220,40
7221,2128
7222,15
7223,87.5%
7224,176
7225,135
7226,13.68
7227,58
7228,128
7229,30
7230,16%
7231,1620/7
7232,300
7233,240000
7234,5/2
7235,90
7236,24.84
7237,100
7238,200
7239,17552/5
7240,8
7241,126
7242,7
7243,960
7244,3
7245,630
7246,73
7247,-4.8
7248,168
7249,2000
7250,3000
7251,7
7252,36
7253,1.8
7254,12/43
7255,83.8
7256,325/2
7257,340
7258,1300
7259,184
7260,15/4
7261,3
7262,36
7263,45064
7264,848
7265,126
7266,5280
7267,80
7268,3
7269,5500
7270,8
7271,1.39556
7272,24
7273,100
7274,19.99614
7275,105
7276,350
7277,125
7278,1100
7279,400
7280,56
7281,90
7282,240
7283,110%
7284,30
7285,15
7286,14.4
7287,21
7288,5
7289,695
7290,864
7291,30
7292,35
7293,135
7294,4000
7295,57.75
7296,240
7297,150
7298,272
7299,55
7300,40
7301,73/80
7302,15
7303,45
7304,25000
7305,3320
7306,108
7307,2727
7308,350
7309,20.8
7310,0.07
7311,65789.47368
7312,150
7313,349
7314,1476.225
7315,54
7316,-22
7317,251.2
7318,-277/6
7319,471
7320,9
7321,90
7322,500
7323,300
7324,103.3
7325,4
7326,2800
7327,2/5
7328,50/7
7329,16
7330,12
7331,640
7332,4.094
7333,140
7334,9300
7335,62
7336,5040
7337,4019.2
7338,15
7339,409/6
7340,45.475
7341,110
7342,-23
7343,24/5
7344,396
7345,637
7346,702.15
7347,220
7348,62.8
7349,5600
7350,
7351,28
7352,96
7353,165/28
7354,3500
7355,436
7356,24.649
7357,108
7358,9/5
7359,29
7360,10
7361,940
7362,778
7363,8
7364,251/5
7365,-98
7366,4500
7367,4000/3
7368,1000
7369,72
7370,13.91304
7371,13.91304
7372,1920
7373,48
7374,11
7375,40/9
7376,9/20
7377,5.74252
7378,50
7379,72
7380,2400
7381,1
7382,5040
7383,30
7384,5
7385,49534.6304
7386,320
7387,1000
7388,1
7389,14.25
7390,6
7391,300/17
7392,36
7393,1256
7394,240
7395,480
7396,9600
7397,108
7398,27/2
7399,60
7400,64
7401,
7402,10
7403,40
7404,270
7405,540
7406,7
7407,9
7408,1000
7409,216
7410,90
7411,11
7412,25
7413,125
7414,-430
7415,64
7416,1.27389
7417,27.27273
7418,195
7419,2
7420,514/5
7421,-0.09459
7422,9
7423,162
7424,115
7425,243/13
7426,45
7427,6476
7428,0.0008
7429,360
7430,90%
7431,480
7432,42
7433,71/6
7434,405.2
7435,200
7436,174
7437,12.6
7438,17
7439,6
7440,392
7441,4
7442,12/5
7443,0.8
7444,700/3
7445,12.8
7446,28
7447,180
7448,7200
7449,7500
7450,125.6
7451,190
7452,20
7453,45
7454,4
7455,2
7456,37.5%
7457,24
7458,3.44
7459,24/5
7460,29
7461,360
7462,44
7463,4368
7464,3.15714
7465,675
7466,360
7467,955.22388
7468,125
7469,180
7470,157
7471,495.3463
7472,20
7473,1.25
7474,153
7475,2
7476,520
7477,3
7478,55
7479,0.64
7480,29
7481,49.5
7482,36
7483,600
7484,30000
7485,156
7486,450
7487,33
7488,7600
7489,4800
7490,15
7491,1337
7492,118
7493,80
7494,90
7495,24
7496,3
7497,450
7498,3.3
7499,60
7500,70.0245
7501,2.43077
7502,600/31
7503,3/5
7504,85
7505,1060
7506,32
7507,2400
7508,660
7509,210
7510,12/5
7511,3240
7512,2550
7513,8
7514,346
7515,2475
7516,74
7517,130
7518,1
7519,-400
7520,1120
7521,3020
7522,1413
7523,16
7524,744
7525,29
7526,51600
7527,675
7528,5/2
7529,40
7530,2592
7531,0
7532,12
7533,800
7534,2240
7535,457.6
7536,430/87
7537,56
7538,120
7539,-49
7540,143
7541,15.5
7542,1224
7543,160
7544,37.5
7545,251.2
7546,4
7547,19.625
7548,90
7549,471
7550,80
7551,3140
7552,115
7553,252
7554,5
7555,870
7556,177
7557,180
7558,20
7559,9
7560,1000/11
7561,0
7562,300
7563,392
7564,40
7565,0.0125
7566,99
7567,1.25
7568,2700
7569,2700
7570,2485/2
7571,18
7572,25.72
7573,24
7574,2760
7575,3
7576,4
7577,8
7578,72.275
7579,2
7580,200
7581,5088
7582,29.4
7583,135
7584,1500
7585,9000
7586,4/5
7587,36
7588,40
7589,182
7590,4
7591,17
7592,23
7593,10
7594,146
7595,432
7596,111
7597,106
7598,6
7599,14
7600,5
7601,750
7602,71.04
7603,8
7604,4
7605,80
7606,0.512
7607,125
7608,40
7609,245
7610,24
7611,6.8
7612,34
7613,1/4
7614,2
7615,3
7616,10
7617,10
7618,4
7619,240
7620,1
7621,30
7622,44
7623,14
7624,0.3
7625,7776
7626,32
7627,32.5
7628,36.55
7629,0.6
7630,3.37
7631,0.2
7632,294
7633,300
7634,90
7635,85%
7636,512
7637,13.5
7638,1200
7639,-20
7640,1.458
7641,2/5
7642,1/2
7643,5
7644,42
7645,20
7646,18/25
7647,18
7648,1/2
7649,5/7
7650,2240
7651,3000
7652,3
7653,0.73333
7654,36
7655,2400
7656,19/20
7657,64
7658,20
7659,3.38
7660,960
7661,31.8
7662,1/7
7663,-39
7664,2
7665,2/5
7666,1/6
7667,150000
7668,41/4
7669,218
7670,42
7671,62
7672,13
7673,37/2
7674,8
7675,505
7676,4
7677,2520
7678,7/8
7679,8/5
7680,8/5
7681,3968
7682,750
7683,7
7684,24
7685,12
7686,800
7687,872
7688,31/35
7689,35
7690,1782
7691,64
7692,8280
7693,1
7694,3
7695,5.34
7696,32/5
7697,-7/8
7698,21
7699,26
7700,7
7701,10000
7702,6
7703,9.5
7704,13.39
7705,167/100
7706,3045
7707,16/15
7708,28
7709,148
7710,72
7711,5/6
7712,1/10
7713,11/24
7714,3
7715,48
7716,42
7717,66.6
7718,7/24
7719,24
7720,0
7721,47.6
7722,56
7723,-40
7724,1350
7725,96/19
7726,1/10
7727,95.8
7728,222
7729,6
7730,140
7731,882
7732,-0.225
7733,
7734,160
7735,67.5
7736,473
7737,3
7738,100/3
7739,60
7740,16
7741,135
7742,36
7743,85
7744,560
7745,400/3
7746,38
7747,6.75
7748,-194
7749,338
7750,1/96
7751,700
7752,1.8
7753,5460
7754,0
7755,60
7756,160/19
7757,580
7758,135
7759,11/30
7760,5
7761,-2.4
7762,400
7763,96
7764,4
7765,6
7766,24
7767,32800
7768,83
7769,336
7770,122
7771,3565
7772,13/20
7773,80
7774,8
7775,157.76667
7776,1500
7777,70
7778,20
7779,225
7780,16/5
7781,600
7782,31
7783,-22
7784,25
7785,0
7786,19
7787,432
7788,1800
7789,1500
7790,996.11111
7791,27
7792,250
7793,6/7
7794,15
7795,15
7796,1
7797,1/4
7798,1260
7799,2400
7800,-6.5
7801,178/3
7802,625
7803,3/10
7804,5/2
7805,24/5
7806,4
7807,222
7808,187
7809,184
7810,2.8
7811,96/5
7812,12
7813,30
7814,45
7815,54
7816,5/4
7817,14
7818,240
7819,51/20
7820,25
7821,0
7822,5416
7823,1026
7824,1/5
7825,45
7826,12
7827,11/12
7828,80000
7829,45/4
7830,72
7831,630
7832,10
7833,17
7834,10
7835,82
7836,5/8
7837,9
7838,16800
7839,52/9
7840,372
7841,-11/21
7842,6
7843,79
7844,8
7845,9/5
7846,-28.7
7847,435
7848,28
7849,336
7850,36
7851,-57/4
7852,570
7853,7
7854,16
7855,4/5
7856,4
7857,1.225
7858,48
7859,-200/119
7860,907
7861,4/5
7862,336
7863,3
7864,20
7865,-30
7866,374
7867,9
7868,40/9
7869,293
7870,180
7871,3/4
7872,6000
7873,63/5
7874,28
7875,4/5
7876,1/2
7877,6
7878,19
7879,11
7880,1/4
7881,150
7882,625/2
7883,3/5
7884,11/60
7885,16/25
7886,96
7887,5/18
7888,12
7889,9
7890,8
7891,0.75
7892,6
7893,369
7894,309
7895,131
7896,8.73077
7897,39/5
7898,1200
7899,6
7900,12
7901,10
7902,5
7903,20
7904,5.42
7905,3
7906,632
7907,200
7908,24/7
7909,21/20
7910,8
7911,140/9
7912,1
7913,79.2
7914,2700
7915,3/16
7916,10
7917,96
7918,5/4
7919,864
7920,9/20
7921,32
7922,1/2
7923,1/4
7924,-75/29
7925,324
7926,90
7927,900
7928,32
7929,360
7930,50
7931,1500
7932,4/5
7933,16
7934,77
7935,5/8
7936,3/5
7937,1
7938,0
7939,8
7940,7
7941,78
7942,5/12
7943,3
7944,300
7945,108
7946,6.6
7947,15
7948,-11
7949,15
7950,40
7951,40
7952,44
7953,378/127
7954,643/5
7955,86
7956,1
7957,2542
7958,-11/5
7959,230
7960,16/15
7961,25
7962,10/3
7963,20
7964,7000
7965,6
7966,5
7967,960
7968,1710
7969,68
7970,
7971,-2/15
7972,624
7973,100
7974,4
7975,28/13
7976,120
7977,8000
7978,20
7979,1/25
7980,32
7981,392
7982,25
7983,320
7984,10
7985,70
7986,40/3
7987,195
7988,144
7989,144000
7990,510
7991,72
7992,5
7993,1200
7994,193
7995,60/11
7996,360
7997,42000
7998,2/7
7999,0
