0,3.45864
1,319
2,4
3,-1/15
4,50
5,1290
6,600
7,-2091/20
8,8.8
9,2
10,41
11,9523.80952
12,80
13,56
14,270
15,8172
16,16
17,5.2
18,67.5
19,10
20,2700
21,245
22,100
23,44
24,162
25,200
26,19
27,32
28,188.4
29,1950
30,3.6
31,20
32,9
33,192
34,60
35,21/20
36,251
37,224
38,14/15
39,72
40,400
41,24
42,3000
43,500
44,4
45,-400
46,95
47,288
48,40
49,280
50,656
51,47
52,7600
53,280
54,778
55,120
56,142
57,4875
58,1248
59,9
60,33
61,1201
62,1300
63,738
64,1176
65,588
66,13198.8
67,-5390
68,3360
69,765
70,10
71,73.2
72,6600
73,7/8
74,200
75,3.8
76,3
77,13/20
78,24
79,194
80,3.3
81,986
82,56
83,392
84,260
85,125%
86,15
87,75
88,402
89,374
90,234/5
91,9600
92,8
93,1735
94,1536
95,157
96,8
97,160
98,6
99,1300
100,2288
101,100000
102,461.7
103,14
104,15/2
105,3920/11
106,5/9
107,2100
108,114.7
109,6
110,7/10
111,1200
112,560
113,651
114,56
115,1450
116,2235
117,623
118,192
119,124
120,0.94
121,6
122,1000
123,69
124,10.125
125,110%
126,40
127,
128,124
129,770
130,7/9
131,5791
132,10
133,-1017
134,11200
135,8
136,595
137,50
138,24
139,87
140,90
141,408
142,96
143,15
144,126.72
145,356
146,20/3
147,8400
148,4800
149,9
150,2/9
151,60865
152,7/100
153,490
154,8000
155,3/10
156,75
157,600
158,144
159,8700
160,30
161,1/2
162,4750
163,6
164,56
165,1350
166,280
167,775
168,1530
169,312
170,40/9
171,7
172,280
173,144
174,11/35
175,14
176,44
177,9
178,2
179,8
180,20
181,37.68
182,4
183,27000
184,11/20
185,650
186,5000
187,10
188,312
189,15
190,782
191,122.46
192,10395
193,880
194,12400
195,-49.07
196,704
197,169.56
198,750
199,272
200,450
201,114
202,18
203,7/20
204,125
205,24
206,4/9
207,144
208,38
209,31248
210,6
211,196.65
212,3081
213,1461
214,192
215,6125
216,1
217,17/4
218,66048
219,10000
220,7644
221,333
222,20
223,16
224,400
225,1872
226,346
227,9
228,12/7
229,56
230,190
231,293
232,3300
233,207
234,684
235,3500
236,691
237,495
238,-1/18
239,3280
240,816
241,-154/3
242,1
243,5375
244,144
245,3/5
246,25.12
247,41/24
248,-310
249,129
250,8.53333
251,2
252,405
253,1260
254,855
255,6000
256,1536
257,15
258,490
259,280
260,2700
261,180/7
262,84
263,108
264,24/5
265,28
266,11/24
267,276
268,26
269,94
270,25000
271,2300
272,1500
273,12
274,520
275,1585
276,-288
277,5.4
278,32
279,750
280,602.88
281,2
282,6
283,736
284,64
285,18
286,240
287,579
288,216
289,2250
290,944
291,18
292,20
293,546
294,16
295,21
296,4800
297,10/7
298,14
299,64
300,224
301,27/20
302,8
303,15
304,81
305,2038.21656
306,72
307,20
308,10
309,30
310,125.6
311,450
312,1
313,2/7
314,36
315,60
316,100
317,324
318,900
319,1/2
320,8
321,432
322,1/2
323,37/40
324,5/6
325,7
326,3450
327,285
328,890
329,40
330,12475
331,434000
332,16000
333,300
334,4/7
335,1344
336,81
337,1458
338,6
339,20000
340,36
341,90
342,500
343,8
344,60
345,57
346,48
347,5
348,425
349,12
350,32
351,600
352,405
353,1588
354,168
355,140
356,2979/16
357,50
358,25000
359,12
360,60
361,0.05
362,45
363,9
364,11/12
365,540
366,-1
367,32
368,1/8
369,209
370,150
371,242
372,10
373,31
374,36
375,1350
376,591
377,904.32
378,4429
379,30
380,70
381,35
382,2/5
383,6240
384,56375
385,91
386,30/13
387,1271.7
388,600
389,3
390,15
391,1260
392,768
393,800
394,471000
395,3.105
396,450
397,15.16667
398,6592
399,315
400,102
401,136
402,864
403,4
404,685
405,32
406,89/5
407,4/15
408,115/24
409,12.56
410,12
411,2
412,-1/4
413,800
414,10
415,1032
416,55
417,8
418,1320
419,20
420,2/9
421,1
422,303
423,19345
424,1.12
425,15.12
426,480
427,1120
428,127
429,5250
430,580
431,84000
432,384
433,112
434,12960
435,895
436,544
437,96
438,51/40
439,150
440,1/4
441,-9
442,410
443,175/2
444,64
445,765
446,3/5
447,0.45
448,20
449,1920
450,1036
451,68
452,-15.6%
453,30
454,30
455,133
456,12960
457,60
458,76
459,390
460,24
461,2400
462,33
463,816
464,12
465,1710
466,780
467,246
468,21
469,35
470,12
471,16
472,-700
473,251.2
474,6
475,4
476,-436
477,0.1
478,1152
479,231
480,320
481,533
482,1/20
483,192
484,30
485,280
486,132
487,216
488,15
489,1204
490,4
491,96
492,260
493,-4.88
494,440
495,2434.4
496,36000
497,720
498,80
499,1344
500,192
501,800
502,960
503,750
504,885
505,639
506,2520
507,700
508,94.2
509,72
510,66000
511,14
512,1/10
513,-7/2
514,1160
515,56
516,786
517,0.25
518,1/2
519,224
520,45
521,7020
522,355
523,1800
524,3/8
525,200
526,340
527,100
528,4
529,31.4
530,120
531,63/4
532,150
533,41.6
534,24
535,45
536,264/25
537,746
538,7
539,-48
540,1920
541,100
542,216
543,600
544,44
545,120
546,1
547,84
548,0.1
549,60
550,1730
551,314
552,-156
553,2.14286
554,1100
555,750
556,11
557,504
558,91.06
559,78.8768
560,
561,6
562,24/5
563,200/3
564,59
565,180
566,980
567,147
568,560
569,2500
570,2793/20
571,16.8
572,10700
573,24
574,-48500
575,44.85
576,11/8
577,2
578,150
579,240
580,1500
581,4
582,302.5
583,240
584,2
585,12
586,43
587,15
588,39
589,240
590,88
591,16
592,80
593,0.4
594,12/5
595,0
596,1.2
597,930
598,192
599,2609
600,1568
601,20
602,3
603,400/9
604,95/2
605,2/5
606,19
607,3
608,5
609,378
610,900
611,12
612,928
613,1.35
614,9.6
615,936000
616,67.55
617,10
618,3768
619,90
620,89.4
621,50
622,251.2
623,114
624,-196
625,15
626,1760/3
627,0
628,421
629,27
630,60
631,30.95914
632,3
633,2000
634,1236
635,95%
636,93.8%
637,57.1%
638,99%
639,60
640,-1.56863
641,240
642,5
643,192
644,-1350
645,44
646,4.5
647,14
648,215
649,60
650,1360/19
651,6
652,27/2
653,16
654,98%
655,49
656,80
657,98%
658,96
659,95%
660,411
661,600
662,950
663,42.9%
664,96
665,1094.5
666,50
667,245
668,12
669,90
670,104
671,980
672,90
673,
674,0.49091
675,92%
676,8
677,193
678,98%
679,96%
680,100
681,46000
682,120
683,60
684,21
685,42
686,3360
687,100
688,36
689,51/2
690,320
691,960
692,81
693,108
694,80
695,522
696,16
697,16
698,31/40
699,60
700,75
701,72
702,5
703,4/25
704,13.08333
705,60
706,94%
707,5/8
708,20
709,66
710,160
711,38
712,64286
713,0.3
714,10%
715,1
716,240
717,6000
718,12
719,30
720,150
721,62.8
722,3267/20
723,5280
724,60
725,71
726,900
727,117
728,8000
729,160
730,480
731,10
732,1152
733,100
734,295
735,0.135
736,50.8
737,20000
738,70
739,160
740,95%
741,150
742,1/4
743,149/25
744,300
745,600
746,100/3
747,190.66667
748,26/3
749,4980
750,15/2
751,144
752,0
753,12
754,518.5
755,250
756,188
757,64
758,4
759,800/63
760,234.96
761,-25
762,2826
763,1170.592
764,630
765,3600
766,1944
767,2.16
768,32000/7
769,30
770,851
771,300
772,18
773,33.25
774,600
775,72
776,251200
777,40
778,420
779,4
780,5
781,32000
782,24000
783,15/14
784,117
785,9
786,125.6
787,-8
788,300
789,114
790,98%
791,324
792,175
793,49
794,72.09
795,414
796,20/3
797,1440
798,40/9
799,300
800,79.1
801,5/3
802,300
803,33.6
804,255
805,15.36
806,200/7
807,-12
808,6/7
809,120
810,1.41
811,117/5
812,20
813,-505.4144
814,25
815,4000
816,2000
817,13
818,8
819,90
820,174
821,384
822,176
823,-120
824,39.4384
825,1050
826,1462
827,48
828,1.2
829,42
830,290
831,160
832,500
833,57/2
834,63
835,1280
836,340
837,256
838,192
839,
840,24
841,15
842,14760
843,4112
844,546
845,115/2
846,72
847,42
848,3960
849,7
850,1620
851,99/2
852,24
853,10
854,1/2
855,144/5
856,1875/23
857,-1279
858,-10.5
859,-8
860,1700
861,75
862,-10
863,2/7
864,3/5
865,18
866,0.5
867,1235
868,80.66667
869,3/4
870,13.2
871,252
872,-4
873,62
874,48
875,7/3
876,10500
877,14.3%
878,12.56
879,7850%
880,64
881,200
882,15
883,31.5
884,28
885,10
886,832/5
887,47.1
888,65
889,10
890,7/2
891,306
892,1200
893,
894,400
895,9
896,285
897,11
898,0.012
899,0.6
900,4000
901,207000
902,16/9
903,1/3
904,444
905,0.0075
906,
907,420
908,24
909,12.56
910,30/7
911,435.6
912,4/3
913,45
914,387
915,430
916,6280
917,62.8
918,60
919,5.4
920,200
921,0.75
922,29
923,96%
924,134
925,96
926,96%
927,135/4
928,2
929,150
930,7000/3
931,35000/19
932,602/5
933,37.68
934,31.7
935,800
936,60
937,360
938,6.66
939,70200
940,384
941,273
942,210
943,24
944,19
945,5/12
946,-176
947,20
948,90
949,48
950,0.6
951,64512
952,432
953,27/4
954,594
955,122
956,16
957,59
958,198.58065
959,1300000
960,6
961,34
962,640
963,31050
964,16
965,17
966,25
967,1470
968,20
969,1/8
970,457.2
971,255
972,3424
973,1570
974,31
975,5
976,70
977,8
978,1036.2
979,910
980,182.9
981,220/9
982,3
983,448
984,52%
985,74
986,18048/25
987,10
988,2
989,220
990,480
991,2070
992,581
993,700
994,105.9%
995,1360
996,100/101
997,10
998,72
999,1/5
1000,3.14
1001,1800/7
1002,258
1003,405
1004,135
1005,10%
1006,0
1007,31
1008,122.4
1009,1/4
1010,5/2
1011,163
1012,625/2
1013,96.2%
1014,13
1015,160
1016,15
1017,5/4
1018,78
1019,-95/144
1020,9
1021,150%
1022,140%
1023,251.2
1024,1620/7
1025,44080
1026,16000
1027,2
1028,304
1029,88
1030,-245/4
1031,67.375
1032,12
1033,45
1034,1792/5
1035,270
1036,0.432
1037,30
1038,400
1039,280/19
1040,-24
1041,400
1042,30
1043,10.0
1044,2190
1045,294
1046,1/36
1047,81
1048,529/24
1049,412.5
1050,150
1051,32
1052,240
1053,50/49
1054,100
1055,25/4
1056,16/5
1057,216
1058,5/8
1059,0.512
1060,45.45455
1061,11
1062,3.9685
1063,11/2
1064,60
1065,260
1066,8
1067,36/7
1068,5/2
1069,315
1070,55
1071,15
1072,14
1073,428
1074,1/25
1075,4138
1076,3
1077,204
1078,9/5
1079,-40
1080,1200
1081,294
1082,350/3
1083,20
1084,1.3
1085,14.6
1086,9/20
1087,480
1088,4/9
1089,0.48
1090,110
1091,45
1092,7395
1093,384
1094,271.2381
1095,18
1096,1440
1097,3/8
1098,144
1099,120
1100,1/7
1101,16
1102,492
1103,-9
1104,285
1105,2/5
1106,105.7
1107,12
1108,9
1109,16
1110,30
1111,3
1112,45.12
1113,66.7%
1114,800
1115,68
1116,6000
1117,20
1118,9.6
1119,3
1120,12
1121,30
1122,18
1123,10
1124,96
1125,
1126,36
1127,499.2
1128,5000
1129,200/3
1130,-0.32
1131,6
1132,13
1133,550
1134,128
1135,78
1136,24.04
1137,575
1138,480
1139,184
1140,20
1141,225/8
1142,6
1143,180
1144,440
1145,4
1146,3000/7
1147,406
1148,1
1149,19.3
1150,232
1151,100
1152,1/2
1153,770
1154,12
1155,450/13
1156,-7
1157,15
1158,1154
1159,2
1160,42
1161,18
1162,288
1163,72
1164,8965
1165,12
1166,12
1167,20
1168,123
1169,-243/5
1170,-1000.0%
1171,576
1172,120
1173,1040/37
1174,1500
1175,49.5%
1176,60
1177,60
1178,60000
1179,54
1180,105
1181,450000
1182,108
1183,37
1184,137
1185,120
1186,46
1187,199
1188,227
1189,227
1190,12
1191,36
1192,0.27
1193,60000
1194,972
1195,95%
1196,150
1197,45
1198,270
1199,62.8
1200,486
1201,0.02525
1202,19
1203,25%
1204,51
1205,-0.09492
1206,18
1207,188
1208,6
1209,3
1210,192
1211,330
1212,952
1213,60%
1214,60
1215,1000
1216,39
1217,101/5
1218,-36
1219,750
1220,26.7%
1221,135/13
1222,9
1223,190.8
1224,48
1225,100/3
1226,90
1227,640
1228,9
1229,375/2
1230,16/5
1231,16/5
1232,-5
1233,160
1234,2115
1235,23.55
1236,154/3
1237,400/3
1238,8/5
1239,36/11
1240,-60%
1241,8
1242,80
1243,27
1244,134
1245,4200
1246,85
1247,53
1248,34
1249,180
1250,48
1251,45
1252,35
1253,14
1254,36
1255,8
1256,30
1257,38
1258,24
1259,16
1260,53
1261,22
1262,4
1263,37
1264,6
1265,45
1266,14/3
1267,-13
1268,23
1269,18
1270,55
1271,53
1272,146
1273,26
1274,136
1275,16
1276,162
1277,3/4
1278,84
1279,30
1280,36
1281,51
1282,84
1283,72
1284,54
1285,65
1286,31
1287,35
1288,27
1289,48
1290,45
1291,26
1292,26
1293,60
1294,20
1295,1
1296,-15/7
1297,3000
1298,8
1299,6
1300,42
1301,20
1302,6
1303,5
1304,6
1305,8
1306,238
1307,2
1308,8
1309,34
1310,392
1311,48/7
1312,4
1313,32
1314,4
1315,9
1316,13
1317,8
1318,-40
1319,6
1320,7
1321,144
1322,80
1323,31
1324,28
1325,40
1326,17
1327,59
1328,20
1329,6
1330,42
1331,6
1332,76
1333,13
1334,4
1335,7500
1336,54
1337,64
1338,42
1339,5
1340,73
1341,24
1342,6
1343,7
1344,24
1345,124
1346,31
1347,15
1348,6
1349,17
1350,23
1351,16
1352,19
1353,28
1354,9
1355,216
1356,74
1357,226.08
1358,192
1359,-700
1360,192
1361,4800
1362,6
1363,19/9
1364,3
1365,5/9
1366,-323
1367,43
1368,502.4
1369,53
1370,48
1371,81
1372,335
1373,8
1374,30
1375,18/35
1376,3000
1377,128
1378,20000
1379,720
1380,2.7
1381,628
1382,-900
1383,196
1384,440
1385,25.27397
1386,3
1387,2
1388,150
1389,12.21667
1390,56
1391,30
1392,48000
1393,777
1394,0
1395,224
1396,640
1397,60
1398,365
1399,840
1400,7
1401,180
1402,640
1403,20
1404,34
1405,11
1406,1644
1407,49/2
1408,787
1409,125
1410,367
1411,1/3
1412,800
1413,320
1414,240
1415,576
1416,1800
1417,3
1418,240
1419,31
1420,11/20
1421,30.6
1422,38.55
1423,3.6
1424,120
1425,9
1426,16
1427,4
1428,504
1429,7
1430,22.5
1431,28
1432,24
1433,84
1434,2.4
1435,44.3
1436,190
1437,271.32
1438,327.25
1439,20
1440,128
1441,110
1442,110
1443,1080
1444,54
1445,6000/7
1446,41400
1447,1600/3
1448,0.7225
1449,1
1450,44
1451,96.3
1452,180
1453,307
1454,36
1455,40
1456,0
1457,31
1458,58
1459,9
1460,3612
1461,3920
1462,100.4
1463,1485
1464,10
1465,290
1466,7/2
1467,280
1468,68
1469,1.1
1470,137
1471,18544
1472,16
1473,27/2
1474,26
1475,8
1476,50
1477,9000
1478,72
1479,48
1480,0.6
1481,8448
1482,15
1483,3
1484,1
1485,4
1486,1
1487,237
1488,8
1489,224
1490,3.5
1491,43
1492,40
1493,9125
1494,32
1495,40000
1496,73
1497,-4
1498,4.28
1499,2370
1500,273
1501,18/5
1502,149
1503,4
1504,371
1505,28
1506,100
1507,56
1508,110.4
1509,180
1510,945
1511,50
1512,192000
1513,30
1514,0.96
1515,520
1516,36
1517,1.55
1518,33663
1519,6
1520,90
1521,44
1522,660
1523,1025
1524,481
1525,40
1526,280
1527,12
1528,128/5
1529,780
1530,1005
1531,-12
1532,100/13
1533,1.83333
1534,6220
1535,1/2
1536,5/2
1537,30
1538,5/21
1539,160
1540,128
1541,96
1542,-29
1543,150
1544,12
1545,400
1546,600
1547,20
1548,1/4
1549,33/5
1550,390
1551,56
1552,3722
1553,5330
1554,4
1555,753.6
1556,22.608
1557,28.26
1558,400
1559,200
1560,80000/19
1561,51
1562,10
1563,168
1564,504
1565,450/7
1566,240
1567,8.4
1568,4800
1569,90
1570,1385
1571,20
1572,31.4
1573,944
1574,520/7
1575,125
1576,94.2
1577,14.825
1578,210
1579,306
1580,125
1581,4
1582,125
1583,250
1584,126
1585,-1200/11
1586,2430
1587,204
1588,82
1589,0.012
1590,73
1591,96
1592,108
1593,175
1594,50
1595,3080
1596,5.2
1597,22.2%
1598,25
1599,15
1600,30
1601,
1602,24
1603,800
1604,30
1605,1/5
1606,1512
1607,93
1608,-2
1609,25.12
1610,2.512
1611,6698.66667
1612,8500/11
1613,52
1614,37.68
1615,52
1616,877
1617,27
1618,150
1619,384
1620,45
1621,390
1622,60.48
1623,120
1624,40
1625,374.46
1626,24
1627,25
1628,5/4
1629,820
1630,1600
1631,5/3
1632,180
1633,-1
1634,8.5
1635,20
1636,120
1637,81
1638,0
1639,1/5
1640,48
1641,308.88
1642,32
1643,780
1644,221.76
1645,50
1646,16
1647,0.0125
1648,720
1649,27/4
1650,1770
1651,50
1652,700
1653,14.33121
1654,8625%
1655,1256
1656,0
1657,1200
1658,446
1659,8040
1660,802000
1661,15
1662,6
1663,20
1664,3.2
1665,14
1666,86
1667,66
1668,625
1669,0.36
1670,-3/10
1671,4.725
1672,8400
1673,0
1674,149
1675,-406
1676,3960/29
1677,5
1678,312
1679,49/5
1680,2580/11
1681,9600/31
1682,6125
1683,50
1684,18/23
1685,
1686,150
1687,270
1688,1000
1689,150
1690,1120
1691,160
1692,1.5
1693,7.5
1694,50.24
1695,1600
1696,11.04
1697,2094
1698,30
1699,12
1700,52
1701,20
1702,6.86
1703,1
1704,8/3
1705,31.25
1706,1/24
1707,175
1708,180
1709,4.66667
1710,1280
1711,0.085
1712,0.12
1713,40
1714,
1715,54
1716,17
1717,400
1718,15/2
1719,720
1720,15
1721,41.5272
1722,36/5
1723,192/5
1724,226.08
1725,22
1726,360
1727,5024
1728,12
1729,72
1730,12/5
1731,208000
1732,110
1733,37.5
1734,64
1735,202.5
1736,2520
1737,130
1738,1720/7
1739,-457
1740,267
1741,60
1742,20
1743,1380
1744,225
1745,80
1746,80
1747,360
1748,128
1749,19200
1750,-113
1751,106
1752,7
1753,1.74
1754,77
1755,45
1756,36/5
1757,20000
1758,62.8
1759,
1760,17
1761,192
1762,90.87
1763,241
1764,20
1765,131.25
1766,51
1767,34
1768,36
1769,8
1770,51/16
1771,-120
1772,225
1773,2682
1774,64/5
1775,1600/673
1776,3200
1777,250
1778,22960
1779,802
1780,0
1781,9
1782,1175
1783,1800
1784,67
1785,
1786,680
1787,51
1788,952
1789,160
1790,1200
1791,250
1792,20
1793,11460
1794,38/7
1795,22
1796,5
1797,400/3
1798,24
1799,500
1800,8000
1801,11/15
1802,3360
1803,72
1804,4000
1805,942
1806,7200
1807,54
1808,125/3
1809,8
1810,660
1811,-8
1812,31.4
1813,150
1814,16
1815,72
1816,275/6
1817,20
1818,102
1819,12
1820,640
1821,27
1822,218
1823,10
1824,4200
1825,1355
1826,10
1827,0
1828,1600
1829,55.735
1830,40
1831,15
1832,5
1833,5928
1834,272
1835,125.6
1836,13209
1837,325
1838,2480
1839,2
1840,120
1841,2500
1842,24
1843,4
1844,70
1845,50.24
1846,9
1847,702
1848,9
1849,6000
1850,818
1851,151.8
1852,1950
1853,1035
1854,4.71
1855,12
1856,1920
1857,4000
1858,60
1859,20
1860,-74
1861,41600.0
1862,96
1863,16
1864,42
1865,41
1866,1210
1867,79
1868,4032
1869,6720
1870,4410
1871,30
1872,5400
1873,8000
1874,0.5
1875,11
1876,24
1877,6
1878,36
1879,46
1880,6
1881,7.35
1882,6
1883,216
1884,1088
1885,8
1886,20
1887,6
1888,48
1889,3
1890,16
1891,52%
1892,54
1893,50.24
1894,299
1895,128
1896,15/2
1897,3/4
1898,5/2
1899,40
1900,-4
1901,405
1902,3600
1903,4.2
1904,9/2
1905,400
1906,420
1907,888
1908,12
1909,15.75
1910,33750
1911,1469
1912,36
1913,9
1914,0.148
1915,108
1916,54
1917,11
1918,10998
1919,96
1920,12
1921,1976
1922,11
1923,5166
1924,12
1925,360
1926,480
1927,216
1928,9/4
1929,15.56
1930,20
1931,5
1932,10
1933,900
1934,-8514
1935,3
1936,720
1937,339.12
1938,34
1939,4000
1940,1600/3
1941,4.2
1942,62.8
1943,2000
1944,19.5
1945,425
1946,43560
1947,175/2
1948,12
1949,72
1950,25%
1951,7
1952,3.2
1953,9
1954,2
1955,4900
1956,12.25
1957,217
1958,78.5
1959,184/183
1960,16
1961,0.032
1962,3740
1963,80000
1964,19312
1965,4
1966,113
1967,280
1968,2901.8624
1969,32
1970,2700
1971,4.1
1972,36
1973,5.02
1974,6
1975,1040
1976,27.6
1977,60
1978,75
1979,71
1980,1750
1981,33/10
1982,14.4
1983,40
1984,12
1985,42
1986,300
1987,72/5
1988,-420
1989,2398
1990,201
1991,13
1992,1922.15385
1993,427.5
1994,22
1995,4605
1996,32
1997,100
1998,3.5
1999,1.6
2000,2
2001,168
2002,5
2003,81
2004,8
2005,54
2006,260
2007,885
2008,896
2009,621
2010,21/10
2011,45
2012,2800
2013,0.05
2014,-9
2015,135/7
2016,8
2017,5
2018,75/2
2019,21600
2020,160/3
2021,576/5
2022,100
2023,400
2024,90
2025,12.2
2026,-1390/3
2027,15
2028,4
2029,115%
2030,-4000%
2031,175/39
2032,5
2033,56
2034,720
2035,2300
2036,3888
2037,720
2038,384
2039,3
2040,3/2
2041,18.84
2042,785
2043,6
2044,-4.5
2045,-51
2046,240
2047,10
2048,26
2049,20
2050,2
2051,1159
2052,36
2053,748.8
2054,5
2055,24
2056,234
2057,50
2058,0.72
2059,4750
2060,-1250
2061,42
2062,1040/1083
2063,37.4
2064,24
2065,540
2066,7500
2067,4000
2068,30.95914
2069,315
2070,6
2071,270
2072,3
2073,96
2074,3256
2075,123
2076,820
2077,4
2078,400
2079,2000
2080,2.04
2081,22
2082,35
2083,24/5
2084,30
2085,80
2086,189
2087,54
2088,900/7
2089,1740
2090,112
2091,108
2092,10000
2093,900
2094,672
2095,1318.8
2096,62.8
2097,144
2098,3/2
2099,28
2100,780
2101,0
2102,20
2103,50
2104,104
2105,135
2106,2
2107,100.48
2108,1560
2109,2464
2110,261
2111,16
2112,64
2113,39.936
2114,11
2115,622
2116,60
2117,17.89474
2118,125.6
2119,84
2120,15/8
2121,83.6
2122,301.44
2123,4.71
2124,0.6
2125,3.14
2126,830
2127,99
2128,268
2129,288
2130,24/5
2131,300
2132,3
2133,3720
2134,7
2135,13.188
2136,217
2137,65/9
2138,232
2139,12
2140,2.5
2141,8
2142,11
2143,17
2144,0.4
2145,268
2146,1296
2147,1200
2148,17/12
2149,80/11
2150,753.6
2151,226.08
2152,4
2153,31.4
2154,699
2155,64/105
2156,3
2157,120
2158,42
2159,452.16
2160,17875/6
2161,480
2162,1104
2163,180
2164,55
2165,68
2166,-263
2167,6800
2168,72.2
2169,6480
2170,2
2171,11
2172,57%
2173,11183
2174,6
2175,89.3%
2176,65%
2177,-31/22
2178,1333
2179,72
2180,
2181,72/5
2182,715
2183,4
2184,1767
2185,1400
2186,30
2187,441
2188,1456
2189,0.3
2190,81
2191,2
2192,1500
2193,56
2194,2
2195,3400
2196,24
2197,0.4
2198,40
2199,760
2200,7
2201,344
2202,2520
2203,11400
2204,-3
2205,28/9
2206,48
2207,350
2208,16
2209,210
2210,496
2211,200
2212,585
2213,30000
2214,1.42
2215,24/5
2216,29/3
2217,776
2218,10
2219,59/3
2220,10890
2221,1245
2222,495
2223,18
2224,23.55
2225,720
2226,6400
2227,80
2228,9.891
2229,3250
2230,75.36
2231,4
2232,2
2233,4.5
2234,1.07
2235,2.04
2236,18
2237,43
2238,72
2239,625/744
2240,3000
2241,2250
2242,-47
2243,6300
2244,45
2245,1.1
2246,7
2247,242
2248,4.5
2249,1920
2250,9.55414
2251,80
2252,114
2253,18
2254,1440
2255,9
2256,300
2257,5750
2258,32
2259,18/5
2260,960
2261,86.2%
2262,82%
2263,24.75
2264,-60
2265,100
2266,232
2267,58.5
2268,32
2269,24
2270,24
2271,320/3
2272,48.4
2273,224
2274,16
2275,729
2276,585
2277,320
2278,100
2279,1.4625
2280,2880
2281,9
2282,1680
2283,1190
2284,3600
2285,60
2286,224/25
2287,15
2288,9
2289,14000
2290,100
2291,45
2292,45
2293,40
2294,336
2295,314
2296,72
2297,5
2298,0.02
2299,62.8
2300,24
2301,3
2302,300
2303,10
2304,70.8
2305,6.28
2306,11
2307,98
2308,14
2309,25/3
2310,32
2311,33
2312,24
2313,250/9
2314,350
2315,6
2316,1872
2317,420
2318,9
2319,48
2320,45
2321,360
2322,1392/5
2323,9.6
2324,75
2325,1000
2326,1537
2327,1120
2328,270
2329,6
2330,1350/7
2331,29
2332,5/12
2333,4200
2334,3.6504
2335,120
2336,12
2337,5
2338,744
2339,2
2340,2
2341,1520
2342,3.2
2343,53
2344,84/19
2345,13/6
2346,52
2347,144
2348,48
2349,327
2350,1080
2351,3591/2
2352,225
2353,9
2354,300
2355,400
2356,49
2357,303
2358,404.57143
2359,1243
2360,65000%
2361,13
2362,448
2363,8.8
2364,476
2365,330
2366,288
2367,21.83389
2368,8/3
2369,4
2370,200
2371,7
2372,7.536
2373,225
2374,240
2375,40
2376,94
2377,43
2378,12
2379,111
2380,120
2381,24
2382,213
2383,3231
2384,352
2385,7033
2386,56
2387,930
2388,15
2389,3/4
2390,-360
2391,20
2392,210
2393,15
2394,27.8
2395,12
2396,511
2397,188
2398,22
2399,55.6%
2400,2.4
2401,280/13
2402,0.1
2403,8
2404,70
2405,32
2406,86
2407,7.45714
2408,11
2409,36
2410,6
2411,36
2412,5
2413,4
2414,40/7
2415,75600/67
2416,28.26
2417,149
2418,80
2419,50
2420,-90
2421,600
2422,8/3
2423,21/4
2424,3.3
2425,252
2426,-4
2427,8
2428,150
2429,5.53846
2430,2
2431,12
2432,20/3
2433,-15
2434,120
2435,72
2436,58.95
2437,89.6
2438,19
2439,8
2440,77/16
2441,256
2442,36
2443,175
2444,40
2445,-1
2446,150
2447,2275
2448,14
2449,104/1025
2450,33/20
2451,30
2452,60
2453,104.2
2454,140
2455,291
2456,25%
2457,176
2458,56
2459,4710
2460,72/7
2461,6
2462,-28
2463,10.9375
2464,5338
2465,15
2466,301.44
2467,15/2
2468,-61/21
2469,12800
2470,16
2471,44
2472,-19
2473,120
2474,120
2475,80
2476,25
2477,35
2478,25
2479,60
2480,81
2481,2393
2482,24
2483,8
2484,50.24
2485,600
2486,41/25
2487,90
2488,4
2489,8
2490,8
2491,3
2492,402
2493,1
2494,7
2495,980
2496,50
2497,10800
2498,3/4
2499,16
2500,3328
2501,2393
2502,2000
2503,94.2
2504,65%
2505,-10
2506,40/9
2507,21
2508,160
2509,16
2510,150/17
2511,1884
2512,7630
2513,75.36
2514,5.46
2515,220
2516,-7/3
2517,15.072
2518,169.56
2519,3
2520,391/2
2521,5840
2522,38.465
2523,4
2524,9
2525,64
2526,48
2527,180
2528,4480/121
2529,66
2530,21
2531,48
2532,25
2533,120
2534,15
2535,4.71
2536,160
2537,216
2538,1.76786
2539,108
2540,6
2541,8
2542,13
2543,1/2
2544,300
2545,7
2546,1078
2547,200
2548,1075
2549,17220
2550,4
2551,5
2552,20/9
2553,46.7%
2554,106
2555,3.5
2556,392
2557,62.8
2558,3
2559,12288
2560,36%
2561,120
2562,9.2
2563,30
2564,30
2565,2610
2566,63
2567,50.24
2568,18
2569,720
2570,140
2571,2842
2572,173
2573,3
2574,5
2575,40
2576,4
2577,127.5
2578,18
2579,1
2580,-257.6
2581,36
2582,12
2583,18
2584,1488.7996
2585,2400
2586,-144
2587,22
2588,21
2589,18
2590,12.24
2591,57
2592,45
2593,4
2594,240
2595,140
2596,-770
2597,3/100
2598,43.2
2599,80
2600,125
2601,3360
2602,360
2603,9
2604,12.8
2605,7.22433
2606,45/8
2607,4000
2608,6.4
2609,15
2610,140
2611,49
2612,1364
2613,5625
2614,-290
2615,22
2616,75.2
2617,2250
2618,600
2619,0
2620,4%
2621,80
2622,11/7
2623,4
2624,1
2625,12.56
2626,301.44
2627,-36
2628,114%
2629,3040/27
2630,780/47
2631,3
2632,0.0028
2633,74
2634,1.2
2635,150
2636,42
2637,4680.0
2638,20
2639,27
2640,3
2641,9
2642,40/7
2643,768
2644,12
2645,160
2646,10
2647,34
2648,320
2649,30
2650,4
2651,31.4
2652,4
2653,300
2654,1800/17
2655,2.4
2656,50
2657,-30
2658,21/4
2659,21.9
2660,37.68
2661,100/501
2662,2700
2663,8
2664,90
2665,1728
2666,4
2667,98%
2668,4140/7
2669,3680/9
2670,8/19
2671,600
2672,7/20
2673,-25
2674,35/2
2675,35
2676,3
2677,18
2678,784
2679,0.77037
2680,316
2681,16
2682,20
2683,30
2684,10
2685,2800
2686,15%
2687,10
2688,272
2689,89
2690,396
2691,5440
2692,1560
2693,246
2694,1.22807
2695,64
2696,94.2
2697,530
2698,3
2699,24
2700,11
2701,3/7
2702,3600
2703,1000
2704,84
2705,200
2706,1
2707,6
2708,6
2709,3.7
2710,600
2711,13
2712,2.4
2713,720
2714,2
2715,370
2716,113.04
2717,1400
2718,18
2719,5/2
2720,10850
2721,1512
2722,19200
2723,2223
2724,20400
2725,18
2726,15
2727,56
2728,2220
2729,10
2730,696/5
2731,810
2732,4/3
2733,-200
2734,6
2735,400
2736,2000
2737,1000000
2738,7.0251
2739,22
2740,
2741,75/7
2742,40
2743,2380
2744,8
2745,45
2746,41/65
2747,8
2748,300
2749,320
2750,26
2751,16
2752,1000
2753,1/5
2754,15
2755,160
2756,1.26
2757,200
2758,60
2759,140
2760,400
2761,735/8
2762,188
2763,540
2764,78000
2765,-11.3
2766,32
2767,25.12
2768,989
2769,5/2
2770,400
2771,440
2772,6
2773,30
2774,21/22
2775,24
2776,5
2777,5040
2778,100
2779,250
2780,52/3
2781,220
2782,4/3
2783,8
2784,375
2785,8
2786,980
2787,288
2788,-8
2789,13
2790,7
2791,31/40
2792,36
2793,15/14
2794,133
2795,100
2796,50.7
2797,-60
2798,0.05914
2799,-178
2800,3/2
2801,864
2802,56
2803,100
2804,294
2805,246
2806,200
2807,19
2808,-100
2809,37
2810,1507.2
2811,1344
2812,1100
2813,8
2814,15.072
2815,0.25
2816,12
2817,3600
2818,196
2819,-120
2820,4
2821,300
2822,280
2823,188
2824,30/13
2825,70
2826,3520
2827,243/79
2828,250
2829,144
2830,305
2831,25
2832,10
2833,144
2834,348
2835,44
2836,21
2837,680
2838,-2400
2839,120%
2840,800
2841,182/3
2842,28
2843,249
2844,40
2845,376.8
2846,1200
2847,36
2848,314
2849,846
2850,9
2851,50.24
2852,36
2853,
2854,24
2855,9.1%
2856,58
2857,28
2858,420
2859,10
2860,5500
2861,308
2862,2247
2863,44.1
2864,896
2865,16
2866,8
2867,40
2868,9.42
2869,2000
2870,280
2871,0.06
2872,1188
2873,4
2874,8
2875,750
2876,10
2877,18%
2878,910
2879,32
2880,6
2881,7200
2882,96%
2883,30
2884,40
2885,54/5
2886,10
2887,10048
2888,16560
2889,251.2
2890,1610
2891,270
2892,12
2893,64
2894,320
2895,8.4%
2896,64/5
2897,17
2898,12310
2899,1375
2900,6
2901,527
2902,53
2903,9
2904,1320
2905,132
2906,172
2907,40
2908,100.48
2909,24
2910,135/7
2911,72
2912,505
2913,-66
2914,1
2915,160
2916,1
2917,48
2918,55
2919,379
2920,200
2921,24
2922,40
2923,10200
2924,20
2925,0.04
2926,11685
2927,6
2928,606
2929,8
2930,1320
2931,200
2932,16073
2933,15/16
2934,111
2935,502.4
2936,80/17
2937,78.5
2938,14
2939,0.001
2940,2250
2941,326
2942,50.24
2943,84
2944,12
2945,3200
2946,95
2947,200
2948,415/7
2949,443/2
2950,36
2951,1.33
2952,24
2953,1665/7
2954,1750
2955,3375/2
2956,20
2957,-47
2958,36
2959,10
2960,-71
2961,7776
2962,41
2963,-99
2964,16000
2965,28/9
2966,3
2967,81
2968,3375
2969,70
2970,5
2971,10.6
2972,45/14
2973,3/10
2974,6
2975,12
2976,10/7
2977,62.8
2978,180
2979,25
2980,30
2981,94.6%
2982,-220/7
2983,4000
2984,4
2985,380
2986,7.68
2987,11
2988,233
2989,171
2990,-34.84
2991,9.84
2992,0.12339
2993,87.696
2994,4400
2995,-16
2996,100
2997,-72
2998,18
2999,36
3000,32/3
3001,137
3002,88
3003,188.4
3004,15.15
3005,21/16
3006,540
3007,19
3008,126
3009,90.432
3010,3768
3011,0.099
3012,35.168
3013,1271
3014,376.8
3015,5000
3016,18
3017,600
3018,68
3019,720
3020,50
3021,-1300/7
3022,960
3023,2400
3024,15
3025,600
3026,11/2
3027,1280000
3028,7200
3029,4
3030,60
3031,742
3032,72/7
3033,18
3034,8
3035,24/11
3036,140
3037,15
3038,15%
3039,1800
3040,125.6
3041,
3042,12
3043,18/5
3044,800/3
3045,15
3046,935
3047,1680
3048,8
3049,55/6
3050,3.4
3051,378
3052,
3053,7
3054,49
3055,
3056,400
3057,114
3058,4800
3059,2688/5
3060,650
3061,576
3062,50.24
3063,56.52
3064,36
3065,345
3066,900
3067,240
3068,140
3069,-12408
3070,120
3071,7080
3072,-50%
3073,124
3074,16.6
3075,1760
3076,40
3077,17600
3078,360
3079,113
3080,143
3081,112
3082,2512
3083,-1.1
3084,12
3085,108
3086,1050
3087,40
3088,2
3089,8
3090,98%
3091,115/9
3092,756/5
3093,180
3094,0.275
3095,204.53333
3096,0.365
3097,1.2
3098,3140
3099,3
3100,2.36
3101,157/5
3102,48
3103,9
3104,9
3105,48
3106,144
3107,10800
3108,530
3109,23/4
3110,4
3111,180
3112,192
3113,160
3114,470
3115,-0.1
3116,2100
3117,162
3118,9
3119,45
3120,40
3121,864
3122,7500
3123,16
3124,4/3
3125,160
3126,750
3127,112/125
3128,12000
3129,361
3130,3250
3131,216/107
3132,10
3133,8.5
3134,2000/3
3135,78
3136,6.7824
3137,180
3138,640
3139,6
3140,97.5%
3141,600
3142,125
3143,15/2
3144,2
3145,214
3146,74
3147,225
3148,1
3149,180
3150,11
3151,20
3152,18
3153,256
3154,9.2
3155,12
3156,2.4
3157,0
3158,121
3159,8
3160,16400
3161,35/4
3162,11.56
3163,20%
3164,1.44
3165,64
3166,45
3167,78
3168,3134
3169,6
3170,20
3171,161
3172,32
3173,15
3174,76
3175,140
3176,1791
3177,41
3178,624
3179,48
3180,2700
3181,36.3
3182,-20
3183,0.7
3184,720
3185,186
3186,5.5
3187,-121
3188,807
3189,500/3
3190,72
3191,340
3192,506
3193,60
3194,720
3195,30
3196,52
3197,6400
3198,1800
3199,465
3200,70
3201,864
3202,3600
3203,600
3204,1200
3205,2
3206,1750
3207,94
3208,279/2
3209,85
3210,120
3211,33.4
3212,72
3213,8
3214,9
3215,75
3216,600
3217,800
3218,24
3219,130
3220,11
3221,4
3222,15
3223,420
3224,720
3225,175
3226,160
3227,18/13
3228,60
3229,80
3230,2520
3231,384
3232,
3233,149/6
3234,48
3235,2880
3236,1314
3237,9750
3238,175
3239,85
3240,63
3241,9900
3242,1158
3243,1160
3244,1600
3245,50
3246,1820
3247,93/4
3248,1880
3249,2100
3250,280
3251,78
3252,300
3253,1200
3254,30
3255,6
3256,25/4
3257,3
3258,8
3259,1
3260,1692
3261,8
3262,800
3263,24
3264,1330
3265,7
3266,320
3267,1980
3268,35
3269,186
3270,225
3271,24
3272,27
3273,8
3274,75
3275,336
3276,180
3277,35
3278,305
3279,625
3280,784
3281,5124
3282,6
3283,130
3284,1208
3285,-246
3286,11
3287,9
3288,4904
3289,5400
3290,250
3291,218
3292,60
3293,9
3294,45
3295,29
3296,86
3297,200
3298,1000
3299,105
3300,520
3301,27
3302,-42
3303,109
3304,99
3305,11
3306,447
3307,477
3308,103
3309,39
3310,112
3311,1320
3312,84
3313,9
3314,31
3315,40
3316,63
3317,315
3318,362
3319,8
3320,220
3321,54
3322,605
3323,21
3324,7680
3325,60
3326,200
3327,8250
3328,1425
3329,32
3330,80
3331,90
3332,250
3333,960
3334,420
3335,90
3336,203
3337,775
3338,448
3339,576
3340,200
3341,720
3342,95
3343,4
3344,569
3345,5
3346,100
3347,70
3348,2400
3349,180
3350,32
3351,13
3352,13
3353,13
3354,39
3355,2600
3356,784
3357,130
3358,60
3359,86
3360,550
3361,328
3362,204
3363,252
3364,1950
3365,40
3366,37
3367,500
3368,119
3369,10
3370,13500
3371,155/6
3372,1052
3373,1320
3374,658
3375,6300
3376,34
3377,910
3378,300
3379,256
3380,27
3381,1043
3382,105
3383,117
3384,1240
3385,84
3386,239
3387,15
3388,24
3389,25
3390,98
3391,432
3392,1920
3393,60
3394,40
3395,130
3396,24
3397,25
3398,220
3399,200
3400,845
3401,90
3402,54
3403,52
3404,-30
3405,89
3406,214
3407,200
3408,1
3409,80
3410,1250
3411,6
3412,216
3413,4185
3414,10
3415,207
3416,1
3417,300/61
3418,16
3419,2520
3420,52
3421,147
3422,552
3423,5014
3424,16416
3425,24
3426,6240
3427,1296
3428,858
3429,25
3430,3
3431,38
3432,2471
3433,0
3434,131
3435,26.3917
3436,24
3437,18
3438,5
3439,87
3440,0.72
3441,270
3442,5
3443,20/7
3444,2015
3445,279
3446,700
3447,40
3448,13/2
3449,96
3450,1400
3451,172
3452,5200
3453,1824/11
3454,108
3455,151
3456,-20
3457,532
3458,60
3459,8
3460,-33
3461,4
3462,15
3463,336
3464,-19
3465,1
3466,690
3467,180
3468,57.9
3469,430
3470,2.20408
3471,15
3472,13.85
3473,1000
3474,13
3475,
3476,21.5
3477,25
3478,8
3479,600
3480,7750
3481,4.88136
3482,100/3
3483,7.5
3484,800
3485,48
3486,-100
3487,27/2
3488,288
3489,150
3490,20
3491,192
3492,37/3
3493,84
3494,100
3495,3
3496,13/16
3497,648/125
3498,104.4
3499,9
3500,6
3501,16
3502,100
3503,800
3504,48000
3505,3120
3506,7/2
3507,10
3508,275
3509,12800
3510,300
3511,420
3512,800
3513,7500
3514,21.75
3515,1/10
3516,352
3517,36
3518,8
3519,3500
3520,192
3521,8
3522,24
3523,156
3524,36
3525,1500
3526,450
3527,228
3528,9/2
3529,58
3530,40
3531,75/4
3532,281.11111
3533,320
3534,1/5
3535,200
3536,156
3537,6
3538,192
3539,276
3540,50
3541,5000
3542,12180
3543,2600
3544,6
3545,333
3546,12
3547,1494
3548,588
3549,2000
3550,140
3551,75
3552,-15
3553,5050
3554,205
3555,720
3556,316
3557,205/27
3558,250000
3559,40/161
3560,428
3561,3120
3562,840
3563,12
3564,380
3565,1601
3566,4
3567,123
3568,1488
3569,2
3570,24
3571,6
3572,17
3573,35
3574,42
3575,8800
3576,8
3577,61
3578,16
3579,50/3
3580,3960
3581,80
3582,72
3583,289
3584,9720
3585,368/9
3586,70
3587,1209
3588,6480
3589,5110
3590,4500
3591,68
3592,45
3593,37
3594,260
3595,1375
3596,175
3597,0.66667
3598,23
3599,51/4
3600,114
3601,89600
3602,74
3603,817
3604,1500
3605,640
3606,40
3607,60
3608,21
3609,6
3610,30/11
3611,25
3612,634.2
3613,80
3614,945
3615,8
3616,480
3617,112
3618,2560
3619,160
3620,1728
3621,6
3622,450
3623,146
3624,9
3625,2240
3626,102
3627,160
3628,1080
3629,-55
3630,1200
3631,920
3632,660
3633,13000
3634,1100
3635,125
3636,140
3637,519
3638,7
3639,300
3640,166
3641,6
3642,108
3643,6660
3644,21.45
3645,380
3646,3
3647,2450
3648,21
3649,690
3650,20
3651,3
3652,48
3653,250
3654,168
3655,54
3656,161
3657,1035
3658,70
3659,982
3660,24
3661,1850
3662,8
3663,-15
3664,135/7
3665,566
3666,98
3667,9
3668,90/97
3669,588
3670,2916
3671,1440
3672,13
3673,100
3674,16.9
3675,640
3676,10665
3677,60312
3678,1.425
3679,5880
3680,10080
3681,1380
3682,18
3683,6
3684,5
3685,272
3686,1536
3687,400
3688,1000
3689,384
3690,375
3691,45
3692,35
3693,39
3694,1118
3695,504
3696,777
3697,-21
3698,7500
3699,430
3700,1632
3701,390
3702,880
3703,4
3704,1350
3705,2/3
3706,4500
3707,168
3708,3
3709,44
3710,6
3711,104
3712,18090
3713,12
3714,1800
3715,570
3716,10000
3717,509
3718,80
3719,684
3720,13
3721,318
3722,655
3723,72
3724,158625
3725,558
3726,8
3727,200
3728,744
3729,100
3730,1250
3731,84
3732,11200
3733,68
3734,534
3735,800
3736,107
3737,3800
3738,640
3739,14000
3740,1287
3741,600
3742,728
3743,4710
3744,140
3745,450
3746,212
3747,95
3748,300
3749,30
3750,1720
3751,45
3752,25/4
3753,288
3754,10584
3755,1080
3756,65/3
3757,52
3758,3360
3759,5000
3760,387
3761,96
3762,274
3763,3
3764,0.42
3765,11
3766,-1
3767,26520
3768,300
3769,8
3770,49
3771,2160
3772,108
3773,40
3774,600
3775,241
3776,20000
3777,800
3778,76475
3779,3/4
3780,2208
3781,15
3782,25
3783,175
3784,20
3785,250
3786,23800
3787,68
3788,414
3789,-3
3790,650
3791,3430
3792,684
3793,65
3794,190
3795,243.36
3796,24
3797,18
3798,102
3799,938
3800,1100
3801,1.06612
3802,8130
3803,3
3804,9
3805,84
3806,1679
3807,4400
3808,54
3809,47
3810,3
3811,144
3812,60
3813,45
3814,900
3815,24
3816,303
3817,180
3818,45
3819,36
3820,10850
3821,40
3822,36
3823,20
3824,120
3825,5334
3826,36
3827,9/8
3828,2160
3829,1770
3830,104
3831,43.2
3832,112000
3833,271
3834,30/7
3835,60
3836,768
3837,1
3838,45
3839,2970
3840,81/100
3841,1232
3842,192
3843,1273
3844,6
3845,7
3846,7
3847,576
3848,-222
3849,5850
3850,90
3851,256
3852,75
3853,54
3854,2520
3855,175
3856,576
3857,216
3858,455
3859,4983/20
3860,960
3861,96
3862,140
3863,1440
3864,468
3865,3900
3866,1680
3867,375
3868,368
3869,5000
3870,-20/3
3871,800
3872,-3/2
3873,1120
3874,27
3875,5760
3876,54
3877,120
3878,400
3879,3000
3880,10.24
3881,22
3882,114
3883,12
3884,14
3885,83
3886,54
3887,480
3888,1280
3889,7200
3890,144
3891,156
3892,1.46
3893,108
3894,1
3895,24
3896,270
3897,9
3898,9
3899,31/14
3900,51/2
3901,30
3902,16
3903,1840
3904,2
3905,555
3906,144
3907,168
3908,14.5
3909,3.6
3910,410
3911,-14
3912,637
3913,140
3914,18414
3915,2969
3916,540
3917,40
3918,3360
3919,312
3920,25
3921,610
3922,2100
3923,9
3924,750
3925,400/3
3926,275
3927,720
3928,225
3929,450
3930,104
3931,-3.73
3932,7.96
3933,1804/25
3934,95
3935,25
3936,1680
3937,27/10
3938,651
3939,9720
3940,396
3941,1247
3942,3
3943,768
3944,12
3945,80
3946,204
3947,19/6
3948,60
3949,50/53
3950,1035
3951,420
3952,168
3953,324
3954,462
3955,1600
3956,682
3957,2250
3958,13/2
3959,30
3960,8
3961,81
3962,64
3963,375
3964,437
3965,-78
3966,120
3967,5
3968,576
3969,40/3
3970,2
3971,80
3972,655
3973,422
3974,60
3975,40
3976,8
3977,0.36923
3978,190
3979,5000
3980,10
3981,225/2
3982,-1
3983,4
3984,210/11
3985,800/3
3986,51
3987,-80
3988,480
3989,175
3990,2100
3991,80/53
3992,254100
3993,69
3994,600
3995,212
3996,18
3997,46
3998,600
3999,338
4000,102
4001,19
4002,1485
4003,1744
4004,-1939
4005,2000
4006,76
4007,113
4008,3700/103
4009,80
4010,740
4011,1.05932
4012,192
4013,4/5
4014,135
4015,58.18182
4016,20
4017,706
4018,18.4
4019,18.4
4020,9
4021,-4
4022,45
4023,230
4024,-129
4025,-600
4026,3046
4027,114
4028,400
4029,-23.52941
4030,32/5
4031,18
4032,3
4033,960
4034,77/3
4035,90
4036,264
4037,168
4038,1840
4039,6.7
4040,64.5
4041,500
4042,50
4043,800
4044,12
4045,160
4046,2400
4047,6900
4048,88
4049,-576
4050,72
4051,36
4052,150
4053,18
4054,20000
4055,126
4056,300
4057,250
4058,234
4059,288
4060,240
4061,140
4062,48
4063,645
4064,2
4065,41/3
4066,152
4067,-1408
4068,20
4069,1008
4070,56.4
4071,18100
4072,79
4073,110
4074,1400
4075,160
4076,30
4077,6
4078,13.25
4079,1600
4080,8
4081,176
4082,965
4083,1712
4084,6
4085,600
4086,368/3
4087,1442
4088,1200
4089,632
4090,48
4091,930
4092,22
4093,20
4094,9600
4095,3284
4096,8/3
4097,3
4098,253
4099,2040
4100,110
4101,-32/3
4102,1600
4103,900
4104,-450
4105,1600
4106,88
4107,576
4108,61
4109,29.7
4110,-9
4111,6/5
4112,5
4113,37
4114,4060
4115,690
4116,9
4117,12
4118,12
4119,690
4120,24
4121,80
4122,44
4123,5
4124,17
4125,1800
4126,250
4127,1130
4128,98
4129,75
4130,6
4131,722
4132,1095
4133,26.2
4134,76/9
4135,9
4136,456
4137,8/3
4138,29/2
4139,8/5
4140,50
4141,160/3
4142,5760
4143,675
4144,1112
4145,430
4146,2
4147,119/19
4148,189
4149,1163
4150,202
4151,30
4152,50
4153,504
4154,837
4155,39/5
4156,710
4157,424
4158,175
4159,-64
4160,56
4161,20
4162,314
4163,16692/5
4164,870
4165,300
4166,109
4167,6
4168,299
4169,-5
4170,144
4171,392
4172,1.536
4173,7200
4174,288
4175,900
4176,28
4177,429.76
4178,12.56
4179,3
4180,80
4181,3000000/250001
4182,16
4183,169
4184,1920
4185,15.25
4186,20
4187,162
4188,60
4189,4
4190,40
4191,502.4
4192,40
4193,-5
4194,40%
4195,12.56
4196,100
4197,16/5
4198,502.4
4199,27
4200,40
4201,-441
4202,2407.7%
4203,
4204,4
4205,18750
4206,57
4207,610
4208,136
4209,20
4210,83
4211,16/5
4212,48
4213,-30
4214,260
4215,30
4216,4
4217,6
4218,21
4219,1050
4220,400
4221,100
4222,63/4
4223,384
4224,1/5
4225,803.84
4226,-76
4227,180
4228,28/11
4229,2.4
4230,-18
4231,
4232,5
4233,100%
4234,29.12
4235,392
4236,6246
4237,18000
4238,77
4239,53
4240,225
4241,210
4242,840
4243,850/3
4244,60
4245,2560
4246,700
4247,27
4248,-440
4249,5
4250,8
4251,86
4252,900
4253,7.15
4254,720
4255,49
4256,67.2
4257,18
4258,420
4259,600
4260,72
4261,1644
4262,48
4263,738
4264,288
4265,8
4266,1.3
4267,57
4268,121
4269,31.4
4270,4
4271,-25
4272,-143
4273,43
4274,96
4275,540
4276,109
4277,140
4278,14
4279,9180
4280,306
4281,122.46
4282,4/3
4283,50
4284,27
4285,1125
4286,36.125
4287,2700
4288,90
4289,495360
4290,32
4291,5/4
4292,11
4293,5855
4294,375
4295,144
4296,64
4297,2760
4298,1729
4299,40
4300,-2
4301,10/3
4302,1440
4303,5/13
4304,300
4305,75
4306,26
4307,8
4308,-40
4309,200
4310,51/56
4311,5960
4312,30
4313,288
4314,20%
4315,10%
4316,2646
4317,200/3
4318,48
4319,18
4320,187
4321,4
4322,0
4323,130
4324,18
4325,2.09333
4326,51.46
4327,0.33333
4328,180
4329,2.96
4330,256
4331,2606
4332,6
4333,288
4334,342
4335,1088/5
4336,63/2
4337,442/5
4338,32
4339,64
4340,8%
4341,470
4342,36
4343,
4344,28
4345,5.74
4346,40%
4347,38.2
4348,500%
4349,224
4350,8
4351,8000/31
4352,6
4353,16
4354,140/9
4355,100/3
4356,5/2
4357,480
4358,1.82
4359,18
4360,100
4361,16/5
4362,4/3
4363,8
4364,1080
4365,8/3
4366,42
4367,23/15
4368,8100/7
4369,18/29
4370,450
4371,616500
4372,224/3
4373,-315/8
4374,75/2
4375,3/5
4376,152
4377,355
4378,50
4379,9
4380,18.84
4381,100
4382,10
4383,45
4384,306
4385,480
4386,100
4387,1.66667
4388,45
4389,19
4390,-2000
4391,112
4392,2.1
4393,3
4394,9
4395,6400
4396,6400
4397,120000
4398,20/3
4399,7
4400,-87
4401,-4320
4402,48
4403,25
4404,72
4405,64
4406,64
4407,16.8
4408,15/4
4409,109/164
4410,722
4411,2449
4412,56/5
4413,852
4414,1236
4415,40
4416,76
4417,80
4418,1000
4419,1358/9
4420,-17.04
4421,15
4422,38/3
4423,151/100
4424,155.4928
4425,2400
4426,6300
4427,311.11111
4428,30.144
4429,62.8
4430,282.6
4431,200/3
4432,3/8
4433,160
4434,4
4435,180
4436,78.5
4437,1993
4438,14.13
4439,6
4440,10
4441,1400
4442,100%
4443,188400
4444,2890/3
4445,15
4446,21
4447,648/5
4448,502.4
4449,942
4450,28.26
4451,3
4452,50.24
4453,16
4454,72
4455,12
4456,945
4457,109/4
4458,5
4459,168/25
4460,180
4461,254.34
4462,15000
4463,111.04
4464,28.26
4465,9
4466,12
4467,6.28
4468,90
4469,840
4470,-1140
4471,400
4472,56.52
4473,0.3
4474,459000
4475,200.96
4476,2
4477,17/2
4478,360
4479,120
4480,24
4481,630
4482,678.24
4483,438
4484,480
4485,96
4486,1152
4487,100480
4488,5.625
4489,50.24
4490,78.5
4491,0.9
4492,62.8
4493,14.5
4494,-999/8
4495,132
4496,50.24
4497,9
4498,157
4499,60/13
4500,153/2
4501,170
4502,72
4503,540
4504,75.36
4505,50%
4506,50.24
4507,10.28
4508,6.28
4509,1791.9
4510,160
4511,56520/23
4512,10
4513,70
4514,3
4515,6/7
4516,31.4
4517,113.04
4518,65.94
4519,34
4520,2/9
4521,0.36
4522,5100
4523,73.59658
4524,5.56
4525,979.68
4526,1567.488
4527,14382
4528,160/3
4529,1000
4530,4
4531,150
4532,5000
4533,873/8
4534,100
4535,58800
4536,133
4537,
4538,0.5
4539,2.198
4540,2300
4541,4
4542,251.2
4543,28.26
4544,132
4545,706.5
4546,480
4547,12
4548,148/3
4549,1202
4550,50.24
4551,100%
4552,12.56
4553,1200
4554,560.4
4555,36
4556,160.14
4557,706.5
4558,74
4559,30
4560,2
4561,
4562,1.35
4563,30
4564,1/2
4565,40/3
4566,1
4567,41.4
4568,314
4569,97.5%
4570,56.8
4571,5590/3
4572,2
4573,15.7
4574,12.56
4575,4
4576,42
4577,4019.2
4578,1004.8
4579,12.56
4580,20/3
4581,188.4
4582,60
4583,60.288
4584,-23/4
4585,50.24
4586,47.1
4587,1
4588,-2900
4589,7000
4590,-45
4591,4
4592,192
4593,251.2
4594,44/13
4595,6
4596,20/3
4597,20/3
4598,6
4599,1045/18
4600,1884
4601,125.6
4602,90
4603,-875/2
4604,2.512
4605,12.56
4606,188.4
4607,67.31108
4608,1380
4609,2649
4610,300
4611,62.8
4612,78.5
4613,50.24
4614,19.5
4615,9.42
4616,0.03
4617,942
4618,240
4619,20
4620,50.24
4621,-42954750%
4622,12
4623,1250
4624,3.161516214541765e+20
4625,600
4626,3
4627,113.04
4628,144
4629,15
4630,21.2
4631,45
4632,1836/25
4633,12
4634,29
4635,19
4636,150
4637,44
4638,12
4639,7
4640,11
4641,3.14
4642,24
4643,169.56
4644,7570
4645,239/5
4646,12.5
4647,32
4648,45
4649,198
4650,19.625
4651,45
4652,400
4653,26
4654,2000
4655,31.4
4656,18365
4657,75.36
4658,29
4659,33.6
4660,51.81
4661,1530
4662,176
4663,
4664,11.83152
4665,63
4666,54
4667,113.04
4668,-6
4669,314
4670,32
4671,502.4
4672,-57
4673,180/7
4674,65
4675,3
4676,10
4677,8%
4678,-92.15
4679,703.36
4680,6
4681,33/56
4682,75%
4683,16
4684,942
4685,21.83803
4686,4
4687,200
4688,900
4689,13/25
4690,2.88
4691,15/2
4692,75
4693,1205.76
4694,36.4
4695,-87.92
4696,70
4697,0.64
4698,-18.048
4699,314
4700,1156
4701,51
4702,5
4703,100/9
4704,60/7
4705,628
4706,2
4707,28
4708,402
4709,76
4710,24%
4711,96
4712,7172
4713,112
4714,75.36
4715,2.832
4716,16.82777
4717,28.26
4718,720
4719,45.05
4720,1413/125
4721,562
4722,894
4723,70/67
4724,113.04
4725,27
4726,27
4727,20
4728,
4729,60
4730,2.07006
4731,210
4732,650
4733,36
4734,11200
4735,25.12
4736,207
4737,-39
4738,3/20
4739,1600
4740,50.24
4741,96.1311
4742,4.396
4743,7.536
4744,668
4745,15.7
4746,10
4747,42
4748,251.2
4749,502.4
4750,-360
4751,12
4752,315.52
4753,361
4754,194400/13
4755,2000
4756,628
4757,74
4758,270000
4759,480000
4760,50.24
4761,24/5
4762,3.8
4763,0.5
4764,181.62
4765,30/11
4766,3768
4767,5024
4768,1000
4769,100.48
4770,31.4
4771,37.68
4772,12.597
4773,108
4774,215.4
4775,32/3
4776,94.2
4777,188.4
4778,12.5%
4779,108
4780,90
4781,56.52
4782,219.8
4783,144
4784,2256
4785,7850
4786,600
4787,300
4788,62
4789,19.7192
4790,30
4791,47700
4792,157
4793,1256
4794,72
4795,50.24
4796,706.5
4797,0.34889
4798,900
4799,56.52
4800,314
4801,0.1256
4802,0.04486
4803,0.07962
4804,80
4805,552.64
4806,6311
4807,18840
4808,282.6
4809,102400/3
4810,37.68
4811,1884
4812,126
4813,5
4814,30
4815,480
4816,82.5%
4817,31/40
4818,440
4819,409.22768
4820,24
4821,113.04
4822,-9.0432
4823,0.96905
4824,400
4825,-34
4826,5.14286
4827,3.75
4828,113.04
4829,11445.3
4830,125/2
4831,2826
4832,352
4833,5
4834,785/2
4835,240/29
4836,18.4
4837,70.336
4838,392.5
4839,169.56
4840,62.8
4841,2
4842,21600
4843,-44.4
4844,-700
4845,136
4846,16
4847,295
4848,696
4849,160
4850,40/9
4851,180/11
4852,90
4853,353
4854,8/15
4855,30
4856,45
4857,600
4858,102
4859,1/30
4860,12
4861,31.4
4862,15.7
4863,15.7
4864,12
4865,12.56
4866,15
4867,5/48
4868,945/2
4869,15
4870,96
4871,40/9
4872,50
4873,502.4
4874,301440
4875,125.6
4876,628
4877,125.6
4878,3200
4879,240%
4880,36
4881,1/8
4882,60/7
4883,2/5
4884,16
4885,84
4886,5
4887,3
4888,24
4889,14
4890,6
4891,350/3
4892,25/3
4893,2200
4894,9990
4895,6
4896,125/2
4897,-245
4898,-60
4899,-15/2
4900,200
4901,4/19
4902,37
4903,980
4904,50.24
4905,50.24
4906,20
4907,2
4908,2
4909,120
4910,2
4911,100.48
4912,0
4913,3
4914,600
4915,34
4916,-29/3
4917,12
4918,36/7
4919,-300/7
4920,200
4921,1742
4922,14
4923,1/72
4924,12/11
4925,144
4926,1000
4927,1530
4928,2400
4929,8
4930,11
4931,900
4932,300
4933,-0.64
4934,81.5
4935,31/40
4936,38
4937,20/3
4938,14/17
4939,40
4940,133.12
4941,14
4942,48
4943,-3479
4944,67.5
4945,-20/3
4946,11/18
4947,3925/2
4948,-4.65
4949,-4.65
4950,126
4951,260
4952,170
4953,7
4954,1536
4955,1
4956,52
4957,498
4958,20
4959,50.24
4960,36
4961,120
4962,14%
4963,-15/2
4964,-2.88
4965,11
4966,83
4967,250
4968,40
4969,62
4970,68
4971,45
4972,68
4973,43
4974,18
4975,63
4976,0
4977,18
4978,17
4979,-7
4980,56
4981,9
4982,84
4983,56
4984,24
4985,42
4986,16
4987,136
4988,10
4989,37
4990,35
4991,18
4992,4
4993,5
4994,3
4995,28
4996,18
4997,24
4998,138
4999,21
5000,36
5001,27
5002,32
5003,62
5004,78
5005,195
5006,116
5007,23
5008,5
5009,-48
5010,61
5011,47
5012,8
5013,36
5014,7
5015,20
5016,6
5017,6
5018,26
5019,8
5020,8
5021,28
5022,-1
5023,7
5024,9
5025,22
5026,81
5027,19
5028,28
5029,20
5030,-23
5031,22
5032,44
5033,27
5034,17
5035,28
5036,-2
5037,11
5038,378
5039,75
5040,8
5041,4
5042,21
5043,31
5044,58
5045,19
5046,12
5047,4
5048,12
5049,18
5050,13
5051,3
5052,11
5053,25
5054,26
5055,91
5056,-35
5057,1729
5058,56
5059,26
5060,81
5061,4
5062,55
5063,55
5064,6
5065,18
5066,30
5067,89
5068,97
5069,80
5070,-2
5071,51
5072,88
5073,16
5074,24
5075,39
5076,26
5077,184
5078,-5
5079,7
5080,27
5081,30
5082,30
5083,16
5084,32
5085,6
5086,16
5087,24
5088,18
5089,33
5090,32
5091,16
5092,24
5093,23
5094,8
5095,12
5096,8
5097,16
5098,30
5099,27
5100,8
5101,18
5102,12
5103,15
5104,40
5105,18
5106,33
5107,7
5108,19
5109,-34
5110,251
5111,21
5112,-7
5113,-2
5114,46
5115,22100
5116,-260
5117,70
5118,703.36
5119,48
5120,-41
5121,7200/13
5122,1800
5123,6
5124,8860
5125,60
5126,8
5127,19
5128,700
5129,60
5130,20
5131,15
5132,266
5133,36
5134,120
5135,675000
5136,399
5137,1
5138,-15/2
5139,18.84
5140,62.8
5141,6.28
5142,273/80
5143,1791
5144,12
5145,6
5146,21/37
5147,12500/3
5148,1708.16
5149,72
5150,2156
5151,41
5152,15000/7
5153,120
5154,13.5
5155,3380
5156,235.5
5157,1350
5158,1440/11
5159,240
5160,40
5161,255
5162,840
5163,-83/3
5164,4000
5165,8
5166,180
5167,122/5
5168,90
5169,1256
5170,215
5171,25.12
5172,1.008
5173,230
5174,30
5175,2
5176,120
5177,32
5178,31.4
5179,45
5180,70
5181,1
5182,5000
5183,180
5184,50
5185,2
5186,1450
5187,1690
5188,140
5189,260000
5190,3
5191,16
5192,12
5193,8
5194,91/50
5195,-100
5196,26
5197,18
5198,46
5199,-1.08
5200,576
5201,0.048
5202,108/47
5203,14
5204,9
5205,36.3
5206,26
5207,500
5208,15/4
5209,2.99
5210,60
5211,265.33
5212,2066
5213,10000
5214,45
5215,2.38636
5216,378/127
5217,18.84
5218,77/3
5219,62.8
5220,280
5221,4
5222,3600
5223,80
5224,76800
5225,36
5226,50
5227,7
5228,40
5229,-5999
5230,38.936
5231,16
5232,273/10
5233,60
5234,3360
5235,25200
5236,987.2
5237,3.14
5238,42
5239,54
5240,6.5
5241,2300
5242,600
5243,314
5244,3840
5245,64
5246,45
5247,78
5248,3134
5249,10
5250,6
5251,20
5252,161
5253,32
5254,15
5255,76
5256,-20
5257,-31
5258,175
5259,55/2
5260,48
5261,812.80788
5262,248
5263,505/4
5264,
5265,21
5266,120
5267,116.25
5268,3060
5269,43
5270,6
5271,90
5272,18
5273,35
5274,320
5275,1/20
5276,50
5277,8867.2
5278,-49.5%
5279,4750
5280,182
5281,3200
5282,72
5283,1920
5284,-25/2
5285,3768
5286,50.24
5287,31.4
5288,75/2
5289,30
5290,108
5291,300/23
5292,-11507
5293,901
5294,10000
5295,384
5296,11
5297,6
5298,27/2
5299,100
5300,504
5301,800
5302,7
5303,15/7
5304,20
5305,396
5306,0
5307,5
5308,4000
5309,400
5310,-385/4
5311,8.64
5312,3/2
5313,90
5314,129/20
5315,8
5316,1071/4
5317,30
5318,160
5319,28000/9
5320,2900/11
5321,48
5322,48
5323,3.125
5324,153.86
5325,165
5326,50
5327,15
5328,20
5329,123359.17313
5330,600/7
5331,0
5332,625
5333,1
5334,36
5335,7200
5336,72
5337,5040/23
5338,51
5339,50
5340,7191/10
5341,255
5342,45
5343,768
5344,50.24
5345,3956.4
5346,10
5347,113
5348,9
5349,250
5350,1920
5351,13200
5352,677/2
5353,2600
5354,204
5355,-60
5356,5
5357,-640
5358,65/3
5359,20
5360,6280
5361,288/7
5362,7
5363,784
5364,10
5365,50
5366,160
5367,2.25
5368,226.08
5369,0
5370,516
5371,72
5372,10000
5373,810
5374,1250/13
5375,115
5376,90
5377,30
5378,2565
5379,200
5380,0.375
5381,45
5382,80/3
5383,209.52
5384,70
5385,100/3
5386,35/2
5387,800
5388,-85
5389,37
5390,77/6
5391,17929.99552
5392,8.4
5393,16
5394,3/4
5395,8/5
5396,200
5397,2888
5398,140
5399,70
5400,2275
5401,1500
5402,13
5403,17/50
5404,15
5405,0.576
5406,304
5407,400
5408,21
5409,189
5410,30
5411,172/3
5412,12
5413,89
5414,549.5
5415,42.408
5416,54
5417,126
5418,480
5419,4800
5420,4800
5421,5/2
5422,10
5423,45
5424,25.6
5425,4
5426,0
5427,108/5
5428,60
5429,900
5430,48
5431,30
5432,15
5433,435/2
5434,2.5
5435,72
5436,72/5
5437,1/6
5438,1800
5439,20
5440,512
5441,8
5442,60
5443,48
5444,5760/11
5445,0.2
5446,38
5447,2.9
5448,16.2
5449,0.5
5450,0.5
5451,48
5452,140.4
5453,900
5454,160
5455,24
5456,12/25
5457,268.8
5458,314
5459,125
5460,120/11
5461,3.14
5462,3
5463,1035
5464,5
5465,40
5466,3
5467,13/5
5468,1.7
5469,25.9
5470,150
5471,1200/7
5472,1800
5473,60000
5474,20
5475,298
5476,120
5477,60
5478,35
5479,18000
5480,4800
5481,8
5482,200
5483,1.66667
5484,-3.75
5485,6
5486,14500
5487,201
5488,90
5489,30
5490,48
5491,44
5492,44
5493,53
5494,24000%
5495,42
5496,1620
5497,28
5498,1333
5499,3750
5500,7.09032
5501,52
5502,9
5503,11280
5504,10730
5505,175
5506,-27/5
5507,1650
5508,305
5509,100
5510,-9
5511,40
5512,32
5513,129
5514,190
5515,5/4
5516,882
5517,1200
5518,560/127
5519,769.5
5520,32
5521,2016
5522,42
5523,2080
5524,45
5525,4
5526,420
5527,440
5528,46.1
5529,-1922
5530,52
5531,2200
5532,540
5533,48
5534,88
5535,3.297
5536,5400
5537,9/8
5538,0.637
5539,120
5540,9
5541,90
5542,63
5543,428
5544,199
5545,20
5546,29.3
5547,-57
5548,-25/4
5549,60
5550,1800
5551,1152
5552,1560
5553,120/11
5554,40/9
5555,3300
5556,96
5557,102.5
5558,1/6
5559,300/11
5560,2.4
5561,300
5562,13200
5563,760
5564,12
5565,30
5566,-8.9
5567,45
5568,4/5
5569,57
5570,494/5
5571,-166/5
5572,260
5573,8500
5574,166.66667
5575,28/3
5576,5/3
5577,9.936
5578,7.75
5579,140
5580,3.52941
5581,32
5582,2246.4
5583,400
5584,120
5585,12
5586,195/2
5587,420
5588,360
5589,16
5590,3
5591,3375
5592,195
5593,1080
5594,100
5595,72
5596,79.83333
5597,1407/17
5598,262
5599,150
5600,480
5601,35/4
5602,540
5603,720
5604,6400
5605,145/2
5606,-7425
5607,37
5608,120
5609,4000
5610,95.04
5611,75
5612,16500
5613,0.65044
5614,102
5615,62.8
5616,3.14
5617,5880
5618,396
5619,57.9
5620,49/5
5621,6280
5622,31.4
5623,2
5624,24
5625,60
5626,50400
5627,280
5628,2400
5629,240
5630,250
5631,1153
5632,44
5633,810
5634,272/25
5635,94.2
5636,1800
5637,14130
5638,210
5639,25
5640,8/5
5641,101.2
5642,2592
5643,480
5644,10
5645,150
5646,44/7
5647,16.25664
5648,315/8
5649,120
5650,360
5651,16.25664
5652,400
5653,375
5654,3/2
5655,105/4
5656,500
5657,3
5658,-28/3
5659,-3
5660,1440/7
5661,9
5662,80
5663,25/8
5664,2.4
5665,-128
5666,30
5667,150
5668,-30
5669,3
5670,500
5671,0.22
5672,3000
5673,60
5674,1000
5675,125.6
5676,217.5
5677,52
5678,62
5679,1500
5680,500
5681,80
5682,19719.2
5683,3.14
5684,1.2
5685,1.6956
5686,100
5687,696
5688,195.936
5689,150
5690,25
5691,1615
5692,7
5693,53
5694,120
5695,-350
5696,525
5697,1600
5698,24
5699,144
5700,
5701,20
5702,125
5703,25/8
5704,490/9
5705,80
5706,220.5
5707,12600
5708,4.64444
5709,13900
5710,1107
5711,40
5712,128
5713,1600
5714,1.1
5715,10990
5716,113
5717,8
5718,192
5719,18
5720,945
5721,37.68
5722,20
5723,5
5724,1485
5725,105
5726,15.3
5727,600
5728,
5729,32
5730,10
5731,504
5732,960
5733,180.8
5734,5702
5735,76/5
5736,301.44
5737,400
5738,3430
5739,45
5740,8
5741,1.2
5742,460
5743,90
5744,600
5745,-359
5746,2560
5747,32
5748,174000/113
5749,84.78
5750,702
5751,92/83
5752,143.2
5753,285
5754,711
5755,
5756,142
5757,27
5758,80/11
5759,288/5
5760,100/3
5761,3/4
5762,210
5763,5587/20
5764,45
5765,2
5766,1680
5767,144/5
5768,2280
5769,260
5770,25
5771,200
5772,175
5773,117
5774,75/2
5775,7040
5776,-50
5777,-2400/7
5778,168
5779,10
5780,56
5781,4.58621
5782,192
5783,1473/247
5784,20
5785,2500
5786,174
5787,44
5788,22750
5789,-1000
5790,1100
5791,36
5792,28800
5793,9020
5794,40
5795,81
5796,420
5797,6
5798,2/5
5799,12.96
5800,648
5801,8
5802,250
5803,
5804,8
5805,5/11
5806,32
5807,954.9
5808,60
5809,391/5
5810,18
5811,-1303/53
5812,0
5813,1500
5814,227
5815,2916
5816,135
5817,88
5818,2
5819,2812.5
5820,-5.4
5821,36
5822,4
5823,38
5824,196
5825,15
5826,100/3
5827,3
5828,10
5829,23810
5830,2550
5831,80
5832,35000
5833,8
5834,361/5
5835,1083/5
5836,6280
5837,2.5
5838,24.649
5839,6.28
5840,36
5841,12
5842,20
5843,-17
5844,106/3
5845,279/2
5846,94
5847,1600
5848,140
5849,51.6
5850,6.66667
5851,62.4
5852,25
5853,8640
5854,137
5855,9750
5856,9000
5857,4000
5858,-2940
5859,24
5860,70
5861,0.8
5862,126.7
5863,21
5864,42
5865,2.29
5866,18
5867,3
5868,4/9
5869,128.48
5870,15
5871,12
5872,5866
5873,8
5874,50
5875,201
5876,24
5877,72
5878,2000
5879,24
5880,13
5881,501
5882,82.5
5883,499
5884,-24
5885,100
5886,20/9
5887,4.41667
5888,800
5889,53
5890,88
5891,300
5892,41
5893,117.1
5894,2000
5895,32
5896,750
5897,38.22
5898,5460
5899,100/3
5900,108
5901,6
5902,1375
5903,1.875
5904,-22840
5905,182
5906,114
5907,12
5908,21
5909,7
5910,49
5911,9
5912,16
5913,33
5914,25
5915,8
5916,3
5917,7
5918,50
5919,28
5920,46
5921,8
5922,8
5923,18
5924,41
5925,-5
5926,46
5927,-23
5928,694
5929,1021
5930,5
5931,800
5932,9
5933,72
5934,42
5935,26
5936,80
5937,8
5938,12
5939,35
5940,12
5941,20
5942,20
5943,90
5944,15
5945,10
5946,60
5947,24
5948,46
5949,56
5950,3
5951,2
5952,12
5953,11
5954,9
5955,42
5956,21
5957,13
5958,82
5959,44
5960,20
5961,50
5962,42
5963,36
5964,15
5965,24
5966,16
5967,53
5968,26
5969,3
5970,72
5971,53
5972,4
5973,1
5974,5
5975,3
5976,28
5977,18
5978,72
5979,13
5980,0
5981,38
5982,9
5983,4
5984,22
5985,60
5986,9
5987,34
5988,17
5989,27
5990,10
5991,4
5992,4
5993,18
5994,18
5995,20
5996,6
5997,4
5998,8
5999,36
6000,7
6001,21
6002,6
6003,6
6004,26
6005,-1
6006,7
6007,9
6008,47
6009,81
6010,19
6011,28
6012,20
6013,-23
6014,22
6015,44
6016,27
6017,8
6018,4
6019,21
6020,31
6021,58
6022,19
6023,12
6024,4
6025,12
6026,18
6027,13
6028,3
6029,11
6030,25
6031,26
6032,91
6033,-35
6034,1729
6035,56
6036,26
6037,81
6038,55
6039,6
6040,97
6041,51
6042,88
6043,16
6044,24
6045,39
6046,26
6047,184
6048,90
6049,21
6050,20
6051,26
6052,31
6053,27
6054,15
6055,88
6056,232
6057,7
6058,16
6059,8
6060,81
6061,81
6062,37
6063,79
6064,24
6065,18
6066,23
6067,27
6068,23
6069,24
6070,19
6071,48
6072,24
6073,80
6074,5
6075,20
6076,4
6077,20
6078,3
6079,25
6080,8
6081,6
6082,14
6083,53
6084,26
6085,37
6086,45
6087,19
6088,24
6089,31
6090,42
6091,11
6092,124
6093,40
6094,44
6095,180
6096,20
6097,35
6098,45
6099,25
6100,8
6101,8
6102,14
6103,47
6104,10
6105,72
6106,34
6107,9
6108,6
6109,3
6110,18
6111,4
6112,19
6113,14
6114,3
6115,7
6116,27
6117,30
6118,6
6119,16
6120,32
6121,6
6122,16
6123,18
6124,33
6125,32
6126,16
6127,24
6128,23
6129,8
6130,12
6131,8
6132,16
6133,30
6134,27
6135,8
6136,18
6137,12
6138,15
6139,40
6140,18
6141,-34
6142,141
6143,16
6144,-27
6145,21
6146,-7
6147,-2
6148,46
6149,-4
6150,-4
6151,80
6152,68
6153,60
6154,20
6155,45
6156,270
6157,139
6158,492
6159,253
6160,220
6161,40
6162,3200/3
6163,5
6164,4/5
6165,6
6166,3134
6167,1791
6168,528
6169,720
6170,-121
6171,37
6172,288
6173,1620
6174,30
6175,45
6176,35/3
6177,2400
6178,0.6
6179,5.25
6180,38
6181,27
6182,176
6183,40
6184,2850
6185,656/767
6186,61
6187,6320
6188,560
6189,543
6190,253
6191,85
6192,450
6193,90
6194,95
6195,1880
6196,240
6197,5100
6198,1008
6199,36
6200,16
6201,48
6202,4
6203,24
6204,40
6205,40
6206,72
6207,9
6208,100
6209,15
6210,78
6211,244
6212,358
6213,-47
6214,142
6215,270
6216,99
6217,800/3
6218,32
6219,5
6220,477
6221,562
6222,-319
6223,39
6224,14
6225,9
6226,52
6227,9
6228,9
6229,72
6230,315
6231,362
6232,8
6233,220
6234,14
6235,1650
6236,98
6237,96
6238,113
6239,16
6240,720
6241,38
6242,210
6243,5
6244,6
6245,535
6246,278
6247,88
6248,395
6249,150
6250,5
6251,11
6252,68
6253,200
6254,36
6255,96
6256,78
6257,100
6258,6
6259,2250
6260,11
6261,73
6262,128
6263,3200
6264,91
6265,19
6266,9
6267,500/3
6268,21
6269,540
6270,32000
6271,-879
6272,1400/9
6273,77
6274,41.2
6275,-600
6276,80
6277,63
6278,250
6279,4
6280,5/2
6281,344
6282,186
6283,10
6284,-10.2
6285,0.86
6286,2.12
6287,42
6288,210
6289,32
6290,24
6291,480
6292,-13.84
6293,47.5
6294,87
6295,-3
6296,1240
6297,75
6298,98.82
6299,56.7
6300,22.4
6301,12
6302,850
6303,1110
6304,64
6305,165
6306,14910
6307,315
6308,6
6309,74
6310,157
6311,160
6312,75/2
6313,26
6314,140
6315,90
6316,6
6317,90
6318,422500
6319,298
6320,1750
6321,189000
6322,-508
6323,308
6324,3625
6325,72
6326,-56
6327,
6328,135
6329,2940
6330,6120
6331,7440
6332,710
6333,13650
6334,4800
6335,696
6336,125
6337,900
6338,9
6339,40
6340,160
6341,48
6342,160
6343,600
6344,2200
6345,4
6346,6
6347,30
6348,48
6349,2
6350,20
6351,3600
6352,13
6353,7
6354,50
6355,210/13
6356,12
6357,11280
6358,16
6359,15
6360,19
6361,912
6362,14945
6363,60
6364,24/5
6365,675/7
6366,6
6367,8
6368,24
6369,600
6370,30
6371,24
6372,35.325
6373,2
6374,19
6375,107
6376,714
6377,1872
6378,225
6379,45/4
6380,14
6381,20
6382,12
6383,7000
6384,16
6385,100
6386,78
6387,6000
6388,23.5
6389,3.6
6390,340
6391,1.2
6392,4
6393,12
6394,100
6395,35
6396,6720
6397,2346.02667
6398,5.3
6399,1428
6400,316
6401,800
6402,50
6403,6
6404,200
6405,240
6406,675
6407,827
6408,660
6409,20000
6410,2055
6411,7/10
6412,1000
6413,3.5
6414,14
6415,208.78
6416,140.1
6417,63
6418,1950
6419,122
6420,540
6421,177
6422,1980
6423,60
6424,1470
6425,9
6426,750
6427,1620
6428,15
6429,64
6430,27/2
6431,145
6432,72
6433,4320
6434,145
6435,80
6436,288
6437,4050
6438,18
6439,17
6440,1200
6441,85/3
6442,800
6443,40
6444,40
6445,153.4
6446,-15.3
6447,188.8
6448,48
6449,100
6450,349.44
6451,32
6452,600
6453,25/2
6454,1420
6455,10.8
6456,840
6457,165
6458,80
6459,648
6460,0.12
6461,6
6462,40
6463,110
6464,1920
6465,20000
6466,58
6467,10
6468,71
6469,441/4
6470,20
6471,40
6472,26
6473,8
6474,7
6475,4
6476,237
6477,16
6478,4
6479,4
6480,48
6481,-113/15
6482,48
6483,33663
6484,56
6485,660
6486,8
6487,49
6488,960
6489,40
6490,4
6491,280
6492,300
6493,420
6494,100/13
6495,125.6
6496,84
6497,157
6498,29.8
6499,24.2
6500,18
6501,-8/5
6502,20/3
6503,20/3
6504,32
6505,600
6506,367
6507,180
6508,365
6509,224
6510,35
6511,140
6512,64
6513,335
6514,592.4
6515,5
6516,242
6517,4080
6518,8.95
6519,3722
6520,153
6521,1568
6522,5
6523,1.17
6524,188
6525,48
6526,720
6527,4.5
6528,62
6529,91
6530,1050
6531,992.25
6532,32
6533,6
6534,9000
6535,30
6536,176
6537,108
6538,170
6539,15
6540,160
6541,25
6542,1680
6543,222
6544,25
6545,2580
6546,2000
6547,50
6548,148
6549,375
6550,16
6551,1872
6552,206
6553,10
6554,4
6555,648
6556,133
6557,27000
6558,69
6559,1
6560,15
6561,1320
6562,2.27
6563,16
6564,616
6565,35
6566,78
6567,17
6568,22875
6569,720
6570,160
6571,45
6572,25
6573,1800
6574,25/2
6575,1908
6576,900
6577,76.9
6578,4410
6579,9
6580,40
6581,360
6582,85
6583,2520
6584,4
6585,9
6586,576
6587,36
6588,29.925
6589,78
6590,1344
6591,1330
6592,40
6593,300
6594,2700
6595,85
6596,120
6597,6.7
6598,306
6599,2730
6600,5376
6601,150
6602,52
6603,328
6604,-154
6605,215
6606,18750
6607,120
6608,18.5
6609,6
6610,269
6611,248
6612,
6613,96
6614,289
6615,1050
6616,624
6617,825
6618,300
6619,356
6620,9
6621,9
6622,4
6623,576
6624,1320
6625,6000
6626,13000
6627,557
6628,600
6629,60
6630,824
6631,13.2
6632,270
6633,33.32
6634,320
6635,6.5
6636,48
6637,12/5
6638,24
6639,23800
6640,15/8
6641,2
6642,1610
6643,120
6644,552
6645,2000
6646,6800
6647,6960
6648,19972800
6649,33
6650,414
6651,48
6652,40
6653,615
6654,231
6655,-10.1
6656,23
6657,20
6658,205
6659,540
6660,25
6661,49
6662,4
6663,7
6664,285
6665,8
6666,126
6667,832
6668,5014/17
6669,267
6670,1050
6671,1872
6672,180
6673,14.17117
6674,138
6675,113
6676,870
6677,379
6678,3600
6679,770
6680,20
6681,3360
6682,462
6683,22
6684,1212
6685,112
6686,525
6687,42420
6688,14700
6689,732
6690,2250
6691,366/7
6692,2.1
6693,560
6694,240
6695,56
6696,20
6697,1215
6698,1152
6699,-10.3
6700,47
6701,600
6702,980
6703,349
6704,4840
6705,25/6
6706,45
6707,62
6708,18.72
6709,3077.2
6710,18000
6711,10
6712,67
6713,-59
6714,-13
6715,7
6716,16
6717,19
6718,18
6719,311
6720,85
6721,3216
6722,375
6723,125
6724,248
6725,2880
6726,80
6727,1
6728,54
6729,3/5
6730,37
6731,29
6732,8
6733,12
6734,19
6735,48
6736,52
6737,79
6738,38
6739,180
6740,10
6741,-89
6742,21
6743,32
6744,-11
6745,15
6746,2
6747,3
6748,30
6749,31
6750,21
6751,9
6752,29
6753,17
6754,36
6755,80
6756,37
6757,8
6758,21
6759,17
6760,35
6761,45
6762,86
6763,20
6764,-7
6765,48
6766,-15
6767,30
6768,-44
6769,-4
6770,-6
6771,-6
6772,513
6773,50
6774,20
6775,20
6776,26
6777,44
6778,17
6779,16
6780,11
6781,17
6782,27
6783,43
6784,12
6785,132
6786,2/5
6787,50
6788,8
6789,59
6790,87
6791,-26
6792,19
6793,-21
6794,-17
6795,10
6796,38
6797,24
6798,35
6799,39
6800,61
6801,20
6802,140
6803,22
6804,14
6805,118
6806,40
6807,100
6808,10
6809,230
6810,211
6811,6
6812,50
6813,42
6814,33
6815,-2
6816,9
6817,25
6818,47
6819,81
6820,33
6821,11
6822,31
6823,23
6824,3
6825,15
6826,30
6827,38
6828,12
6829,23
6830,33
6831,119
6832,39
6833,14
6834,36
6835,42
6836,22
6837,16
6838,24
6839,12
6840,0
6841,35
6842,9
6843,10
6844,13
6845,6
6846,6
6847,29
6848,52
6849,18
6850,8
6851,17
6852,6
6853,1
6854,24
6855,17
6856,27
6857,8
6858,27.552
6859,178
6860,1360
6861,60
6862,100
6863,5670
6864,680
6865,100
6866,-47
6867,95%
6868,4100
6869,1800
6870,240
6871,304
6872,3290
6873,1500
6874,40000/9
6875,144
6876,12
6877,130
6878,260
6879,30
6880,1200
6881,375
6882,108
6883,36
6884,
6885,160
6886,160
6887,792
6888,240
6889,-324/5
6890,44
6891,72
6892,20
6893,750
6894,0.12
6895,237
6896,24
6897,1680
6898,5652
6899,600
6900,18
6901,15
6902,188.4
6903,58
6904,1
6905,0.94444
6906,8
6907,441
6908,59
6909,625
6910,37
6911,393.75
6912,250
6913,96%
6914,93.2%
6915,10
6916,39.36
6917,120
6918,77.76
6919,21.6
6920,84
6921,210
6922,50000
6923,27
6924,605/6
6925,32
6926,14
6927,20000/11
6928,50.24
6929,1296
6930,7245
6931,3
6932,2100
6933,40
6934,3
6935,13
6936,27/2
6937,136
6938,13
6939,16
6940,25%
6941,289/2
6942,289
6943,115%
6944,89
6945,28
6946,7.03125
6947,20000
6948,125
6949,263
6950,50
6951,31.4
6952,360
6953,90
6954,0.36364
6955,90
6956,10
6957,3.6
6958,9
6959,0
6960,100
6961,90
6962,7500
6963,480
6964,5
6965,80
6966,28
6967,37.68
6968,-9/2
6969,30
6970,20
6971,20
6972,144
6973,0
6974,144
6975,160
6976,270
6977,16
6978,96
6979,160
6980,0
6981,486.1%
6982,5000
6983,6000
6984,5
6985,19
6986,2400
6987,420
6988,200
6989,35
6990,4500
6991,1600
6992,640
6993,25
6994,810
6995,-700
6996,800
6997,5.28
6998,300
6999,3900
7000,52
7001,1.37667
7002,3.14
7003,20/3
7004,32
7005,10
7006,300
7007,180
7008,6400%
7009,36/5
7010,285
7011,0.5
7012,625
7013,
7014,-1539/44
7015,8400
7016,1.5
7017,19.625
7018,20.16
7019,1620
7020,50
7021,401.92
7022,100
7023,192
7024,2
7025,800
7026,180
7027,3.244
7028,-125%
7029,3014.4
7030,38/5
7031,45/4
7032,4608
7033,100
7034,25%
7035,600
7036,24/5
7037,1695.9%
7038,3.072
7039,717
7040,30
7041,780
7042,770
7043,345
7044,60
7045,91/10
7046,270
7047,96
7048,60
7049,10
7050,1575
7051,1560
7052,39
7053,2
7054,16
7055,1920
7056,16.25664
7057,156
7058,2.88
7059,28
7060,95%
7061,366
7062,22.8
7063,38.4
7064,-104.5
7065,3.7
7066,2800
7067,1.96667
7068,12
7069,206/3
7070,65.4376
7071,-1
7072,350
7073,25/2
7074,3%
7075,54/5
7076,660
7077,12
7078,2500
7079,3/8
7080,23
7081,200
7082,3420
7083,1050
7084,30/13
7085,4
7086,198
7087,4.65
7088,8
7089,182
7090,96
7091,100
7092,9
7093,108
7094,-1600/2501
7095,240
7096,8
7097,1200
7098,31.4
7099,0.4
7100,80
7101,10800
7102,390
7103,3
7104,3
7105,312
7106,157
7107,200
7108,400
7109,75
7110,1/3
7111,178
7112,1114.52918
7113,4995
7114,57/5
7115,60
7116,864
7117,251.2
7118,0
7119,245/4
7120,24/5
7121,501.9
7122,445
7123,600
7124,32
7125,6
7126,540
7127,84.72222
7128,200
7129,95
7130,9.8596
7131,17.75
7132,120
7133,45
7134,188
7135,65
7136,240/7
7137,660
7138,125/2
7139,1.26316
7140,2.62
7141,45.7232
7142,600
7143,750%
7144,6
7145,7
7146,92%
7147,281.2%
7148,10
7149,15/4
7150,6
7151,69/5
7152,1020
7153,-2/5
7154,1080
7155,5000
7156,385
7157,85/2
7158,46.3
7159,21.6
7160,96
7161,3175
7162,7/2
7163,8368/7
7164,512
7165,0.5
7166,3276
7167,480
7168,487.5
7169,29
7170,72
7171,0.98753
7172,512
7173,57.6%
7174,25%
7175,1344/5
7176,8
7177,1000
7178,2100
7179,437
7180,125.6
7181,545
7182,1400
7183,93
7184,1557
7185,12
7186,9
7187,768
7188,2
7189,-12
7190,97
7191,480
7192,225
7193,91424
7194,560
7195,5.26667
7196,3600/407
7197,144
7198,6
7199,15
7200,2
7201,24
7202,1240
7203,108
7204,46
7205,80
7206,35/8
7207,35
7208,9600
7209,426
7210,306
7211,24.02
7212,48
7213,1
7214,525/2
7215,251.2
7216,32
7217,251.2
7218,87.92
7219,3218
7220,3
7221,2128
7222,15
7223,137.1%
7224,33
7225,120
7226,17.1
7227,27
7228,32
7229,30
7230,16%
7231,-2400
7232,300
7233,48000
7234,5/2
7235,90
7236,14.84
7237,100
7238,219/20
7239,-3500/11
7240,8
7241,224
7242,7
7243,60
7244,4
7245,630
7246,73
7247,3.85
7248,168
7249,2000
7250,3000
7251,7
7252,36
7253,1.8
7254,120/43
7255,71.3
7256,450
7257,340
7258,1300
7259,184
7260,15/4
7261,3
7262,360000
7263,1707
7264,848
7265,4000
7266,5280
7267,320
7268,3
7269,54080/11
7270,8
7271,113.04
7272,16
7273,40
7274,19.99614
7275,765
7276,16800
7277,125
7278,5100
7279,400
7280,19486/13
7281,90
7282,480
7283,10%
7284,30
7285,15
7286,14.4
7287,57
7288,5
7289,120
7290,864
7291,5699
7292,35
7293,135
7294,4000
7295,594
7296,240
7297,96
7298,272
7299,51.4
7300,40
7301,73/80
7302,15
7303,360
7304,25000
7305,-190
7306,108
7307,2727
7308,2350
7309,1.3
7310,0.07
7311,19.73684
7312,150
7313,4320
7314,1890
7315,72/5
7316,2
7317,251.2
7318,636
7319,301.44
7320,9
7321,150
7322,480
7323,200/3
7324,103.3
7325,3
7326,2800
7327,160
7328,150
7329,16
7330,12
7331,0
7332,4.41
7333,0
7334,825
7335,6
7336,5040
7337,4019.2
7338,15
7339,68478
7340,45.475
7341,48
7342,30
7343,
7344,36
7345,63
7346,110.985
7347,250
7348,20
7349,2240
7350,
7351,28
7352,80
7353,1
7354,3500
7355,436
7356,12.3245
7357,-205/199
7358,79/90
7359,8
7360,9
7361,940
7362,778
7363,8
7364,90
7365,47
7366,4500
7367,160
7368,6000/7
7369,72
7370,38.4
7371,38.4
7372,720
7373,32
7374,88
7375,40/9
7376,9/20
7377,5.3664
7378,50
7379,227
7380,2200
7381,64
7382,5040
7383,30
7384,-5
7385,1130.4
7386,320
7387,1000
7388,0.785
7389,14.25
7390,6
7391,10/17
7392,90
7393,1256
7394,240
7395,480
7396,9600
7397,112
7398,8
7399,60
7400,64
7401,42/5
7402,65
7403,40
7404,279
7405,315
7406,30
7407,9
7408,9611.2
7409,185
7410,90
7411,11
7412,25
7413,125
7414,65
7415,64
7416,1.33546
7417,654.54545
7418,195
7419,2
7420,98
7421,-0.09492
7422,9
7423,648
7424,51
7425,162/13
7426,45
7427,1616
7428,0.02848
7429,960
7430,90%
7431,480
7432,42
7433,77/6
7434,-102.8
7435,200
7436,184
7437,12.6
7438,17
7439,6
7440,1920
7441,4
7442,12/5
7443,0.8
7444,700/3
7445,0.8
7446,7
7447,180
7448,7200
7449,7500
7450,125.6
7451,190
7452,8690
7453,335
7454,4
7455,32
7456,37.5%
7457,20
7458,3.44
7459,24/5
7460,442
7461,360
7462,44
7463,4368
7464,5.4
7465,65
7466,520
7467,0.005
7468,125
7469,1260
7470,157
7471,1.57
7472,10
7473,0.17045
7474,144
7475,9
7476,520
7477,5
7478,250
7479,3.01176
7480,29
7481,75
7482,-4
7483,400
7484,30000
7485,204
7486,450
7487,33
7488,100/19
7489,1600
7490,22.94118
7491,1337
7492,112
7493,80
7494,90
7495,24
7496,4.8
7497,450
7498,3.3
7499,60
7500,51.87
7501,3.57692
7502,48000
7503,4/5
7504,98
7505,1575
7506,32
7507,2400
7508,70/9
7509,210
7510,12/5
7511,3240
7512,2550
7513,8
7514,2256/19
7515,4286
7516,143
7517,45
7518,1/2
7519,20000/9
7520,1325
7521,3020
7522,423900
7523,16
7524,992
7525,29
7526,51600
7527,675
7528,5/2
7529,40
7530,194
7531,33
7532,12
7533,960
7534,2240
7535,457.6
7536,1603
7537,56
7538,2249
7539,44.5
7540,10
7541,15.5
7542,1224
7543,160
7544,150
7545,251.2
7546,32
7547,31.4
7548,675
7549,1413
7550,45
7551,3140
7552,59/23
7553,1260
7554,48
7555,870
7556,10
7557,180
7558,20
7559,9
7560,1000/11
7561,15
7562,300
7563,28
7564,240
7565,480
7566,99
7567,1.25
7568,2700
7569,2700
7570,15/4
7571,16.8
7572,25.72
7573,24
7574,2760
7575,3
7576,4
7577,1981.38522
7578,36.1375
7579,3/2
7580,200
7581,504
7582,29.4
7583,135
7584,1500
7585,9000
7586,1.875
7587,36
7588,40
7589,182
7590,4
7591,17
7592,980
7593,10
7594,440
7595,3240
7596,1512
7597,36
7598,54
7599,14
7600,5
7601,150
7602,71.04
7603,120
7604,4
7605,80
7606,3.072
7607,125
7608,8
7609,36
7610,225/8
7611,10.2
7612,34
7613,100
7614,32
7615,3
7616,10
7617,50
7618,12
7619,24
7620,12
7621,15
7622,560
7623,0
7624,100
7625,7776
7626,256
7627,77.5
7628,36.55
7629,0.6
7630,-2.13
7631,11
7632,294
7633,300
7634,90
7635,85%
7636,512
7637,13.5
7638,325
7639,-62
7640,-197.3
7641,3/5
7642,1/2
7643,3
7644,21
7645,20
7646,71/100
7647,18
7648,1/18
7649,1/35
7650,2240
7651,3000
7652,10/3
7653,8.36
7654,36
7655,2400
7656,19/20
7657,64
7658,20
7659,10.4
7660,960
7661,31.8
7662,2/7
7663,-54
7664,2
7665,2/5
7666,1/6
7667,17500
7668,4/7
7669,30
7670,21
7671,31
7672,13
7673,-111/2
7674,8
7675,505
7676,4
7677,2520
7678,1/4
7679,4050
7680,4131
7681,3968
7682,750
7683,7
7684,50
7685,65
7686,1600
7687,872
7688,31/35
7689,2880
7690,1782
7691,64
7692,8280
7693,1
7694,3
7695,5340
7696,39/5
7697,-11/3
7698,7
7699,54
7700,-29
7701,38.46154
7702,72
7703,9.5
7704,
7705,167/100
7706,3045
7707,-8
7708,28
7709,148
7710,72
7711,11/20
7712,32/3
7713,11/24
7714,2
7715,48
7716,42
7717,66.6
7718,7/24
7719,48
7720,9
7721,47.6
7722,0
7723,120
7724,1350
7725,616/23
7726,1/10
7727,95.8
7728,222
7729,6
7730,140
7731,882
7732,288
7733,7.2
7734,720
7735,67.5
7736,88
7737,26
7738,704/25
7739,59/2
7740,46
7741,135
7742,36
7743,85
7744,1120
7745,400
7746,38
7747,10.5
7748,-194
7749,549
7750,17/24
7751,700
7752,1.8
7753,583
7754,600
7755,-85.75
7756,10
7757,120
7758,135
7759,11/30
7760,5
7761,-53.4
7762,400
7763,96/13
7764,4
7765,6
7766,384
7767,20000
7768,83
7769,104
7770,68
7771,1125250
7772,3/10
7773,7200
7774,18
7775,105.15556
7776,1500
7777,30
7778,20
7779,60
7780,16/5
7781,360
7782,1534
7783,-22
7784,220
7785,0
7786,5
7787,19
7788,1800
7789,1500
7790,996.11111
7791,26
7792,250
7793,2/7
7794,10
7795,15
7796,2400
7797,1/4
7798,1260
7799,4800
7800,-96.21212
7801,60
7802,3125
7803,1/3
7804,-1/6
7805,-246/5
7806,400/3
7807,106
7808,187
7809,184
7810,13.6
7811,576
7812,2/3
7813,30
7814,5
7815,3
7816,8
7817,14
7818,240
7819,2550
7820,
7821,0
7822,5416
7823,1026
7824,1/5
7825,20.28
7826,1/6
7827,2/3
7828,800000
7829,36/5
7830,72
7831,1140
7832,30
7833,16
7834,80000
7835,82
7836,37/40
7837,3
7838,16800
7839,-52/9
7840,144
7841,-11/21
7842,6
7843,50
7844,
7845,79/90
7846,107.8
7847,135
7848,115
7849,320
7850,-7
7851,-57/4
7852,570
7853,543
7854,80/7
7855,4/5
7856,4
7857,43/40
7858,48
7859,120
7860,39
7861,3/20
7862,144
7863,3
7864,21.6
7865,
7866,54
7867,36
7868,40/9
7869,92
7870,130
7871,3/4
7872,15
7873,63/5
7874,28/3
7875,1/5
7876,60
7877,7
7878,8
7879,6
7880,1/4
7881,150
7882,625/2
7883,280
7884,60/11
7885,-1/25
7886,96
7887,4/9
7888,12
7889,9
7890,8
7891,2
7892,6
7893,369
7894,309
7895,187
7896,8745
7897,-1159/400
7898,5.33333
7899,6
7900,780
7901,115
7902,124
7903,20
7904,5.42
7905,60
7906,332
7907,200
7908,24/7
7909,21/20
7910,8
7911,2
7912,65/3
7913,79.2
7914,2700
7915,1/25
7916,9/10
7917,96
7918,160
7919,864
7920,9/20
7921,4
7922,3/4
7923,1/4
7924,-1682/5
7925,324
7926,150
7927,900
7928,53
7929,360
7930,50
7931,40
7932,9/4
7933,360/7
7934,504
7935,5/8
7936,3/5
7937,15
7938,5
7939,8
7940,7
7941,109
7942,5/12
7943,8/3
7944,120
7945,108
7946,-1.2
7947,8
7948,12
7949,80/3
7950,2/25
7951,2/25
7952,44/69
7953,44/69
7954,643/5
7955,860
7956,53
7957,2542
7958,-32
7959,690/7
7960,17/30
7961,125
7962,25/3
7963,15
7964,7000
7965,54
7966,20
7967,60
7968,1710
7969,30
7970,735/4
7971,8/3
7972,624
7973,100
7974,4
7975,261
7976,240
7977,8000
7978,45/2
7979,10000
7980,42
7981,392
7982,25
7983,4000
7984,34
7985,2590
7986,40/3
7987,75
7988,144
7989,144000
7990,170
7991,72
7992,6
7993,1200
7994,193
7995,5/12
7996,360
7997,3500
7998,2/7
7999,7
