0,84.2764
1,146
2,8
3,105
4,395
5,1032
6,600
7,3545
8,8.8
9,-13
10,405
11,0.95238
12,80
13,56
14,246
15,8172
16,16
17,23.9
18,322.5
19,10
20,2700
21,35
22,100
23,68
24,69/2
25,40
26,19
27,16
28,4.71
29,1950
30,3.6
31,80
32,9
33,720
34,60
35,19/20
36,251
37,56
38,14/15
39,72
40,400
41,24
42,6
43,500
44,4
45,17
46,95
47,288
48,40
49,280
50,612
51,210
52,7600
53,280
54,876
55,120
56,142
57,4875
58,1248
59,9
60,66
61,1201
62,1300
63,738
64,1176
65,588
66,13198.8
67,-5390
68,3360
69,765
70,10
71,73.2
72,6600
73,5/8
74,200
75,7.832
76,3
77,13/20
78,24
79,194
80,3.3
81,986
82,464
83,392
84,260
85,83.3%
86,15
87,424
88,402
89,374
90,108/25
91,24
92,20
93,1735
94,1536
95,157
96,8
97,16
98,3
99,260
100,2288
101,4
102,3486
103,14
104,5
105,20
106,5/9
107,427.5
108,10.9
109,6
110,7/10
111,1200
112,560
113,651
114,1088/7
115,160
116,4470
117,623
118,192
119,124
120,0.94
121,8
122,25
123,69
124,10.125
125,90%
126,445
127,
128,176
129,770
130,7/9
131,6089
132,10
133,237
134,11200
135,42
136,595
137,400
138,24
139,87
140,90
141,337
142,96
143,15
144,8126.72
145,356
146,2
147,8400
148,4800
149,9
150,2/9
151,494
152,100/7
153,490
154,8000
155,3/10
156,150/7
157,600
158,216
159,8700
160,30
161,5
162,76
163,22.92994
164,42
165,1350
166,258
167,775
168,62
169,624
170,40/9
171,7
172,280
173,144
174,11/35
175,14
176,44
177,9
178,8
179,2
180,20
181,28.26
182,12
183,27
184,17/20
185,650
186,5000
187,10
188,312
189,15
190,-782
191,-122.46
192,10395
193,880
194,3100
195,18.5525
196,704
197,18
198,450
199,272
200,450
201,114
202,18
203,7/20
204,8
205,40
206,2/3
207,144
208,40
209,10
210,6
211,65.55
212,3081
213,3645
214,24
215,62500
216,625
217,17/4
218,63024
219,3200
220,7644
221,333
222,20
223,16
224,200
225,1872
226,32
227,9
228,6/7
229,56
230,190
231,293
232,3300
233,207
234,684
235,3500
236,691
237,1710
238,-1/18
239,3280
240,816
241,1092/5
242,5/2
243,375
244,9
245,3/5
246,25.12
247,41/24
248,240
249,100
250,3.2
251,2
252,3202.5
253,1260
254,150
255,6000
256,1536
257,100
258,490
259,280
260,2700
261,2880/7
262,84
263,108
264,24/5
265,28
266,11/24
267,276
268,26
269,94
270,25000
271,12300
272,750
273,12
274,520
275,1585
276,289
277,5.4
278,32
279,750
280,10048
281,8
282,6
283,736
284,64
285,18
286,240
287,579
288,-322.08
289,2250
290,944
291,5
292,15
293,546
294,588
295,2940
296,4800
297,840/61
298,4
299,64
300,224
301,27/20
302,8
303,6
304,81
305,19719.2
306,9/2
307,20
308,50
309,210
310,125.6
311,450
312,1
313,2/7
314,36
315,60
316,40000/19
317,324
318,40
319,1/2
320,8
321,432
322,1/2
323,37/40
324,6/5
325,38
326,3450
327,71.25
328,890
329,48
330,12475
331,434000
332,16000
333,300
334,4/7
335,1344
336,30
337,486
338,6
339,10000
340,25/29
341,90
342,106
343,1.12
344,60
345,2
346,48
347,5
348,425
349,4/5
350,32
351,600
352,465
353,1588
354,168
355,140
356,2979/16
357,50
358,5/2
359,12
360,753.6
361,1256
362,45
363,9
364,5/12
365,540
366,11/35
367,32
368,21
369,209
370,150
371,242
372,10
373,31
374,88
375,1350
376,591
377,9/2
378,4429
379,5/11
380,70
381,119
382,2/5
383,6240
384,56375
385,91
386,12/5
387,3095.9144
388,600
389,128
390,1
391,1260
392,768
393,800
394,471000
395,35.56701
396,450
397,11
398,6592
399,13
400,1656
401,136
402,864
403,80
404,685
405,32
406,172/3
407,4/15
408,115/24
409,12.56
410,12
411,6
412,-1/4
413,800
414,10
415,516
416,55
417,8
418,1320
419,20
420,2/9
421,1
422,303
423,102.5
424,1.12
425,15.12
426,180
427,1120
428,127
429,2750
430,580
431,120
432,384
433,112
434,12960
435,31
436,544
437,44
438,51/40
439,
440,1/4
441,
442,410
443,175/2
444,64
445,765
446,3/5
447,0.45
448,20
449,1920
450,1036
451,68
452,116007%
453,10
454,30
455,133
456,1080
457,3/2
458,76
459,390
460,24
461,2400
462,33
463,816
464,12
465,1710
466,750
467,246
468,21
469,35
470,12
471,16
472,-700
473,251.2
474,6
475,21
476,534
477,1000
478,1152
479,231
480,320
481,533
482,1/20
483,192
484,30
485,280
486,132
487,288
488,15
489,1204
490,4
491,96
492,260
493,44.72
494,440
495,2097.2
496,36000
497,360
498,80
499,1344
500,272
501,1555
502,960
503,750
504,885
505,639
506,120
507,700
508,94.2
509,72
510,66000
511,14
512,17/40
513,-7/2
514,1160
515,4900
516,796
517,1.57
518,1/2
519,224
520,45
521,8
522,355
523,1800
524,3/8
525,200
526,340
527,100
528,50
529,31.4
530,80
531,36
532,150
533,46.8
534,24
535,45
536,75/7
537,401
538,112
539,144
540,270
541,32
542,216
543,600
544,400
545,120
546,1
547,112
548,0.1
549,60
550,1730
551,376.8
552,48
553,1.5
554,1100
555,750
556,11
557,56
558,78.5
559,2
560,0.56667
561,6
562,24/5
563,100
564,37
565,37
566,
567,147
568,6300/73
569,2500
570,266
571,
572,10700
573,24
574,7500
575,2.99
576,3
577,2
578,625
579,240
580,1600
581,4
582,182.9
583,900
584,2
585,12
586,43
587,15
588,39
589,18
590,6
591,16
592,40
593,0.4
594,15
595,5
596,0.25
597,940
598,192
599,2857
600,8722
601,9.16667
602,3
603,100
604,115
605,2/5
606,2020
607,75/4
608,5
609,110/189
610,900
611,10
612,154
613,8.1
614,9.6
615,312000
616,31.3
617,10
618,3768
619,90
620,89.4
621,50
622,251.2
623,114
624,392
625,15
626,2200/9
627,18
628,421
629,81
630,60
631,314
632,3
633,2000
634,380
635,5%
636,93.8%
637,57.1%
638,99%
639,60
640,2.75862
641,120/7
642,500/11
643,192
644,-1350
645,44
646,6
647,14
648,215
649,75
650,340
651,26
652,7
653,4
654,98%
655,49
656,80
657,98%
658,2e-05
659,95%
660,103
661,4/3
662,950
663,75%
664,102
665,1094.5
666,50
667,245
668,35
669,1130.4
670,20
671,980
672,9
673,160
674,5
675,92%
676,8
677,453
678,98%
679,96%
680,501/50
681,4600000
682,120
683,450
684,-42/5
685,42
686,3360
687,200
688,36
689,51/2
690,320
691,960
692,81
693,480
694,400
695,841
696,16
697,1
698,31/40
699,60
700,265/4
701,-72
702,5
703,4
704,6
705,33
706,94%
707,5/8
708,20
709,60
710,2.56
711,38
712,2
713,0.3
714,10%
715,10000000000
716,240
717,96
718,24
719,180
720,150
721,0.96
722,-33
723,5280
724,20
725,17
726,2550
727,117
728,2
729,175
730,360
731,60
732,1152
733,100
734,295
735,0.135
736,335.4
737,20
738,70
739,40
740,95%
741,150
742,3/4
743,5
744,300
745,680
746,240/7
747,190.66667
748,39/5
749,415/2
750,36
751,144
752,31
753,-10
754,15.18072
755,250
756,34
757,64
758,3
759,40
760,694.33333
761,60/41
762,111452.9184
763,12.56
764,350
765,1055/4
766,1944
767,2.16
768,32000/7
769,30
770,851
771,77
772,187
773,33.25
774,
775,504
776,1200
777,40
778,605
779,4
780,5
781,32000
782,24000
783,-1
784,117
785,156
786,125.6
787,7.6
788,180
789,114
790,98%
791,81
792,1225/3
793,35
794,72.09
795,130
796,40
797,2160
798,18
799,36
800,28.6
801,5/3
802,300/13
803,48
804,578/35
805,7.68
806,1250
807,240
808,140
809,32
810,3.6
811,6
812,20
813,44.93385
814,25
815,4000
816,2000
817,13
818,8
819,90
820,174
821,840
822,88
823,120
824,39.4384
825,1050
826,1462
827,10
828,1.2
829,42
830,290
831,160
832,2500
833,150
834,36
835,14080
836,180
837,128
838,20
839,90
840,20
841,15
842,8
843,13920
844,546
845,150
846,0
847,42
848,12012
849,12
850,480
851,825/2
852,24
853,100
854,91/18
855,144/5
856,150
857,21
858,79.5
859,24
860,3500
861,75
862,-10
863,2/7
864,24
865,2
866,0.5
867,1229
868,40.33333
869,25
870,6.6
871,14
872,9
873,62
874,48
875,4
876,10500
877,87.5%
878,17.584
879,31400%
880,64
881,50
882,40
883,31.5
884,60
885,19
886,585/4
887,3140
888,13/2
889,3
890,2
891,306
892,3000
893,4.8
894,80
895,9
896,285
897,10
898,24
899,15000
900,4000
901,207000
902,16/3
903,375
904,-7500
905,3000
906,360
907,1575
908,285
909,12.56
910,5/2
911,312.4
912,120
913,45
914,64.5
915,425
916,6280
917,125.6
918,1413
919,5.4
920,200
921,6
922,1
923,96%
924,134
925,64/15
926,95.8%
927,1625/4
928,13
929,50
930,35000/19
931,750000/133
932,48
933,18.84
934,7.1
935,955
936,60
937,372
938,6.66
939,11
940,52
941,-36
942,210
943,24
944,12
945,5/12
946,-3
947,4
948,90
949,48
950,0.6
951,80
952,125
953,153/4
954,53/3
955,122
956,16
957,60/19
958,1469.21241
959,13
960,6
961,7
962,640
963,31050
964,16
965,115/2
966,25
967,47
968,300
969,1/8
970,152.4
971,17
972,3424
973,12560
974,41
975,226
976,70
977,64
978,345.4
979,910
980,182.9
981,4400
982,3
983,448
984,1000300%
985,74
986,0
987,10
988,27
989,260
990,24
991,-2759
992,581
993,700
994,20.0%
995,17000
996,1/101
997,90
998,72
999,1/5
1000,31.4
1001,450/7
1002,89
1003,135
1004,6
1005,10%
1006,2
1007,31
1008,1.836
1009,1/4
1010,20
1011,163
1012,1250
1013,96%
1014,200
1015,40
1016,15
1017,5/4
1018,78
1019,2/3
1020,9
1021,150%
1022,41.7%
1023,125.6
1024,200
1025,44080
1026,16000
1027,1
1028,304
1029,88
1030,15
1031,215.6
1032,387
1033,10
1034,5/11
1035,114
1036,0.432
1037,30
1038,50
1039,280/19
1040,24/5
1041,4500
1042,60
1043,0.1
1044,1.26
1045,441
1046,1/36
1047,36
1048,529/24
1049,245.45455
1050,15
1051,644000
1052,240
1053,60/49
1054,41
1055,25/4
1056,204
1057,12
1058,256/9
1059,0.512
1060,490
1061,11
1062,4.67
1063,2
1064,60
1065,20
1066,68
1067,-9
1068,250
1069,225
1070,55
1071,7.5
1072,-3
1073,284
1074,1/25
1075,4138
1076,3
1077,272
1078,60
1079,-40
1080,1200
1081,425
1082,50
1083,20
1084,1.3
1085,7.4
1086,9/20
1087,480
1088,4/9
1089,0.0144
1090,160
1091,45
1092,7395
1093,512
1094,0.07198
1095,18
1096,1440
1097,3/8
1098,-9
1099,120
1100,1/7
1101,16
1102,492
1103,-9
1104,285
1105,1/2
1106,105.7
1107,12
1108,12
1109,27
1110,27
1111,3
1112,45.12
1113,66.7%
1114,800
1115,68
1116,6000
1117,-30
1118,4.8
1119,3
1120,15
1121,30
1122,36
1123,10
1124,66
1125,
1126,14
1127,0.93333
1128,100
1129,200/3
1130,-0.116
1131,3/2
1132,32
1133,550
1134,128
1135,10
1136,30.05
1137,575
1138,480
1139,200
1140,600
1141,75
1142,6
1143,180
1144,400/9
1145,4
1146,1000
1147,108
1148,3
1149,19.3
1150,1160
1151,100
1152,1/2
1153,770
1154,12
1155,2105
1156,46
1157,10
1158,1154
1159,2
1160,21/2
1161,-2
1162,216
1163,
1164,8965
1165,12
1166,6
1167,20
1168,0
1169,12
1170,-14000.0%
1171,3601
1172,120
1173,3400/3
1174,1500
1175,98%
1176,60000
1177,60000
1178,60000
1179,64
1180,3
1181,750
1182,72
1183,605
1184,27
1185,120
1186,92
1187,201
1188,2010
1189,2010
1190,1
1191,72
1192,0.27
1193,60000
1194,864
1195,5%
1196,150
1197,75
1198,300
1199,62.8
1200,486
1201,25
1202,19/100000
1203,5%
1204,51
1205,5.6
1206,18
1207,188
1208,
1209,31
1210,20
1211,33
1212,952
1213,24%
1214,100
1215,200
1216,-44
1217,222/5
1218,-14
1219,750
1220,26.7%
1221,30
1222,3
1223,190.8
1224,48
1225,100/3
1226,60
1227,16000
1228,11
1229,375/2
1230,16/5
1231,16/5
1232,49
1233,256
1234,2430
1235,188.4
1236,308
1237,135
1238,4327/144
1239,55/2
1240,64%
1241,8
1242,80
1243,53
1244,147
1245,4200
1246,85
1247,53
1248,56
1249,180
1250,63
1251,45
1252,35
1253,14
1254,36
1255,8
1256,30
1257,38
1258,36
1259,16
1260,53
1261,22
1262,4
1263,37
1264,6
1265,45
1266,10
1267,13
1268,23
1269,34
1270,55
1271,78
1272,94
1273,86
1274,118
1275,12
1276,162
1277,1
1278,84
1279,24
1280,36
1281,51
1282,84
1283,24
1284,54
1285,80
1286,45
1287,35
1288,27
1289,48
1290,9
1291,26
1292,44
1293,28
1294,25
1295,1505
1296,100
1297,3000
1298,8
1299,6
1300,6
1301,20
1302,6
1303,5
1304,6
1305,259
1306,38
1307,18
1308,300
1309,34
1310,392
1311,48/7
1312,4
1313,32
1314,4
1315,9
1316,13
1317,5
1318,-40
1319,384
1320,7
1321,72/5
1322,80
1323,31
1324,28
1325,36
1326,17
1327,35/11
1328,20
1329,6
1330,42
1331,6
1332,136
1333,11/2
1334,4
1335,135
1336,54
1337,16
1338,75
1339,5
1340,73
1341,24
1342,6
1343,7
1344,24
1345,1716
1346,31
1347,15
1348,6
1349,17
1350,23
1351,16
1352,19
1353,28
1354,9
1355,9/16
1356,2426/25
1357,226.08
1358,5/2
1359,700
1360,480
1361,12000
1362,6
1363,9
1364,120.025
1365,5/9
1366,-314
1367,16
1368,5024
1369,53
1370,12
1371,81
1372,335
1373,8
1374,76.5
1375,18/35
1376,2400
1377,128
1378,9000
1379,720
1380,2.7
1381,314
1382,666
1383,17/3
1384,440
1385,189.5
1386,3
1387,2
1388,150
1389,5.02727
1390,28
1391,30
1392,48000
1393,117
1394,4
1395,32
1396,160
1397,30
1398,95
1399,840
1400,6
1401,180
1402,640
1403,20
1404,40
1405,9
1406,1134/521
1407,45/4
1408,787
1409,125
1410,582
1411,-20
1412,334
1413,40
1414,240
1415,18000
1416,115500
1417,3
1418,240
1419,31
1420,11/20
1421,30.6
1422,38.55
1423,3.6
1424,0.0016
1425,9
1426,9
1427,4
1428,504
1429,36
1430,22.5
1431,28
1432,48
1433,84
1434,2.4
1435,44.3
1436,190
1437,271.32
1438,196.35
1439,300
1440,16
1441,11
1442,110
1443,36
1444,54
1445,15
1446,13500
1447,1176
1448,1.35
1449,1/4
1450,44
1451,96.3
1452,180
1453,307
1454,36
1455,100
1456,8450
1457,31
1458,154
1459,9
1460,3612
1461,560
1462,20
1463,1485
1464,10
1465,290
1466,-28/27
1467,280
1468,68
1469,1.1
1470,137
1471,57
1472,6400
1473,45
1474,38
1475,8
1476,50
1477,9000
1478,162
1479,12
1480,0.6
1481,8448
1482,280
1483,3
1484,119
1485,4
1486,152/15
1487,99
1488,8
1489,56
1490,3.5
1491,39/2
1492,0
1493,9125
1494,32
1495,100
1496,1
1497,4
1498,17.88
1499,2370
1500,91
1501,18/5
1502,149
1503,18
1504,371
1505,28
1506,100
1507,64
1508,18.4
1509,180
1510,945
1511,50
1512,320000
1513,180
1514,120
1515,520
1516,36
1517,1.55
1518,20342
1519,6
1520,90
1521,44
1522,600
1523,820000
1524,331
1525,16
1526,280
1527,120
1528,128/5
1529,780
1530,1005
1531,48
1532,1250
1533,250
1534,4800
1535,1/2
1536,5/2
1537,30
1538,1/21
1539,160
1540,128
1541,50.24
1542,23
1543,90
1544,12
1545,400
1546,650
1547,20
1548,1/4
1549,33/5
1550,39/100
1551,40
1552,3722
1553,5330
1554,12
1555,753.6
1556,22.608
1557,28.26
1558,400
1559,200
1560,16000/19
1561,51
1562,10
1563,120
1564,3360
1565,200
1566,2400
1567,8.4
1568,4800
1569,9
1570,1385
1571,64/5
1572,62.8
1573,8
1574,104
1575,60
1576,23.55
1577,17.8
1578,210
1579,270
1580,12.5
1581,4
1582,125
1583,160
1584,124
1585,1300
1586,2160
1587,-34
1588,82
1589,600
1590,73
1591,288/7
1592,88
1593,175
1594,50
1595,252
1596,5.2
1597,225.9%
1598,25
1599,37
1600,240
1601,100
1602,75
1603,800
1604,-240
1605,350/3
1606,1512
1607,52
1608,14
1609,6.28
1610,0.02512
1611,0.02512
1612,8500/11
1613,52.32
1614,37.68
1615,52
1616,876
1617,16
1618,150
1619,240
1620,45
1621,450
1622,7.56
1623,120
1624,40
1625,374.46
1626,28
1627,25
1628,5/4
1629,30
1630,1600
1631,35/12
1632,-135/2
1633,-10
1634,8.5
1635,20
1636,2
1637,54
1638,5
1639,4/5
1640,84
1641,171.6
1642,416
1643,720
1644,12.32
1645,1
1646,3.14
1647,0.0125
1648,720
1649,162/7
1650,1770
1651,50
1652,1956
1653,14.08514
1654,92%
1655,1256
1656,518
1657,1200
1658,20
1659,8040
1660,1995
1661,4
1662,2/3
1663,20
1664,3.2
1665,380
1666,188
1667,77/10
1668,625
1669,0.73
1670,9/25
1671,109450
1672,265/2
1673,30
1674,-9
1675,19
1676,3960/29
1677,5
1678,108
1679,-49000
1680,98/3
1681,3200
1682,1750
1683,1000
1684,-18/13
1685,10
1686,15
1687,30
1688,1000
1689,150
1690,1120
1691,160
1692,4800006
1693,0.5
1694,12
1695,1600
1696,10.4
1697,2000
1698,30
1699,72
1700,52
1701,20
1702,6.86
1703,3.4
1704,32/15
1705,0.25
1706,8/3
1707,21
1708,600
1709,28
1710,1152
1711,2125
1712,66
1713,405000
1714,2560/7
1715,144
1716,17
1717,400
1718,15
1719,720
1720,2/7
1721,2.7192
1722,2
1723,192
1724,226.08
1725,22
1726,0
1727,251.2
1728,6
1729,360
1730,12/5
1731,20
1732,110
1733,33.5
1734,64
1735,5760
1736,280/3
1737,130
1738,1720
1739,-236
1740,267
1741,60
1742,13/25
1743,1380
1744,30
1745,48
1746,80
1747,36
1748,15
1749,320
1750,114
1751,500
1752,7
1753,1.74
1754,25
1755,45
1756,36/5
1757,20000
1758,219.8
1759,-8
1760,17
1761,192
1762,-32.13
1763,-5189
1764,3997/10
1765,131.25
1766,51
1767,53
1768,36
1769,8
1770,86
1771,225
1772,450
1773,2682
1774,64/5
1775,800
1776,100
1777,650
1778,5740
1779,1030
1780,4
1781,9
1782,1175
1783,1800
1784,67
1785,0
1786,9
1787,23
1788,952
1789,6
1790,600
1791,250
1792,20
1793,11460
1794,266
1795,51
1796,5
1797,95/3
1798,24
1799,500
1800,400
1801,11/15
1802,3360
1803,96
1804,900/7
1805,942
1806,7200
1807,4
1808,500/3
1809,8
1810,660
1811,8
1812,1384.74
1813,250
1814,7
1815,72
1816,275
1817,20
1818,102
1819,-8
1820,7040
1821,27
1822,218
1823,10
1824,18522/5
1825,1355
1826,100
1827,1
1828,160
1829,222.94
1830,40
1831,15
1832,5
1833,5928
1834,272
1835,5024
1836,4662
1837,65
1838,-14
1839,1/12
1840,48
1841,2500
1842,24
1843,144
1844,280
1845,50.24
1846,3600
1847,702
1848,9
1849,3000
1850,818
1851,151.8
1852,331
1853,1035
1854,3
1855,12
1856,4000
1857,110
1858,60
1859,69.5196
1860,70
1861,0.0
1862,96
1863,16
1864,42
1865,17/6
1866,1210
1867,11
1868,1008
1869,6720
1870,4410
1871,30
1872,5400
1873,8000
1874,0.5
1875,285
1876,24
1877,7
1878,126
1879,46
1880,18
1881,7.35
1882,6
1883,3888
1884,1088
1885,8
1886,20
1887,6
1888,1920
1889,3
1890,16
1891,52%
1892,54
1893,25.12
1894,200
1895,64
1896,2/15
1897,3
1898,2/3
1899,40
1900,9
1901,315
1902,3600
1903,4.2
1904,9
1905,-72
1906,420
1907,888
1908,12
1909,15.75
1910,2250
1911,1469
1912,50
1913,9
1914,0.148
1915,108
1916,108
1917,11
1918,16
1919,96
1920,12
1921,104
1922,
1923,5166
1924,45
1925,360
1926,120
1927,12.96
1928,66
1929,331.2
1930,20
1931,5
1932,10
1933,1
1934,-321750
1935,3
1936,720
1937,339.12
1938,6
1939,40
1940,1600/3
1941,4.2
1942,62.8
1943,1600/3
1944,1.49074
1945,612
1946,5381/8
1947,140
1948,16
1949,108
1950,25%
1951,-200
1952,5
1953,11.7
1954,2
1955,4900
1956,0.29167
1957,217
1958,78.5
1959,184
1960,8
1961,0.04
1962,3740
1963,60
1964,636
1965,90600
1966,113
1967,280
1968,197.192
1969,48
1970,3.912
1971,4.1
1972,36
1973,25.12
1974,6
1975,42
1976,-385
1977,60
1978,75
1979,7
1980,2000
1981,330
1982,14.4
1983,40
1984,44
1985,84
1986,60
1987,972/5
1988,68.57143
1989,2398
1990,201
1991,25/13
1992,7497.6
1993,5450
1994,22
1995,46.05
1996,6
1997,100
1998,3.5
1999,1.6
2000,24
2001,168
2002,5
2003,81
2004,8
2005,45
2006,260
2007,885
2008,896
2009,621
2010,5000
2011,45
2012,430
2013,0.05
2014,12
2015,45
2016,
2017,5
2018,75/7
2019,600
2020,200/3
2021,576/5
2022,1500
2023,400
2024,40
2025,12.2
2026,3500
2027,15
2028,4
2029,115%
2030,-4000%
2031,175/39
2032,7
2033,56
2034,720
2035,2300
2036,648
2037,720
2038,384
2039,45
2040,15/8
2041,3
2042,785
2043,10
2044,0.39706
2045,9
2046,240
2047,10
2048,0
2049,20
2050,1
2051,1159
2052,36
2053,374.4
2054,5
2055,301.44
2056,120
2057,62
2058,1.2
2059,4750
2060,-1250
2061,42
2062,208/9
2063,16.9
2064,24
2065,-66000
2066,30000/53
2067,800
2068,1.57
2069,315
2070,56
2071,270
2072,250/3
2073,5.05263
2074,880
2075,246
2076,5600
2077,4
2078,400
2079,2000
2080,2.9
2081,22
2082,35
2083,24/5
2084,15/2501
2085,80
2086,942
2087,54
2088,900/7
2089,1740
2090,112
2091,108
2092,72
2093,900
2094,672
2095,86.198
2096,62.8
2097,144
2098,6/5
2099,28
2100,780
2101,4000
2102,20
2103,50
2104,104
2105,520
2106,126
2107,12.56
2108,1560
2109,2072
2110,375
2111,16
2112,16
2113,19.968
2114,4
2115,622
2116,3600
2117,185.79235
2118,125.6
2119,84
2120,15
2121,88
2122,452.16
2123,2.355
2124,210.5
2125,3.14
2126,830
2127,99
2128,268
2129,76
2130,24/5
2131,300
2132,15
2133,3720
2134,7
2135,13.188
2136,22
2137,65/9
2138,46
2139,12
2140,2.5
2141,8
2142,11
2143,225
2144,0.4
2145,11
2146,1296
2147,640000
2148,13/12
2149,80/11
2150,565.2
2151,489.84
2152,-23/3
2153,125.6
2154,699
2155,64/17
2156,3
2157,120
2158,27
2159,45.216
2160,3555
2161,480
2162,360
2163,180
2164,55
2165,34
2166,124
2167,3320
2168,181.5
2169,6480
2170,2250
2171,720
2172,-145%
2173,11183
2174,-9/2
2175,100%
2176,65%
2177,79/75
2178,290
2179,90
2180,400
2181,120
2182,715
2183,6.85714
2184,1710
2185,1040
2186,-3/10
2187,441
2188,1456
2189,0.3
2190,2700/7
2191,36
2192,4.5
2193,56
2194,2
2195,3400
2196,24
2197,0.4
2198,100
2199,12
2200,7
2201,344
2202,2520
2203,11400
2204,5
2205,4
2206,18
2207,2520
2208,16
2209,210
2210,496
2211,160
2212,2275
2213,24000
2214,1.54
2215,24/5
2216,87
2217,776
2218,10
2219,59/3
2220,10890
2221,1245
2222,495
2223,13
2224,61.6225
2225,36000
2226,80.04
2227,80
2228,5.3
2229,1000/3
2230,75.36
2231,18
2232,3
2233,4.5
2234,1.07
2235,2.04
2236,18
2237,11
2238,36
2239,950/3
2240,3000
2241,1000
2242,144
2243,6300
2244,45
2245,1.1
2246,6
2247,486
2248,4.5
2249,1920
2250,942
2251,80
2252,114
2253,24
2254,1440
2255,9
2256,300
2257,5750
2258,32
2259,342/11
2260,720
2261,16%
2262,22%
2263,12.45
2264,-60
2265,100
2266,232
2267,22.5
2268,32
2269,24
2270,1
2271,75
2272,48.4
2273,46/5
2274,16/5
2275,729
2276,1053
2277,320
2278,100
2279,40.21875
2280,45
2281,2940
2282,840
2283,1190
2284,3600
2285,60
2286,200
2287,-5
2288,12
2289,540
2290,225
2291,45
2292,45
2293,40
2294,336
2295,653.12
2296,72
2297,5
2298,0.02
2299,62.8
2300,24
2301,3
2302,774
2303,10
2304,3095.9144
2305,6.28
2306,48
2307,3600/11
2308,14
2309,25/3
2310,2
2311,33
2312,40
2313,3025/23
2314,350
2315,6
2316,1872
2317,420
2318,-126/5
2319,96
2320,54
2321,360
2322,2993/25
2323,9.8
2324,75
2325,1000
2326,1537
2327,70
2328,540
2329,200
2330,450
2331,29
2332,12
2333,4200
2334,0.08
2335,120
2336,12
2337,5
2338,1895/2
2339,2
2340,2
2341,1520
2342,9/16
2343,133/2
2344,19/84
2345,182/5
2346,52
2347,432
2348,48
2349,327
2350,1080
2351,50
2352,75/4
2353,24
2354,300
2355,400
2356,187
2357,66
2358,488/3
2359,1243
2360,41666.7%
2361,15
2362,448
2363,55
2364,476
2365,330
2366,288
2367,8.28
2368,48
2369,4
2370,100
2371,480
2372,15.072
2373,75
2374,200
2375,40
2376,60
2377,43
2378,12
2379,2.6
2380,120
2381,24
2382,20
2383,3231
2384,352
2385,109
2386,56
2387,930
2388,15
2389,3/4
2390,-360
2391,20
2392,210
2393,15
2394,27.8
2395,45
2396,191
2397,6/5
2398,22
2399,625%
2400,55.2
2401,448/3
2402,0.2
2403,8
2404,70
2405,24
2406,-3
2407,0
2408,11
2409,24
2410,6
2411,72
2412,5
2413,4
2414,40
2415,
2416,50.24
2417,-699
2418,80
2419,20
2420,-28.43
2421,600
2422,10
2423,6
2424,1.1
2425,252
2426,16
2427,8
2428,75
2429,7.2
2430,14
2431,9
2432,9/10
2433,8/15
2434,120
2435,120
2436,39.55
2437,89.6
2438,19
2439,40/3
2440,14
2441,83
2442,36
2443,0.38889
2444,40
2445,4
2446,150
2447,2275/57
2448,28
2449,4159
2450,33/20
2451,30
2452,11/3
2453,193.4
2454,78
2455,24
2456,20%
2457,176
2458,22
2459,20096
2460,450
2461,6
2462,95
2463,28
2464,7388.23529
2465,45
2466,100.48
2467,36
2468,59/2
2469,3200
2470,16
2471,44
2472,15
2473,120
2474,120
2475,80
2476,25
2477,245
2478,25
2479,60
2480,108
2481,-10999
2482,24
2483,8
2484,28.26
2485,600
2486,500/9
2487,889
2488,4
2489,8
2490,8
2491,10
2492,12
2493,230
2494,7
2495,1078/5
2496,25
2497,8000
2498,1/2
2499,-48
2500,125/3
2501,362
2502,2000
2503,240
2504,65%
2505,-10
2506,40/9
2507,462
2508,480
2509,19
2510,6
2511,376.8
2512,7630
2513,18.84
2514,-0.54
2515,100
2516,3
2517,7.2
2518,235.5
2519,3
2520,289/2
2521,8960
2522,379.24951
2523,4
2524,9
2525,720
2526,48
2527,300
2528,40
2529,66
2530,12
2531,48
2532,1250
2533,120
2534,15
2535,4.71
2536,100
2537,216
2538,22
2539,108
2540,1/2
2541,8
2542,10
2543,2
2544,300
2545,60
2546,1056
2547,200
2548,1125
2549,21
2550,4
2551,5
2552,310/19
2553,12.5%
2554,106
2555,4.03608
2556,392
2557,125.6
2558,9
2559,3840
2560,36%
2561,120
2562,9.2
2563,30
2564,30
2565,12528
2566,36
2567,6.28
2568,2
2569,720
2570,140
2571,2842
2572,46
2573,3
2574,5
2575,60
2576,4
2577,127.5
2578,5
2579,166
2580,-552
2581,72
2582,12
2583,60
2584,12.5
2585,16000
2586,
2587,3
2588,21
2589,2
2590,12.24
2591,26
2592,45
2593,49
2594,150
2595,200
2596,365
2597,159/20
2598,43.2
2599,80
2600,125
2601,3360
2602,1400
2603,16.8
2604,16
2605,-4
2606,21
2607,400000000
2608,320
2609,40
2610,60/7
2611,14
2612,1364
2613,25
2614,-290
2615,728
2616,25
2617,1800
2618,600
2619,3920
2620,4%
2621,80
2622,-7/3
2623,64/3
2624,56
2625,495.3463
2626,50.24
2627,36
2628,26.4%
2629,320
2630,780/121
2631,600000000000
2632,480120
2633,74
2634,300000
2635,200/3
2636,32
2637,2449.2
2638,20
2639,24
2640,3
2641,9
2642,-60
2643,960
2644,8
2645,160
2646,10
2647,46
2648,160
2649,0.375
2650,2
2651,20
2652,4
2653,300
2654,540
2655,2.4
2656,10/3
2657,4
2658,12
2659,20.2
2660,37.68
2661,20
2662,3000/7
2663,16
2664,90
2665,1728
2666,44
2667,102%
2668,69
2669,184/3
2670,8/19
2671,600
2672,3500
2673,-39
2674,1
2675,35
2676,12
2677,23
2678,784
2679,30.4
2680,395
2681,105
2682,10.07
2683,30
2684,10
2685,2800
2686,5%
2687,10000
2688,272
2689,435/8
2690,264
2691,5440
2692,432
2693,246
2694,11.4
2695,64
2696,314
2697,530
2698,3
2699,24
2700,11
2701,6
2702,1200
2703,100
2704,24
2705,200
2706,5
2707,6
2708,6
2709,3.7
2710,76
2711,13
2712,-4.2
2713,720
2714,2
2715,370
2716,75.36
2717,360
2718,18
2719,5/2
2720,10850
2721,1512
2722,19200
2723,2223
2724,20400
2725,18
2726,15
2727,58
2728,2220
2729,10
2730,696/5
2731,21
2732,6
2733,200
2734,6
2735,-200
2736,9000
2737,1000
2738,7.0251
2739,22
2740,394.16058
2741,75/7
2742,9250
2743,833
2744,40
2745,15
2746,2/65
2747,15
2748,300
2749,64
2750,53
2751,16
2752,1000
2753,5
2754,15/4
2755,160
2756,1.26
2757,200
2758,180
2759,4.48
2760,2000
2761,0
2762,80
2763,432
2764,78000
2765,20.8
2766,32
2767,6
2768,989
2769,-415/7
2770,400
2771,440
2772,6
2773,-1263
2774,-385
2775,24
2776,5
2777,504
2778,100
2779,250
2780,35/3
2781,37
2782,4
2783,8
2784,375
2785,8
2786,1460
2787,288
2788,180
2789,13
2790,7
2791,40/9
2792,36
2793,15
2794,100
2795,100
2796,68.7
2797,20/3
2798,5.91447
2799,-177
2800,7/2
2801,288
2802,416
2803,100
2804,3087
2805,246
2806,160
2807,15
2808,225/2
2809,37
2810,150.72
2811,1344
2812,320
2813,24
2814,904.32
2815,0.25
2816,12
2817,300
2818,196
2819,620
2820,12.56
2821,130
2822,480
2823,6/5
2824,290/11
2825,70
2826,3520
2827,3
2828,10000/3
2829,72
2830,2856
2831,17
2832,10
2833,30
2834,588
2835,40
2836,19
2837,680
2838,2400/11
2839,60%
2840,80
2841,7/3
2842,30
2843,33
2844,40
2845,37.68
2846,15
2847,18
2848,94.2
2849,846
2850,9
2851,50.24
2852,36
2853,4000
2854,27/8
2855,9.1%
2856,51
2857,28
2858,3
2859,10
2860,5500
2861,308
2862,11154
2863,44.1
2864,56
2865,16
2866,32
2867,20
2868,9.42
2869,1000
2870,280
2871,5
2872,1188
2873,3
2874,100.48
2875,750
2876,65
2877,2720%
2878,910
2879,32
2880,6
2881,7200
2882,96%
2883,30
2884,80
2885,36/5
2886,75
2887,10048
2888,240
2889,251.2
2890,1610
2891,405
2892,6
2893,64
2894,320
2895,18666.7%
2896,1280
2897,52
2898,2390
2899,1375
2900,27
2901,527
2902,159
2903,864
2904,180
2905,132
2906,1100
2907,0.6
2908,50.24
2909,192
2910,30
2911,9
2912,505
2913,66
2914,2
2915,4
2916,1
2917,150.72
2918,55
2919,379
2920,200
2921,24
2922,32
2923,6600
2924,5/4
2925,0.04
2926,11685
2927,6
2928,336
2929,8
2930,110/3
2931,150
2932,8002
2933,-100/13
2934,-4
2935,502.4
2936,-80/13
2937,78.5
2938,610
2939,0.001
2940,2250
2941,326
2942,800
2943,92
2944,12
2945,60
2946,32833
2947,200
2948,415/4
2949,441/22
2950,36
2951,3.63
2952,36
2953,555/7
2954,4500/7
2955,16875
2956,38
2957,4
2958,36
2959,8
2960,16
2961,-36
2962,41
2963,-279
2964,50.24
2965,15/2
2966,7
2967,81
2968,60
2969,210
2970,24
2971,10.6
2972,135/13
2973,10
2974,6
2975,12
2976,8.88889
2977,125.6
2978,180
2979,25
2980,22
2981,94.6%
2982,131
2983,8000
2984,24
2985,380
2986,4.224
2987,-11
2988,65
2989,49
2990,5.6
2991,1.6
2992,49.298
2993,1281.32
2994,1400
2995,16
2996,100
2997,138
2998,18
2999,42
3000,32
3001,-119
3002,88
3003,20/3
3004,46.5
3005,15/2
3006,540
3007,20
3008,126
3009,135.648
3010,78.5
3011,0.0198
3012,10.048
3013,1271
3014,43.96
3015,5000
3016,18
3017,600
3018,36
3019,540
3020,40
3021,200/3
3022,40
3023,1800/7
3024,15
3025,600
3026,18
3027,1280000
3028,2400
3029,300
3030,60
3031,742
3032,378/25
3033,18
3034,8
3035,7
3036,140
3037,5
3038,15%
3039,1800
3040,125.6
3041,8
3042,12
3043,18/5
3044,1600
3045,15
3046,748
3047,1680
3048,8
3049,22
3050,3.4
3051,248
3052,40
3053,1
3054,9
3055,45
3056,400
3057,5
3058,192
3059,2688/5
3060,650
3061,624
3062,25.12
3063,12
3064,36
3065,260
3066,900
3067,252
3068,140
3069,1000
3070,120
3071,826
3072,-75%
3073,182
3074,4.3
3075,2000
3076,-40
3077,2512
3078,360
3079,113
3080,63
3081,112
3082,2512
3083,0.78
3084,12
3085,108
3086,1050
3087,20
3088,20/3
3089,40
3090,98%
3091,187
3092,2646/5
3093,216
3094,230.6
3095,2426.88
3096,826
3097,1.2
3098,500
3099,3
3100,2.36
3101,6280
3102,100
3103,9
3104,9
3105,40
3106,144/5
3107,1650
3108,530
3109,-4/3
3110,4
3111,360
3112,192
3113,160
3114,470
3115,1.66667
3116,2100
3117,240
3118,24
3119,45
3120,30
3121,864
3122,1500
3123,3
3124,20
3125,160
3126,750
3127,350
3128,7700
3129,400
3130,3250
3131,264
3132,10
3133,21.3
3134,1000
3135,78
3136,226.08
3137,45
3138,640
3139,15
3140,97.5%
3141,12000
3142,-1/2
3143,9
3144,2
3145,508
3146,75
3147,3000
3148,1.1
3149,6000
3150,90
3151,-60
3152,12
3153,630
3154,15
3155,12
3156,2.4
3157,43.2
3158,121
3159,12
3160,32000
3161,35/4
3162,0.96
3163,20%
3164,1.44
3165,64
3166,45
3167,26
3168,592
3169,1
3170,20
3171,640
3172,32
3173,15
3174,76
3175,140
3176,1791
3177,41
3178,624
3179,48
3180,2700
3181,36.3
3182,1.875
3183,0.7
3184,720
3185,180
3186,5.5
3187,-121
3188,807
3189,-5/2
3190,72
3191,255
3192,322
3193,60
3194,720
3195,30
3196,52
3197,6400
3198,1800
3199,465
3200,70
3201,7776
3202,900
3203,4800
3204,155
3205,659
3206,105
3207,470
3208,279
3209,85
3210,120
3211,42
3212,72
3213,8
3214,9
3215,75
3216,600
3217,800
3218,24
3219,130
3220,11
3221,4
3222,15
3223,420
3224,360
3225,175
3226,160
3227,1/4
3228,20
3229,8
3230,2520
3231,384
3232,360
3233,41/3
3234,39
3235,2880
3236,936
3237,3250
3238,175
3239,85
3240,252
3241,-195300
3242,1158
3243,1160
3244,1600
3245,50
3246,1820
3247,372
3248,1880
3249,2100
3250,280
3251,78
3252,300
3253,1200
3254,30
3255,6
3256,25/16
3257,3
3258,8
3259,4
3260,1692
3261,8
3262,800
3263,24
3264,3
3265,7
3266,-6
3267,1980
3268,35
3269,186
3270,225
3271,24
3272,27
3273,8
3274,75
3275,336
3276,180
3277,35
3278,305
3279,625
3280,784
3281,5124
3282,6
3283,130
3284,1208
3285,410
3286,11
3287,9
3288,7632
3289,5400
3290,250
3291,-218
3292,120
3293,9
3294,45
3295,29
3296,86
3297,200
3298,1000
3299,105
3300,4433/20
3301,27
3302,228
3303,109
3304,99
3305,11
3306,447
3307,477
3308,103
3309,39
3310,112
3311,660
3312,84
3313,9
3314,31
3315,7
3316,63
3317,315
3318,362
3319,8
3320,220
3321,54
3322,605
3323,21
3324,7680
3325,60
3326,200
3327,8250
3328,1425
3329,32
3330,80
3331,90
3332,250
3333,2160
3334,420
3335,90
3336,203
3337,217/2
3338,448
3339,576
3340,200
3341,720
3342,95
3343,4
3344,569
3345,5
3346,100
3347,15
3348,1800
3349,180
3350,32
3351,13
3352,13
3353,48
3354,39
3355,2600
3356,784
3357,130
3358,60
3359,86
3360,550
3361,160
3362,204
3363,126
3364,331
3365,40
3366,37
3367,300
3368,119
3369,10
3370,13500
3371,245
3372,1052
3373,1320
3374,658
3375,180
3376,34
3377,910
3378,300
3379,256
3380,27
3381,1043
3382,105
3383,117
3384,1122
3385,84
3386,239
3387,15
3388,24
3389,25
3390,98
3391,432
3392,960
3393,60
3394,40
3395,130
3396,24
3397,25
3398,220
3399,100
3400,700
3401,85
3402,54
3403,52
3404,-30
3405,89
3406,214
3407,591
3408,70
3409,32
3410,32
3411,450
3412,216
3413,4185
3414,421
3415,207
3416,0
3417,300/61
3418,16
3419,1530
3420,52
3421,96
3422,552
3423,5014
3424,1764
3425,7
3426,6240
3427,432
3428,144
3429,25
3430,720
3431,38
3432,447/160
3433,1
3434,131
3435,1
3436,9/8
3437,22
3438,71
3439,87
3440,0.72
3441,270
3442,210
3443,24
3444,2015
3445,279
3446,700
3447,40
3448,180
3449,96
3450,1400
3451,172
3452,5200
3453,1648
3454,558
3455,98
3456,70
3457,19/7
3458,100
3459,8
3460,33
3461,1
3462,15
3463,336
3464,44
3465,123900
3466,690
3467,180
3468,57.9
3469,430
3470,3.6
3471,15
3472,14
3473,1000
3474,13
3475,900
3476,-166.5
3477,25
3478,48
3479,600
3480,720
3481,4.88136
3482,100/3
3483,157.5
3484,800
3485,12
3486,100
3487,27/2
3488,288
3489,150
3490,20
3491,192
3492,32/3
3493,882
3494,100
3495,35
3496,-16
3497,648/125
3498,104.4
3499,6
3500,6
3501,16
3502,100
3503,800
3504,400
3505,3120
3506,55/2
3507,10
3508,275
3509,3200
3510,300
3511,420
3512,200
3513,875
3514,21.75
3515,5760
3516,352
3517,8
3518,100
3519,3500
3520,192
3521,8
3522,24
3523,31
3524,36
3525,1500
3526,450
3527,114
3528,9/2
3529,58
3530,40
3531,15/4
3532,25.3
3533,320
3534,1/5
3535,5
3536,9
3537,6
3538,192
3539,276
3540,50
3541,2400
3542,375
3543,2600
3544,6
3545,45
3546,5/6
3547,1494
3548,588
3549,2000
3550,8
3551,75
3552,-15
3553,5050
3554,205
3555,720
3556,316
3557,184/5
3558,250000
3559,340400
3560,280
3561,109200
3562,840
3563,9
3564,380
3565,176
3566,32
3567,123
3568,1488
3569,2000
3570,12
3571,6
3572,17
3573,35
3574,42
3575,8800
3576,9
3577,-42
3578,15
3579,49/2
3580,3960
3581,80
3582,75/2
3583,780
3584,9720
3585,367/9
3586,
3587,1209
3588,6480
3589,1460/7
3590,4500
3591,52
3592,9.375
3593,609
3594,145
3595,1240
3596,175
3597,6
3598,23
3599,51/4
3600,114
3601,89600
3602,74
3603,817
3604,1500
3605,640
3606,40
3607,60
3608,21
3609,6
3610,24/11
3611,70
3612,655.2
3613,80
3614,945
3615,8
3616,480
3617,112
3618,2560
3619,160
3620,96
3621,5
3622,450
3623,2
3624,1
3625,2240
3626,102
3627,128
3628,1080
3629,1120
3630,1200
3631,920
3632,660
3633,13000
3634,3575
3635,125
3636,140
3637,519
3638,40
3639,300
3640,166
3641,6
3642,108
3643,3330
3644,21.45
3645,24
3646,12
3647,2450
3648,33
3649,690
3650,20
3651,3
3652,48
3653,250
3654,168
3655,54
3656,105
3657,1035
3658,70
3659,982
3660,24
3661,3600
3662,5
3663,-3
3664,20
3665,566
3666,98
3667,570
3668,90/7
3669,588
3670,2916
3671,1440
3672,13
3673,100
3674,4.9
3675,640
3676,8795
3677,359/42
3678,5.44
3679,5880
3680,10080
3681,1380
3682,132/5
3683,60
3684,6.25
3685,272
3686,1536
3687,400
3688,1000
3689,384
3690,60
3691,20
3692,91
3693,39
3694,1118
3695,504
3696,1389
3697,-1
3698,7500
3699,217
3700,1632
3701,230
3702,880
3703,4
3704,1350
3705,17/4
3706,4500
3707,168
3708,417
3709,36
3710,6
3711,104
3712,18090
3713,168
3714,450
3715,570
3716,10000
3717,509
3718,12
3719,684
3720,65/4
3721,318
3722,655
3723,72
3724,158625
3725,7
3726,8
3727,160
3728,744
3729,13
3730,1250
3731,84
3732,40
3733,136
3734,534
3735,-150
3736,107
3737,3800
3738,640
3739,14000
3740,429
3741,600
3742,728
3743,4710
3744,220
3745,675
3746,212
3747,95
3748,200
3749,30
3750,2536
3751,225
3752,200
3753,288
3754,1176
3755,720
3756,5/14
3757,52
3758,3360
3759,5000
3760,252
3761,96
3762,100
3763,3
3764,0.42
3765,11
3766,150
3767,2210
3768,300
3769,8
3770,49
3771,2160
3772,108
3773,410/3
3774,600
3775,11
3776,20000
3777,13
3778,76475
3779,12
3780,552
3781,15
3782,25
3783,175
3784,480
3785,800
3786,23800
3787,68
3788,414
3789,587
3790,650
3791,3430
3792,126
3793,65
3794,190
3795,93.6
3796,24
3797,18
3798,102
3799,938
3800,1100
3801,4
3802,8130
3803,3
3804,9
3805,84
3806,1679
3807,4400
3808,54
3809,47
3810,54
3811,144
3812,60
3813,45
3814,900
3815,24
3816,667
3817,15
3818,45
3819,36
3820,10850
3821,40
3822,36
3823,20
3824,120
3825,3
3826,36
3827,200
3828,2160
3829,1770
3830,12994
3831,6
3832,112000
3833,15
3834,18
3835,75
3836,768
3837,8
3838,45
3839,2970
3840,81/100
3841,1232
3842,192
3843,1273
3844,6
3845,13/2
3846,7
3847,576
3848,15
3849,5850
3850,90
3851,256
3852,15
3853,54
3854,2520
3855,175
3856,576
3857,216
3858,455
3859,1250
3860,960
3861,96
3862,140
3863,1440
3864,468
3865,3900
3866,1680
3867,375
3868,368
3869,5000
3870,-4/5
3871,40
3872,28
3873,1120
3874,27
3875,5760
3876,54
3877,120
3878,716
3879,3000
3880,10.24
3881,-50
3882,132
3883,72
3884,60
3885,14583
3886,216
3887,80
3888,64
3889,7200
3890,144
3891,200
3892,1.46
3893,108
3894,12
3895,24
3896,270
3897,9
3898,384
3899,155
3900,19/2
3901,-78
3902,40
3903,2800
3904,4
3905,61
3906,1728
3907,168
3908,14.5
3909,3.6
3910,410
3911,16
3912,91
3913,140
3914,18414
3915,1697
3916,450
3917,5/2
3918,3360
3919,312
3920,60
3921,610
3922,2100
3923,27
3924,775
3925,10
3926,4
3927,240
3928,225
3929,150
3930,156
3931,-3.73
3932,3.6
3933,
3934,95
3935,25
3936,1680
3937,27/10
3938,651
3939,864
3940,396
3941,1247
3942,14
3943,768
3944,12
3945,122
3946,204
3947,19/6
3948,60
3949,645/53
3950,1035
3951,420
3952,168
3953,162
3954,462
3955,1600
3956,682
3957,63
3958,6
3959,24
3960,40
3961,81
3962,576
3963,375
3964,437
3965,78/5
3966,5/3
3967,-105/4
3968,384
3969,24
3970,13334
3971,80
3972,655
3973,422
3974,60
3975,40
3976,40
3977,44.13846
3978,95/3
3979,-100
3980,14
3981,125
3982,150
3983,4
3984,210/11
3985,2500
3986,51
3987,-2
3988,160
3989,10
3990,1260
3991,80/53
3992,612/11
3993,69
3994,150
3995,212
3996,36
3997,46
3998,600
3999,20
4000,51
4001,19
4002,1485
4003,1856
4004,2402
4005,80/3
4006,76/3
4007,31
4008,722/5
4009,32
4010,1160
4011,7.52941
4012,192
4013,75/4
4014,135
4015,-18.18182
4016,20
4017,706
4018,9.4
4019,18.4
4020,9
4021,1.5
4022,8
4023,230
4024,-259
4025,3930
4026,3046
4027,144/7
4028,400
4029,9.375
4030,8
4031,18
4032,360
4033,960
4034,17
4035,2592
4036,4
4037,504
4038,2480
4039,252.5
4040,35.2
4041,500
4042,50
4043,800
4044,12
4045,160
4046,2400
4047,4500
4048,88
4049,144/5
4050,-288
4051,-2/3
4052,150
4053,18
4054,0.0018
4055,126
4056,12
4057,250
4058,234
4059,288
4060,240
4061,140
4062,48
4063,645
4064,2
4065,87/5
4066,188
4067,0.2349
4068,20
4069,1008
4070,10
4071,1875
4072,45/34
4073,110
4074,1400
4075,728
4076,30
4077,6
4078,13.25
4079,32
4080,8
4081,176
4082,965
4083,1712
4084,6
4085,600
4086,368/3
4087,1442
4088,100
4089,11
4090,48
4091,930
4092,22
4093,20
4094,9600
4095,4940
4096,2/3
4097,3
4098,99055
4099,2040
4100,95
4101,1/3
4102,800
4103,36000
4104,-57
4105,1600
4106,36
4107,576
4108,61
4109,3.3
4110,8
4111,6/5
4112,5
4113,37
4114,4060
4115,90
4116,8
4117,12
4118,0
4119,690
4120,24
4121,0
4122,6
4123,8
4124,64
4125,180
4126,300000
4127,1130
4128,98
4129,75
4130,35
4131,722
4132,1095
4133,26.2
4134,38/5
4135,0.9
4136,456
4137,24/5
4138,192/11
4139,4/25
4140,50
4141,160
4142,115
4143,342
4144,1112
4145,690
4146,49
4147,14/5
4148,13
4149,1163
4150,258
4151,30
4152,72
4153,504
4154,837
4155,26/5
4156,2100
4157,318
4158,0.38889
4159,60
4160,40
4161,120
4162,40
4163,-3520
4164,870
4165,75
4166,109
4167,130
4168,236
4169,47
4170,144
4171,4704
4172,5.12
4173,120
4174,3456
4175,225
4176,28
4177,803.84
4178,803.84
4179,3
4180,80
4181,2000/167
4182,-8
4183,169
4184,192
4185,10.6
4186,-39
4187,36
4188,60
4189,6
4190,8/3
4191,125.6
4192,40
4193,-5
4194,4%
4195,6.28
4196,850/7
4197,768/5
4198,502.4
4199,27
4200,432
4201,3
4202,330.8%
4203,40
4204,3.14
4205,18750
4206,32
4207,610
4208,136
4209,20
4210,83
4211,16/5
4212,108
4213,15/2
4214,260
4215,30
4216,4
4217,0
4218,21
4219,1050
4220,0
4221,21
4222,21
4223,384
4224,100
4225,326.56
4226,-76
4227,180
4228,12/5
4229,2.4
4230,36
4231,6
4232,6
4233,87.5%
4234,24
4235,56
4236,15
4237,120
4238,12
4239,2
4240,225
4241,30
4242,48
4243,850/3
4244,36
4245,1280
4246,700
4247,9
4248,440
4249,5/2
4250,24
4251,16
4252,900
4253,-2.15
4254,2880
4255,1.96
4256,403.2
4257,0
4258,1410
4259,120
4260,1/6
4261,1644
4262,16
4263,738
4264,288
4265,8
4266,1.3
4267,56
4268,122
4269,31.4
4270,750000
4271,-25
4272,-35
4273,259
4274,96
4275,540
4276,0
4277,140
4278,338
4279,5472
4280,306
4281,-47.1
4282,-24/5
4283,50
4284,73
4285,900
4286,35
4287,2700
4288,90
4289,495360
4290,160
4291,9
4292,11
4293,5855
4294,-30
4295,144
4296,64
4297,-413
4298,41/3
4299,40
4300,7
4301,5
4302,1440
4303,5
4304,60
4305,2
4306,396
4307,104
4308,40/9
4309,200
4310,51/56
4311,7700/3
4312,30
4313,-72
4314,20%
4315,10%
4316,2646
4317,45
4318,48
4319,18
4320,187
4321,4
4322,1250
4323,95/4
4324,9
4325,75.36
4326,51.46
4327,0.33333
4328,60
4329,1.76
4330,32
4331,2606
4332,6
4333,288
4334,342
4335,320
4336,120
4337,442/5
4338,16/5
4339,64
4340,8%
4341,2
4342,18
4343,-1500
4344,-27
4345,10.84
4346,40%
4347,-18.2
4348,-500%
4349,28/5
4350,248/9
4351,65
4352,6
4353,16
4354,50
4355,13/4
4356,1050/23
4357,100
4358,1.82
4359,12
4360,10
4361,384/5
4362,-2
4363,8
4364,1440
4365,8/3
4366,558
4367,23/15
4368,45
4369,2088
4370,90
4371,104462500
4372,16
4373,29
4374,10
4375,3/5
4376,95
4377,238
4378,50
4379,81
4380,113.04
4381,100
4382,26
4383,45
4384,284
4385,120
4386,140
4387,21.8
4388,45
4389,100
4390,-2000
4391,1568
4392,10.5
4393,3
4394,180
4395,6400
4396,6400
4397,40000/3
4398,20/3
4399,-23
4400,20
4401,-1920
4402,192
4403,25
4404,72
4405,80
4406,-79
4407,16.8
4408,45/2
4409,109/9
4410,52
4411,468
4412,2.08
4413,852
4414,1236
4415,40
4416,85
4417,80
4418,1000
4419,142
4420,4.97222
4421,75
4422,38/3
4423,7550
4424,13/5
4425,1500
4426,4200
4427,4200
4428,18.84
4429,62.8
4430,9.42
4431,16
4432,2/3
4433,160
4434,4
4435,950/3
4436,78.5
4437,1990
4438,12.56
4439,6
4440,10
4441,1400
4442,2500%
4443,94200
4444,289
4445,15/2
4446,21
4447,8
4448,50.24
4449,314
4450,28.26
4451,3
4452,251.2
4453,2
4454,450
4455,12
4456,945
4457,109/4
4458,5
4459,-70
4460,180
4461,254.34
4462,22500
4463,177.4728
4464,21
4465,28.26
4466,12
4467,3.14
4468,160
4469,840
4470,360/79
4471,450
4472,254.34
4473,0.3
4474,5400
4475,100.48
4476,4
4477,17
4478,5
4479,120
4480,24
4481,217.8
4482,452.16
4483,438
4484,240
4485,67
4486,1152
4487,3/50
4488,5
4489,50.24
4490,78.5
4491,1.35
4492,62.8
4493,15
4494,-25/2
4495,104
4496,66.29208
4497,18
4498,706.5
4499,60/11
4500,153/2
4501,170
4502,71
4503,150
4504,12.56
4505,50.4%
4506,50.24
4507,25.12
4508,3.14
4509,4916.04938
4510,200/3
4511,31400/9
4512,36/5
4513,70
4514,64
4515,6
4516,62.8
4517,113.04
4518,65.94
4519,34
4520,2/9
4521,9
4522,5100
4523,25.12
4524,4.56
4525,936
4526,587.808
4527,800
4528,1600
4529,1000
4530,3/5
4531,3/2
4532,5000
4533,6
4534,-100
4535,1600
4536,135
4537,135/2
4538,0.5
4539,219.8
4540,2300
4541,4
4542,251.2
4543,28.26
4544,19
4545,125.6
4546,480
4547,120
4548,-4
4549,602
4550,50.24
4551,500%
4552,50.24
4553,60
4554,41.6
4555,460
4556,160.14
4557,125.6
4558,74
4559,30
4560,6.28
4561,3
4562,0.53333
4563,9.16667
4564,5/2
4565,3200
4566,1
4567,17.85
4568,314
4569,97.5%
4570,56.8
4571,43/3
4572,2
4573,15.7
4574,12.56
4575,4
4576,54
4577,4019.2
4578,1004.8
4579,18.0864
4580,20/3
4581,188.4
4582,60
4583,60.288
4584,3/5
4585,50.24
4586,47.1
4587,2/5
4588,2900
4589,1400
4590,30
4591,4
4592,96
4593,1884
4594,15/8
4595,6
4596,20/3
4597,20/3
4598,2
4599,110
4600,942
4601,125.6
4602,225/4
4603,250/3
4604,2.512
4605,12.56
4606,11304
4607,100.48
4608,33/34
4609,3974
4610,60
4611,31.4
4612,78.5
4613,50.24
4614,19.5
4615,65.94
4616,1.5
4617,3943.84
4618,288
4619,113.04
4620,50.24
4621,171.9%
4622,24
4623,-25000/71
4624,28.26
4625,800
4626,1
4627,28.26
4628,400
4629,100
4630,27.6
4631,1
4632,42228/625
4633,80
4634,-20
4635,19
4636,222
4637,44
4638,5
4639,21
4640,9
4641,3.14
4642,24
4643,113.04
4644,7570
4645,94
4646,12.5
4647,64
4648,83
4649,200
4650,6.28
4651,32
4652,800
4653,156.75
4654,1000
4655,62.8
4656,18900
4657,144/11
4658,29
4659,33.6
4660,51.81
4661,1530
4662,176
4663,495
4664,3.14
4665,126
4666,17
4667,113.04
4668,0
4669,314
4670,32
4671,251.2
4672,128
4673,180/7
4674,56
4675,3
4676,628
4677,16%
4678,-92.15
4679,703.36
4680,24
4681,33/56
4682,25%
4683,16
4684,942
4685,21.83803
4686,4
4687,200
4688,900
4689,13/25
4690,2.88
4691,40
4692,49.5
4693,12.56
4694,31.4
4695,-87.92
4696,70
4697,2.4
4698,1
4699,314
4700,706.5
4701,51
4702,2
4703,100/9
4704,27/20
4705,30
4706,750
4707,84
4708,469
4709,-911
4710,16%
4711,189.2
4712,47
4713,112
4714,452.16
4715,3.36
4716,
4717,28.26
4718,720
4719,53.50476
4720,314/125
4721,562
4722,894
4723,70/67
4724,113.04
4725,3
4726,27
4727,49.298
4728,314
4729,60
4730,2.07006
4731,20.5
4732,650
4733,36
4734,11200
4735,3.14
4736,208
4737,150
4738,3/20
4739,1600
4740,25.12
4741,2325.3757
4742,0.02
4743,15.072
4744,629
4745,78.5
4746,12
4747,126
4748,251.2
4749,502.4
4750,2100
4751,24
4752,3.14
4753,360
4754,194400/13
4755,14000/3
4756,125.6
4757,680
4758,3000
4759,40000/3
4760,50.24
4761,24/5
4762,3.8
4763,2
4764,22.5
4765,45/2
4766,1507200
4767,125.6
4768,10
4769,100.48
4770,314
4771,28.26
4772,12.597
4773,108
4774,0
4775,100
4776,3095.9144
4777,23.55
4778,-75%
4779,36
4780,30
4781,1114.52918
4782,10
4783,432
4784,564
4785,7850
4786,600
4787,100/3
4788,168
4789,9.8596
4790,30
4791,2340
4792,61.6225
4793,1256
4794,90
4795,50.24
4796,94.2
4797,6.28
4798,-210
4799,56.52
4800,785
4801,1256
4802,4.48551
4803,0.07962
4804,-95
4805,552.64
4806,2010
4807,942
4808,188.4
4809,4019.2
4810,
4811,1884
4812,
4813,1000/37
4814,1920
4815,480
4816,17.3%
4817,31/40
4818,440
4819,3918
4820,3/8
4821,113.04
4822,5.852
4823,0.04684
4824,0.91259
4825,78
4826,5.14286
4827,11500
4828,36
4829,144
4830,5/12
4831,2826
4832,352
4833,5
4834,785
4835,60
4836,44.8
4837,34.198
4838,314
4839,18.84
4840,31.4
4841,1250000000000
4842,3600
4843,-0.95238
4844,-300
4845,386
4846,16
4847,12
4848,696
4849,384
4850,-60
4851,180/11
4852,157
4853,353
4854,8/15
4855,20
4856,45
4857,48
4858,22
4859,1/30
4860,
4861,78.5
4862,15.7
4863,9/5
4864,20/9
4865,6.28
4866,375
4867,5/4
4868,219
4869,225
4870,12
4871,40/9
4872,50
4873,1507.2
4874,3014
4875,125.6
4876,628
4877,125.6
4878,4800
4879,240%
4880,12
4881,8
4882,60/7
4883,1/5
4884,1/15
4885,168
4886,24
4887,1
4888,19
4889,8/3
4890,6
4891,35/3
4892,35/3
4893,2200
4894,490
4895,3
4896,125/2
4897,-245
4898,-60
4899,15/8
4900,120
4901,9
4902,390
4903,252
4904,50.24
4905,50.24
4906,20
4907,2
4908,38
4909,20
4910,18
4911,100.48
4912,0
4913,3
4914,2
4915,54
4916,567/4
4917,12
4918,36/7
4919,-39.70588
4920,200
4921,135/143
4922,28
4923,9/4
4924,60/19
4925,144
4926,1000
4927,1530
4928,240
4929,11
4930,-124
4931,75000015
4932,0.25
4933,-0.64
4934,31.5
4935,40/9
4936,38
4937,30/7
4938,238
4939,40/9
4940,89.24
4941,21
4942,7.66667
4943,60
4944,67.5
4945,80/17
4946,-8/9
4947,628/5
4948,7.5
4949,7.5
4950,19
4951,240
4952,10
4953,1
4954,3200
4955,1/5
4956,52
4957,12
4958,2
4959,50.24
4960,37.68
4961,120
4962,10%
4963,
4964,1.45
4965,22/3
4966,83
4967,250
4968,52
4969,62
4970,68
4971,45
4972,68
4973,43
4974,88
4975,63
4976,15
4977,18
4978,17
4979,-7
4980,56
4981,9
4982,84
4983,56
4984,24
4985,42
4986,32
4987,136
4988,27
4989,12
4990,35
4991,18
4992,4
4993,5
4994,3
4995,28
4996,32
4997,24
4998,94
4999,220
5000,36
5001,27
5002,32
5003,60
5004,78
5005,195
5006,42
5007,23
5008,5
5009,3
5010,61
5011,47
5012,8
5013,-7
5014,7
5015,28
5016,6
5017,6
5018,26
5019,8
5020,8
5021,28
5022,47
5023,27
5024,9
5025,3
5026,81
5027,19
5028,28
5029,20
5030,20
5031,22
5032,44
5033,27
5034,17
5035,10
5036,0
5037,11
5038,56
5039,41
5040,4
5041,4
5042,25
5043,31
5044,62
5045,19
5046,-4
5047,4
5048,12
5049,18
5050,13
5051,3
5052,11
5053,25
5054,66
5055,91
5056,35
5057,90
5058,56
5059,26
5060,81
5061,4
5062,55
5063,55
5064,6
5065,18
5066,30
5067,89
5068,97
5069,122
5070,-2
5071,51
5072,88
5073,16
5074,24
5075,57
5076,26
5077,8
5078,42
5079,7
5080,27
5081,30
5082,17/4
5083,44
5084,6
5085,56
5086,12
5087,24
5088,18
5089,33
5090,32
5091,16
5092,24
5093,23
5094,8
5095,12
5096,8
5097,16
5098,15
5099,18
5100,12
5101,18
5102,12
5103,15
5104,40
5105,162
5106,33
5107,7
5108,19
5109,20
5110,180
5111,21
5112,108
5113,-2
5114,1596
5115,23
5116,-15
5117,70
5118,502.4
5119,64
5120,32/23
5121,800
5122,1800
5123,6
5124,8860/3
5125,52
5126,8
5127,11
5128,700
5129,20/3
5130,1/10
5131,4675
5132,266
5133,12
5134,20
5135,22700
5136,21
5137,14
5138,15
5139,94.2
5140,62.8
5141,6.28
5142,5/2
5143,1791
5144,2
5145,6
5146,24/5
5147,500
5148,12800
5149,84
5150,1232
5151,41
5152,150000/391
5153,377
5154,29.16
5155,3380
5156,12.56
5157,1
5158,387/2
5159,240
5160,40
5161,255
5162,360
5163,905/4
5164,4000
5165,1
5166,24
5167,576/5
5168,90
5169,615.44
5170,0
5171,25.12
5172,1.008
5173,170
5174,30
5175,8.66667
5176,120
5177,12
5178,31.4
5179,45
5180,28
5181,2
5182,5000
5183,90
5184,1
5185,2
5186,1450
5187,1654
5188,70
5189,1300000000
5190,16
5191,16
5192,12
5193,8
5194,70
5195,24
5196,20
5197,18
5198,-3
5199,1.62
5200,1079999
5201,0.048
5202,27/4
5203,14
5204,9
5205,36.3
5206,26
5207,500
5208,37/4
5209,2.98
5210,60
5211,75
5212,2184
5213,10000
5214,25
5215,1920
5216,21/4
5217,4.5
5218,81
5219,157
5220,180
5221,64
5222,480
5223,20
5224,25600/3
5225,36
5226,125
5227,49
5228,64
5229,-2999
5230,125.9
5231,12
5232,273/1000
5233,60
5234,3360
5235,12600
5236,987.2
5237,28.26
5238,42
5239,12
5240,275
5241,2500
5242,600
5243,314
5244,2400
5245,64
5246,45
5247,26
5248,592
5249,25
5250,1
5251,20
5252,640
5253,32
5254,15
5255,76
5256,1.875
5257,-105
5258,75
5259,35/2
5260,63
5261,837.56345
5262,84
5263,106/5
5264,0.7
5265,21
5266,10
5267,116.25
5268,3060
5269,43
5270,8
5271,48
5272,18
5273,35
5274,160
5275,4
5276,100
5277,177.2
5278,2400%
5279,12160
5280,12
5281,0.32
5282,72
5283,2190
5284,10
5285,131.88
5286,50.24
5287,31.4
5288,10
5289,30
5290,108
5291,300/23
5292,-4864.75
5293,901
5294,100
5295,384
5296,11
5297,3
5298,27/2
5299,100
5300,5040
5301,800
5302,50
5303,600/83
5304,28
5305,1320
5306,3
5307,-20
5308,4000
5309,400
5310,231/2
5311,17.28
5312,9/2
5313,184/3
5314,129/20
5315,125.6
5316,204
5317,30
5318,160
5319,1120
5320,2900
5321,80
5322,48
5323,3.925
5324,153.86
5325,16/5
5326,50
5327,15
5328,24
5329,123359.17313
5330,1000
5331,2752
5332,625
5333,138
5334,225/4
5335,800
5336,108
5337,5040/23
5338,51
5339,48
5340,1269/2
5341,2000
5342,45
5343,384
5344,75.36
5345,565.2
5346,10
5347,108
5348,29
5349,250
5350,1920
5351,4400/3
5352,677/2
5353,2600
5354,212/7
5355,84
5356,19200
5357,480
5358,800/27
5359,21/40
5360,15700
5361,-40
5362,21
5363,40
5364,10
5365,50
5366,320
5367,1.875
5368,8138.88
5369,15.072
5370,516
5371,6
5372,10000
5373,-180
5374,26
5375,82
5376,-60
5377,25
5378,2565
5379,200
5380,0.5
5381,3
5382,600
5383,2860
5384,315/13
5385,100/3
5386,14/3
5387,800
5388,85
5389,8
5390,40
5391,135833.33333
5392,100.8
5393,34
5394,3/4
5395,8/5
5396,500
5397,2888
5398,140
5399,70/3
5400,2275
5401,12000/7
5402,147
5403,91800
5404,30
5405,0.006
5406,304
5407,2000
5408,21
5409,3969/16
5410,30
5411,376/3
5412,48
5413,89
5414,125
5415,40
5416,52
5417,126
5418,480
5419,4800
5420,4800
5421,5/4
5422,10
5423,45
5424,0.256
5425,5/2
5426,5000
5427,3/2
5428,60
5429,900
5430,48
5431,60
5432,50
5433,435/2
5434,0.0004
5435,1200
5436,72/5
5437,5/3
5438,252
5439,90
5440,512
5441,36
5442,288/13
5443,48
5444,11520/11
5445,0.2
5446,38
5447,2.9
5448,2.7
5449,0.5
5450,0.5
5451,3
5452,140.4
5453,900
5454,160
5455,36
5456,72/25
5457,784
5458,314
5459,125
5460,60/11
5461,31.4
5462,3
5463,1035
5464,4
5465,40
5466,10
5467,13/5
5468,1.7
5469,25.9
5470,125
5471,200/3
5472,1800
5473,180
5474,42
5475,43
5476,5/2
5477,45/8
5478,420
5479,18000
5480,4800
5481,8
5482,40
5483,1050
5484,1425
5485,4
5486,0.23571
5487,201
5488,110
5489,6
5490,37
5491,66
5492,44
5493,53
5494,100000%
5495,42
5496,1620
5497,1
5498,793
5499,3750
5500,7.09032
5501,92
5502,9
5503,345
5504,88/9
5505,-525
5506,45/4
5507,1650
5508,305
5509,100
5510,-9
5511,11200/3
5512,32
5513,7
5514,90
5515,5/4
5516,105000/29
5517,100
5518,79/5
5519,769.5
5520,32
5521,288
5522,3
5523,2080
5524,45
5525,40/7
5526,420
5527,352/3
5528,34.3
5529,26
5530,52
5531,2200
5532,5337.5
5533,48
5534,22
5535,32.97
5536,5400
5537,2394/5
5538,3.64
5539,120
5540,9
5541,90
5542,63
5543,428
5544,1
5545,24
5546,35.2
5547,-57
5548,35/16
5549,120
5550,1800
5551,384
5552,1560
5553,5/3
5554,40/9
5555,6600
5556,96
5557,102.5
5558,3/8
5559,300/11
5560,1800
5561,300
5562,13200
5563,760
5564,12
5565,30
5566,38.5
5567,45
5568,4/5
5569,120
5570,2060
5571,1734/5
5572,182
5573,9250
5574,166.66667
5575,-15
5576,35
5577,12.42
5578,7.75
5579,140
5580,40.8
5581,32
5582,144
5583,700
5584,120
5585,12
5586,39
5587,420
5588,360
5589,2
5590,3
5591,2400
5592,195
5593,1080
5594,62.5
5595,18
5596,331.5
5597,1407/17
5598,31
5599,5400
5600,480
5601,13125
5602,144
5603,186
5604,32/5
5605,185/2
5606,-3000
5607,5
5608,13200
5609,4000
5610,316.8
5611,54
5612,-8999/250
5613,0.05102
5614,-72
5615,60
5616,6
5617,6720
5618,9/5
5619,105
5620,16.9
5621,6280
5622,45
5623,2
5624,52
5625,3500
5626,25200
5627,280
5628,2400
5629,60
5630,250
5631,1153
5632,44
5633,810
5634,50
5635,94.2
5636,135
5637,4239/5
5638,30
5639,0
5640,2/5
5641,-364.2
5642,2592
5643,240
5644,10
5645,150
5646,44/7
5647,28.26
5648,105
5649,120
5650,120
5651,28.26
5652,400
5653,375
5654,5/2
5655,35
5656,500
5657,3
5658,0
5659,-3
5660,240
5661,9
5662,80
5663,25/8
5664,2.4
5665,128
5666,30
5667,90
5668,45/2
5669,3
5670,500
5671,0.242
5672,3000
5673,60
5674,960
5675,314
5676,31537.5
5677,26
5678,62
5679,1500
5680,500
5681,1350
5682,985.96
5683,6.28
5684,600
5685,540
5686,25
5687,696
5688,195.936
5689,2250
5690,25
5691,2000
5692,2
5693,57
5694,40
5695,570
5696,225
5697,1600
5698,24
5699,63
5700,50.24
5701,20
5702,40
5703,20
5704,70
5705,80
5706,63
5707,12600
5708,23.22222
5709,13900
5710,1107
5711,23
5712,1024
5713,800
5714,1.1
5715,11033.96
5716,113
5717,8
5718,192
5719,10
5720,945
5721,18.84
5722,20
5723,5
5724,288
5725,105
5726,11.7
5727,600
5728,8
5729,1
5730,9
5731,1400
5732,992
5733,204
5734,5702
5735,43
5736,13055.08506
5737,400
5738,3430
5739,45
5740,8
5741,19.2
5742,254
5743,90
5744,600
5745,54
5746,2400
5747,32
5748,2000
5749,4458.11674
5750,702
5751,83/175
5752,143.2
5753,285
5754,711
5755,-90
5756,142
5757,27
5758,10
5759,90
5760,50
5761,3/4
5762,210
5763,98
5764,8
5765,160
5766,1680
5767,144/5
5768,720
5769,260
5770,0
5771,200
5772,375/17
5773,480
5774,75/2
5775,240
5776,50
5777,-1200
5778,24
5779,10
5780,88
5781,27.6
5782,384
5783,6
5784,20
5785,2500
5786,435/2
5787,44
5788,11275
5789,200
5790,1100
5791,6
5792,38400
5793,9020
5794,40
5795,1458
5796,420
5797,6
5798,1/250
5799,5.832
5800,648
5801,72
5802,250
5803,108
5804,3
5805,3
5806,320
5807,-132
5808,60
5809,391/5
5810,9
5811,-1303/53
5812,60
5813,140
5814,227
5815,81/4
5816,405/29
5817,88
5818,2
5819,1.125
5820,9
5821,36
5822,12
5823,38
5824,14
5825,15
5826,40/501
5827,3
5828,6
5829,23810
5830,2550
5831,720
5832,35000
5833,8
5834,361/5
5835,1083/5
5836,6280
5837,4
5838,24.649
5839,18.84
5840,28
5841,32
5842,150
5843,384/23
5844,442
5845,279
5846,1246/5
5847,4000
5848,275/6
5849,30
5850,9.4
5851,62.4
5852,145/6
5853,8640
5854,2256
5855,3250
5856,9000
5857,4000
5858,2940
5859,24
5860,63
5861,6.4
5862,126.7
5863,251
5864,21
5865,1.1
5866,18
5867,3/4
5868,20/9
5869,210.4712
5870,15
5871,12
5872,1298/3
5873,0.14545
5874,120
5875,240
5876,20
5877,72
5878,2000
5879,450
5880,1
5881,501
5882,16.5
5883,498
5884,-24
5885,100
5886,2/3
5887,8.13333
5888,1/3
5889,53
5890,50
5891,90
5892,41
5893,58.55
5894,2000
5895,32
5896,750
5897,3.4
5898,5460
5899,100/7
5900,3240
5901,6
5902,1374
5903,126.66667
5904,-133360
5905,182
5906,114
5907,60
5908,21
5909,7
5910,49
5911,9
5912,32
5913,33
5914,40
5915,8
5916,5
5917,7
5918,50
5919,28
5920,46
5921,8
5922,8
5923,32
5924,41
5925,42
5926,36
5927,10
5928,694
5929,-462
5930,5
5931,800
5932,9
5933,72
5934,42
5935,26
5936,17
5937,8
5938,6
5939,35
5940,12
5941,20
5942,20
5943,15
5944,25
5945,10
5946,10
5947,36
5948,46
5949,56
5950,3
5951,4/5
5952,12
5953,11
5954,81
5955,42
5956,21
5957,13
5958,82
5959,44
5960,20
5961,62
5962,18
5963,36
5964,30
5965,36
5966,16
5967,53
5968,26
5969,3
5970,72
5971,53
5972,4
5973,-30
5974,5
5975,3
5976,28
5977,32
5978,12
5979,12
5980,3
5981,38
5982,9
5983,4
5984,22
5985,60
5986,9
5987,34
5988,17
5989,27
5990,10
5991,4
5992,4
5993,18
5994,18
5995,20
5996,6
5997,4
5998,8
5999,-7
6000,7
6001,21
6002,6
6003,6
6004,26
6005,47
6006,27
6007,9
6008,3
6009,81
6010,19
6011,28
6012,20
6013,20
6014,22
6015,44
6016,27
6017,4
6018,4
6019,25
6020,31
6021,62
6022,19
6023,-4
6024,4
6025,12
6026,18
6027,13
6028,3
6029,11
6030,25
6031,26
6032,91
6033,35
6034,90
6035,56
6036,26
6037,81
6038,55
6039,6
6040,97
6041,51
6042,88
6043,16
6044,24
6045,57
6046,26
6047,8
6048,26
6049,21
6050,76
6051,26
6052,31
6053,27
6054,15
6055,88
6056,260
6057,7
6058,16
6059,8
6060,81
6061,81
6062,37
6063,79
6064,24
6065,18
6066,23
6067,42
6068,23
6069,30
6070,31
6071,9
6072,24
6073,80
6074,5
6075,20
6076,4
6077,20
6078,9
6079,9
6080,8
6081,6
6082,14
6083,53
6084,41
6085,37
6086,45
6087,19
6088,24
6089,31
6090,42
6091,11
6092,124
6093,40
6094,44
6095,30
6096,20
6097,280
6098,45
6099,25
6100,8
6101,8
6102,14
6103,40
6104,22
6105,72
6106,34
6107,225
6108,6
6109,3
6110,18
6111,4
6112,19
6113,10
6114,7
6115,7
6116,27
6117,30
6118,6
6119,44
6120,6
6121,56
6122,12
6123,18
6124,33
6125,32
6126,16
6127,24
6128,23
6129,8
6130,12
6131,8
6132,16
6133,15
6134,18
6135,12
6136,18
6137,12
6138,15
6139,40
6140,162
6141,20
6142,70
6143,16
6144,129
6145,21
6146,108
6147,-2
6148,1596
6149,6
6150,3/4
6151,80
6152,17/7
6153,3/7
6154,20
6155,45
6156,270
6157,139
6158,492
6159,252
6160,4
6161,40
6162,300
6163,5
6164,4/5
6165,6
6166,592
6167,1791
6168,528
6169,720
6170,-121
6171,49
6172,4
6173,1296
6174,30
6175,45
6176,175/3
6177,2400
6178,0.6
6179,7
6180,38
6181,27
6182,352
6183,40
6184,-499
6185,1215
6186,61
6187,6320
6188,560
6189,543
6190,253
6191,85
6192,450
6193,90
6194,95
6195,1880
6196,240
6197,100
6198,1008
6199,36
6200,12
6201,48
6202,4
6203,18
6204,5
6205,40
6206,328
6207,9
6208,100
6209,368
6210,78
6211,136
6212,358
6213,148
6214,142
6215,270
6216,99
6217,1200
6218,32
6219,-307
6220,477
6221,696
6222,129
6223,39
6224,14
6225,9
6226,52
6227,9
6228,9
6229,72
6230,315
6231,362
6232,8
6233,220
6234,14
6235,1650
6236,98
6237,96
6238,113
6239,16
6240,360
6241,33
6242,210
6243,5
6244,6
6245,535
6246,426
6247,88
6248,395
6249,150
6250,5
6251,5
6252,116
6253,200
6254,36
6255,54
6256,78
6257,400/3
6258,6
6259,-1999
6260,11
6261,67
6262,8
6263,2872
6264,91
6265,41
6266,10
6267,20/3
6268,21
6269,540
6270,4000
6271,-879
6272,12600
6273,77
6274,41.2
6275,3930
6276,4
6277,63
6278,250
6279,4
6280,18
6281,344
6282,186
6283,10
6284,3
6285,0.86
6286,2.12
6287,21
6288,210
6289,32
6290,24
6291,480
6292,-13.84
6293,47.5
6294,87
6295,3
6296,1240
6297,75
6298,67.7
6299,56.7
6300,22.4
6301,12
6302,850
6303,1110
6304,64
6305,165
6306,14910
6307,315
6308,6
6309,74
6310,157
6311,216
6312,75/2
6313,45
6314,140
6315,540.14
6316,6
6317,60
6318,39000
6319,599
6320,1750
6321,2800
6322,4200
6323,308
6324,3625
6325,72
6326,-72
6327,-33740
6328,300
6329,2940
6330,6120
6331,228
6332,710
6333,13650
6334,4800
6335,696
6336,125
6337,900
6338,9
6339,40
6340,160
6341,48
6342,160
6343,720
6344,2200
6345,4
6346,6
6347,30
6348,48
6349,2
6350,20
6351,3600
6352,13
6353,7
6354,250
6355,180/31
6356,12
6357,345
6358,144
6359,15
6360,19
6361,472
6362,14945
6363,30
6364,24/5
6365,4
6366,0.96
6367,8
6368,278
6369,600
6370,30
6371,24
6372,45
6373,40
6374,32
6375,107
6376,714
6377,1872
6378,18
6379,10
6380,14
6381,20
6382,12
6383,7000
6384,2
6385,800
6386,78
6387,6000
6388,38.5
6389,1.8
6390,340
6391,2.4
6392,-9
6393,12
6394,100
6395,5040
6396,6720
6397,206.82667
6398,5.3
6399,1428
6400,1106
6401,32
6402,50
6403,6
6404,200
6405,240
6406,675
6407,569
6408,660
6409,20000
6410,12000
6411,7/10
6412,1000
6413,3.5
6414,400
6415,317.58
6416,140.1
6417,51.4
6418,1950
6419,14
6420,540
6421,708
6422,1980
6423,45
6424,1470
6425,48
6426,1650
6427,1620
6428,1050
6429,4
6430,27/2
6431,32
6432,70
6433,480
6434,145
6435,720
6436,288
6437,4050
6438,18
6439,17
6440,1200
6441,85/3
6442,800
6443,0
6444,40
6445,86.1
6446,9.42
6447,188.8
6448,6
6449,5/12
6450,436.8
6451,32
6452,38
6453,25/2
6454,1362
6455,122.4
6456,90
6457,165
6458,40
6459,72
6460,0.2
6461,75
6462,40
6463,110
6464,3000
6465,1
6466,154
6467,-15
6468,-99
6469,441/4
6470,20
6471,-24
6472,26
6473,8
6474,-5
6475,4
6476,13
6477,9
6478,4
6479,18
6480,48
6481,50/113
6482,48
6483,20342
6484,12
6485,450
6486,8
6487,784
6488,240
6489,96
6490,4
6491,280
6492,72
6493,47
6494,1250
6495,125.6
6496,84
6497,314
6498,29.8
6499,24.2
6500,18
6501,8
6502,20/3
6503,20/3
6504,32
6505,600
6506,278
6507,180
6508,95
6509,32
6510,35
6511,140
6512,64
6513,335
6514,367.86
6515,-20
6516,60
6517,15/8
6518,8.95
6519,3722
6520,51
6521,1568
6522,300
6523,1.73
6524,-117
6525,52
6526,264
6527,31.5
6528,62
6529,91
6530,1050
6531,882
6532,32
6533,6
6534,9000
6535,30
6536,176
6537,54
6538,170
6539,15
6540,160
6541,25
6542,1680
6543,-653
6544,25
6545,860
6546,400
6547,200
6548,147
6549,375
6550,16
6551,1872
6552,206
6553,10
6554,-4
6555,648
6556,133
6557,27000
6558,69
6559,4
6560,15
6561,660
6562,2.27
6563,16
6564,616
6565,35
6566,24
6567,17
6568,22875
6569,720
6570,160
6571,45
6572,1800
6573,1800
6574,25/2
6575,1908
6576,900
6577,88.9
6578,4410
6579,9
6580,40
6581,360
6582,85
6583,2520
6584,150
6585,45/2
6586,576
6587,36
6588,41.895
6589,34
6590,1344
6591,1330
6592,40
6593,130
6594,900
6595,85
6596,120
6597,6.7
6598,306
6599,2730
6600,5376
6601,2250
6602,52
6603,328
6604,38
6605,215
6606,18750
6607,120
6608,18.5
6609,6
6610,45
6611,248
6612,2
6613,432
6614,292
6615,1050
6616,624
6617,825
6618,37
6619,356
6620,48
6621,9
6622,4
6623,576
6624,1320
6625,6000
6626,13000
6627,557
6628,600
6629,60
6630,824
6631,13.2
6632,270
6633,22.12
6634,160
6635,6.5
6636,10
6637,3/5
6638,24
6639,23800
6640,3
6641,500
6642,1610
6643,120
6644,552
6645,2000
6646,17900
6647,6960
6648,13870
6649,-38
6650,306
6651,48
6652,40
6653,885
6654,331
6655,-10.1
6656,23
6657,20
6658,205
6659,540
6660,25
6661,266
6662,4
6663,7
6664,285
6665,8
6666,126
6667,832
6668,5014/17
6669,267
6670,1050
6671,1872
6672,120
6673,611.5
6674,138
6675,100
6676,730
6677,379
6678,3600
6679,770
6680,110
6681,3360
6682,572
6683,22
6684,1212
6685,112
6686,525
6687,-9781/101
6688,3/5
6689,732
6690,5
6691,366
6692,2.1
6693,560
6694,240
6695,56
6696,20
6697,2700
6698,1152
6699,10.3
6700,47
6701,600
6702,980
6703,341
6704,4840
6705,25/6
6706,45
6707,62
6708,18.72
6709,123088
6710,18000
6711,20
6712,97
6713,8
6714,22
6715,7
6716,-9
6717,37
6718,18
6719,23
6720,85
6721,3216
6722,93.75
6723,50
6724,248
6725,2880
6726,80
6727,45
6728,-27
6729,3/5
6730,29
6731,3
6732,8
6733,12
6734,19
6735,32
6736,52
6737,73
6738,38
6739,96
6740,2
6741,41
6742,21
6743,-31
6744,-11
6745,-14
6746,2
6747,3
6748,30
6749,32
6750,21
6751,4
6752,29
6753,35
6754,36
6755,80
6756,37
6757,8
6758,29
6759,17
6760,35
6761,45
6762,6
6763,20
6764,4
6765,48
6766,-15
6767,30
6768,4
6769,4
6770,46
6771,-6
6772,2223
6773,80
6774,20
6775,22
6776,44
6777,27
6778,-4
6779,8
6780,11
6781,17
6782,27
6783,43
6784,-11
6785,18
6786,4
6787,50
6788,8
6789,59
6790,87
6791,6
6792,18
6793,-21
6794,54
6795,10
6796,38
6797,24
6798,35
6799,39
6800,61
6801,20
6802,140
6803,22
6804,14
6805,119
6806,50
6807,100
6808,10
6809,26
6810,37
6811,2
6812,50
6813,100
6814,33
6815,-2
6816,15
6817,1650
6818,3
6819,81
6820,33
6821,11
6822,31
6823,23
6824,3
6825,30
6826,30
6827,38
6828,28
6829,28
6830,33
6831,119
6832,57
6833,14
6834,36
6835,42
6836,22
6837,16
6838,24
6839,12
6840,0
6841,35
6842,9
6843,10
6844,19
6845,0
6846,11
6847,18
6848,16
6849,18
6850,8
6851,26
6852,15
6853,4
6854,24
6855,17
6856,27
6857,8
6858,36
6859,89
6860,1360
6861,60
6862,100
6863,5670
6864,680
6865,62.5
6866,48
6867,95%
6868,2800
6869,1800
6870,192
6871,304
6872,-989
6873,1500
6874,3600
6875,144
6876,12
6877,20
6878,260
6879,
6880,600
6881,375
6882,108
6883,-60
6884,300
6885,160
6886,160
6887,792
6888,240
6889,162/5
6890,190
6891,120
6892,700
6893,11250
6894,6
6895,232
6896,24
6897,1680
6898,5652
6899,0
6900,18
6901,5
6902,18840
6903,93
6904,1
6905,85
6906,8
6907,49/9
6908,61
6909,625
6910,37
6911,26.66667
6912,40
6913,96%
6914,92.7%
6915,250
6916,78.8768
6917,100
6918,77.76
6919,16
6920,378
6921,7344
6922,1
6923,27
6924,605/4
6925,32
6926,14
6927,47500/11
6928,75.36
6929,1296
6930,7245
6931,9
6932,2100
6933,40
6934,3
6935,13
6936,27/2
6937,40
6938,13
6939,16
6940,25%
6941,3400/3
6942,51
6943,115%
6944,89
6945,44
6946,0
6947,2
6948,1250
6949,263
6950,75/2
6951,31.4
6952,360
6953,90
6954,28.2
6955,-216000/3599
6956,-1250
6957,1.8
6958,9
6959,0
6960,125
6961,96
6962,7500
6963,480
6964,5
6965,0
6966,28
6967,12.56
6968,30
6969,30
6970,20
6971,20
6972,144
6973,5
6974,144
6975,160
6976,15
6977,45
6978,96
6979,160
6980,28
6981,66500%
6982,140
6983,6000
6984,675
6985,8
6986,0
6987,420
6988,200
6989,35
6990,4500
6991,1600
6992,480
6993,30
6994,270
6995,1200
6996,3000
6997,5.28
6998,300
6999,3900
7000,52
7001,0.46667
7002,0.5
7003,20/3
7004,32
7005,10
7006,300
7007,180
7008,6666.7%
7009,36/5
7010,168
7011,0.5
7012,625
7013,-300
7014,25
7015,1256
7016,1.5
7017,25.12
7018,31.5
7019,1620
7020,32
7021,12.56
7022,100
7023,1563/10
7024,5
7025,166
7026,180
7027,2.634
7028,
7029,1004.8
7030,190
7031,15/2
7032,11520
7033,75
7034,25%
7035,600
7036,24/5
7037,-194.2%
7038,3.2
7039,45
7040,10/3
7041,780
7042,490
7043,345
7044,60
7045,81/10
7046,270
7047,96
7048,60
7049,8
7050,15813
7051,200
7052,39
7053,2
7054,16
7055,120
7056,28.26
7057,117
7058,0.5
7059,28
7060,95%
7061,39
7062,22.8
7063,38.4
7064,50
7065,3.7
7066,2800
7067,1.54
7068,12
7069,151/3
7070,18.84
7071,-1
7072,350
7073,25/2
7074,20.5%
7075,75/8
7076,1386
7077,12
7078,2500
7079,6
7080,23
7081,200
7082,3420
7083,1050
7084,-300/13
7085,6/5
7086,198
7087,3.5
7088,8
7089,70
7090,96
7091,100
7092,9
7093,324
7094,160/7
7095,
7096,16
7097,1200
7098,9.66451
7099,0.02
7100,41
7101,2804
7102,390
7103,0
7104,-3
7105,312
7106,157
7107,5000
7108,15
7109,75
7110,36
7111,6
7112,2507.69066
7113,0
7114,473/57
7115,40
7116,171.42857
7117,25120
7118,19154
7119,233/4
7120,24/5
7121,501.9
7122,445
7123,1200
7124,32
7125,6
7126,540
7127,84.72222
7128,200
7129,95
7130,9.8596
7131,7.1
7132,120
7133,401
7134,188
7135,13
7136,120
7137,460
7138,125/2
7139,0.06429
7140,2.62
7141,0.68
7142,600
7143,526.3%
7144,19
7145,7
7146,92%
7147,2727.3%
7148,10
7149,-15
7150,6
7151,69/5
7152,850
7153,7
7154,120
7155,5000
7156,110
7157,261/2
7158,46.3
7159,21.6
7160,12
7161,3125
7162,7/2
7163,4
7164,144
7165,0.5
7166,1214
7167,960
7168,262.5
7169,96
7170,144
7171,79.2
7172,256/5
7173,100%
7174,-500%
7175,840
7176,8
7177,1000
7178,2100
7179,437
7180,62.8
7181,522.5
7182,1400
7183,98
7184,28
7185,72
7186,9
7187,768
7188,
7189,12
7190,97
7191,12/25
7192,225
7193,91040
7194,560
7195,12.73333
7196,800
7197,1728
7198,17
7199,108
7200,2
7201,36
7202,1240
7203,108
7204,57
7205,64
7206,35/6
7207,2
7208,9600
7209,426
7210,306
7211,13.5
7212,48
7213,1.05
7214,75/7
7215,5024
7216,796
7217,28938.24
7218,-87.92
7219,1483
7220,78
7221,2128
7222,15
7223,120%
7224,346
7225,135
7226,13.68
7227,21
7228,16
7229,30
7230,16%
7231,2400
7232,300
7233,3/2
7234,5/2
7235,90
7236,24.84
7237,100
7238,190
7239,3139
7240,8
7241,224
7242,13
7243,20
7244,0
7245,630
7246,73
7247,1.40625
7248,168
7249,2000
7250,3000
7251,7
7252,36
7253,1.8
7254,3000
7255,21.3
7256,1/9
7257,340
7258,1300
7259,184
7260,60
7261,3
7262,36
7263,2372
7264,848
7265,63
7266,5280
7267,800
7268,3
7269,5500
7270,4/5
7271,37.68
7272,4
7273,
7274,19.99614
7275,105
7276,450
7277,125
7278,800
7279,400
7280,56
7281,90
7282,240
7283,0%
7284,30
7285,15
7286,14.4
7287,31.5
7288,5
7289,120
7290,864
7291,-11399
7292,85
7293,135
7294,4000
7295,59.4
7296,240
7297,150
7298,272
7299,55
7300,40
7301,73/80
7302,15
7303,540
7304,25000
7305,60
7306,108
7307,2727
7308,350
7309,31.2
7310,0.07
7311,20.27027
7312,150
7313,-720
7314,109.35
7315,226.08
7316,15
7317,251.2
7318,126
7319,301.44
7320,-9
7321,100
7322,480
7323,300
7324,103.3
7325,4.5
7326,2800
7327,2/5
7328,225
7329,16
7330,12
7331,0
7332,5.35
7333,140
7334,5700
7335,6
7336,2520
7337,4019.2
7338,15
7339,-2822
7340,45.475
7341,48
7342,-105
7343,5/6
7344,540
7345,637
7346,312.06667
7347,500
7348,62.8
7349,5040
7350,1800
7351,48
7352,-480/91
7353,1125
7354,933
7355,800
7356,589.3466
7357,404/3
7358,11/15
7359,26
7360,9
7361,940
7362,778
7363,8
7364,90
7365,47
7366,4500
7367,4000/3
7368,-400000/133
7369,72
7370,38.4
7371,13.91304
7372,1920
7373,32
7374,8
7375,40/9
7376,49/60
7377,1.37821
7378,50
7379,76
7380,24000
7381,10
7382,5040
7383,30
7384,-125
7385,20
7386,160
7387,1000
7388,4
7389,14.25
7390,6
7391,1500
7392,90
7393,125.6
7394,240
7395,480
7396,9600
7397,76
7398,12
7399,60
7400,64
7401,12
7402,10
7403,40
7404,3
7405,45
7406,7
7407,9
7408,959.05
7409,313
7410,90
7411,11
7412,100
7413,125
7414,65
7415,40
7416,1.27389
7417,27.27273
7418,195
7419,2
7420,98
7421,5.6
7422,9
7423,864
7424,304
7425,450
7426,45
7427,0
7428,80
7429,4800
7430,90%
7431,480
7432,42
7433,40/3
7434,407.2
7435,200
7436,264
7437,12.6
7438,17
7439,6
7440,1479
7441,4
7442,217
7443,0.8
7444,700/3
7445,19.2
7446,28
7447,180
7448,7200
7449,7500
7450,125.6
7451,190
7452,79/11
7453,95
7454,4
7455,32
7456,37.5%
7457,20
7458,3.44
7459,24
7460,29
7461,36000
7462,44
7463,4368
7464,10
7465,68
7466,345
7467,19200000
7468,125
7469,180
7470,157
7471,2
7472,20
7473,-1.3
7474,135
7475,3
7476,520
7477,7
7478,55
7479,17.06667
7480,29
7481,49.5
7482,440
7483,900
7484,30000
7485,204
7486,450
7487,33
7488,100/19
7489,1600
7490,15
7491,1337
7492,112
7493,80
7494,90
7495,24
7496,3
7497,60
7498,330
7499,-60
7500,70.0245
7501,3.57692
7502,80/9
7503,30
7504,89
7505,6930
7506,25
7507,2400
7508,700/9
7509,210
7510,12/5
7511,3240
7512,4335/2
7513,8
7514,474
7515,4286
7516,143
7517,585
7518,1/2
7519,18
7520,1595
7521,3020
7522,1413
7523,16
7524,744
7525,3456
7526,5160
7527,675
7528,5/2
7529,2
7530,594
7531,8
7532,12
7533,240
7534,2240
7535,457.6
7536,25206
7537,-3
7538,20736
7539,19.4
7540,41
7541,15.5
7542,612
7543,160
7544,66.66667
7545,251.2
7546,54
7547,31.4
7548,675
7549,471
7550,45
7551,3140
7552,115
7553,70
7554,60
7555,870
7556,9
7557,180
7558,20
7559,6
7560,1000/11
7561,390
7562,300
7563,588
7564,170/3
7565,480
7566,99
7567,92.25
7568,2700
7569,2700
7570,38/3
7571,280
7572,25.72
7573,32/3
7574,2760
7575,9
7576,4
7577,8.37333
7578,27.45
7579,1
7580,200
7581,160/3
7582,29.4
7583,135
7584,1500
7585,9000
7586,8/5
7587,36
7588,40
7589,182
7590,4
7591,17
7592,23
7593,10
7594,1
7595,351
7596,83
7597,36
7598,200
7599,36
7600,5
7601,1562.5
7602,129.72973
7603,8
7604,4
7605,80
7606,0.512
7607,125
7608,320
7609,175
7610,230
7611,6.8
7612,34
7613,136
7614,1
7615,1
7616,10
7617,1
7618,72
7619,24
7620,3
7621,72
7622,280
7623,54
7624,0.1
7625,7776
7626,32
7627,57.5
7628,36.55
7629,0.6
7630,3.37
7631,11
7632,294
7633,300
7634,180
7635,85%
7636,3200
7637,13.5
7638,1075
7639,24
7640,-1.62
7641,498/5
7642,5/8
7643,3
7644,42
7645,20
7646,18/25
7647,18
7648,1/2
7649,1/7
7650,2240
7651,3000
7652,3
7653,0.57895
7654,36
7655,2400
7656,19/20
7657,64
7658,20
7659,10.4
7660,960
7661,31.8
7662,1/7
7663,0
7664,2
7665,2/5
7666,1/6
7667,3500
7668,518
7669,60
7670,21
7671,31
7672,33
7673,296
7674,8
7675,505
7676,4
7677,2520
7678,31/40
7679,80
7680,8/5
7681,3968
7682,750
7683,7
7684,50
7685,55
7686,800
7687,872
7688,31/35
7689,840
7690,1782
7691,64
7692,8280
7693,4
7694,75
7695,5.34
7696,-2
7697,3/14
7698,-8
7699,26
7700,43
7701,3846.15385
7702,127
7703,10
7704,
7705,167/100
7706,3045
7707,8/7
7708,28
7709,148
7710,72
7711,17/20
7712,-759/8
7713,11/24
7714,22
7715,-54/49
7716,42
7717,66.6
7718,7/24
7719,40
7720,162
7721,47.6
7722,3
7723,120
7724,1350
7725,56/9
7726,1/10
7727,4.23333
7728,222
7729,6
7730,140
7731,882
7732,1.18343
7733,9.9
7734,720
7735,125
7736,42.5
7737,6
7738,32
7739,100/3
7740,40
7741,135
7742,36
7743,85
7744,560
7745,8000/3
7746,38
7747,-6
7748,-194
7749,-1127
7750,5/12
7751,700
7752,1.8
7753,440
7754,1/79
7755,38.5
7756,-16
7757,35
7758,135
7759,11/30
7760,5
7761,2.2
7762,400
7763,144
7764,4
7765,6
7766,24
7767,32800
7768,83
7769,2912
7770,122
7771,1125250
7772,13/20
7773,8400
7774,48
7775,4730/9
7776,1500
7777,70
7778,20
7779,225
7780,16/5
7781,600
7782,12267
7783,0
7784,220
7785,0
7786,38
7787,2160
7788,1800
7789,15000
7790,996.11111
7791,26
7792,250
7793,2/7
7794,-10
7795,15
7796,16
7797,89/2
7798,1260
7799,560
7800,-22.5
7801,60
7802,400
7803,-2
7804,24
7805,21/10
7806,100
7807,106
7808,638
7809,184
7810,2.8
7811,144
7812,-2
7813,30
7814,11/4
7815,54
7816,8
7817,120
7818,240
7819,51/20
7820,25
7821,0
7822,5416
7823,1026
7824,1/5
7825,50
7826,11/12
7827,-199
7828,4/3
7829,45/4
7830,72
7831,630
7832,15/2
7833,16
7834,93
7835,82
7836,37/40
7837,34
7838,16800
7839,2877/221
7840,144
7841,32/21
7842,6
7843,50
7844,675
7845,90/11
7846,-6.8
7847,135
7848,1400
7849,320
7850,37
7851,-74/5
7852,870
7853,7
7854,200/3
7855,4/5
7856,4
7857,1.225
7858,48
7859,160
7860,39
7861,1/3
7862,336
7863,3
7864,10.3
7865,-30
7866,1449.5
7867,36
7868,40/9
7869,410/3
7870,180
7871,3/4
7872,28800
7873,63/5
7874,28/3
7875,1/4
7876,9/20
7877,-31
7878,8
7879,396
7880,1/4
7881,150
7882,625/2
7883,2/5
7884,11/60
7885,3/5
7886,96
7887,5/9
7888,12
7889,9
7890,8
7891,2
7892,6
7893,369
7894,309
7895,131
7896,8745
7897,80/19
7898,24000
7899,6
7900,784
7901,141
7902,5
7903,20
7904,5.42
7905,3
7906,87
7907,200
7908,24/7
7909,1/5
7910,8
7911,28/5
7912,390
7913,79.2
7914,2700
7915,1/80
7916,10
7917,96
7918,5/4
7919,864
7920,9/20
7921,1
7922,
7923,1/4
7924,31/2
7925,324
7926,150
7927,900
7928,47
7929,360
7930,50
7931,100
7932,4/5
7933,8
7934,77
7935,5/8
7936,3/5
7937,2/5
7938,4
7939,8
7940,7
7941,61
7942,5/12
7943,8/3
7944,300
7945,108
7946,5.55
7947,9
7948,3
7949,15
7950,143
7951,143
7952,-42/37
7953,-42/37
7954,643/5
7955,86
7956,56
7957,2542
7958,11/5
7959,230
7960,16/15
7961,6.25
7962,-100/3
7963,1/2
7964,7000
7965,54
7966,5
7967,320
7968,1596
7969,-24
7970,525
7971,9/20
7972,624
7973,100
7974,4
7975,260
7976,120
7977,80
7978,20
7979,1
7980,42
7981,392
7982,25
7983,4000
7984,15/8
7985,2590
7986,40/3
7987,221
7988,504
7989,144000
7990,216
7991,72
7992,6
7993,1200
7994,193
7995,49/60
7996,360
7997,42000
7998,72/5
7999,6
